orderId:ID(Order),OrderDate,RequiredDate,ShippedDate,Freight,ShipName,ShipAddress,ShipCity,ShipRegion,ShipPostalCode,ShipCountry,CustomerName,LastName,FirstName,ShipperName,labels:LABEL
1,2026-05-17 20:04:14,2026-05-26 20:04:14,2026-05-22 20:04:14,22.18,晖来计算机传媒有限公司云计算,广东省娟市孝南辽阳路I座 278094,郑州县,江苏省,370443,中国,晖来计算机传媒有限公司云计算,王,倩,圆通速递,Order
2,2025-01-31 11:01:01,2025-02-07 11:01:01,2025-02-01 11:01:01,113.86,恒聪百汇传媒有限公司虚拟现实,福建省兴城市高明邓街U座 898971,重庆市,河南省,796218,中国,恒聪百汇传媒有限公司虚拟现实,张,刚,德邦物流,Order
3,2025-11-07 01:38:54,2025-11-12 01:38:54,2025-11-10 01:38:54,214.81,南康传媒有限公司生物科技,广西壮族自治区汕尾县兴山王街m座 315775,贵阳市,吉林省,458093,中国,南康传媒有限公司生物科技,王,斌,申通快递,Order
4,2024-07-23 11:31:51,2024-08-02 11:31:51,2024-07-28 11:31:51,476.12,时空盒数字信息有限公司虚拟现实,湖南省杭州市清河柳州路s座 365953,荣市,海南省,934862,中国,时空盒数字信息有限公司虚拟现实,薛,洋,韵达快递,Order
5,2024-12-24 01:14:20,2025-01-04 01:14:20,2024-12-28 01:14:20,70.55,和泰网络有限公司电子商务,山东省台北市南湖刘路G座 282213,玲市,江苏省,453351,中国,和泰网络有限公司电子商务,林,峰,京东物流,Order
6,2024-11-28 05:20:17,2024-12-07 05:20:17,2024-12-02 05:20:17,259.85,泰麒麟信息有限公司人工智能,广东省想市新城曾路g座 582475,香港县,广西壮族自治区,358806,中国,泰麒麟信息有限公司人工智能,彭,桂荣,顺丰速运,Order
7,2024-11-10 10:20:03,2024-11-23 10:20:03,2024-11-14 10:20:03,153.85,银嘉科技有限公司云计算,北京市强县牧野惠州路G座 671226,重庆县,云南省,471017,中国,银嘉科技有限公司云计算,张,帅,德邦物流,Order
8,2024-07-29 21:30:47,2024-08-09 21:30:47,2024-07-31 21:30:47,28.32,创联世纪信息有限公司移动应用开发,云南省深圳县金平拉萨街l座 585241,福州县,四川省,101164,中国,创联世纪信息有限公司移动应用开发,赵,晨,百世快递,Order
9,2025-09-13 04:24:38,2025-09-16 04:24:38,,350.42,国讯科技有限公司金融科技,广东省俊县锡山海门路g座 967844,金凤市,江西省,230194,中国,国讯科技有限公司金融科技,田,桂荣,申通快递,Order
10,2025-03-17 04:33:28,2025-03-25 04:33:28,2025-03-22 04:33:28,227.97,浙大万朋信息有限公司生物科技,海南省巢湖市徐汇成都街E座 239900,鑫市,内蒙古自治区,548115,中国,浙大万朋信息有限公司生物科技,林,磊,顺丰速运,Order
11,2025-02-07 08:58:00,2025-02-21 08:58:00,2025-02-12 08:58:00,231.45,七喜传媒有限公司人工智能,澳门特别行政区磊市门头沟柳州街Z座 473892,丽华县,西藏自治区,358472,中国,七喜传媒有限公司人工智能,张,丹丹,韵达快递,Order
12,2024-09-04 06:21:57,2024-09-16 06:21:57,2024-09-06 06:21:57,446.46,浙大万朋信息有限公司生物科技,海南省巢湖市徐汇成都街E座 239900,鑫市,内蒙古自治区,548115,中国,浙大万朋信息有限公司生物科技,薛,洋,韵达快递,Order
13,2025-06-07 12:07:16,2025-06-20 12:07:16,2025-06-08 12:07:16,437.3,晖来计算机传媒有限公司云计算,广东省娟市孝南辽阳路I座 278094,郑州县,江苏省,370443,中国,晖来计算机传媒有限公司云计算,王,倩,韵达快递,Order
14,2024-12-04 17:38:15,2024-12-07 17:38:15,,243.29,巨奥传媒有限公司信息技术,重庆市燕市安次哈尔滨街x座 404214,辛集市,广东省,406351,中国,巨奥传媒有限公司信息技术,林,峰,申通快递,Order
15,2026-01-07 12:18:24,2026-01-15 12:18:24,2026-01-10 12:18:24,381.69,联软传媒有限公司区块链技术,台湾省深圳市牧野李街L座 325753,慧县,山东省,556597,中国,联软传媒有限公司区块链技术,赵,晨,圆通速递,Order
16,2025-10-24 00:13:41,2025-10-29 00:13:41,2025-10-28 00:13:41,372.13,MBP软件科技有限公司信息技术,安徽省瑞市西夏高路i座 571615,丽华县,宁夏回族自治区,300387,中国,MBP软件科技有限公司信息技术,王,斌,申通快递,Order
17,2025-08-14 21:49:53,2025-08-20 21:49:53,2025-08-16 21:49:53,378.32,天开传媒有限公司网络安全,香港特别行政区澳门市清浦许路G座 380354,芳市,云南省,252621,中国,天开传媒有限公司网络安全,王,雪,顺丰速运,Order
18,2026-04-13 13:29:59,2026-04-26 13:29:59,2026-04-15 13:29:59,287.47,开发区世创科技有限公司科技公司,浙江省香港县翔安潮州街E座 459811,嘉禾市,黑龙江省,948902,中国,开发区世创科技有限公司科技公司,李,玉珍,圆通速递,Order
19,2025-12-29 11:17:00,2026-01-11 11:17:00,2026-01-01 11:17:00,460.59,晖来计算机网络有限公司虚拟现实,湖北省银川县长寿佛山街w座 577399,梅县,新疆维吾尔自治区,509148,中国,晖来计算机网络有限公司虚拟现实,欧,娜,顺丰速运,Order
20,2025-01-05 19:14:56,2025-01-19 19:14:56,2025-01-08 19:14:56,90.81,恩悌传媒有限公司虚拟现实,广西壮族自治区哈尔滨县房山辛集路N座 896046,南昌县,甘肃省,203154,中国,恩悌传媒有限公司虚拟现实,曲,桂花,圆通速递,Order
21,2026-03-08 21:45:52,2026-03-14 21:45:52,2026-03-13 21:45:52,146.21,兰金电子科技有限公司区块链技术,吉林省齐齐哈尔县沈河深圳街p座 109059,南昌市,台湾省,701156,中国,兰金电子科技有限公司区块链技术,陈,杨,百世快递,Order
22,2024-07-22 07:27:10,2024-07-29 07:27:10,2024-07-26 07:27:10,364.35,巨奥科技有限公司信息技术,辽宁省兵县门头沟黄路R座 339119,峰县,河南省,970735,中国,巨奥科技有限公司信息技术,徐,艳,顺丰速运,Order
23,2024-12-11 17:37:39,2024-12-22 17:37:39,2024-12-15 17:37:39,100.12,时空盒数字传媒有限公司大数据分析,湖北省梧州县锡山周路M座 618236,巢湖市,贵州省,903078,中国,时空盒数字传媒有限公司大数据分析,张,帅,中通快递,Order
24,2026-03-16 08:36:59,2026-03-30 08:36:59,2026-03-19 08:36:59,190.58,明腾传媒有限公司金融科技,天津市阜新县城东吴街m座 830793,齐齐哈尔县,香港特别行政区,636849,中国,明腾传媒有限公司金融科技,王,建平,韵达快递,Order
25,2024-08-29 08:49:54,2024-09-11 08:49:54,2024-09-02 08:49:54,496.0,南康传媒有限公司生物科技,广西壮族自治区汕尾县兴山王街m座 315775,贵阳市,吉林省,458093,中国,南康传媒有限公司生物科技,徐,艳,京东物流,Order
26,2026-03-04 05:13:59,2026-03-11 05:13:59,,294.64,鑫博腾飞信息有限公司智能科技,安徽省杭州县新城潮州路U座 487852,兴安盟市,青海省,721718,中国,鑫博腾飞信息有限公司智能科技,张,丹丹,京东物流,Order
27,2024-06-16 11:25:18,2024-06-21 11:25:18,2024-06-20 11:25:18,14.25,易动力网络有限公司信息技术,山西省广州县淄川王路j座 894925,英县,山东省,228414,中国,易动力网络有限公司信息技术,林,峰,百世快递,Order
28,2026-04-30 14:43:24,2026-05-07 14:43:24,2026-05-01 14:43:24,71.23,易动力信息有限公司网络安全,青海省宜都县合川朱路g座 383744,斌县,江西省,652523,中国,易动力信息有限公司网络安全,曹,洁,圆通速递,Order
29,2026-01-02 04:42:30,2026-01-10 04:42:30,2026-01-03 04:42:30,251.93,襄樊地球村网络有限公司智能科技,安徽省畅县房山郑路w座 157129,坤县,内蒙古自治区,951957,中国,襄樊地球村网络有限公司智能科技,张,丹丹,中通快递,Order
30,2026-03-10 18:48:32,2026-03-17 18:48:32,2026-03-14 18:48:32,303.8,海创网络有限公司生物科技,香港特别行政区雷市翔安赵街a座 431269,汕尾县,北京市,156019,中国,海创网络有限公司生物科技,薛,洋,中通快递,Order
31,2025-02-01 04:11:41,2025-02-14 04:11:41,,187.15,时空盒数字信息有限公司虚拟现实,湖南省杭州市清河柳州路s座 365953,荣市,海南省,934862,中国,时空盒数字信息有限公司虚拟现实,陈,杨,京东物流,Order
32,2025-03-16 03:13:12,2025-03-27 03:13:12,2025-03-19 03:13:12,152.07,新宇龙信息传媒有限公司人工智能,澳门特别行政区合山县门头沟赵路X座 921614,张家港市,香港特别行政区,309847,中国,新宇龙信息传媒有限公司人工智能,林,峰,圆通速递,Order
33,2025-06-04 03:46:46,2025-06-10 03:46:46,,186.66,华泰通安科技有限公司网络安全,香港特别行政区桂兰市城东傅路b座 111143,玉梅市,台湾省,529077,中国,华泰通安科技有限公司网络安全,王,倩,顺丰速运,Order
34,2025-11-05 14:40:33,2025-11-15 14:40:33,2025-11-07 14:40:33,304.44,国讯网络有限公司移动应用开发,甘肃省芳市东丽游街c座 967469,文市,浙江省,216352,中国,国讯网络有限公司移动应用开发,张,丹丹,京东物流,Order
35,2025-01-18 13:43:29,2025-01-30 13:43:29,2025-01-21 13:43:29,113.3,和泰网络有限公司电子商务,山东省台北市南湖刘路G座 282213,玲市,江苏省,453351,中国,和泰网络有限公司电子商务,曲,桂花,申通快递,Order
36,2025-02-01 04:43:37,2025-02-10 04:43:37,,339.21,襄樊地球村信息有限公司物联网,云南省婷婷县高明王路e座 823469,丽娟市,四川省,603957,中国,襄樊地球村信息有限公司物联网,曹,洁,圆通速递,Order
37,2025-07-22 00:49:05,2025-07-28 00:49:05,2025-07-26 00:49:05,396.1,华泰通安科技有限公司网络安全,香港特别行政区桂兰市城东傅路b座 111143,玉梅市,台湾省,529077,中国,华泰通安科技有限公司网络安全,陈,杨,天天快递,Order
38,2024-09-28 01:09:52,2024-10-01 01:09:52,2024-10-02 01:09:52,24.88,济南亿次元网络有限公司科技公司,甘肃省红县白云巢湖路W座 992584,巢湖市,澳门特别行政区,219657,中国,济南亿次元网络有限公司科技公司,彭,桂荣,中通快递,Order
39,2025-07-06 10:06:58,2025-07-16 10:06:58,,64.6,浙大万朋信息有限公司生物科技,海南省巢湖市徐汇成都街E座 239900,鑫市,内蒙古自治区,548115,中国,浙大万朋信息有限公司生物科技,陈,杨,百世快递,Order
40,2024-11-30 18:57:53,2024-12-09 18:57:53,,104.38,易动力传媒有限公司生物科技,河南省贵阳县兴山广州路A座 729306,伟市,陕西省,802027,中国,易动力传媒有限公司生物科技,田,桂荣,申通快递,Order
41,2024-08-12 11:11:46,2024-08-21 11:11:46,,10.64,创亿网络有限公司移动应用开发,陕西省慧市西夏李街d座 273215,楠市,贵州省,437029,中国,创亿网络有限公司移动应用开发,王,雪,圆通速递,Order
42,2024-10-04 00:01:33,2024-10-13 00:01:33,2024-10-06 00:01:33,248.82,维涛科技有限公司网络安全,西藏自治区亮市清浦王街I座 399560,永安市,贵州省,583598,中国,维涛科技有限公司网络安全,赵,晨,中通快递,Order
43,2025-07-23 04:36:42,2025-07-30 04:36:42,2025-07-27 04:36:42,424.45,晖来计算机传媒有限公司云计算,广东省娟市孝南辽阳路I座 278094,郑州县,江苏省,370443,中国,晖来计算机传媒有限公司云计算,徐,艳,申通快递,Order
44,2024-06-26 12:48:02,2024-07-06 12:48:02,,186.21,飞海科技传媒有限公司信息技术,河北省楠县南湖胡街i座 304050,济南市,吉林省,373811,中国,飞海科技传媒有限公司信息技术,曲,桂花,天天快递,Order
45,2024-09-10 02:21:06,2024-09-14 02:21:06,2024-09-12 02:21:06,195.4,国讯网络有限公司移动应用开发,甘肃省芳市东丽游街c座 967469,文市,浙江省,216352,中国,国讯网络有限公司移动应用开发,江,凤兰,顺丰速运,Order
46,2024-12-13 00:50:18,2024-12-20 00:50:18,2024-12-17 00:50:18,238.17,九方传媒有限公司生物科技,江西省玉梅县城北韦路k座 920415,六盘水市,西藏自治区,774096,中国,九方传媒有限公司生物科技,曲,桂花,中通快递,Order
47,2025-06-24 00:04:02,2025-07-08 00:04:02,2025-06-27 00:04:02,174.41,盟新传媒有限公司大数据分析,甘肃省红县涪城董路q座 904897,辽阳县,安徽省,428336,中国,盟新传媒有限公司大数据分析,张,刚,百世快递,Order
48,2025-12-14 05:33:18,2025-12-26 05:33:18,2025-12-19 05:33:18,341.07,开发区世创科技有限公司科技公司,浙江省香港县翔安潮州街E座 459811,嘉禾市,黑龙江省,948902,中国,开发区世创科技有限公司科技公司,曹,洁,圆通速递,Order
49,2024-12-01 09:53:07,2024-12-07 09:53:07,2024-12-06 09:53:07,212.1,易动力传媒有限公司生物科技,河南省贵阳县兴山广州路A座 729306,伟市,陕西省,802027,中国,易动力传媒有限公司生物科技,张,丹丹,德邦物流,Order
50,2025-02-21 01:46:21,2025-02-28 01:46:21,,203.52,晖来计算机传媒有限公司云计算,广东省娟市孝南辽阳路I座 278094,郑州县,江苏省,370443,中国,晖来计算机传媒有限公司云计算,彭,桂荣,天天快递,Order
51,2025-11-02 01:38:26,2025-11-09 01:38:26,,423.55,迪摩科技有限公司电子商务,吉林省香港市白云沈街W座 138703,福州县,海南省,133740,中国,迪摩科技有限公司电子商务,曹,洁,韵达快递,Order
52,2026-05-17 20:14:29,2026-05-30 20:14:29,2026-05-22 20:14:29,129.88,群英信息有限公司金融科技,山东省丽县长寿邯郸路S座 956071,昆明县,河南省,785495,中国,群英信息有限公司金融科技,王,建平,中通快递,Order
53,2026-05-04 00:15:40,2026-05-12 00:15:40,,325.98,和泰网络有限公司电子商务,山东省台北市南湖刘路G座 282213,玲市,江苏省,453351,中国,和泰网络有限公司电子商务,曹,洁,邮政EMS,Order
54,2026-06-04 12:57:20,2026-06-11 12:57:20,,491.22,创联世纪信息有限公司移动应用开发,云南省深圳县金平拉萨街l座 585241,福州县,四川省,101164,中国,创联世纪信息有限公司移动应用开发,彭,桂荣,天天快递,Order
55,2025-11-05 10:20:57,2025-11-19 10:20:57,2025-11-10 10:20:57,490.03,合联电子科技有限公司网络安全,新疆维吾尔自治区波市牧野潜江街w座 187520,沈阳县,江苏省,734012,中国,合联电子科技有限公司网络安全,曲,桂花,顺丰速运,Order
56,2024-11-21 05:28:16,2024-11-30 05:28:16,2024-11-26 05:28:16,34.72,合联电子科技有限公司信息技术,辽宁省琴县高明北京街p座 129411,荣市,重庆市,992062,中国,合联电子科技有限公司信息技术,薛,洋,韵达快递,Order
57,2025-06-22 15:55:35,2025-06-29 15:55:35,2025-06-24 15:55:35,170.83,创联世纪信息有限公司移动应用开发,云南省深圳县金平拉萨街l座 585241,福州县,四川省,101164,中国,创联世纪信息有限公司移动应用开发,王,建平,邮政EMS,Order
58,2024-11-04 11:51:07,2024-11-17 11:51:07,2024-11-08 11:51:07,457.73,精芯传媒有限公司物联网,湖北省杭州市华龙宜都路G座 885926,武汉市,湖北省,378841,中国,精芯传媒有限公司物联网,田,桂荣,圆通速递,Order
59,2025-07-24 15:43:42,2025-07-30 15:43:42,2025-07-25 15:43:42,493.99,飞海科技传媒有限公司信息技术,河北省楠县南湖胡街i座 304050,济南市,吉林省,373811,中国,飞海科技传媒有限公司信息技术,薛,洋,邮政EMS,Order
60,2025-10-07 11:43:49,2025-10-19 11:43:49,2025-10-09 11:43:49,62.02,鸿睿思博传媒有限公司智能科技,浙江省柳州县安次李路G座 326030,武汉市,广西壮族自治区,986110,中国,鸿睿思博传媒有限公司智能科技,林,磊,百世快递,Order
61,2025-05-23 08:33:46,2025-06-03 08:33:46,2025-05-26 08:33:46,332.25,创联世纪信息有限公司移动应用开发,云南省深圳县金平拉萨街l座 585241,福州县,四川省,101164,中国,创联世纪信息有限公司移动应用开发,田,桂荣,邮政EMS,Order
62,2025-07-31 23:39:26,2025-08-13 23:39:26,2025-08-01 23:39:26,146.26,兰金电子科技有限公司区块链技术,吉林省齐齐哈尔县沈河深圳街p座 109059,南昌市,台湾省,701156,中国,兰金电子科技有限公司区块链技术,张,刚,百世快递,Order
63,2025-06-21 12:58:39,2025-07-03 12:58:39,2025-06-24 12:58:39,476.9,中建创业网络有限公司移动应用开发,江西省辛集县沈北新昆明街r座 719259,辽阳县,台湾省,639438,中国,中建创业网络有限公司移动应用开发,林,峰,圆通速递,Order
64,2025-06-08 00:36:21,2025-06-13 00:36:21,2025-06-09 00:36:21,87.83,商软冠联传媒有限公司大数据分析,湖北省强县新城古路N座 931706,玉珍县,澳门特别行政区,424628,中国,商软冠联传媒有限公司大数据分析,薛,洋,百世快递,Order
65,2025-07-11 11:05:03,2025-07-23 11:05:03,2025-07-15 11:05:03,294.42,创汇网络有限公司虚拟现实,北京市玉珍市朝阳赵路P座 508928,秀英市,福建省,862920,中国,创汇网络有限公司虚拟现实,王,雪,顺丰速运,Order
66,2025-09-01 23:51:49,2025-09-08 23:51:49,,205.94,银嘉信息有限公司移动应用开发,河南省洋县门头沟张家港路q座 708953,荆门市,江西省,960045,中国,银嘉信息有限公司移动应用开发,王,斌,德邦物流,Order
67,2025-07-18 06:14:30,2025-07-21 06:14:30,,481.34,易动力信息有限公司网络安全,青海省宜都县合川朱路g座 383744,斌县,江西省,652523,中国,易动力信息有限公司网络安全,张,帅,德邦物流,Order
68,2026-05-21 06:00:53,2026-06-02 06:00:53,2026-05-25 06:00:53,73.08,时空盒数字传媒有限公司大数据分析,湖北省梧州县锡山周路M座 618236,巢湖市,贵州省,903078,中国,时空盒数字传媒有限公司大数据分析,王,斌,中通快递,Order
69,2026-01-10 19:30:36,2026-01-24 19:30:36,2026-01-15 19:30:36,67.29,天开网络有限公司金融科技,广东省长沙市黄浦荆门街a座 399073,南宁市,台湾省,787111,中国,天开网络有限公司金融科技,徐,艳,德邦物流,Order
70,2026-02-14 14:49:09,2026-02-22 14:49:09,,299.54,商软冠联网络有限公司信息技术,福建省兴城县白云赵街c座 153695,梅市,海南省,737913,中国,商软冠联网络有限公司信息技术,徐,艳,天天快递,Order
71,2024-08-08 17:32:19,2024-08-13 17:32:19,2024-08-11 17:32:19,135.29,九方传媒有限公司生物科技,江西省玉梅县城北韦路k座 920415,六盘水市,西藏自治区,774096,中国,九方传媒有限公司生物科技,赵,晨,顺丰速运,Order
72,2024-09-30 10:30:11,2024-10-04 10:30:11,,39.47,富罳科技有限公司生物科技,青海省贵阳市友好范街A座 611700,想县,甘肃省,415348,中国,富罳科技有限公司生物科技,王,斌,中通快递,Order
73,2025-12-08 23:04:45,2025-12-22 23:04:45,,283.22,群英信息有限公司金融科技,山东省丽县长寿邯郸路S座 956071,昆明县,河南省,785495,中国,群英信息有限公司金融科技,李,玉珍,申通快递,Order
74,2025-08-31 01:17:04,2025-09-04 01:17:04,2025-09-02 01:17:04,431.24,戴硕电子科技有限公司移动应用开发,台湾省天津市清城郑州街K座 578950,瑜市,陕西省,996204,中国,戴硕电子科技有限公司移动应用开发,王,雪,顺丰速运,Order
75,2025-04-11 06:51:56,2025-04-22 06:51:56,2025-04-12 06:51:56,442.47,银嘉科技有限公司云计算,北京市强县牧野惠州路G座 671226,重庆县,云南省,471017,中国,银嘉科技有限公司云计算,李,玉珍,邮政EMS,Order
76,2025-02-16 07:29:09,2025-03-01 07:29:09,2025-02-18 07:29:09,458.31,维旺明信息有限公司人工智能,安徽省东莞市静安银川街g座 149650,坤县,山西省,734784,中国,维旺明信息有限公司人工智能,曹,洁,申通快递,Order
77,2026-05-15 12:20:50,2026-05-28 12:20:50,2026-05-18 12:20:50,365.21,时空盒数字信息有限公司虚拟现实,湖南省杭州市清河柳州路s座 365953,荣市,海南省,934862,中国,时空盒数字信息有限公司虚拟现实,李,玉珍,中通快递,Order
78,2024-11-02 03:17:23,2024-11-13 03:17:23,2024-11-05 03:17:23,392.69,MBP软件科技有限公司信息技术,安徽省瑞市西夏高路i座 571615,丽华县,宁夏回族自治区,300387,中国,MBP软件科技有限公司信息技术,赵,晨,韵达快递,Order
79,2025-09-01 10:09:27,2025-09-04 10:09:27,2025-09-04 10:09:27,371.68,维涛传媒有限公司云计算,内蒙古自治区上海市海陵武汉路o座 271535,秀华县,宁夏回族自治区,490120,中国,维涛传媒有限公司云计算,江,凤兰,邮政EMS,Order
80,2026-05-12 23:39:57,2026-05-16 23:39:57,2026-05-17 23:39:57,107.41,易动力信息有限公司物联网,陕西省关岭县高坪淮安街k座 604446,齐齐哈尔市,贵州省,989116,中国,易动力信息有限公司物联网,张,刚,天天快递,Order
81,2026-03-07 16:42:02,2026-03-15 16:42:02,2026-03-10 16:42:02,226.58,七喜传媒有限公司人工智能,澳门特别行政区磊市门头沟柳州街Z座 473892,丽华县,西藏自治区,358472,中国,七喜传媒有限公司人工智能,曲,桂花,韵达快递,Order
82,2026-04-20 07:21:01,2026-04-29 07:21:01,2026-04-22 07:21:01,145.9,戴硕电子科技有限公司移动应用开发,台湾省天津市清城郑州街K座 578950,瑜市,陕西省,996204,中国,戴硕电子科技有限公司移动应用开发,彭,桂荣,天天快递,Order
83,2025-08-29 01:20:44,2025-09-12 01:20:44,2025-08-30 01:20:44,238.67,天开传媒有限公司网络安全,香港特别行政区澳门市清浦许路G座 380354,芳市,云南省,252621,中国,天开传媒有限公司网络安全,李,玉珍,圆通速递,Order
84,2025-01-10 11:16:37,2025-01-24 11:16:37,2025-01-13 11:16:37,189.16,中建创业信息有限公司虚拟现实,黑龙江省天津县清浦贵阳路S座 666651,冬梅县,内蒙古自治区,866120,中国,中建创业信息有限公司虚拟现实,陈,杨,天天快递,Order
85,2024-07-15 04:35:21,2024-07-19 04:35:21,2024-07-17 04:35:21,36.26,新宇龙信息传媒有限公司人工智能,澳门特别行政区合山县门头沟赵路X座 921614,张家港市,香港特别行政区,309847,中国,新宇龙信息传媒有限公司人工智能,曹,洁,韵达快递,Order
86,2025-10-05 21:37:32,2025-10-14 21:37:32,2025-10-09 21:37:32,477.59,浦华众城网络有限公司信息技术,台湾省倩县涪城陈街U座 719485,浩市,四川省,990712,中国,浦华众城网络有限公司信息技术,彭,桂荣,天天快递,Order
87,2025-02-26 19:48:46,2025-03-10 19:48:46,2025-03-03 19:48:46,199.52,易动力信息有限公司物联网,辽宁省嘉禾县沈河六安街A座 771273,佛山县,贵州省,255410,中国,易动力信息有限公司物联网,薛,洋,百世快递,Order
88,2024-12-08 22:22:38,2024-12-18 22:22:38,2024-12-10 22:22:38,164.29,MBP软件网络有限公司移动应用开发,青海省颖县山亭西安路G座 992594,辛集市,重庆市,516137,中国,MBP软件网络有限公司移动应用开发,张,丹丹,顺丰速运,Order
89,2024-07-30 05:27:41,2024-08-12 05:27:41,2024-07-31 05:27:41,32.26,开发区世创科技有限公司科技公司,浙江省香港县翔安潮州街E座 459811,嘉禾市,黑龙江省,948902,中国,开发区世创科技有限公司科技公司,林,峰,申通快递,Order
90,2025-12-01 00:25:48,2025-12-12 00:25:48,,184.8,时空盒数字信息有限公司虚拟现实,湖南省杭州市清河柳州路s座 365953,荣市,海南省,934862,中国,时空盒数字信息有限公司虚拟现实,薛,洋,韵达快递,Order
91,2024-10-07 19:56:09,2024-10-11 19:56:09,,63.19,易动力传媒有限公司生物科技,河南省贵阳县兴山广州路A座 729306,伟市,陕西省,802027,中国,易动力传媒有限公司生物科技,欧,娜,百世快递,Order
92,2025-02-16 12:54:38,2025-02-26 12:54:38,2025-02-21 12:54:38,416.71,新宇龙信息传媒有限公司人工智能,澳门特别行政区合山县门头沟赵路X座 921614,张家港市,香港特别行政区,309847,中国,新宇龙信息传媒有限公司人工智能,林,磊,京东物流,Order
93,2025-10-31 04:17:09,2025-11-11 04:17:09,2025-11-05 04:17:09,218.66,易动力科技有限公司科技公司,北京市佛山县合川香港街U座 292593,沈阳县,广西壮族自治区,104016,中国,易动力科技有限公司科技公司,张,刚,德邦物流,Order
94,2025-02-10 15:46:15,2025-02-14 15:46:15,2025-02-11 15:46:15,27.8,易动力信息有限公司物联网,辽宁省嘉禾县沈河六安街A座 771273,佛山县,贵州省,255410,中国,易动力信息有限公司物联网,赵,晨,百世快递,Order
95,2025-08-21 14:08:03,2025-09-02 14:08:03,,427.41,银嘉科技有限公司科技公司,山东省深圳县孝南黄街c座 290750,秀荣市,宁夏回族自治区,662554,中国,银嘉科技有限公司科技公司,张,刚,圆通速递,Order
96,2025-02-12 02:47:14,2025-02-17 02:47:14,2025-02-16 02:47:14,335.79,银嘉科技有限公司云计算,北京市强县牧野惠州路G座 671226,重庆县,云南省,471017,中国,银嘉科技有限公司云计算,欧,娜,顺丰速运,Order
97,2026-04-23 02:29:39,2026-04-28 02:29:39,2026-04-25 02:29:39,227.78,兰金电子传媒有限公司生物科技,广西壮族自治区香港县六枝特郭路r座 722655,桂香县,广西壮族自治区,205167,中国,兰金电子传媒有限公司生物科技,田,桂荣,中通快递,Order
98,2025-11-04 02:32:04,2025-11-11 02:32:04,,74.41,巨奥网络有限公司金融科技,陕西省慧市锡山王街R座 594310,明市,天津市,692056,中国,巨奥网络有限公司金融科技,曲,桂花,天天快递,Order
99,2024-09-27 10:21:51,2024-10-04 10:21:51,2024-10-02 10:21:51,37.2,天开传媒有限公司网络安全,香港特别行政区澳门市清浦许路G座 380354,芳市,云南省,252621,中国,天开传媒有限公司网络安全,田,桂荣,百世快递,Order
100,2026-03-18 01:31:16,2026-03-30 01:31:16,2026-03-23 01:31:16,329.52,时刻网络有限公司信息技术,辽宁省长春县高港大冶街E座 299146,梅县,山西省,257161,中国,时刻网络有限公司信息技术,曹,洁,圆通速递,Order
101,2024-11-23 20:57:29,2024-11-29 20:57:29,2024-11-25 20:57:29,246.57,时刻网络有限公司信息技术,辽宁省长春县高港大冶街E座 299146,梅县,山西省,257161,中国,时刻网络有限公司信息技术,张,帅,德邦物流,Order
102,2026-05-08 23:46:32,2026-05-13 23:46:32,2026-05-13 23:46:32,469.22,毕博诚科技有限公司互联网服务,安徽省大冶县牧野汪路E座 856404,俊市,宁夏回族自治区,628200,中国,毕博诚科技有限公司互联网服务,林,磊,顺丰速运,Order
103,2026-03-19 12:56:48,2026-03-28 12:56:48,2026-03-22 12:56:48,181.62,南康网络有限公司互联网服务,天津市潜江县沈河太原路A座 620715,敏市,福建省,403615,中国,南康网络有限公司互联网服务,王,倩,韵达快递,Order
104,2024-08-23 23:13:22,2024-09-03 23:13:22,2024-08-28 23:13:22,477.57,富罳科技有限公司生物科技,青海省贵阳市友好范街A座 611700,想县,甘肃省,415348,中国,富罳科技有限公司生物科技,王,雪,韵达快递,Order
105,2024-07-29 06:08:08,2024-08-12 06:08:08,2024-07-31 06:08:08,184.34,易动力信息有限公司物联网,陕西省关岭县高坪淮安街k座 604446,齐齐哈尔市,贵州省,989116,中国,易动力信息有限公司物联网,林,磊,顺丰速运,Order
106,2025-12-04 16:32:05,2025-12-18 16:32:05,2025-12-06 16:32:05,333.94,银嘉信息有限公司移动应用开发,河南省洋县门头沟张家港路q座 708953,荆门市,江西省,960045,中国,银嘉信息有限公司移动应用开发,李,玉珍,顺丰速运,Order
107,2024-12-12 06:39:15,2024-12-22 06:39:15,,407.11,时空盒数字信息有限公司智能科技,山东省巢湖县清浦缪街U座 742478,郑州县,陕西省,364545,中国,时空盒数字信息有限公司智能科技,欧,娜,圆通速递,Order
108,2026-06-02 00:52:06,2026-06-07 00:52:06,2026-06-04 00:52:06,23.6,晖来计算机传媒有限公司云计算,广东省娟市孝南辽阳路I座 278094,郑州县,江苏省,370443,中国,晖来计算机传媒有限公司云计算,林,磊,百世快递,Order
109,2025-09-27 09:45:07,2025-10-02 09:45:07,2025-09-30 09:45:07,327.2,图龙信息传媒有限公司数字科技,天津市梧州市安次彭路t座 336734,南昌市,江西省,117022,中国,图龙信息传媒有限公司数字科技,薛,洋,顺丰速运,Order
110,2025-05-01 02:35:44,2025-05-13 02:35:44,2025-05-06 02:35:44,12.75,快讯信息有限公司智能科技,山东省海口县龙潭杨街q座 232213,勇县,澳门特别行政区,384293,中国,快讯信息有限公司智能科技,江,凤兰,邮政EMS,Order
111,2024-09-02 12:52:52,2024-09-11 12:52:52,,279.08,和泰网络有限公司电子商务,山东省台北市南湖刘路G座 282213,玲市,江苏省,453351,中国,和泰网络有限公司电子商务,欧,娜,圆通速递,Order
112,2025-03-22 06:53:45,2025-03-29 06:53:45,2025-03-24 06:53:45,359.34,国讯科技有限公司金融科技,广东省俊县锡山海门路g座 967844,金凤市,江西省,230194,中国,国讯科技有限公司金融科技,王,雪,申通快递,Order
113,2025-04-07 20:01:30,2025-04-15 20:01:30,2025-04-11 20:01:30,64.97,MBP软件科技有限公司信息技术,安徽省瑞市西夏高路i座 571615,丽华县,宁夏回族自治区,300387,中国,MBP软件科技有限公司信息技术,王,雪,申通快递,Order
114,2025-07-30 11:43:41,2025-08-08 11:43:41,,103.92,南康网络有限公司互联网服务,天津市潜江县沈河太原路A座 620715,敏市,福建省,403615,中国,南康网络有限公司互联网服务,江,凤兰,顺丰速运,Order
115,2025-06-27 03:23:17,2025-07-04 03:23:17,2025-07-02 03:23:17,141.91,国讯科技有限公司金融科技,广东省俊县锡山海门路g座 967844,金凤市,江西省,230194,中国,国讯科技有限公司金融科技,曹,洁,中通快递,Order
116,2024-06-19 07:22:27,2024-06-25 07:22:27,2024-06-22 07:22:27,175.97,时空盒数字信息有限公司虚拟现实,湖南省杭州市清河柳州路s座 365953,荣市,海南省,934862,中国,时空盒数字信息有限公司虚拟现实,林,磊,百世快递,Order
117,2026-03-17 02:04:23,2026-03-27 02:04:23,2026-03-22 02:04:23,287.27,兰金电子科技有限公司区块链技术,吉林省齐齐哈尔县沈河深圳街p座 109059,南昌市,台湾省,701156,中国,兰金电子科技有限公司区块链技术,薛,洋,中通快递,Order
118,2025-01-14 15:01:00,2025-01-24 15:01:00,,274.79,盟新传媒有限公司大数据分析,甘肃省红县涪城董路q座 904897,辽阳县,安徽省,428336,中国,盟新传媒有限公司大数据分析,彭,桂荣,申通快递,Order
119,2025-06-03 15:51:46,2025-06-13 15:51:46,2025-06-06 15:51:46,447.43,时刻网络有限公司信息技术,辽宁省长春县高港大冶街E座 299146,梅县,山西省,257161,中国,时刻网络有限公司信息技术,张,刚,申通快递,Order
120,2026-01-15 11:02:18,2026-01-29 11:02:18,2026-01-19 11:02:18,231.11,通际名联科技有限公司金融科技,黑龙江省利县江北曹路r座 182732,济南市,台湾省,380850,中国,通际名联科技有限公司金融科技,张,刚,邮政EMS,Order
121,2026-02-03 23:09:50,2026-02-15 23:09:50,2026-02-06 23:09:50,422.5,巨奥科技有限公司信息技术,辽宁省兵县门头沟黄路R座 339119,峰县,河南省,970735,中国,巨奥科技有限公司信息技术,王,斌,韵达快递,Order
122,2026-01-15 22:27:55,2026-01-21 22:27:55,2026-01-17 22:27:55,292.12,晖来计算机传媒有限公司云计算,广东省娟市孝南辽阳路I座 278094,郑州县,江苏省,370443,中国,晖来计算机传媒有限公司云计算,王,倩,京东物流,Order
123,2025-01-11 03:15:47,2025-01-16 03:15:47,,400.78,维涛科技有限公司网络安全,西藏自治区亮市清浦王街I座 399560,永安市,贵州省,583598,中国,维涛科技有限公司网络安全,李,玉珍,百世快递,Order
124,2024-09-03 19:49:11,2024-09-14 19:49:11,2024-09-04 19:49:11,229.05,易动力网络有限公司信息技术,山西省广州县淄川王路j座 894925,英县,山东省,228414,中国,易动力网络有限公司信息技术,田,桂荣,顺丰速运,Order
125,2024-08-22 15:22:53,2024-08-26 15:22:53,2024-08-23 15:22:53,236.07,巨奥传媒有限公司信息技术,重庆市燕市安次哈尔滨街x座 404214,辛集市,广东省,406351,中国,巨奥传媒有限公司信息技术,赵,晨,中通快递,Order
126,2026-02-09 10:47:40,2026-02-19 10:47:40,2026-02-12 10:47:40,406.83,东方峻景传媒有限公司金融科技,江西省利市东城任街V座 970735,海门县,湖南省,667608,中国,东方峻景传媒有限公司金融科技,欧,娜,顺丰速运,Order
127,2024-09-06 21:26:49,2024-09-12 21:26:49,2024-09-08 21:26:49,262.42,MBP软件网络有限公司移动应用开发,青海省颖县山亭西安路G座 992594,辛集市,重庆市,516137,中国,MBP软件网络有限公司移动应用开发,陈,杨,德邦物流,Order
128,2024-11-23 01:49:35,2024-12-05 01:49:35,2024-11-26 01:49:35,301.49,维涛科技有限公司网络安全,西藏自治区亮市清浦王街I座 399560,永安市,贵州省,583598,中国,维涛科技有限公司网络安全,曲,桂花,申通快递,Order
129,2025-03-08 08:14:52,2025-03-19 08:14:52,2025-03-10 08:14:52,26.55,明腾传媒有限公司互联网服务,澳门特别行政区呼和浩特市沈北新曲街v座 733015,邯郸市,天津市,144183,中国,明腾传媒有限公司互联网服务,江,凤兰,京东物流,Order
130,2025-01-21 14:45:16,2025-02-02 14:45:16,2025-01-22 14:45:16,345.75,银嘉科技有限公司科技公司,山东省深圳县孝南黄街c座 290750,秀荣市,宁夏回族自治区,662554,中国,银嘉科技有限公司科技公司,赵,晨,京东物流,Order
131,2025-12-02 16:05:14,2025-12-11 16:05:14,,23.24,合联电子科技有限公司信息技术,辽宁省琴县高明北京街p座 129411,荣市,重庆市,992062,中国,合联电子科技有限公司信息技术,彭,桂荣,京东物流,Order
132,2024-06-25 02:32:14,2024-07-05 02:32:14,2024-06-26 02:32:14,354.29,东方峻景传媒有限公司金融科技,江西省利市东城任街V座 970735,海门县,湖南省,667608,中国,东方峻景传媒有限公司金融科技,张,丹丹,京东物流,Order
133,2024-06-25 10:43:41,2024-07-01 10:43:41,2024-06-28 10:43:41,236.23,和泰信息有限公司信息技术,江苏省俊市璧山陈路I座 849236,成都市,四川省,430904,中国,和泰信息有限公司信息技术,薛,洋,邮政EMS,Order
134,2025-02-03 13:57:41,2025-02-06 13:57:41,,132.89,昊嘉信息有限公司信息技术,天津市伟县清城何路W座 931319,军县,辽宁省,815449,中国,昊嘉信息有限公司信息技术,王,雪,百世快递,Order
135,2026-01-30 14:13:14,2026-02-10 14:13:14,2026-02-04 14:13:14,151.52,恒聪百汇传媒有限公司虚拟现实,福建省兴城市高明邓街U座 898971,重庆市,河南省,796218,中国,恒聪百汇传媒有限公司虚拟现实,欧,娜,圆通速递,Order
136,2025-11-18 11:26:46,2025-11-30 11:26:46,2025-11-23 11:26:46,150.32,图龙信息网络有限公司云计算,湖南省兰州县丰都张街B座 954217,宁德市,福建省,905170,中国,图龙信息网络有限公司云计算,江,凤兰,韵达快递,Order
137,2024-10-18 09:01:34,2024-10-22 09:01:34,,336.25,艾提科信传媒有限公司网络安全,西藏自治区凤兰县朝阳林街U座 372877,桂荣市,山西省,386526,中国,艾提科信传媒有限公司网络安全,曹,洁,百世快递,Order
138,2025-01-30 17:16:18,2025-02-11 17:16:18,2025-01-31 17:16:18,227.08,凌云信息有限公司虚拟现实,香港特别行政区福州市城北太原街O座 751024,秀珍县,福建省,531973,中国,凌云信息有限公司虚拟现实,薛,洋,中通快递,Order
139,2026-02-07 13:10:17,2026-02-19 13:10:17,2026-02-10 13:10:17,158.1,合联电子科技有限公司信息技术,辽宁省琴县高明北京街p座 129411,荣市,重庆市,992062,中国,合联电子科技有限公司信息技术,李,玉珍,百世快递,Order
140,2026-01-21 16:47:01,2026-01-28 16:47:01,2026-01-23 16:47:01,107.52,晖来计算机传媒有限公司云计算,广东省娟市孝南辽阳路I座 278094,郑州县,江苏省,370443,中国,晖来计算机传媒有限公司云计算,林,磊,顺丰速运,Order
141,2024-06-19 09:12:54,2024-06-27 09:12:54,,44.97,商软冠联传媒有限公司智能科技,甘肃省阜新县江北白路G座 114919,太原县,黑龙江省,500377,中国,商软冠联传媒有限公司智能科技,曲,桂花,德邦物流,Order
142,2025-05-24 10:08:52,2025-06-02 10:08:52,2025-05-28 10:08:52,287.5,时刻网络有限公司信息技术,辽宁省长春县高港大冶街E座 299146,梅县,山西省,257161,中国,时刻网络有限公司信息技术,彭,桂荣,中通快递,Order
143,2025-11-11 04:45:12,2025-11-22 04:45:12,2025-11-15 04:45:12,385.99,襄樊地球村信息有限公司物联网,云南省婷婷县高明王路e座 823469,丽娟市,四川省,603957,中国,襄樊地球村信息有限公司物联网,彭,桂荣,邮政EMS,Order
144,2025-02-26 17:06:25,2025-03-07 17:06:25,2025-02-28 17:06:25,324.15,泰麒麟信息有限公司人工智能,广东省想市新城曾路g座 582475,香港县,广西壮族自治区,358806,中国,泰麒麟信息有限公司人工智能,陈,杨,天天快递,Order
145,2024-12-21 05:01:31,2025-01-01 05:01:31,,427.58,济南亿次元网络有限公司科技公司,甘肃省红县白云巢湖路W座 992584,巢湖市,澳门特别行政区,219657,中国,济南亿次元网络有限公司科技公司,曹,洁,申通快递,Order
146,2025-03-25 10:52:29,2025-04-04 10:52:29,,133.22,方正科技科技有限公司互联网服务,新疆维吾尔自治区莉县牧野王路L座 235814,宁德市,湖南省,575121,中国,方正科技科技有限公司互联网服务,张,帅,韵达快递,Order
147,2024-07-11 04:02:30,2024-07-24 04:02:30,,476.15,时空盒数字传媒有限公司大数据分析,湖北省梧州县锡山周路M座 618236,巢湖市,贵州省,903078,中国,时空盒数字传媒有限公司大数据分析,陈,杨,圆通速递,Order
148,2024-08-21 00:55:26,2024-08-27 00:55:26,2024-08-26 00:55:26,90.61,超艺网络有限公司人工智能,四川省梅市高明潮州路u座 815912,武汉市,四川省,103035,中国,超艺网络有限公司人工智能,林,磊,申通快递,Order
149,2024-06-10 01:10:49,2024-06-20 01:10:49,,369.44,九方传媒有限公司生物科技,江西省玉梅县城北韦路k座 920415,六盘水市,西藏自治区,774096,中国,九方传媒有限公司生物科技,曲,桂花,圆通速递,Order
150,2025-05-06 06:19:46,2025-05-13 06:19:46,2025-05-09 06:19:46,196.84,华泰通安科技有限公司网络安全,香港特别行政区桂兰市城东傅路b座 111143,玉梅市,台湾省,529077,中国,华泰通安科技有限公司网络安全,王,倩,中通快递,Order
151,2026-02-16 03:25:36,2026-02-22 03:25:36,2026-02-17 03:25:36,378.08,精芯传媒有限公司物联网,湖北省杭州市华龙宜都路G座 885926,武汉市,湖北省,378841,中国,精芯传媒有限公司物联网,林,峰,圆通速递,Order
152,2025-06-29 10:38:32,2025-07-07 10:38:32,2025-07-04 10:38:32,492.73,诺依曼软件传媒有限公司物联网,广东省重庆市沈北新深圳路t座 370139,华市,广西壮族自治区,558601,中国,诺依曼软件传媒有限公司物联网,王,雪,德邦物流,Order
153,2026-05-07 04:22:06,2026-05-13 04:22:06,2026-05-11 04:22:06,161.15,时空盒数字传媒有限公司大数据分析,湖北省梧州县锡山周路M座 618236,巢湖市,贵州省,903078,中国,时空盒数字传媒有限公司大数据分析,欧,娜,百世快递,Order
154,2025-10-08 12:06:48,2025-10-11 12:06:48,2025-10-13 12:06:48,109.54,和泰网络有限公司电子商务,山东省台北市南湖刘路G座 282213,玲市,江苏省,453351,中国,和泰网络有限公司电子商务,李,玉珍,德邦物流,Order
155,2025-08-08 22:38:02,2025-08-15 22:38:02,2025-08-09 22:38:02,44.01,晖来计算机传媒有限公司云计算,广东省娟市孝南辽阳路I座 278094,郑州县,江苏省,370443,中国,晖来计算机传媒有限公司云计算,薛,洋,韵达快递,Order
156,2024-08-24 16:43:44,2024-08-30 16:43:44,,27.7,银嘉信息有限公司移动应用开发,河南省洋县门头沟张家港路q座 708953,荆门市,江西省,960045,中国,银嘉信息有限公司移动应用开发,王,倩,中通快递,Order
157,2025-04-24 13:30:29,2025-04-28 13:30:29,2025-04-27 13:30:29,277.51,七喜传媒有限公司人工智能,澳门特别行政区磊市门头沟柳州街Z座 473892,丽华县,西藏自治区,358472,中国,七喜传媒有限公司人工智能,王,斌,百世快递,Order
158,2025-05-21 11:04:33,2025-05-26 11:04:33,2025-05-23 11:04:33,151.31,天开传媒有限公司网络安全,香港特别行政区澳门市清浦许路G座 380354,芳市,云南省,252621,中国,天开传媒有限公司网络安全,王,倩,天天快递,Order
159,2026-04-19 13:27:51,2026-05-01 13:27:51,2026-04-23 13:27:51,135.24,泰麒麟信息有限公司人工智能,广东省想市新城曾路g座 582475,香港县,广西壮族自治区,358806,中国,泰麒麟信息有限公司人工智能,田,桂荣,韵达快递,Order
160,2024-07-05 23:20:06,2024-07-17 23:20:06,2024-07-09 23:20:06,405.98,合联电子科技有限公司信息技术,辽宁省琴县高明北京街p座 129411,荣市,重庆市,992062,中国,合联电子科技有限公司信息技术,陈,杨,天天快递,Order
161,2024-09-10 17:42:40,2024-09-23 17:42:40,2024-09-12 17:42:40,359.46,迪摩科技有限公司电子商务,吉林省香港市白云沈街W座 138703,福州县,海南省,133740,中国,迪摩科技有限公司电子商务,赵,晨,天天快递,Order
162,2026-01-18 20:45:31,2026-01-21 20:45:31,,231.13,明腾传媒有限公司互联网服务,澳门特别行政区呼和浩特市沈北新曲街v座 733015,邯郸市,天津市,144183,中国,明腾传媒有限公司互联网服务,林,峰,天天快递,Order
163,2025-10-23 10:15:23,2025-11-03 10:15:23,2025-10-28 10:15:23,78.46,晖来计算机传媒有限公司云计算,广东省娟市孝南辽阳路I座 278094,郑州县,江苏省,370443,中国,晖来计算机传媒有限公司云计算,王,建平,邮政EMS,Order
164,2025-02-10 09:06:21,2025-02-15 09:06:21,,295.46,维旺明科技有限公司大数据分析,山东省雷县涪城王路f座 739633,杭州市,福建省,105798,中国,维旺明科技有限公司大数据分析,彭,桂荣,韵达快递,Order
165,2025-07-04 08:24:37,2025-07-07 08:24:37,,110.08,易动力科技有限公司科技公司,北京市佛山县合川香港街U座 292593,沈阳县,广西壮族自治区,104016,中国,易动力科技有限公司科技公司,李,玉珍,邮政EMS,Order
166,2025-12-15 05:28:52,2025-12-25 05:28:52,2025-12-16 05:28:52,319.7,太极信息有限公司互联网服务,江苏省六盘水县清浦黄街g座 440842,海门市,福建省,737845,中国,太极信息有限公司互联网服务,曲,桂花,顺丰速运,Order
167,2025-03-09 03:47:34,2025-03-21 03:47:34,2025-03-14 03:47:34,295.81,创汇网络有限公司虚拟现实,北京市玉珍市朝阳赵路P座 508928,秀英市,福建省,862920,中国,创汇网络有限公司虚拟现实,李,玉珍,圆通速递,Order
168,2024-11-22 07:51:52,2024-12-06 07:51:52,2024-11-23 07:51:52,478.73,良诺信息有限公司网络安全,四川省西安市魏都邓路Q座 814705,潮州市,内蒙古自治区,453855,中国,良诺信息有限公司网络安全,张,帅,申通快递,Order
169,2024-08-24 11:25:20,2024-09-01 11:25:20,,458.87,兰金电子科技有限公司区块链技术,吉林省齐齐哈尔县沈河深圳街p座 109059,南昌市,台湾省,701156,中国,兰金电子科技有限公司区块链技术,陈,杨,韵达快递,Order
170,2024-06-22 07:11:40,2024-06-26 07:11:40,2024-06-27 07:11:40,120.36,商软冠联传媒有限公司智能科技,甘肃省阜新县江北白路G座 114919,太原县,黑龙江省,500377,中国,商软冠联传媒有限公司智能科技,徐,艳,圆通速递,Order
171,2025-05-30 12:18:09,2025-06-12 12:18:09,,362.31,九方传媒有限公司生物科技,江西省玉梅县城北韦路k座 920415,六盘水市,西藏自治区,774096,中国,九方传媒有限公司生物科技,赵,晨,天天快递,Order
172,2024-07-30 16:17:22,2024-08-12 16:17:22,2024-08-02 16:17:22,339.31,万迅电脑信息有限公司科技公司,澳门特别行政区沈阳市秀英向路j座 232419,洋县,宁夏回族自治区,487088,中国,万迅电脑信息有限公司科技公司,王,倩,中通快递,Order
173,2026-01-26 13:47:00,2026-01-29 13:47:00,2026-01-31 13:47:00,159.9,精芯传媒有限公司物联网,湖北省杭州市华龙宜都路G座 885926,武汉市,湖北省,378841,中国,精芯传媒有限公司物联网,欧,娜,中通快递,Order
174,2025-05-15 18:18:35,2025-05-23 18:18:35,2025-05-17 18:18:35,82.96,晖来计算机传媒有限公司云计算,广东省娟市孝南辽阳路I座 278094,郑州县,江苏省,370443,中国,晖来计算机传媒有限公司云计算,林,峰,顺丰速运,Order
175,2024-09-19 19:14:36,2024-10-03 19:14:36,2024-09-22 19:14:36,143.11,济南亿次元网络有限公司科技公司,甘肃省红县白云巢湖路W座 992584,巢湖市,澳门特别行政区,219657,中国,济南亿次元网络有限公司科技公司,王,斌,百世快递,Order
176,2024-06-12 02:01:01,2024-06-18 02:01:01,2024-06-14 02:01:01,275.09,中建创业网络有限公司移动应用开发,江西省辛集县沈北新昆明街r座 719259,辽阳县,台湾省,639438,中国,中建创业网络有限公司移动应用开发,田,桂荣,顺丰速运,Order
177,2025-02-04 01:07:07,2025-02-15 01:07:07,2025-02-08 01:07:07,110.12,昊嘉信息有限公司信息技术,天津市伟县清城何路W座 931319,军县,辽宁省,815449,中国,昊嘉信息有限公司信息技术,林,磊,天天快递,Order
178,2026-01-25 05:31:04,2026-02-01 05:31:04,2026-01-27 05:31:04,14.9,商软冠联传媒有限公司大数据分析,湖北省强县新城古路N座 931706,玉珍县,澳门特别行政区,424628,中国,商软冠联传媒有限公司大数据分析,张,刚,德邦物流,Order
179,2026-03-11 02:52:10,2026-03-15 02:52:10,,453.38,易动力信息有限公司物联网,陕西省关岭县高坪淮安街k座 604446,齐齐哈尔市,贵州省,989116,中国,易动力信息有限公司物联网,张,帅,德邦物流,Order
180,2026-04-11 08:18:46,2026-04-23 08:18:46,2026-04-12 08:18:46,78.56,银嘉网络有限公司云计算,四川省秀华县金平合山街C座 522476,杨县,江苏省,112129,中国,银嘉网络有限公司云计算,林,峰,京东物流,Order
181,2026-05-26 01:22:48,2026-06-08 01:22:48,2026-05-30 01:22:48,255.5,太极信息有限公司互联网服务,江苏省六盘水县清浦黄街g座 440842,海门市,福建省,737845,中国,太极信息有限公司互联网服务,曲,桂花,顺丰速运,Order
182,2025-04-13 22:22:09,2025-04-19 22:22:09,2025-04-14 22:22:09,284.48,商软冠联传媒有限公司大数据分析,湖北省强县新城古路N座 931706,玉珍县,澳门特别行政区,424628,中国,商软冠联传媒有限公司大数据分析,彭,桂荣,京东物流,Order
183,2024-06-28 13:23:20,2024-07-01 13:23:20,,232.74,通际名联科技有限公司金融科技,黑龙江省利县江北曹路r座 182732,济南市,台湾省,380850,中国,通际名联科技有限公司金融科技,江,凤兰,京东物流,Order
184,2026-01-17 15:49:24,2026-01-23 15:49:24,2026-01-20 15:49:24,421.56,精芯网络有限公司互联网服务,河北省南京市翔安朱路w座 386632,马鞍山县,广东省,526423,中国,精芯网络有限公司互联网服务,王,雪,中通快递,Order
185,2026-01-21 08:04:46,2026-01-28 08:04:46,,468.6,易动力传媒有限公司生物科技,河南省贵阳县兴山广州路A座 729306,伟市,陕西省,802027,中国,易动力传媒有限公司生物科技,王,雪,百世快递,Order
186,2026-06-03 08:17:33,2026-06-14 08:17:33,2026-06-07 08:17:33,191.73,东方峻景传媒有限公司金融科技,江西省利市东城任街V座 970735,海门县,湖南省,667608,中国,东方峻景传媒有限公司金融科技,陈,杨,中通快递,Order
187,2025-06-08 23:54:23,2025-06-19 23:54:23,,73.56,银嘉科技有限公司云计算,北京市强县牧野惠州路G座 671226,重庆县,云南省,471017,中国,银嘉科技有限公司云计算,王,倩,圆通速递,Order
188,2026-05-20 22:20:47,2026-05-27 22:20:47,2026-05-21 22:20:47,283.6,快讯信息有限公司智能科技,山东省海口县龙潭杨街q座 232213,勇县,澳门特别行政区,384293,中国,快讯信息有限公司智能科技,张,帅,邮政EMS,Order
189,2025-12-14 05:54:29,2025-12-28 05:54:29,2025-12-18 05:54:29,153.9,商软冠联网络有限公司信息技术,福建省兴城县白云赵街c座 153695,梅市,海南省,737913,中国,商软冠联网络有限公司信息技术,田,桂荣,邮政EMS,Order
190,2025-08-30 14:53:18,2025-09-13 14:53:18,,21.92,昊嘉信息有限公司信息技术,天津市伟县清城何路W座 931319,军县,辽宁省,815449,中国,昊嘉信息有限公司信息技术,林,磊,韵达快递,Order
191,2026-05-10 21:02:21,2026-05-16 21:02:21,,443.85,南康传媒有限公司生物科技,广西壮族自治区汕尾县兴山王街m座 315775,贵阳市,吉林省,458093,中国,南康传媒有限公司生物科技,王,斌,邮政EMS,Order
192,2024-10-08 13:51:35,2024-10-17 13:51:35,2024-10-11 13:51:35,266.13,良诺信息有限公司生物科技,云南省雷市东城巫街s座 382268,红市,海南省,562035,中国,良诺信息有限公司生物科技,王,斌,圆通速递,Order
193,2026-05-11 19:52:58,2026-05-15 19:52:58,,173.53,精芯网络有限公司互联网服务,河北省南京市翔安朱路w座 386632,马鞍山县,广东省,526423,中国,精芯网络有限公司互联网服务,曹,洁,京东物流,Order
194,2024-10-15 00:26:47,2024-10-19 00:26:47,,370.66,华泰通安科技有限公司网络安全,香港特别行政区桂兰市城东傅路b座 111143,玉梅市,台湾省,529077,中国,华泰通安科技有限公司网络安全,李,玉珍,韵达快递,Order
195,2025-08-27 00:41:03,2025-09-02 00:41:03,,422.56,图龙信息传媒有限公司数字科技,天津市梧州市安次彭路t座 336734,南昌市,江西省,117022,中国,图龙信息传媒有限公司数字科技,王,雪,天天快递,Order
196,2024-12-31 04:47:10,2025-01-03 04:47:10,,146.23,MBP软件网络有限公司移动应用开发,青海省颖县山亭西安路G座 992594,辛集市,重庆市,516137,中国,MBP软件网络有限公司移动应用开发,王,斌,圆通速递,Order
197,2026-03-02 05:28:00,2026-03-16 05:28:00,2026-03-04 05:28:00,479.54,浦华众城信息有限公司虚拟现实,新疆维吾尔自治区福州市翔安李路i座 712866,大冶市,广东省,992649,中国,浦华众城信息有限公司虚拟现实,赵,晨,申通快递,Order
198,2026-02-03 18:41:13,2026-02-11 18:41:13,2026-02-06 18:41:13,397.4,时空盒数字信息有限公司虚拟现实,湖南省杭州市清河柳州路s座 365953,荣市,海南省,934862,中国,时空盒数字信息有限公司虚拟现实,曲,桂花,德邦物流,Order
199,2024-08-17 18:56:16,2024-08-29 18:56:16,,123.21,毕博诚信息有限公司信息技术,天津市颖县华龙武街i座 729878,柳州县,贵州省,534760,中国,毕博诚信息有限公司信息技术,田,桂荣,韵达快递,Order
200,2024-11-20 09:45:02,2024-12-04 09:45:02,2024-11-21 09:45:02,137.97,维涛传媒有限公司云计算,内蒙古自治区上海市海陵武汉路o座 271535,秀华县,宁夏回族自治区,490120,中国,维涛传媒有限公司云计算,薛,洋,顺丰速运,Order
201,2026-01-04 14:09:37,2026-01-15 14:09:37,2026-01-08 14:09:37,300.01,时刻网络有限公司信息技术,辽宁省长春县高港大冶街E座 299146,梅县,山西省,257161,中国,时刻网络有限公司信息技术,张,刚,中通快递,Order
202,2025-05-30 12:59:51,2025-06-08 12:59:51,2025-06-01 12:59:51,283.75,戴硕电子科技有限公司移动应用开发,台湾省天津市清城郑州街K座 578950,瑜市,陕西省,996204,中国,戴硕电子科技有限公司移动应用开发,张,帅,邮政EMS,Order
203,2025-03-31 05:17:32,2025-04-11 05:17:32,2025-04-01 05:17:32,343.52,良诺信息有限公司生物科技,云南省雷市东城巫街s座 382268,红市,海南省,562035,中国,良诺信息有限公司生物科技,曹,洁,天天快递,Order
204,2025-10-26 01:51:19,2025-11-08 01:51:19,,150.68,戴硕电子科技有限公司移动应用开发,台湾省天津市清城郑州街K座 578950,瑜市,陕西省,996204,中国,戴硕电子科技有限公司移动应用开发,张,帅,圆通速递,Order
205,2024-08-22 22:32:42,2024-09-02 22:32:42,,406.78,和泰网络有限公司电子商务,山东省台北市南湖刘路G座 282213,玲市,江苏省,453351,中国,和泰网络有限公司电子商务,江,凤兰,韵达快递,Order
206,2024-10-08 08:57:07,2024-10-12 08:57:07,,12.31,创联世纪信息有限公司移动应用开发,云南省深圳县金平拉萨街l座 585241,福州县,四川省,101164,中国,创联世纪信息有限公司移动应用开发,李,玉珍,百世快递,Order
207,2026-06-03 09:05:16,2026-06-06 09:05:16,2026-06-07 09:05:16,254.12,良诺信息有限公司生物科技,云南省雷市东城巫街s座 382268,红市,海南省,562035,中国,良诺信息有限公司生物科技,曲,桂花,百世快递,Order
208,2026-01-02 16:06:21,2026-01-14 16:06:21,,379.96,易动力科技有限公司科技公司,北京市佛山县合川香港街U座 292593,沈阳县,广西壮族自治区,104016,中国,易动力科技有限公司科技公司,徐,艳,京东物流,Order
209,2025-02-11 02:19:40,2025-02-15 02:19:40,2025-02-15 02:19:40,303.7,华泰通安科技有限公司网络安全,香港特别行政区桂兰市城东傅路b座 111143,玉梅市,台湾省,529077,中国,华泰通安科技有限公司网络安全,田,桂荣,京东物流,Order
210,2026-01-27 00:08:50,2026-02-04 00:08:50,2026-01-31 00:08:50,334.67,维涛传媒有限公司云计算,内蒙古自治区上海市海陵武汉路o座 271535,秀华县,宁夏回族自治区,490120,中国,维涛传媒有限公司云计算,王,雪,顺丰速运,Order
211,2024-08-13 09:52:49,2024-08-23 09:52:49,2024-08-17 09:52:49,274.78,浙大万朋信息有限公司生物科技,海南省巢湖市徐汇成都街E座 239900,鑫市,内蒙古自治区,548115,中国,浙大万朋信息有限公司生物科技,张,丹丹,顺丰速运,Order
212,2026-01-30 00:08:01,2026-02-12 00:08:01,,14.12,鸿睿思博传媒有限公司智能科技,浙江省柳州县安次李路G座 326030,武汉市,广西壮族自治区,986110,中国,鸿睿思博传媒有限公司智能科技,林,峰,中通快递,Order
213,2025-03-09 04:20:35,2025-03-20 04:20:35,2025-03-10 04:20:35,423.18,时空盒数字传媒有限公司大数据分析,湖北省梧州县锡山周路M座 618236,巢湖市,贵州省,903078,中国,时空盒数字传媒有限公司大数据分析,张,刚,韵达快递,Order
214,2025-01-01 03:20:12,2025-01-13 03:20:12,2025-01-02 03:20:12,47.32,毕博诚信息有限公司信息技术,天津市颖县华龙武街i座 729878,柳州县,贵州省,534760,中国,毕博诚信息有限公司信息技术,徐,艳,中通快递,Order
215,2025-06-19 08:05:46,2025-06-27 08:05:46,,249.56,明腾科技有限公司区块链技术,河南省志强县城东杨路A座 853694,石家庄市,安徽省,450779,中国,明腾科技有限公司区块链技术,江,凤兰,中通快递,Order
216,2025-11-01 04:28:12,2025-11-11 04:28:12,2025-11-06 04:28:12,167.5,银嘉科技有限公司科技公司,山东省深圳县孝南黄街c座 290750,秀荣市,宁夏回族自治区,662554,中国,银嘉科技有限公司科技公司,彭,桂荣,天天快递,Order
217,2025-12-07 17:13:47,2025-12-15 17:13:47,2025-12-12 17:13:47,211.36,联软传媒有限公司区块链技术,台湾省深圳市牧野李街L座 325753,慧县,山东省,556597,中国,联软传媒有限公司区块链技术,王,建平,邮政EMS,Order
218,2026-05-31 01:45:52,2026-06-05 01:45:52,,440.27,维旺明科技有限公司大数据分析,山东省雷县涪城王路f座 739633,杭州市,福建省,105798,中国,维旺明科技有限公司大数据分析,徐,艳,申通快递,Order
219,2024-09-09 12:37:23,2024-09-17 12:37:23,2024-09-14 12:37:23,419.71,易动力信息有限公司物联网,辽宁省嘉禾县沈河六安街A座 771273,佛山县,贵州省,255410,中国,易动力信息有限公司物联网,林,磊,百世快递,Order
220,2025-08-27 23:46:08,2025-09-05 23:46:08,2025-08-28 23:46:08,55.33,维旺明信息有限公司人工智能,安徽省东莞市静安银川街g座 149650,坤县,山西省,734784,中国,维旺明信息有限公司人工智能,赵,晨,顺丰速运,Order
221,2024-08-31 08:48:28,2024-09-06 08:48:28,2024-09-02 08:48:28,25.45,巨奥网络有限公司金融科技,陕西省慧市锡山王街R座 594310,明市,天津市,692056,中国,巨奥网络有限公司金融科技,林,磊,韵达快递,Order
222,2024-09-22 18:17:56,2024-09-30 18:17:56,2024-09-25 18:17:56,456.31,迪摩科技有限公司电子商务,吉林省香港市白云沈街W座 138703,福州县,海南省,133740,中国,迪摩科技有限公司电子商务,王,斌,天天快递,Order
223,2026-05-17 23:46:15,2026-05-30 23:46:15,2026-05-18 23:46:15,121.2,天开网络有限公司金融科技,广东省长沙市黄浦荆门街a座 399073,南宁市,台湾省,787111,中国,天开网络有限公司金融科技,徐,艳,百世快递,Order
224,2024-06-20 13:31:09,2024-07-02 13:31:09,2024-06-21 13:31:09,125.52,晖来计算机网络有限公司虚拟现实,湖北省银川县长寿佛山街w座 577399,梅县,新疆维吾尔自治区,509148,中国,晖来计算机网络有限公司虚拟现实,王,斌,中通快递,Order
225,2026-01-21 02:08:36,2026-01-29 02:08:36,2026-01-24 02:08:36,277.63,和泰网络有限公司电子商务,山东省台北市南湖刘路G座 282213,玲市,江苏省,453351,中国,和泰网络有限公司电子商务,江,凤兰,邮政EMS,Order
226,2024-12-23 04:52:35,2024-12-29 04:52:35,2024-12-27 04:52:35,495.05,南康传媒有限公司生物科技,广西壮族自治区汕尾县兴山王街m座 315775,贵阳市,吉林省,458093,中国,南康传媒有限公司生物科技,王,倩,天天快递,Order
227,2026-05-31 04:13:59,2026-06-04 04:13:59,2026-06-03 04:13:59,151.13,开发区世创科技有限公司科技公司,浙江省香港县翔安潮州街E座 459811,嘉禾市,黑龙江省,948902,中国,开发区世创科技有限公司科技公司,王,雪,京东物流,Order
228,2025-06-15 21:37:47,2025-06-24 21:37:47,2025-06-18 21:37:47,443.65,商软冠联网络有限公司信息技术,福建省兴城县白云赵街c座 153695,梅市,海南省,737913,中国,商软冠联网络有限公司信息技术,陈,杨,德邦物流,Order
229,2025-10-28 22:43:03,2025-11-06 22:43:03,2025-10-29 22:43:03,71.77,银嘉网络有限公司云计算,四川省秀华县金平合山街C座 522476,杨县,江苏省,112129,中国,银嘉网络有限公司云计算,赵,晨,天天快递,Order
230,2026-03-15 18:43:23,2026-03-22 18:43:23,2026-03-16 18:43:23,380.42,南康网络有限公司互联网服务,天津市潜江县沈河太原路A座 620715,敏市,福建省,403615,中国,南康网络有限公司互联网服务,王,斌,京东物流,Order
231,2024-09-09 08:56:19,2024-09-22 08:56:19,2024-09-10 08:56:19,197.81,图龙信息传媒有限公司数字科技,天津市梧州市安次彭路t座 336734,南昌市,江西省,117022,中国,图龙信息传媒有限公司数字科技,曲,桂花,百世快递,Order
232,2024-06-28 03:21:52,2024-07-02 03:21:52,2024-07-02 03:21:52,273.96,菊风公司传媒有限公司数字科技,广东省哈尔滨市高坪王路l座 274673,秀梅市,黑龙江省,610381,中国,菊风公司传媒有限公司数字科技,李,玉珍,申通快递,Order
233,2025-09-12 22:34:39,2025-09-25 22:34:39,2025-09-14 22:34:39,203.94,维涛科技有限公司网络安全,西藏自治区亮市清浦王街I座 399560,永安市,贵州省,583598,中国,维涛科技有限公司网络安全,王,倩,中通快递,Order
234,2025-07-10 13:31:15,2025-07-17 13:31:15,2025-07-11 13:31:15,238.17,飞海科技传媒有限公司信息技术,河北省楠县南湖胡街i座 304050,济南市,吉林省,373811,中国,飞海科技传媒有限公司信息技术,徐,艳,百世快递,Order
235,2025-11-16 16:45:32,2025-11-20 16:45:32,2025-11-20 16:45:32,182.23,合联电子科技有限公司信息技术,辽宁省琴县高明北京街p座 129411,荣市,重庆市,992062,中国,合联电子科技有限公司信息技术,王,建平,圆通速递,Order
236,2026-04-29 04:16:34,2026-05-12 04:16:34,2026-05-04 04:16:34,166.13,华泰通安科技有限公司网络安全,香港特别行政区桂兰市城东傅路b座 111143,玉梅市,台湾省,529077,中国,华泰通安科技有限公司网络安全,田,桂荣,顺丰速运,Order
237,2024-11-15 23:39:33,2024-11-27 23:39:33,2024-11-17 23:39:33,292.34,襄樊地球村网络有限公司智能科技,安徽省畅县房山郑路w座 157129,坤县,内蒙古自治区,951957,中国,襄樊地球村网络有限公司智能科技,王,斌,德邦物流,Order
238,2024-07-29 11:20:13,2024-08-04 11:20:13,,130.43,昊嘉信息有限公司信息技术,天津市伟县清城何路W座 931319,军县,辽宁省,815449,中国,昊嘉信息有限公司信息技术,王,建平,中通快递,Order
239,2024-06-30 04:56:26,2024-07-06 04:56:26,2024-07-05 04:56:26,319.81,南康传媒有限公司生物科技,广西壮族自治区汕尾县兴山王街m座 315775,贵阳市,吉林省,458093,中国,南康传媒有限公司生物科技,陈,杨,天天快递,Order
240,2024-06-18 17:22:51,2024-06-30 17:22:51,2024-06-20 17:22:51,293.86,图龙信息传媒有限公司数字科技,天津市梧州市安次彭路t座 336734,南昌市,江西省,117022,中国,图龙信息传媒有限公司数字科技,王,倩,顺丰速运,Order
241,2026-04-18 06:27:02,2026-04-22 06:27:02,2026-04-21 06:27:02,89.2,兰金电子传媒有限公司生物科技,广西壮族自治区香港县六枝特郭路r座 722655,桂香县,广西壮族自治区,205167,中国,兰金电子传媒有限公司生物科技,田,桂荣,顺丰速运,Order
242,2024-10-16 12:19:44,2024-10-21 12:19:44,2024-10-20 12:19:44,350.53,兰金电子传媒有限公司生物科技,广西壮族自治区香港县六枝特郭路r座 722655,桂香县,广西壮族自治区,205167,中国,兰金电子传媒有限公司生物科技,曲,桂花,天天快递,Order
243,2025-12-03 17:26:30,2025-12-16 17:26:30,2025-12-08 17:26:30,114.32,网新恒天网络有限公司生物科技,山东省贵阳县上街蔡路H座 193448,秀珍县,湖南省,879752,中国,网新恒天网络有限公司生物科技,王,建平,韵达快递,Order
244,2025-06-24 23:04:07,2025-07-04 23:04:07,2025-06-28 23:04:07,406.84,襄樊地球村网络有限公司智能科技,安徽省畅县房山郑路w座 157129,坤县,内蒙古自治区,951957,中国,襄樊地球村网络有限公司智能科技,江,凤兰,中通快递,Order
245,2026-01-24 07:55:45,2026-02-04 07:55:45,2026-01-27 07:55:45,460.96,天开网络有限公司金融科技,广东省长沙市黄浦荆门街a座 399073,南宁市,台湾省,787111,中国,天开网络有限公司金融科技,张,刚,天天快递,Order
246,2025-01-21 00:24:01,2025-01-25 00:24:01,2025-01-25 00:24:01,396.71,明腾传媒有限公司互联网服务,澳门特别行政区呼和浩特市沈北新曲街v座 733015,邯郸市,天津市,144183,中国,明腾传媒有限公司互联网服务,赵,晨,申通快递,Order
247,2024-11-25 15:51:03,2024-11-30 15:51:03,2024-11-27 15:51:03,180.06,浦华众城网络有限公司信息技术,台湾省倩县涪城陈街U座 719485,浩市,四川省,990712,中国,浦华众城网络有限公司信息技术,欧,娜,德邦物流,Order
248,2025-08-13 05:36:08,2025-08-23 05:36:08,2025-08-16 05:36:08,220.81,方正科技科技有限公司互联网服务,新疆维吾尔自治区莉县牧野王路L座 235814,宁德市,湖南省,575121,中国,方正科技科技有限公司互联网服务,田,桂荣,申通快递,Order
249,2025-10-08 15:38:29,2025-10-18 15:38:29,2025-10-12 15:38:29,481.81,兰金电子传媒有限公司生物科技,广西壮族自治区香港县六枝特郭路r座 722655,桂香县,广西壮族自治区,205167,中国,兰金电子传媒有限公司生物科技,王,倩,天天快递,Order
250,2025-10-03 21:45:58,2025-10-12 21:45:58,2025-10-05 21:45:58,197.13,明腾科技有限公司区块链技术,河南省志强县城东杨路A座 853694,石家庄市,安徽省,450779,中国,明腾科技有限公司区块链技术,王,雪,邮政EMS,Order
251,2025-06-04 01:49:46,2025-06-12 01:49:46,2025-06-09 01:49:46,57.86,恩悌传媒有限公司虚拟现实,广西壮族自治区哈尔滨县房山辛集路N座 896046,南昌县,甘肃省,203154,中国,恩悌传媒有限公司虚拟现实,王,建平,邮政EMS,Order
252,2025-06-09 14:01:37,2025-06-14 14:01:37,2025-06-12 14:01:37,176.47,联软传媒有限公司区块链技术,台湾省深圳市牧野李街L座 325753,慧县,山东省,556597,中国,联软传媒有限公司区块链技术,张,帅,德邦物流,Order
253,2026-03-13 23:11:56,2026-03-16 23:11:56,2026-03-15 23:11:56,75.0,精芯网络有限公司互联网服务,河北省南京市翔安朱路w座 386632,马鞍山县,广东省,526423,中国,精芯网络有限公司互联网服务,徐,艳,顺丰速运,Order
254,2025-12-03 22:48:31,2025-12-06 22:48:31,2025-12-05 22:48:31,113.98,七喜传媒有限公司人工智能,澳门特别行政区磊市门头沟柳州街Z座 473892,丽华县,西藏自治区,358472,中国,七喜传媒有限公司人工智能,彭,桂荣,中通快递,Order
255,2025-02-20 15:10:24,2025-03-04 15:10:24,,434.89,易动力传媒有限公司生物科技,河南省贵阳县兴山广州路A座 729306,伟市,陕西省,802027,中国,易动力传媒有限公司生物科技,张,帅,京东物流,Order
256,2025-07-14 03:18:48,2025-07-18 03:18:48,2025-07-17 03:18:48,309.9,网新恒天科技有限公司数字科技,青海省佛山县平山辽阳路l座 730177,秀梅县,山东省,267399,中国,网新恒天科技有限公司数字科技,曲,桂花,德邦物流,Order
257,2024-11-30 08:00:11,2024-12-12 08:00:11,,378.67,飞海科技传媒有限公司信息技术,河北省楠县南湖胡街i座 304050,济南市,吉林省,373811,中国,飞海科技传媒有限公司信息技术,欧,娜,申通快递,Order
258,2025-04-09 13:34:34,2025-04-12 13:34:34,,440.53,太极信息有限公司互联网服务,江苏省六盘水县清浦黄街g座 440842,海门市,福建省,737845,中国,太极信息有限公司互联网服务,欧,娜,顺丰速运,Order
259,2025-04-22 16:13:31,2025-04-30 16:13:31,2025-04-26 16:13:31,482.11,巨奥传媒有限公司信息技术,重庆市燕市安次哈尔滨街x座 404214,辛集市,广东省,406351,中国,巨奥传媒有限公司信息技术,林,峰,京东物流,Order
260,2024-12-10 05:51:38,2024-12-21 05:51:38,2024-12-14 05:51:38,84.48,盟新传媒有限公司大数据分析,甘肃省红县涪城董路q座 904897,辽阳县,安徽省,428336,中国,盟新传媒有限公司大数据分析,田,桂荣,中通快递,Order
261,2025-11-06 02:06:58,2025-11-14 02:06:58,2025-11-09 02:06:58,336.86,明腾传媒有限公司金融科技,天津市阜新县城东吴街m座 830793,齐齐哈尔县,香港特别行政区,636849,中国,明腾传媒有限公司金融科技,江,凤兰,中通快递,Order
262,2025-05-06 13:59:55,2025-05-10 13:59:55,2025-05-11 13:59:55,77.03,商软冠联网络有限公司信息技术,福建省兴城县白云赵街c座 153695,梅市,海南省,737913,中国,商软冠联网络有限公司信息技术,陈,杨,京东物流,Order
263,2025-11-12 00:13:44,2025-11-18 00:13:44,2025-11-15 00:13:44,459.02,巨奥传媒有限公司信息技术,重庆市燕市安次哈尔滨街x座 404214,辛集市,广东省,406351,中国,巨奥传媒有限公司信息技术,田,桂荣,京东物流,Order
264,2025-05-04 10:21:48,2025-05-10 10:21:48,2025-05-07 10:21:48,143.78,MBP软件科技有限公司信息技术,安徽省瑞市西夏高路i座 571615,丽华县,宁夏回族自治区,300387,中国,MBP软件科技有限公司信息技术,张,刚,中通快递,Order
265,2026-01-02 11:47:47,2026-01-07 11:47:47,2026-01-06 11:47:47,280.44,济南亿次元网络有限公司科技公司,甘肃省红县白云巢湖路W座 992584,巢湖市,澳门特别行政区,219657,中国,济南亿次元网络有限公司科技公司,王,建平,百世快递,Order
266,2025-03-26 13:32:22,2025-04-02 13:32:22,2025-03-30 13:32:22,40.66,明腾科技有限公司区块链技术,河南省志强县城东杨路A座 853694,石家庄市,安徽省,450779,中国,明腾科技有限公司区块链技术,薛,洋,申通快递,Order
267,2024-07-24 17:18:47,2024-07-28 17:18:47,2024-07-27 17:18:47,114.32,快讯信息有限公司智能科技,山东省海口县龙潭杨街q座 232213,勇县,澳门特别行政区,384293,中国,快讯信息有限公司智能科技,赵,晨,申通快递,Order
268,2024-12-04 23:49:36,2024-12-10 23:49:36,2024-12-07 23:49:36,369.65,创联世纪信息有限公司移动应用开发,云南省深圳县金平拉萨街l座 585241,福州县,四川省,101164,中国,创联世纪信息有限公司移动应用开发,曲,桂花,德邦物流,Order
269,2025-01-13 00:21:57,2025-01-21 00:21:57,2025-01-17 00:21:57,434.63,九方传媒有限公司生物科技,江西省玉梅县城北韦路k座 920415,六盘水市,西藏自治区,774096,中国,九方传媒有限公司生物科技,彭,桂荣,天天快递,Order
270,2026-04-14 23:47:17,2026-04-27 23:47:17,2026-04-15 23:47:17,148.43,维涛科技有限公司网络安全,西藏自治区亮市清浦王街I座 399560,永安市,贵州省,583598,中国,维涛科技有限公司网络安全,赵,晨,德邦物流,Order
271,2025-08-28 18:56:53,2025-09-09 18:56:53,2025-08-31 18:56:53,165.2,襄樊地球村信息有限公司物联网,云南省婷婷县高明王路e座 823469,丽娟市,四川省,603957,中国,襄樊地球村信息有限公司物联网,彭,桂荣,中通快递,Order
272,2024-06-19 04:38:39,2024-06-28 04:38:39,2024-06-21 04:38:39,315.01,开发区世创科技有限公司科技公司,浙江省香港县翔安潮州街E座 459811,嘉禾市,黑龙江省,948902,中国,开发区世创科技有限公司科技公司,江,凤兰,百世快递,Order
273,2025-07-27 12:21:27,2025-08-04 12:21:27,2025-08-01 12:21:27,479.64,毕博诚科技有限公司互联网服务,安徽省大冶县牧野汪路E座 856404,俊市,宁夏回族自治区,628200,中国,毕博诚科技有限公司互联网服务,王,雪,京东物流,Order
274,2024-10-02 08:41:02,2024-10-09 08:41:02,2024-10-03 08:41:02,259.14,鑫博腾飞信息有限公司智能科技,安徽省杭州县新城潮州路U座 487852,兴安盟市,青海省,721718,中国,鑫博腾飞信息有限公司智能科技,彭,桂荣,顺丰速运,Order
275,2026-04-16 17:26:43,2026-04-20 17:26:43,2026-04-21 17:26:43,104.76,华泰通安科技有限公司网络安全,香港特别行政区桂兰市城东傅路b座 111143,玉梅市,台湾省,529077,中国,华泰通安科技有限公司网络安全,江,凤兰,天天快递,Order
276,2024-07-16 20:54:23,2024-07-20 20:54:23,2024-07-18 20:54:23,48.8,网新恒天科技有限公司数字科技,青海省佛山县平山辽阳路l座 730177,秀梅县,山东省,267399,中国,网新恒天科技有限公司数字科技,王,雪,圆通速递,Order
277,2024-09-08 23:14:59,2024-09-13 23:14:59,2024-09-13 23:14:59,110.49,方正科技网络有限公司云计算,河北省乌鲁木齐县房山南路s座 690779,潮州县,福建省,956854,中国,方正科技网络有限公司云计算,彭,桂荣,申通快递,Order
278,2024-12-27 21:37:51,2025-01-06 21:37:51,2025-01-01 21:37:51,21.81,方正科技网络有限公司云计算,河北省乌鲁木齐县房山南路s座 690779,潮州县,福建省,956854,中国,方正科技网络有限公司云计算,王,雪,天天快递,Order
279,2025-06-24 00:10:32,2025-06-29 00:10:32,2025-06-28 00:10:32,321.91,迪摩科技有限公司电子商务,吉林省香港市白云沈街W座 138703,福州县,海南省,133740,中国,迪摩科技有限公司电子商务,徐,艳,京东物流,Order
280,2025-09-05 05:26:06,2025-09-11 05:26:06,2025-09-08 05:26:06,324.72,图龙信息网络有限公司云计算,湖南省兰州县丰都张街B座 954217,宁德市,福建省,905170,中国,图龙信息网络有限公司云计算,张,丹丹,京东物流,Order
281,2026-04-13 17:50:55,2026-04-27 17:50:55,2026-04-18 17:50:55,100.29,南康网络有限公司互联网服务,天津市潜江县沈河太原路A座 620715,敏市,福建省,403615,中国,南康网络有限公司互联网服务,林,峰,申通快递,Order
282,2024-11-29 10:26:36,2024-12-13 10:26:36,2024-12-01 10:26:36,62.94,国讯科技有限公司金融科技,广东省俊县锡山海门路g座 967844,金凤市,江西省,230194,中国,国讯科技有限公司金融科技,陈,杨,天天快递,Order
283,2024-12-05 12:33:36,2024-12-14 12:33:36,2024-12-09 12:33:36,347.98,易动力信息有限公司物联网,辽宁省嘉禾县沈河六安街A座 771273,佛山县,贵州省,255410,中国,易动力信息有限公司物联网,赵,晨,圆通速递,Order
284,2025-07-11 08:41:40,2025-07-20 08:41:40,2025-07-14 08:41:40,53.78,晖来计算机传媒有限公司云计算,广东省娟市孝南辽阳路I座 278094,郑州县,江苏省,370443,中国,晖来计算机传媒有限公司云计算,徐,艳,邮政EMS,Order
285,2025-08-27 13:39:00,2025-09-10 13:39:00,2025-08-29 13:39:00,382.62,昊嘉信息有限公司区块链技术,广东省莹县梁平李路D座 332586,雷市,天津市,614583,中国,昊嘉信息有限公司区块链技术,江,凤兰,顺丰速运,Order
286,2025-05-17 10:39:14,2025-05-30 10:39:14,2025-05-21 10:39:14,293.82,和泰网络有限公司电子商务,山东省台北市南湖刘路G座 282213,玲市,江苏省,453351,中国,和泰网络有限公司电子商务,欧,娜,邮政EMS,Order
287,2024-09-10 01:46:12,2024-09-19 01:46:12,2024-09-15 01:46:12,136.23,良诺信息有限公司网络安全,四川省西安市魏都邓路Q座 814705,潮州市,内蒙古自治区,453855,中国,良诺信息有限公司网络安全,彭,桂荣,京东物流,Order
288,2025-11-13 20:56:00,2025-11-17 20:56:00,2025-11-14 20:56:00,420.08,戴硕电子科技有限公司移动应用开发,台湾省天津市清城郑州街K座 578950,瑜市,陕西省,996204,中国,戴硕电子科技有限公司移动应用开发,薛,洋,天天快递,Order
289,2024-12-22 10:55:40,2024-12-27 10:55:40,2024-12-23 10:55:40,65.54,MBP软件科技有限公司信息技术,安徽省瑞市西夏高路i座 571615,丽华县,宁夏回族自治区,300387,中国,MBP软件科技有限公司信息技术,林,磊,邮政EMS,Order
290,2024-11-09 23:46:49,2024-11-20 23:46:49,2024-11-14 23:46:49,339.25,方正科技科技有限公司互联网服务,新疆维吾尔自治区莉县牧野王路L座 235814,宁德市,湖南省,575121,中国,方正科技科技有限公司互联网服务,王,雪,中通快递,Order
291,2026-03-14 14:52:41,2026-03-24 14:52:41,2026-03-19 14:52:41,275.81,菊风公司传媒有限公司数字科技,广东省哈尔滨市高坪王路l座 274673,秀梅市,黑龙江省,610381,中国,菊风公司传媒有限公司数字科技,赵,晨,邮政EMS,Order
292,2024-11-26 00:40:48,2024-11-30 00:40:48,2024-11-28 00:40:48,462.86,东方峻景传媒有限公司金融科技,江西省利市东城任街V座 970735,海门县,湖南省,667608,中国,东方峻景传媒有限公司金融科技,陈,杨,京东物流,Order
293,2025-08-16 04:48:22,2025-08-23 04:48:22,2025-08-19 04:48:22,454.93,鑫博腾飞网络有限公司金融科技,河南省嘉禾市沙市陈路m座 407126,马鞍山市,江苏省,823492,中国,鑫博腾飞网络有限公司金融科技,赵,晨,韵达快递,Order
294,2025-07-16 18:44:58,2025-07-20 18:44:58,2025-07-19 18:44:58,227.96,易动力信息有限公司网络安全,青海省宜都县合川朱路g座 383744,斌县,江西省,652523,中国,易动力信息有限公司网络安全,曲,桂花,天天快递,Order
295,2025-06-11 17:00:44,2025-06-19 17:00:44,2025-06-12 17:00:44,199.35,和泰网络有限公司电子商务,山东省台北市南湖刘路G座 282213,玲市,江苏省,453351,中国,和泰网络有限公司电子商务,张,刚,邮政EMS,Order
296,2025-04-20 11:47:46,2025-05-03 11:47:46,2025-04-22 11:47:46,35.76,新宇龙信息科技有限公司电子商务,宁夏回族自治区大冶市梁平鲁路j座 404484,磊县,辽宁省,988357,中国,新宇龙信息科技有限公司电子商务,曲,桂花,圆通速递,Order
297,2025-09-30 11:36:26,2025-10-12 11:36:26,2025-10-03 11:36:26,138.94,兰金电子传媒有限公司生物科技,广西壮族自治区香港县六枝特郭路r座 722655,桂香县,广西壮族自治区,205167,中国,兰金电子传媒有限公司生物科技,江,凤兰,韵达快递,Order
298,2026-03-01 09:47:12,2026-03-15 09:47:12,2026-03-02 09:47:12,70.01,兰金电子科技有限公司区块链技术,吉林省齐齐哈尔县沈河深圳街p座 109059,南昌市,台湾省,701156,中国,兰金电子科技有限公司区块链技术,林,峰,天天快递,Order
299,2026-03-12 00:00:05,2026-03-19 00:00:05,2026-03-16 00:00:05,347.85,飞海科技传媒有限公司信息技术,河北省楠县南湖胡街i座 304050,济南市,吉林省,373811,中国,飞海科技传媒有限公司信息技术,张,刚,中通快递,Order
300,2024-10-06 12:27:05,2024-10-19 12:27:05,2024-10-10 12:27:05,168.63,维旺明科技有限公司大数据分析,山东省雷县涪城王路f座 739633,杭州市,福建省,105798,中国,维旺明科技有限公司大数据分析,李,玉珍,圆通速递,Order
301,2025-03-17 22:25:53,2025-03-23 22:25:53,2025-03-21 22:25:53,131.82,时空盒数字信息有限公司智能科技,山东省巢湖县清浦缪街U座 742478,郑州县,陕西省,364545,中国,时空盒数字信息有限公司智能科技,王,雪,中通快递,Order
302,2024-10-08 20:55:06,2024-10-20 20:55:06,2024-10-12 20:55:06,333.43,明腾科技有限公司区块链技术,河南省志强县城东杨路A座 853694,石家庄市,安徽省,450779,中国,明腾科技有限公司区块链技术,薛,洋,中通快递,Order
303,2025-04-05 10:46:16,2025-04-12 10:46:16,,273.3,超艺网络有限公司人工智能,四川省梅市高明潮州路u座 815912,武汉市,四川省,103035,中国,超艺网络有限公司人工智能,王,雪,申通快递,Order
304,2026-04-12 12:39:29,2026-04-20 12:39:29,2026-04-16 12:39:29,62.54,开发区世创科技有限公司科技公司,浙江省香港县翔安潮州街E座 459811,嘉禾市,黑龙江省,948902,中国,开发区世创科技有限公司科技公司,张,丹丹,德邦物流,Order
305,2025-02-08 05:07:58,2025-02-14 05:07:58,2025-02-12 05:07:58,213.19,新宇龙信息科技有限公司电子商务,宁夏回族自治区大冶市梁平鲁路j座 404484,磊县,辽宁省,988357,中国,新宇龙信息科技有限公司电子商务,张,丹丹,邮政EMS,Order
306,2025-07-26 04:16:55,2025-08-02 04:16:55,2025-07-29 04:16:55,96.03,图龙信息网络有限公司云计算,湖南省兰州县丰都张街B座 954217,宁德市,福建省,905170,中国,图龙信息网络有限公司云计算,曹,洁,顺丰速运,Order
307,2026-05-25 09:11:35,2026-06-04 09:11:35,2026-05-29 09:11:35,369.09,良诺信息有限公司生物科技,云南省雷市东城巫街s座 382268,红市,海南省,562035,中国,良诺信息有限公司生物科技,林,磊,邮政EMS,Order
308,2026-04-27 11:45:54,2026-05-11 11:45:54,,482.15,商软冠联传媒有限公司智能科技,甘肃省阜新县江北白路G座 114919,太原县,黑龙江省,500377,中国,商软冠联传媒有限公司智能科技,李,玉珍,中通快递,Order
309,2026-02-13 15:22:25,2026-02-19 15:22:25,2026-02-16 15:22:25,316.74,银嘉科技有限公司科技公司,山东省深圳县孝南黄街c座 290750,秀荣市,宁夏回族自治区,662554,中国,银嘉科技有限公司科技公司,彭,桂荣,申通快递,Order
310,2024-11-01 07:40:43,2024-11-14 07:40:43,,345.11,恒聪百汇传媒有限公司虚拟现实,福建省兴城市高明邓街U座 898971,重庆市,河南省,796218,中国,恒聪百汇传媒有限公司虚拟现实,王,斌,百世快递,Order
311,2025-08-03 00:12:45,2025-08-16 00:12:45,2025-08-07 00:12:45,244.79,昊嘉信息有限公司信息技术,天津市伟县清城何路W座 931319,军县,辽宁省,815449,中国,昊嘉信息有限公司信息技术,薛,洋,德邦物流,Order
312,2025-10-28 09:41:07,2025-11-01 09:41:07,2025-10-30 09:41:07,416.99,易动力网络有限公司信息技术,山西省广州县淄川王路j座 894925,英县,山东省,228414,中国,易动力网络有限公司信息技术,徐,艳,天天快递,Order
313,2025-10-20 13:17:44,2025-11-02 13:17:44,,374.14,易动力信息有限公司物联网,辽宁省嘉禾县沈河六安街A座 771273,佛山县,贵州省,255410,中国,易动力信息有限公司物联网,曲,桂花,百世快递,Order
314,2026-04-05 17:21:07,2026-04-17 17:21:07,2026-04-10 17:21:07,450.78,图龙信息传媒有限公司数字科技,天津市梧州市安次彭路t座 336734,南昌市,江西省,117022,中国,图龙信息传媒有限公司数字科技,田,桂荣,韵达快递,Order
315,2025-12-27 10:12:49,2026-01-06 10:12:49,2025-12-29 10:12:49,120.99,时空盒数字传媒有限公司大数据分析,湖北省梧州县锡山周路M座 618236,巢湖市,贵州省,903078,中国,时空盒数字传媒有限公司大数据分析,张,帅,天天快递,Order
316,2025-06-09 16:58:59,2025-06-13 16:58:59,,490.9,图龙信息传媒有限公司数字科技,天津市梧州市安次彭路t座 336734,南昌市,江西省,117022,中国,图龙信息传媒有限公司数字科技,张,丹丹,中通快递,Order
317,2025-12-10 09:45:25,2025-12-21 09:45:25,2025-12-13 09:45:25,212.79,和泰网络有限公司电子商务,山东省台北市南湖刘路G座 282213,玲市,江苏省,453351,中国,和泰网络有限公司电子商务,林,峰,申通快递,Order
318,2024-08-15 17:30:40,2024-08-22 17:30:40,2024-08-20 17:30:40,36.96,富罳科技有限公司生物科技,青海省贵阳市友好范街A座 611700,想县,甘肃省,415348,中国,富罳科技有限公司生物科技,薛,洋,申通快递,Order
319,2026-01-08 03:34:39,2026-01-14 03:34:39,2026-01-13 03:34:39,432.8,毕博诚科技有限公司互联网服务,安徽省大冶县牧野汪路E座 856404,俊市,宁夏回族自治区,628200,中国,毕博诚科技有限公司互联网服务,曹,洁,天天快递,Order
320,2025-03-24 12:44:50,2025-04-05 12:44:50,2025-03-28 12:44:50,248.34,合联电子科技有限公司信息技术,辽宁省琴县高明北京街p座 129411,荣市,重庆市,992062,中国,合联电子科技有限公司信息技术,王,斌,顺丰速运,Order
321,2024-09-27 09:10:59,2024-10-08 09:10:59,2024-09-30 09:10:59,112.87,创汇网络有限公司虚拟现实,北京市玉珍市朝阳赵路P座 508928,秀英市,福建省,862920,中国,创汇网络有限公司虚拟现实,林,磊,京东物流,Order
322,2025-11-23 04:25:40,2025-11-29 04:25:40,2025-11-25 04:25:40,327.49,精芯网络有限公司互联网服务,河北省南京市翔安朱路w座 386632,马鞍山县,广东省,526423,中国,精芯网络有限公司互联网服务,王,雪,百世快递,Order
323,2025-08-29 16:04:43,2025-09-05 16:04:43,,433.91,易动力科技有限公司科技公司,北京市佛山县合川香港街U座 292593,沈阳县,广西壮族自治区,104016,中国,易动力科技有限公司科技公司,陈,杨,中通快递,Order
324,2024-10-11 17:01:43,2024-10-18 17:01:43,2024-10-13 17:01:43,215.87,创汇网络有限公司虚拟现实,北京市玉珍市朝阳赵路P座 508928,秀英市,福建省,862920,中国,创汇网络有限公司虚拟现实,薛,洋,韵达快递,Order
325,2025-10-02 03:12:39,2025-10-11 03:12:39,,394.98,易动力信息有限公司物联网,陕西省关岭县高坪淮安街k座 604446,齐齐哈尔市,贵州省,989116,中国,易动力信息有限公司物联网,徐,艳,百世快递,Order
326,2025-09-06 02:58:35,2025-09-09 02:58:35,2025-09-07 02:58:35,414.96,银嘉信息有限公司移动应用开发,河南省洋县门头沟张家港路q座 708953,荆门市,江西省,960045,中国,银嘉信息有限公司移动应用开发,李,玉珍,圆通速递,Order
327,2024-07-24 14:05:43,2024-07-30 14:05:43,2024-07-28 14:05:43,217.15,创联世纪信息有限公司移动应用开发,云南省深圳县金平拉萨街l座 585241,福州县,四川省,101164,中国,创联世纪信息有限公司移动应用开发,徐,艳,邮政EMS,Order
328,2025-02-13 10:40:47,2025-02-27 10:40:47,2025-02-16 10:40:47,85.67,商软冠联传媒有限公司智能科技,甘肃省阜新县江北白路G座 114919,太原县,黑龙江省,500377,中国,商软冠联传媒有限公司智能科技,陈,杨,天天快递,Order
329,2026-04-08 00:19:44,2026-04-13 00:19:44,,280.32,济南亿次元网络有限公司科技公司,甘肃省红县白云巢湖路W座 992584,巢湖市,澳门特别行政区,219657,中国,济南亿次元网络有限公司科技公司,陈,杨,百世快递,Order
330,2025-01-26 22:00:23,2025-02-08 22:00:23,2025-01-27 22:00:23,247.74,恒聪百汇传媒有限公司虚拟现实,福建省兴城市高明邓街U座 898971,重庆市,河南省,796218,中国,恒聪百汇传媒有限公司虚拟现实,张,刚,京东物流,Order
331,2025-06-15 07:57:40,2025-06-25 07:57:40,2025-06-17 07:57:40,176.17,银嘉信息有限公司移动应用开发,河南省洋县门头沟张家港路q座 708953,荆门市,江西省,960045,中国,银嘉信息有限公司移动应用开发,张,丹丹,中通快递,Order
332,2026-04-26 02:55:05,2026-05-05 02:55:05,2026-04-28 02:55:05,312.7,天开传媒有限公司网络安全,香港特别行政区澳门市清浦许路G座 380354,芳市,云南省,252621,中国,天开传媒有限公司网络安全,徐,艳,顺丰速运,Order
333,2025-03-18 00:25:59,2025-03-21 00:25:59,2025-03-19 00:25:59,82.07,七喜传媒有限公司人工智能,澳门特别行政区磊市门头沟柳州街Z座 473892,丽华县,西藏自治区,358472,中国,七喜传媒有限公司人工智能,张,丹丹,韵达快递,Order
334,2025-06-16 15:11:37,2025-06-20 15:11:37,2025-06-19 15:11:37,455.1,银嘉网络有限公司云计算,四川省秀华县金平合山街C座 522476,杨县,江苏省,112129,中国,银嘉网络有限公司云计算,田,桂荣,申通快递,Order
335,2026-05-09 21:34:07,2026-05-12 21:34:07,2026-05-11 21:34:07,125.92,方正科技网络有限公司云计算,河北省乌鲁木齐县房山南路s座 690779,潮州县,福建省,956854,中国,方正科技网络有限公司云计算,张,刚,德邦物流,Order
336,2024-12-30 15:26:26,2025-01-07 15:26:26,2024-12-31 15:26:26,351.87,巨奥网络有限公司金融科技,陕西省慧市锡山王街R座 594310,明市,天津市,692056,中国,巨奥网络有限公司金融科技,薛,洋,申通快递,Order
337,2025-02-17 20:02:12,2025-02-21 20:02:12,2025-02-21 20:02:12,307.38,凌云信息有限公司虚拟现实,香港特别行政区福州市城北太原街O座 751024,秀珍县,福建省,531973,中国,凌云信息有限公司虚拟现实,赵,晨,圆通速递,Order
338,2026-01-27 05:47:03,2026-01-31 05:47:03,2026-01-28 05:47:03,145.42,浦华众城信息有限公司虚拟现实,新疆维吾尔自治区福州市翔安李路i座 712866,大冶市,广东省,992649,中国,浦华众城信息有限公司虚拟现实,陈,杨,邮政EMS,Order
339,2025-01-11 19:49:08,2025-01-21 19:49:08,2025-01-15 19:49:08,11.86,飞海科技传媒有限公司信息技术,河北省楠县南湖胡街i座 304050,济南市,吉林省,373811,中国,飞海科技传媒有限公司信息技术,张,丹丹,顺丰速运,Order
340,2024-12-15 18:41:40,2024-12-21 18:41:40,2024-12-16 18:41:40,353.09,良诺信息有限公司网络安全,四川省西安市魏都邓路Q座 814705,潮州市,内蒙古自治区,453855,中国,良诺信息有限公司网络安全,王,倩,中通快递,Order
341,2025-09-04 11:01:00,2025-09-07 11:01:00,,370.6,鑫博腾飞信息有限公司智能科技,安徽省杭州县新城潮州路U座 487852,兴安盟市,青海省,721718,中国,鑫博腾飞信息有限公司智能科技,欧,娜,德邦物流,Order
342,2025-06-06 02:58:37,2025-06-11 02:58:37,2025-06-09 02:58:37,119.26,国讯网络有限公司移动应用开发,甘肃省芳市东丽游街c座 967469,文市,浙江省,216352,中国,国讯网络有限公司移动应用开发,江,凤兰,顺丰速运,Order
343,2026-03-09 19:39:11,2026-03-22 19:39:11,2026-03-14 19:39:11,336.53,精芯网络有限公司互联网服务,河北省南京市翔安朱路w座 386632,马鞍山县,广东省,526423,中国,精芯网络有限公司互联网服务,林,磊,邮政EMS,Order
344,2024-10-24 12:52:24,2024-11-03 12:52:24,2024-10-25 12:52:24,98.8,易动力信息有限公司物联网,陕西省关岭县高坪淮安街k座 604446,齐齐哈尔市,贵州省,989116,中国,易动力信息有限公司物联网,彭,桂荣,京东物流,Order
345,2024-06-14 11:02:23,2024-06-20 11:02:23,2024-06-15 11:02:23,493.53,巨奥传媒有限公司信息技术,重庆市燕市安次哈尔滨街x座 404214,辛集市,广东省,406351,中国,巨奥传媒有限公司信息技术,彭,桂荣,百世快递,Order
346,2024-08-04 14:53:28,2024-08-10 14:53:28,,401.09,恩悌传媒有限公司虚拟现实,广西壮族自治区哈尔滨县房山辛集路N座 896046,南昌县,甘肃省,203154,中国,恩悌传媒有限公司虚拟现实,王,倩,天天快递,Order
347,2025-09-25 07:55:22,2025-10-01 07:55:22,2025-09-30 07:55:22,450.31,巨奥传媒有限公司信息技术,重庆市燕市安次哈尔滨街x座 404214,辛集市,广东省,406351,中国,巨奥传媒有限公司信息技术,张,刚,中通快递,Order
348,2025-12-31 07:23:22,2026-01-12 07:23:22,,419.4,南康传媒有限公司生物科技,广西壮族自治区汕尾县兴山王街m座 315775,贵阳市,吉林省,458093,中国,南康传媒有限公司生物科技,张,帅,圆通速递,Order
349,2025-09-11 16:37:21,2025-09-24 16:37:21,2025-09-15 16:37:21,498.54,易动力传媒有限公司生物科技,河南省贵阳县兴山广州路A座 729306,伟市,陕西省,802027,中国,易动力传媒有限公司生物科技,李,玉珍,天天快递,Order
350,2025-01-04 19:18:14,2025-01-15 19:18:14,,413.47,艾提科信传媒有限公司网络安全,西藏自治区凤兰县朝阳林街U座 372877,桂荣市,山西省,386526,中国,艾提科信传媒有限公司网络安全,张,刚,天天快递,Order
351,2025-11-15 19:57:37,2025-11-26 19:57:37,,424.44,维涛科技有限公司网络安全,西藏自治区亮市清浦王街I座 399560,永安市,贵州省,583598,中国,维涛科技有限公司网络安全,薛,洋,韵达快递,Order
352,2024-11-24 00:47:08,2024-11-27 00:47:08,2024-11-26 00:47:08,310.15,方正科技科技有限公司互联网服务,新疆维吾尔自治区莉县牧野王路L座 235814,宁德市,湖南省,575121,中国,方正科技科技有限公司互联网服务,王,斌,百世快递,Order
353,2025-01-14 08:36:14,2025-01-22 08:36:14,2025-01-17 08:36:14,46.84,易动力网络有限公司移动应用开发,海南省上海县西夏董路s座 290290,重庆市,陕西省,583718,中国,易动力网络有限公司移动应用开发,彭,桂荣,中通快递,Order
354,2024-09-16 03:45:35,2024-09-19 03:45:35,,148.41,鸿睿思博传媒有限公司智能科技,浙江省柳州县安次李路G座 326030,武汉市,广西壮族自治区,986110,中国,鸿睿思博传媒有限公司智能科技,徐,艳,京东物流,Order
355,2026-02-24 22:08:15,2026-03-02 22:08:15,,284.31,快讯信息有限公司智能科技,山东省海口县龙潭杨街q座 232213,勇县,澳门特别行政区,384293,中国,快讯信息有限公司智能科技,张,刚,德邦物流,Order
356,2024-12-11 08:11:15,2024-12-18 08:11:15,2024-12-14 08:11:15,168.21,恒聪百汇传媒有限公司虚拟现实,福建省兴城市高明邓街U座 898971,重庆市,河南省,796218,中国,恒聪百汇传媒有限公司虚拟现实,徐,艳,韵达快递,Order
357,2024-09-18 23:50:35,2024-10-02 23:50:35,2024-09-22 23:50:35,50.78,方正科技科技有限公司互联网服务,新疆维吾尔自治区莉县牧野王路L座 235814,宁德市,湖南省,575121,中国,方正科技科技有限公司互联网服务,王,斌,天天快递,Order
358,2026-02-24 11:25:11,2026-03-02 11:25:11,,322.44,九方传媒有限公司生物科技,江西省玉梅县城北韦路k座 920415,六盘水市,西藏自治区,774096,中国,九方传媒有限公司生物科技,林,磊,申通快递,Order
359,2026-02-27 15:53:03,2026-03-08 15:53:03,2026-03-03 15:53:03,405.44,和泰信息有限公司信息技术,江苏省俊市璧山陈路I座 849236,成都市,四川省,430904,中国,和泰信息有限公司信息技术,王,雪,韵达快递,Order
360,2025-05-20 17:24:35,2025-05-29 17:24:35,2025-05-24 17:24:35,483.63,明腾科技有限公司区块链技术,河南省志强县城东杨路A座 853694,石家庄市,安徽省,450779,中国,明腾科技有限公司区块链技术,王,雪,天天快递,Order
361,2026-03-15 21:06:53,2026-03-21 21:06:53,2026-03-16 21:06:53,253.44,联软传媒有限公司区块链技术,台湾省深圳市牧野李街L座 325753,慧县,山东省,556597,中国,联软传媒有限公司区块链技术,赵,晨,京东物流,Order
362,2025-04-05 10:11:41,2025-04-15 10:11:41,2025-04-07 10:11:41,427.69,浙大万朋信息有限公司生物科技,海南省巢湖市徐汇成都街E座 239900,鑫市,内蒙古自治区,548115,中国,浙大万朋信息有限公司生物科技,彭,桂荣,顺丰速运,Order
363,2025-01-10 20:44:01,2025-01-23 20:44:01,2025-01-15 20:44:01,342.2,国讯科技有限公司金融科技,广东省俊县锡山海门路g座 967844,金凤市,江西省,230194,中国,国讯科技有限公司金融科技,王,倩,顺丰速运,Order
364,2024-07-11 12:25:11,2024-07-25 12:25:11,2024-07-16 12:25:11,176.61,创亿网络有限公司移动应用开发,陕西省慧市西夏李街d座 273215,楠市,贵州省,437029,中国,创亿网络有限公司移动应用开发,薛,洋,韵达快递,Order
365,2026-04-12 06:47:09,2026-04-20 06:47:09,2026-04-16 06:47:09,418.72,创亿网络有限公司金融科技,浙江省台北县六枝特张家港路l座 913606,重庆市,湖南省,684944,中国,创亿网络有限公司金融科技,李,玉珍,百世快递,Order
366,2026-04-04 10:14:59,2026-04-11 10:14:59,2026-04-09 10:14:59,137.61,维旺明科技有限公司大数据分析,山东省雷县涪城王路f座 739633,杭州市,福建省,105798,中国,维旺明科技有限公司大数据分析,张,丹丹,天天快递,Order
367,2025-03-05 14:14:24,2025-03-14 14:14:24,2025-03-08 14:14:24,196.18,维涛传媒有限公司云计算,内蒙古自治区上海市海陵武汉路o座 271535,秀华县,宁夏回族自治区,490120,中国,维涛传媒有限公司云计算,张,丹丹,邮政EMS,Order
368,2026-01-29 05:55:19,2026-02-02 05:55:19,,460.17,合联电子科技有限公司网络安全,新疆维吾尔自治区波市牧野潜江街w座 187520,沈阳县,江苏省,734012,中国,合联电子科技有限公司网络安全,田,桂荣,申通快递,Order
369,2024-11-08 23:55:02,2024-11-22 23:55:02,,281.21,维旺明信息有限公司人工智能,安徽省东莞市静安银川街g座 149650,坤县,山西省,734784,中国,维旺明信息有限公司人工智能,欧,娜,德邦物流,Order
370,2026-04-17 20:22:25,2026-04-29 20:22:25,,482.1,商软冠联传媒有限公司智能科技,甘肃省阜新县江北白路G座 114919,太原县,黑龙江省,500377,中国,商软冠联传媒有限公司智能科技,徐,艳,德邦物流,Order
371,2026-04-11 18:00:07,2026-04-18 18:00:07,2026-04-13 18:00:07,70.07,创汇网络有限公司虚拟现实,北京市玉珍市朝阳赵路P座 508928,秀英市,福建省,862920,中国,创汇网络有限公司虚拟现实,徐,艳,京东物流,Order
372,2024-08-01 05:15:38,2024-08-08 05:15:38,2024-08-04 05:15:38,203.11,银嘉信息有限公司移动应用开发,河南省洋县门头沟张家港路q座 708953,荆门市,江西省,960045,中国,银嘉信息有限公司移动应用开发,林,峰,顺丰速运,Order
373,2026-02-07 15:55:00,2026-02-13 15:55:00,2026-02-10 15:55:00,366.76,良诺信息有限公司网络安全,四川省西安市魏都邓路Q座 814705,潮州市,内蒙古自治区,453855,中国,良诺信息有限公司网络安全,王,倩,百世快递,Order
374,2026-03-29 08:57:58,2026-04-05 08:57:58,,322.67,方正科技网络有限公司云计算,河北省乌鲁木齐县房山南路s座 690779,潮州县,福建省,956854,中国,方正科技网络有限公司云计算,欧,娜,圆通速递,Order
375,2024-07-21 14:18:36,2024-08-02 14:18:36,2024-07-24 14:18:36,89.59,开发区世创科技有限公司科技公司,浙江省香港县翔安潮州街E座 459811,嘉禾市,黑龙江省,948902,中国,开发区世创科技有限公司科技公司,林,峰,顺丰速运,Order
376,2025-08-30 19:06:30,2025-09-12 19:06:30,2025-08-31 19:06:30,181.96,毕博诚信息有限公司信息技术,天津市颖县华龙武街i座 729878,柳州县,贵州省,534760,中国,毕博诚信息有限公司信息技术,彭,桂荣,圆通速递,Order
377,2025-12-01 17:13:37,2025-12-13 17:13:37,,19.58,易动力科技有限公司人工智能,宁夏回族自治区强县黄浦张路s座 615830,桂兰县,广西壮族自治区,372804,中国,易动力科技有限公司人工智能,赵,晨,京东物流,Order
378,2024-06-27 05:21:41,2024-07-06 05:21:41,,107.69,天开网络有限公司金融科技,广东省长沙市黄浦荆门街a座 399073,南宁市,台湾省,787111,中国,天开网络有限公司金融科技,李,玉珍,京东物流,Order
379,2024-09-30 12:31:10,2024-10-08 12:31:10,2024-10-04 12:31:10,401.98,襄樊地球村信息有限公司物联网,云南省婷婷县高明王路e座 823469,丽娟市,四川省,603957,中国,襄樊地球村信息有限公司物联网,陈,杨,韵达快递,Order
380,2025-03-10 05:47:22,2025-03-14 05:47:22,,54.78,易动力传媒有限公司生物科技,河南省贵阳县兴山广州路A座 729306,伟市,陕西省,802027,中国,易动力传媒有限公司生物科技,林,磊,中通快递,Order
381,2025-08-06 22:03:05,2025-08-15 22:03:05,2025-08-10 22:03:05,254.39,天开网络有限公司金融科技,广东省长沙市黄浦荆门街a座 399073,南宁市,台湾省,787111,中国,天开网络有限公司金融科技,张,帅,圆通速递,Order
382,2025-08-12 19:08:16,2025-08-24 19:08:16,2025-08-15 19:08:16,478.66,MBP软件科技有限公司信息技术,安徽省瑞市西夏高路i座 571615,丽华县,宁夏回族自治区,300387,中国,MBP软件科技有限公司信息技术,田,桂荣,德邦物流,Order
383,2024-08-17 00:04:47,2024-08-25 00:04:47,2024-08-21 00:04:47,306.02,新宇龙信息科技有限公司电子商务,宁夏回族自治区大冶市梁平鲁路j座 404484,磊县,辽宁省,988357,中国,新宇龙信息科技有限公司电子商务,王,雪,韵达快递,Order
384,2025-02-03 20:08:52,2025-02-07 20:08:52,2025-02-05 20:08:52,403.04,图龙信息传媒有限公司数字科技,天津市梧州市安次彭路t座 336734,南昌市,江西省,117022,中国,图龙信息传媒有限公司数字科技,张,帅,韵达快递,Order
385,2024-11-28 00:05:54,2024-12-07 00:05:54,,167.12,盟新传媒有限公司大数据分析,甘肃省红县涪城董路q座 904897,辽阳县,安徽省,428336,中国,盟新传媒有限公司大数据分析,王,倩,天天快递,Order
386,2024-11-18 05:37:48,2024-11-24 05:37:48,2024-11-19 05:37:48,251.06,群英信息有限公司金融科技,山东省丽县长寿邯郸路S座 956071,昆明县,河南省,785495,中国,群英信息有限公司金融科技,彭,桂荣,德邦物流,Order
387,2025-03-09 09:03:00,2025-03-14 09:03:00,2025-03-11 09:03:00,194.43,襄樊地球村信息有限公司物联网,云南省婷婷县高明王路e座 823469,丽娟市,四川省,603957,中国,襄樊地球村信息有限公司物联网,张,刚,圆通速递,Order
388,2025-08-26 08:55:43,2025-09-02 08:55:43,2025-08-31 08:55:43,413.55,新宇龙信息传媒有限公司人工智能,澳门特别行政区合山县门头沟赵路X座 921614,张家港市,香港特别行政区,309847,中国,新宇龙信息传媒有限公司人工智能,赵,晨,京东物流,Order
389,2025-09-06 08:45:32,2025-09-16 08:45:32,2025-09-07 08:45:32,318.33,东方峻景传媒有限公司金融科技,江西省利市东城任街V座 970735,海门县,湖南省,667608,中国,东方峻景传媒有限公司金融科技,曹,洁,京东物流,Order
390,2025-01-31 12:33:35,2025-02-06 12:33:35,2025-02-02 12:33:35,307.64,鑫博腾飞信息有限公司智能科技,安徽省杭州县新城潮州路U座 487852,兴安盟市,青海省,721718,中国,鑫博腾飞信息有限公司智能科技,王,建平,京东物流,Order
391,2025-01-10 06:39:03,2025-01-22 06:39:03,2025-01-13 06:39:03,424.24,银嘉信息有限公司移动应用开发,河南省洋县门头沟张家港路q座 708953,荆门市,江西省,960045,中国,银嘉信息有限公司移动应用开发,陈,杨,圆通速递,Order
392,2024-06-07 16:52:41,2024-06-21 16:52:41,2024-06-09 16:52:41,26.75,良诺信息有限公司网络安全,四川省西安市魏都邓路Q座 814705,潮州市,内蒙古自治区,453855,中国,良诺信息有限公司网络安全,陈,杨,圆通速递,Order
393,2026-01-12 08:57:39,2026-01-21 08:57:39,2026-01-17 08:57:39,389.78,方正科技科技有限公司互联网服务,新疆维吾尔自治区莉县牧野王路L座 235814,宁德市,湖南省,575121,中国,方正科技科技有限公司互联网服务,王,雪,天天快递,Order
394,2026-05-30 14:10:46,2026-06-10 14:10:46,2026-06-03 14:10:46,301.82,襄樊地球村信息有限公司物联网,云南省婷婷县高明王路e座 823469,丽娟市,四川省,603957,中国,襄樊地球村信息有限公司物联网,赵,晨,天天快递,Order
395,2025-06-21 00:16:41,2025-07-05 00:16:41,2025-06-24 00:16:41,206.43,精芯传媒有限公司物联网,湖北省杭州市华龙宜都路G座 885926,武汉市,湖北省,378841,中国,精芯传媒有限公司物联网,张,帅,中通快递,Order
396,2026-03-20 10:45:47,2026-03-25 10:45:47,2026-03-21 10:45:47,419.65,方正科技网络有限公司云计算,河北省乌鲁木齐县房山南路s座 690779,潮州县,福建省,956854,中国,方正科技网络有限公司云计算,王,倩,天天快递,Order
397,2025-03-21 14:37:32,2025-03-29 14:37:32,2025-03-26 14:37:32,246.51,太极信息有限公司互联网服务,江苏省六盘水县清浦黄街g座 440842,海门市,福建省,737845,中国,太极信息有限公司互联网服务,张,帅,百世快递,Order
398,2024-10-09 18:41:58,2024-10-17 18:41:58,,77.83,网新恒天科技有限公司数字科技,青海省佛山县平山辽阳路l座 730177,秀梅县,山东省,267399,中国,网新恒天科技有限公司数字科技,彭,桂荣,申通快递,Order
399,2025-08-13 14:38:59,2025-08-27 14:38:59,2025-08-16 14:38:59,121.74,和泰网络有限公司电子商务,山东省台北市南湖刘路G座 282213,玲市,江苏省,453351,中国,和泰网络有限公司电子商务,李,玉珍,京东物流,Order
400,2025-10-20 01:07:29,2025-10-26 01:07:29,2025-10-22 01:07:29,427.09,商软冠联传媒有限公司大数据分析,湖北省强县新城古路N座 931706,玉珍县,澳门特别行政区,424628,中国,商软冠联传媒有限公司大数据分析,李,玉珍,申通快递,Order
401,2025-11-18 01:56:18,2025-11-22 01:56:18,2025-11-23 01:56:18,398.5,鸿睿思博传媒有限公司智能科技,浙江省柳州县安次李路G座 326030,武汉市,广西壮族自治区,986110,中国,鸿睿思博传媒有限公司智能科技,江,凤兰,韵达快递,Order
402,2024-11-30 08:07:00,2024-12-05 08:07:00,2024-12-01 08:07:00,228.31,中建创业网络有限公司移动应用开发,江西省辛集县沈北新昆明街r座 719259,辽阳县,台湾省,639438,中国,中建创业网络有限公司移动应用开发,欧,娜,德邦物流,Order
403,2026-06-03 14:10:14,2026-06-07 14:10:14,,122.46,中建创业网络有限公司移动应用开发,江西省辛集县沈北新昆明街r座 719259,辽阳县,台湾省,639438,中国,中建创业网络有限公司移动应用开发,田,桂荣,圆通速递,Order
404,2026-02-17 14:33:21,2026-02-25 14:33:21,2026-02-21 14:33:21,86.33,泰麒麟信息有限公司人工智能,广东省想市新城曾路g座 582475,香港县,广西壮族自治区,358806,中国,泰麒麟信息有限公司人工智能,彭,桂荣,申通快递,Order
405,2025-11-21 08:34:22,2025-12-04 08:34:22,2025-11-24 08:34:22,445.38,创汇网络有限公司虚拟现实,北京市玉珍市朝阳赵路P座 508928,秀英市,福建省,862920,中国,创汇网络有限公司虚拟现实,彭,桂荣,百世快递,Order
406,2026-04-24 20:39:52,2026-05-07 20:39:52,2026-04-27 20:39:52,92.44,易动力科技有限公司科技公司,北京市佛山县合川香港街U座 292593,沈阳县,广西壮族自治区,104016,中国,易动力科技有限公司科技公司,欧,娜,邮政EMS,Order
407,2024-07-08 13:57:22,2024-07-14 13:57:22,2024-07-12 13:57:22,195.94,艾提科信传媒有限公司网络安全,西藏自治区凤兰县朝阳林街U座 372877,桂荣市,山西省,386526,中国,艾提科信传媒有限公司网络安全,江,凤兰,圆通速递,Order
408,2025-02-08 03:06:52,2025-02-19 03:06:52,,346.76,网新恒天科技有限公司数字科技,青海省佛山县平山辽阳路l座 730177,秀梅县,山东省,267399,中国,网新恒天科技有限公司数字科技,王,雪,顺丰速运,Order
409,2025-07-08 01:22:58,2025-07-21 01:22:58,2025-07-12 01:22:58,38.82,群英信息有限公司金融科技,山东省丽县长寿邯郸路S座 956071,昆明县,河南省,785495,中国,群英信息有限公司金融科技,李,玉珍,天天快递,Order
410,2026-06-02 10:32:58,2026-06-07 10:32:58,,152.57,时空盒数字信息有限公司智能科技,山东省巢湖县清浦缪街U座 742478,郑州县,陕西省,364545,中国,时空盒数字信息有限公司智能科技,徐,艳,圆通速递,Order
411,2024-08-28 21:57:22,2024-09-11 21:57:22,,233.78,时空盒数字信息有限公司虚拟现实,湖南省杭州市清河柳州路s座 365953,荣市,海南省,934862,中国,时空盒数字信息有限公司虚拟现实,薛,洋,韵达快递,Order
412,2024-08-15 11:29:58,2024-08-21 11:29:58,2024-08-16 11:29:58,462.54,明腾传媒有限公司互联网服务,澳门特别行政区呼和浩特市沈北新曲街v座 733015,邯郸市,天津市,144183,中国,明腾传媒有限公司互联网服务,薛,洋,圆通速递,Order
413,2024-08-02 07:28:54,2024-08-08 07:28:54,2024-08-06 07:28:54,314.66,中建创业网络有限公司移动应用开发,江西省辛集县沈北新昆明街r座 719259,辽阳县,台湾省,639438,中国,中建创业网络有限公司移动应用开发,徐,艳,韵达快递,Order
414,2025-06-20 20:52:56,2025-06-25 20:52:56,2025-06-24 20:52:56,10.19,易动力网络有限公司信息技术,山西省广州县淄川王路j座 894925,英县,山东省,228414,中国,易动力网络有限公司信息技术,王,斌,申通快递,Order
415,2025-12-12 22:34:45,2025-12-18 22:34:45,2025-12-13 22:34:45,367.47,方正科技科技有限公司互联网服务,新疆维吾尔自治区莉县牧野王路L座 235814,宁德市,湖南省,575121,中国,方正科技科技有限公司互联网服务,彭,桂荣,天天快递,Order
416,2025-09-25 13:42:35,2025-10-02 13:42:35,2025-09-29 13:42:35,444.38,维旺明科技有限公司大数据分析,山东省雷县涪城王路f座 739633,杭州市,福建省,105798,中国,维旺明科技有限公司大数据分析,林,磊,韵达快递,Order
417,2024-08-12 15:19:35,2024-08-18 15:19:35,2024-08-14 15:19:35,239.75,易动力信息有限公司网络安全,青海省宜都县合川朱路g座 383744,斌县,江西省,652523,中国,易动力信息有限公司网络安全,曹,洁,中通快递,Order
418,2025-07-17 07:57:49,2025-07-25 07:57:49,2025-07-20 07:57:49,147.89,南康传媒有限公司生物科技,广西壮族自治区汕尾县兴山王街m座 315775,贵阳市,吉林省,458093,中国,南康传媒有限公司生物科技,张,帅,京东物流,Order
419,2025-11-20 12:24:24,2025-11-27 12:24:24,,180.26,维旺明科技有限公司大数据分析,山东省雷县涪城王路f座 739633,杭州市,福建省,105798,中国,维旺明科技有限公司大数据分析,欧,娜,邮政EMS,Order
420,2025-11-20 07:31:28,2025-11-23 07:31:28,2025-11-23 07:31:28,81.96,和泰信息有限公司信息技术,江苏省俊市璧山陈路I座 849236,成都市,四川省,430904,中国,和泰信息有限公司信息技术,曹,洁,京东物流,Order
421,2024-06-25 11:47:02,2024-06-28 11:47:02,2024-06-30 11:47:02,23.0,创联世纪信息有限公司移动应用开发,云南省深圳县金平拉萨街l座 585241,福州县,四川省,101164,中国,创联世纪信息有限公司移动应用开发,曹,洁,圆通速递,Order
422,2025-12-10 22:13:53,2025-12-16 22:13:53,,407.67,易动力信息有限公司网络安全,青海省宜都县合川朱路g座 383744,斌县,江西省,652523,中国,易动力信息有限公司网络安全,林,峰,天天快递,Order
423,2026-03-07 19:11:02,2026-03-11 19:11:02,2026-03-08 19:11:02,468.11,中建创业信息有限公司虚拟现实,黑龙江省天津县清浦贵阳路S座 666651,冬梅县,内蒙古自治区,866120,中国,中建创业信息有限公司虚拟现实,彭,桂荣,百世快递,Order
424,2025-01-08 11:56:01,2025-01-18 11:56:01,2025-01-09 11:56:01,42.25,泰麒麟信息有限公司人工智能,广东省想市新城曾路g座 582475,香港县,广西壮族自治区,358806,中国,泰麒麟信息有限公司人工智能,彭,桂荣,顺丰速运,Order
425,2026-04-06 18:22:07,2026-04-14 18:22:07,2026-04-11 18:22:07,43.34,国讯网络有限公司移动应用开发,甘肃省芳市东丽游街c座 967469,文市,浙江省,216352,中国,国讯网络有限公司移动应用开发,王,建平,德邦物流,Order
426,2025-03-22 11:10:28,2025-04-04 11:10:28,,327.79,兰金电子传媒有限公司生物科技,广西壮族自治区香港县六枝特郭路r座 722655,桂香县,广西壮族自治区,205167,中国,兰金电子传媒有限公司生物科技,张,帅,德邦物流,Order
427,2026-01-31 03:24:11,2026-02-04 03:24:11,2026-02-02 03:24:11,481.25,时空盒数字传媒有限公司大数据分析,湖北省梧州县锡山周路M座 618236,巢湖市,贵州省,903078,中国,时空盒数字传媒有限公司大数据分析,徐,艳,中通快递,Order
428,2024-09-04 18:51:50,2024-09-13 18:51:50,2024-09-05 18:51:50,433.96,易动力科技有限公司科技公司,北京市佛山县合川香港街U座 292593,沈阳县,广西壮族自治区,104016,中国,易动力科技有限公司科技公司,赵,晨,韵达快递,Order
429,2024-09-17 10:54:32,2024-09-20 10:54:32,2024-09-20 10:54:32,231.07,国讯网络有限公司移动应用开发,甘肃省芳市东丽游街c座 967469,文市,浙江省,216352,中国,国讯网络有限公司移动应用开发,张,丹丹,邮政EMS,Order
430,2025-06-25 14:55:18,2025-07-09 14:55:18,2025-06-29 14:55:18,194.5,易动力信息有限公司物联网,辽宁省嘉禾县沈河六安街A座 771273,佛山县,贵州省,255410,中国,易动力信息有限公司物联网,王,雪,天天快递,Order
431,2025-03-09 20:28:20,2025-03-17 20:28:20,2025-03-12 20:28:20,381.44,毕博诚信息有限公司信息技术,天津市颖县华龙武街i座 729878,柳州县,贵州省,534760,中国,毕博诚信息有限公司信息技术,江,凤兰,顺丰速运,Order
432,2024-07-14 05:36:18,2024-07-18 05:36:18,2024-07-18 05:36:18,31.85,襄樊地球村信息有限公司物联网,云南省婷婷县高明王路e座 823469,丽娟市,四川省,603957,中国,襄樊地球村信息有限公司物联网,彭,桂荣,京东物流,Order
433,2026-05-11 12:48:56,2026-05-15 12:48:56,2026-05-12 12:48:56,256.14,凌云信息有限公司虚拟现实,香港特别行政区福州市城北太原街O座 751024,秀珍县,福建省,531973,中国,凌云信息有限公司虚拟现实,欧,娜,邮政EMS,Order
434,2026-06-04 13:12:42,2026-06-18 13:12:42,2026-06-07 13:12:42,442.63,毕博诚科技有限公司互联网服务,安徽省大冶县牧野汪路E座 856404,俊市,宁夏回族自治区,628200,中国,毕博诚科技有限公司互联网服务,李,玉珍,百世快递,Order
435,2024-12-16 20:43:43,2024-12-27 20:43:43,2024-12-19 20:43:43,85.46,鑫博腾飞网络有限公司金融科技,河南省嘉禾市沙市陈路m座 407126,马鞍山市,江苏省,823492,中国,鑫博腾飞网络有限公司金融科技,曹,洁,圆通速递,Order
436,2025-07-20 00:06:29,2025-07-27 00:06:29,2025-07-23 00:06:29,68.74,明腾传媒有限公司互联网服务,澳门特别行政区呼和浩特市沈北新曲街v座 733015,邯郸市,天津市,144183,中国,明腾传媒有限公司互联网服务,徐,艳,百世快递,Order
437,2026-02-23 21:35:59,2026-02-27 21:35:59,2026-02-27 21:35:59,184.23,易动力科技有限公司人工智能,宁夏回族自治区强县黄浦张路s座 615830,桂兰县,广西壮族自治区,372804,中国,易动力科技有限公司人工智能,江,凤兰,德邦物流,Order
438,2026-03-26 11:15:00,2026-04-07 11:15:00,,445.67,MBP软件科技有限公司信息技术,安徽省瑞市西夏高路i座 571615,丽华县,宁夏回族自治区,300387,中国,MBP软件科技有限公司信息技术,王,雪,圆通速递,Order
439,2025-08-16 13:37:24,2025-08-28 13:37:24,2025-08-20 13:37:24,189.74,维旺明信息有限公司人工智能,安徽省东莞市静安银川街g座 149650,坤县,山西省,734784,中国,维旺明信息有限公司人工智能,田,桂荣,邮政EMS,Order
440,2025-08-06 12:44:57,2025-08-15 12:44:57,2025-08-07 12:44:57,453.86,毕博诚科技有限公司互联网服务,安徽省大冶县牧野汪路E座 856404,俊市,宁夏回族自治区,628200,中国,毕博诚科技有限公司互联网服务,王,雪,邮政EMS,Order
441,2024-08-15 10:09:18,2024-08-24 10:09:18,2024-08-20 10:09:18,60.21,毕博诚科技有限公司互联网服务,安徽省大冶县牧野汪路E座 856404,俊市,宁夏回族自治区,628200,中国,毕博诚科技有限公司互联网服务,曹,洁,韵达快递,Order
442,2025-06-15 22:40:12,2025-06-20 22:40:12,2025-06-18 22:40:12,268.48,晖来计算机网络有限公司虚拟现实,湖北省银川县长寿佛山街w座 577399,梅县,新疆维吾尔自治区,509148,中国,晖来计算机网络有限公司虚拟现实,彭,桂荣,邮政EMS,Order
443,2025-09-19 13:59:44,2025-09-29 13:59:44,2025-09-24 13:59:44,476.73,MBP软件网络有限公司移动应用开发,青海省颖县山亭西安路G座 992594,辛集市,重庆市,516137,中国,MBP软件网络有限公司移动应用开发,江,凤兰,德邦物流,Order
444,2026-02-26 08:59:47,2026-03-10 08:59:47,2026-03-02 08:59:47,202.09,MBP软件科技有限公司信息技术,安徽省瑞市西夏高路i座 571615,丽华县,宁夏回族自治区,300387,中国,MBP软件科技有限公司信息技术,曹,洁,韵达快递,Order
445,2026-04-03 23:52:11,2026-04-14 23:52:11,2026-04-05 23:52:11,196.65,群英信息有限公司金融科技,山东省丽县长寿邯郸路S座 956071,昆明县,河南省,785495,中国,群英信息有限公司金融科技,江,凤兰,德邦物流,Order
446,2026-04-20 08:35:56,2026-04-30 08:35:56,,42.56,图龙信息传媒有限公司数字科技,天津市梧州市安次彭路t座 336734,南昌市,江西省,117022,中国,图龙信息传媒有限公司数字科技,江,凤兰,圆通速递,Order
447,2024-08-25 14:41:57,2024-09-07 14:41:57,2024-08-28 14:41:57,28.37,南康传媒有限公司生物科技,广西壮族自治区汕尾县兴山王街m座 315775,贵阳市,吉林省,458093,中国,南康传媒有限公司生物科技,彭,桂荣,德邦物流,Order
448,2025-02-09 20:39:04,2025-02-21 20:39:04,,57.47,国讯科技有限公司金融科技,广东省俊县锡山海门路g座 967844,金凤市,江西省,230194,中国,国讯科技有限公司金融科技,曹,洁,邮政EMS,Order
449,2025-08-20 15:22:28,2025-08-25 15:22:28,2025-08-24 15:22:28,167.7,易动力网络有限公司移动应用开发,海南省上海县西夏董路s座 290290,重庆市,陕西省,583718,中国,易动力网络有限公司移动应用开发,徐,艳,韵达快递,Order
450,2026-04-30 15:55:55,2026-05-11 15:55:55,2026-05-04 15:55:55,263.81,浙大万朋信息有限公司生物科技,海南省巢湖市徐汇成都街E座 239900,鑫市,内蒙古自治区,548115,中国,浙大万朋信息有限公司生物科技,薛,洋,京东物流,Order
451,2024-08-13 05:34:04,2024-08-22 05:34:04,2024-08-14 05:34:04,59.35,商软冠联网络有限公司信息技术,福建省兴城县白云赵街c座 153695,梅市,海南省,737913,中国,商软冠联网络有限公司信息技术,张,丹丹,德邦物流,Order
452,2025-05-22 18:55:50,2025-06-05 18:55:50,2025-05-25 18:55:50,481.04,新宇龙信息传媒有限公司人工智能,澳门特别行政区合山县门头沟赵路X座 921614,张家港市,香港特别行政区,309847,中国,新宇龙信息传媒有限公司人工智能,张,帅,韵达快递,Order
453,2024-09-04 03:41:45,2024-09-09 03:41:45,,154.85,华泰通安科技有限公司网络安全,香港特别行政区桂兰市城东傅路b座 111143,玉梅市,台湾省,529077,中国,华泰通安科技有限公司网络安全,李,玉珍,申通快递,Order
454,2024-08-29 01:21:44,2024-09-08 01:21:44,2024-09-01 01:21:44,166.28,国讯网络有限公司移动应用开发,甘肃省芳市东丽游街c座 967469,文市,浙江省,216352,中国,国讯网络有限公司移动应用开发,曲,桂花,圆通速递,Order
455,2025-06-03 02:56:02,2025-06-16 02:56:02,2025-06-06 02:56:02,237.96,明腾传媒有限公司金融科技,天津市阜新县城东吴街m座 830793,齐齐哈尔县,香港特别行政区,636849,中国,明腾传媒有限公司金融科技,王,倩,德邦物流,Order
456,2024-11-16 16:49:43,2024-11-27 16:49:43,2024-11-18 16:49:43,450.24,易动力科技有限公司科技公司,北京市佛山县合川香港街U座 292593,沈阳县,广西壮族自治区,104016,中国,易动力科技有限公司科技公司,林,磊,百世快递,Order
457,2024-11-21 19:24:02,2024-11-24 19:24:02,2024-11-22 19:24:02,439.98,南康网络有限公司互联网服务,天津市潜江县沈河太原路A座 620715,敏市,福建省,403615,中国,南康网络有限公司互联网服务,田,桂荣,顺丰速运,Order
458,2024-10-29 04:53:58,2024-11-11 04:53:58,2024-11-02 04:53:58,152.66,维涛传媒有限公司云计算,内蒙古自治区上海市海陵武汉路o座 271535,秀华县,宁夏回族自治区,490120,中国,维涛传媒有限公司云计算,李,玉珍,申通快递,Order
459,2026-02-23 03:34:04,2026-03-03 03:34:04,2026-02-27 03:34:04,346.44,鑫博腾飞网络有限公司金融科技,河南省嘉禾市沙市陈路m座 407126,马鞍山市,江苏省,823492,中国,鑫博腾飞网络有限公司金融科技,王,建平,中通快递,Order
460,2026-02-09 04:03:58,2026-02-17 04:03:58,2026-02-11 04:03:58,153.07,方正科技网络有限公司云计算,河北省乌鲁木齐县房山南路s座 690779,潮州县,福建省,956854,中国,方正科技网络有限公司云计算,张,丹丹,天天快递,Order
461,2025-03-07 07:13:01,2025-03-11 07:13:01,,18.39,国讯网络有限公司移动应用开发,甘肃省芳市东丽游街c座 967469,文市,浙江省,216352,中国,国讯网络有限公司移动应用开发,徐,艳,韵达快递,Order
462,2025-03-25 11:46:20,2025-04-08 11:46:20,2025-03-29 11:46:20,274.14,凌云信息有限公司虚拟现实,香港特别行政区福州市城北太原街O座 751024,秀珍县,福建省,531973,中国,凌云信息有限公司虚拟现实,薛,洋,申通快递,Order
463,2026-04-30 15:47:41,2026-05-12 15:47:41,2026-05-04 15:47:41,285.06,合联电子科技有限公司信息技术,辽宁省琴县高明北京街p座 129411,荣市,重庆市,992062,中国,合联电子科技有限公司信息技术,王,建平,百世快递,Order
464,2025-09-21 23:20:47,2025-09-29 23:20:47,2025-09-26 23:20:47,157.57,毕博诚科技有限公司互联网服务,安徽省大冶县牧野汪路E座 856404,俊市,宁夏回族自治区,628200,中国,毕博诚科技有限公司互联网服务,张,丹丹,韵达快递,Order
465,2024-12-16 14:40:54,2024-12-22 14:40:54,2024-12-17 14:40:54,442.53,图龙信息网络有限公司云计算,湖南省兰州县丰都张街B座 954217,宁德市,福建省,905170,中国,图龙信息网络有限公司云计算,彭,桂荣,天天快递,Order
466,2026-02-17 16:54:24,2026-02-27 16:54:24,,449.67,时空盒数字信息有限公司虚拟现实,湖南省杭州市清河柳州路s座 365953,荣市,海南省,934862,中国,时空盒数字信息有限公司虚拟现实,江,凤兰,中通快递,Order
467,2025-05-23 13:35:17,2025-06-01 13:35:17,2025-05-28 13:35:17,473.14,易动力科技有限公司科技公司,北京市佛山县合川香港街U座 292593,沈阳县,广西壮族自治区,104016,中国,易动力科技有限公司科技公司,王,建平,德邦物流,Order
468,2025-01-22 19:46:19,2025-02-03 19:46:19,2025-01-26 19:46:19,455.28,时刻网络有限公司信息技术,辽宁省长春县高港大冶街E座 299146,梅县,山西省,257161,中国,时刻网络有限公司信息技术,王,倩,邮政EMS,Order
469,2025-11-18 14:02:00,2025-12-02 14:02:00,2025-11-23 14:02:00,75.05,兰金电子科技有限公司区块链技术,吉林省齐齐哈尔县沈河深圳街p座 109059,南昌市,台湾省,701156,中国,兰金电子科技有限公司区块链技术,王,斌,申通快递,Order
470,2025-05-19 13:53:51,2025-06-01 13:53:51,2025-05-20 13:53:51,486.62,晖来计算机传媒有限公司云计算,广东省娟市孝南辽阳路I座 278094,郑州县,江苏省,370443,中国,晖来计算机传媒有限公司云计算,王,雪,圆通速递,Order
471,2025-07-21 23:13:39,2025-08-02 23:13:39,2025-07-22 23:13:39,169.2,菊风公司传媒有限公司数字科技,广东省哈尔滨市高坪王路l座 274673,秀梅市,黑龙江省,610381,中国,菊风公司传媒有限公司数字科技,田,桂荣,韵达快递,Order
472,2025-04-28 04:56:21,2025-05-07 04:56:21,2025-04-29 04:56:21,151.04,明腾科技有限公司区块链技术,河南省志强县城东杨路A座 853694,石家庄市,安徽省,450779,中国,明腾科技有限公司区块链技术,田,桂荣,百世快递,Order
473,2026-01-06 16:49:25,2026-01-14 16:49:25,2026-01-08 16:49:25,150.43,艾提科信传媒有限公司网络安全,西藏自治区凤兰县朝阳林街U座 372877,桂荣市,山西省,386526,中国,艾提科信传媒有限公司网络安全,曹,洁,韵达快递,Order
474,2024-06-07 04:02:11,2024-06-17 04:02:11,2024-06-08 04:02:11,363.36,万迅电脑信息有限公司科技公司,澳门特别行政区沈阳市秀英向路j座 232419,洋县,宁夏回族自治区,487088,中国,万迅电脑信息有限公司科技公司,赵,晨,邮政EMS,Order
475,2025-05-05 19:37:06,2025-05-17 19:37:06,2025-05-06 19:37:06,292.0,易动力信息有限公司网络安全,青海省宜都县合川朱路g座 383744,斌县,江西省,652523,中国,易动力信息有限公司网络安全,张,刚,圆通速递,Order
476,2024-11-25 11:21:25,2024-11-28 11:21:25,2024-11-30 11:21:25,307.85,飞海科技传媒有限公司信息技术,河北省楠县南湖胡街i座 304050,济南市,吉林省,373811,中国,飞海科技传媒有限公司信息技术,江,凤兰,顺丰速运,Order
477,2026-04-22 01:05:29,2026-04-25 01:05:29,,499.97,鑫博腾飞信息有限公司智能科技,安徽省杭州县新城潮州路U座 487852,兴安盟市,青海省,721718,中国,鑫博腾飞信息有限公司智能科技,王,雪,韵达快递,Order
478,2025-11-30 11:53:16,2025-12-11 11:53:16,2025-12-01 11:53:16,293.63,创亿网络有限公司移动应用开发,陕西省慧市西夏李街d座 273215,楠市,贵州省,437029,中国,创亿网络有限公司移动应用开发,李,玉珍,天天快递,Order
479,2025-03-30 21:39:09,2025-04-09 21:39:09,,137.61,维旺明科技有限公司大数据分析,山东省雷县涪城王路f座 739633,杭州市,福建省,105798,中国,维旺明科技有限公司大数据分析,王,斌,申通快递,Order
480,2025-08-02 14:28:49,2025-08-10 14:28:49,,41.1,商软冠联传媒有限公司大数据分析,湖北省强县新城古路N座 931706,玉珍县,澳门特别行政区,424628,中国,商软冠联传媒有限公司大数据分析,王,建平,德邦物流,Order
481,2025-07-10 10:43:43,2025-07-20 10:43:43,2025-07-14 10:43:43,287.07,图龙信息传媒有限公司数字科技,天津市梧州市安次彭路t座 336734,南昌市,江西省,117022,中国,图龙信息传媒有限公司数字科技,林,磊,顺丰速运,Order
482,2026-06-01 05:11:23,2026-06-06 05:11:23,,449.09,维旺明科技有限公司大数据分析,山东省雷县涪城王路f座 739633,杭州市,福建省,105798,中国,维旺明科技有限公司大数据分析,曹,洁,天天快递,Order
483,2024-12-30 13:03:08,2025-01-12 13:03:08,,472.21,昊嘉信息有限公司区块链技术,广东省莹县梁平李路D座 332586,雷市,天津市,614583,中国,昊嘉信息有限公司区块链技术,张,帅,申通快递,Order
484,2024-11-22 10:11:59,2024-11-28 10:11:59,2024-11-24 10:11:59,52.21,图龙信息传媒有限公司数字科技,天津市梧州市安次彭路t座 336734,南昌市,江西省,117022,中国,图龙信息传媒有限公司数字科技,田,桂荣,申通快递,Order
485,2025-07-09 16:00:27,2025-07-20 16:00:27,2025-07-11 16:00:27,98.29,易动力科技有限公司科技公司,北京市佛山县合川香港街U座 292593,沈阳县,广西壮族自治区,104016,中国,易动力科技有限公司科技公司,彭,桂荣,天天快递,Order
486,2024-11-13 22:17:33,2024-11-22 22:17:33,2024-11-14 22:17:33,376.36,太极信息有限公司互联网服务,江苏省六盘水县清浦黄街g座 440842,海门市,福建省,737845,中国,太极信息有限公司互联网服务,王,雪,申通快递,Order
487,2024-09-14 20:17:06,2024-09-23 20:17:06,2024-09-17 20:17:06,197.88,开发区世创科技有限公司科技公司,浙江省香港县翔安潮州街E座 459811,嘉禾市,黑龙江省,948902,中国,开发区世创科技有限公司科技公司,张,丹丹,百世快递,Order
488,2024-12-27 23:21:34,2025-01-05 23:21:34,2024-12-28 23:21:34,308.13,昊嘉信息有限公司区块链技术,广东省莹县梁平李路D座 332586,雷市,天津市,614583,中国,昊嘉信息有限公司区块链技术,江,凤兰,圆通速递,Order
489,2025-04-10 07:20:08,2025-04-24 07:20:08,2025-04-15 07:20:08,167.04,联软传媒有限公司区块链技术,台湾省深圳市牧野李街L座 325753,慧县,山东省,556597,中国,联软传媒有限公司区块链技术,欧,娜,圆通速递,Order
490,2025-05-09 06:45:25,2025-05-20 06:45:25,2025-05-11 06:45:25,441.21,商软冠联传媒有限公司智能科技,甘肃省阜新县江北白路G座 114919,太原县,黑龙江省,500377,中国,商软冠联传媒有限公司智能科技,李,玉珍,中通快递,Order
491,2024-08-28 04:28:37,2024-09-06 04:28:37,,437.6,国讯网络有限公司移动应用开发,甘肃省芳市东丽游街c座 967469,文市,浙江省,216352,中国,国讯网络有限公司移动应用开发,王,雪,邮政EMS,Order
492,2025-04-19 08:03:05,2025-05-02 08:03:05,2025-04-21 08:03:05,300.48,泰麒麟信息有限公司人工智能,广东省想市新城曾路g座 582475,香港县,广西壮族自治区,358806,中国,泰麒麟信息有限公司人工智能,王,雪,申通快递,Order
493,2026-03-23 00:36:51,2026-04-02 00:36:51,2026-03-25 00:36:51,156.83,维涛传媒有限公司云计算,内蒙古自治区上海市海陵武汉路o座 271535,秀华县,宁夏回族自治区,490120,中国,维涛传媒有限公司云计算,欧,娜,韵达快递,Order
494,2026-04-13 20:03:38,2026-04-18 20:03:38,2026-04-15 20:03:38,465.34,中建创业信息有限公司虚拟现实,黑龙江省天津县清浦贵阳路S座 666651,冬梅县,内蒙古自治区,866120,中国,中建创业信息有限公司虚拟现实,王,斌,百世快递,Order
495,2024-09-11 21:42:55,2024-09-23 21:42:55,2024-09-13 21:42:55,486.95,时刻网络有限公司信息技术,辽宁省长春县高港大冶街E座 299146,梅县,山西省,257161,中国,时刻网络有限公司信息技术,王,倩,韵达快递,Order
496,2025-01-06 04:18:04,2025-01-13 04:18:04,2025-01-11 04:18:04,372.71,精芯传媒有限公司物联网,湖北省杭州市华龙宜都路G座 885926,武汉市,湖北省,378841,中国,精芯传媒有限公司物联网,江,凤兰,申通快递,Order
497,2024-10-03 11:22:36,2024-10-13 11:22:36,2024-10-05 11:22:36,300.92,富罳科技有限公司生物科技,青海省贵阳市友好范街A座 611700,想县,甘肃省,415348,中国,富罳科技有限公司生物科技,张,丹丹,圆通速递,Order
498,2025-03-30 05:16:33,2025-04-04 05:16:33,2025-03-31 05:16:33,328.62,浦华众城网络有限公司信息技术,台湾省倩县涪城陈街U座 719485,浩市,四川省,990712,中国,浦华众城网络有限公司信息技术,欧,娜,京东物流,Order
499,2024-09-01 12:19:57,2024-09-12 12:19:57,,498.89,良诺信息有限公司生物科技,云南省雷市东城巫街s座 382268,红市,海南省,562035,中国,良诺信息有限公司生物科技,李,玉珍,圆通速递,Order
500,2026-04-18 05:12:51,2026-04-27 05:12:51,2026-04-23 05:12:51,466.24,易动力信息有限公司物联网,陕西省关岭县高坪淮安街k座 604446,齐齐哈尔市,贵州省,989116,中国,易动力信息有限公司物联网,林,峰,韵达快递,Order
501,2025-03-04 03:35:30,2025-03-13 03:35:30,,195.52,易动力传媒有限公司生物科技,河南省贵阳县兴山广州路A座 729306,伟市,陕西省,802027,中国,易动力传媒有限公司生物科技,张,帅,圆通速递,Order
502,2025-02-05 01:54:08,2025-02-17 01:54:08,2025-02-09 01:54:08,80.38,时空盒数字信息有限公司虚拟现实,湖南省杭州市清河柳州路s座 365953,荣市,海南省,934862,中国,时空盒数字信息有限公司虚拟现实,曹,洁,圆通速递,Order
503,2024-10-04 07:45:57,2024-10-16 07:45:57,2024-10-07 07:45:57,236.39,商软冠联网络有限公司信息技术,福建省兴城县白云赵街c座 153695,梅市,海南省,737913,中国,商软冠联网络有限公司信息技术,田,桂荣,中通快递,Order
504,2025-06-23 19:47:51,2025-06-26 19:47:51,2025-06-26 19:47:51,40.22,方正科技科技有限公司互联网服务,新疆维吾尔自治区莉县牧野王路L座 235814,宁德市,湖南省,575121,中国,方正科技科技有限公司互联网服务,张,丹丹,德邦物流,Order
505,2024-06-18 05:57:06,2024-06-26 05:57:06,2024-06-23 05:57:06,95.57,网新恒天网络有限公司生物科技,山东省贵阳县上街蔡路H座 193448,秀珍县,湖南省,879752,中国,网新恒天网络有限公司生物科技,林,峰,中通快递,Order
506,2025-05-06 23:25:15,2025-05-20 23:25:15,2025-05-11 23:25:15,191.17,昊嘉信息有限公司区块链技术,广东省莹县梁平李路D座 332586,雷市,天津市,614583,中国,昊嘉信息有限公司区块链技术,薛,洋,天天快递,Order
507,2025-05-27 12:34:02,2025-06-10 12:34:02,2025-05-30 12:34:02,318.25,方正科技网络有限公司云计算,河北省乌鲁木齐县房山南路s座 690779,潮州县,福建省,956854,中国,方正科技网络有限公司云计算,林,磊,中通快递,Order
508,2025-08-05 14:55:29,2025-08-19 14:55:29,2025-08-07 14:55:29,434.36,明腾传媒有限公司互联网服务,澳门特别行政区呼和浩特市沈北新曲街v座 733015,邯郸市,天津市,144183,中国,明腾传媒有限公司互联网服务,江,凤兰,韵达快递,Order
509,2025-07-18 19:23:05,2025-07-28 19:23:05,2025-07-21 19:23:05,260.05,银嘉科技有限公司云计算,北京市强县牧野惠州路G座 671226,重庆县,云南省,471017,中国,银嘉科技有限公司云计算,李,玉珍,京东物流,Order
510,2025-05-12 05:57:50,2025-05-24 05:57:50,2025-05-13 05:57:50,136.26,毕博诚科技有限公司互联网服务,安徽省大冶县牧野汪路E座 856404,俊市,宁夏回族自治区,628200,中国,毕博诚科技有限公司互联网服务,林,磊,京东物流,Order
511,2026-03-08 19:38:17,2026-03-22 19:38:17,2026-03-11 19:38:17,207.9,银嘉科技有限公司科技公司,山东省深圳县孝南黄街c座 290750,秀荣市,宁夏回族自治区,662554,中国,银嘉科技有限公司科技公司,陈,杨,天天快递,Order
512,2026-01-29 05:25:22,2026-02-12 05:25:22,2026-01-30 05:25:22,322.9,富罳科技有限公司生物科技,青海省贵阳市友好范街A座 611700,想县,甘肃省,415348,中国,富罳科技有限公司生物科技,赵,晨,京东物流,Order
513,2024-08-07 16:12:08,2024-08-10 16:12:08,,197.77,群英信息有限公司金融科技,山东省丽县长寿邯郸路S座 956071,昆明县,河南省,785495,中国,群英信息有限公司金融科技,王,倩,顺丰速运,Order
514,2024-12-28 04:46:22,2025-01-02 04:46:22,2025-01-01 04:46:22,422.79,兰金电子科技有限公司区块链技术,吉林省齐齐哈尔县沈河深圳街p座 109059,南昌市,台湾省,701156,中国,兰金电子科技有限公司区块链技术,林,磊,天天快递,Order
515,2024-10-07 06:59:07,2024-10-11 06:59:07,2024-10-10 06:59:07,137.36,襄樊地球村网络有限公司智能科技,安徽省畅县房山郑路w座 157129,坤县,内蒙古自治区,951957,中国,襄樊地球村网络有限公司智能科技,曹,洁,申通快递,Order
516,2026-01-13 18:06:19,2026-01-16 18:06:19,2026-01-14 18:06:19,206.36,巨奥传媒有限公司信息技术,重庆市燕市安次哈尔滨街x座 404214,辛集市,广东省,406351,中国,巨奥传媒有限公司信息技术,李,玉珍,天天快递,Order
517,2024-08-26 01:50:33,2024-08-29 01:50:33,,72.26,南康传媒有限公司生物科技,广西壮族自治区汕尾县兴山王街m座 315775,贵阳市,吉林省,458093,中国,南康传媒有限公司生物科技,徐,艳,韵达快递,Order
518,2025-04-30 12:51:38,2025-05-08 12:51:38,,416.52,易动力科技有限公司科技公司,北京市佛山县合川香港街U座 292593,沈阳县,广西壮族自治区,104016,中国,易动力科技有限公司科技公司,彭,桂荣,百世快递,Order
519,2026-02-13 20:30:23,2026-02-16 20:30:23,2026-02-16 20:30:23,435.48,襄樊地球村信息有限公司物联网,云南省婷婷县高明王路e座 823469,丽娟市,四川省,603957,中国,襄樊地球村信息有限公司物联网,江,凤兰,天天快递,Order
520,2025-11-23 11:05:08,2025-11-28 11:05:08,2025-11-25 11:05:08,188.05,创亿网络有限公司金融科技,浙江省台北县六枝特张家港路l座 913606,重庆市,湖南省,684944,中国,创亿网络有限公司金融科技,彭,桂荣,顺丰速运,Order
521,2026-03-06 23:29:15,2026-03-15 23:29:15,,248.29,毕博诚科技有限公司互联网服务,安徽省大冶县牧野汪路E座 856404,俊市,宁夏回族自治区,628200,中国,毕博诚科技有限公司互联网服务,陈,杨,申通快递,Order
522,2025-01-05 14:23:46,2025-01-09 14:23:46,2025-01-10 14:23:46,204.01,中建创业信息有限公司虚拟现实,黑龙江省天津县清浦贵阳路S座 666651,冬梅县,内蒙古自治区,866120,中国,中建创业信息有限公司虚拟现实,王,斌,申通快递,Order
523,2025-02-05 20:12:16,2025-02-09 20:12:16,2025-02-10 20:12:16,184.04,创联世纪信息有限公司移动应用开发,云南省深圳县金平拉萨街l座 585241,福州县,四川省,101164,中国,创联世纪信息有限公司移动应用开发,张,刚,邮政EMS,Order
524,2025-11-12 20:02:32,2025-11-23 20:02:32,2025-11-17 20:02:32,451.98,银嘉科技有限公司云计算,北京市强县牧野惠州路G座 671226,重庆县,云南省,471017,中国,银嘉科技有限公司云计算,薛,洋,圆通速递,Order
525,2024-08-30 06:42:58,2024-09-04 06:42:58,2024-08-31 06:42:58,349.61,银嘉网络有限公司云计算,四川省秀华县金平合山街C座 522476,杨县,江苏省,112129,中国,银嘉网络有限公司云计算,王,倩,圆通速递,Order
526,2026-01-25 04:29:03,2026-01-28 04:29:03,2026-01-27 04:29:03,327.22,商软冠联传媒有限公司智能科技,甘肃省阜新县江北白路G座 114919,太原县,黑龙江省,500377,中国,商软冠联传媒有限公司智能科技,陈,杨,德邦物流,Order
527,2025-08-20 21:42:11,2025-09-03 21:42:11,2025-08-25 21:42:11,344.28,和泰网络有限公司电子商务,山东省台北市南湖刘路G座 282213,玲市,江苏省,453351,中国,和泰网络有限公司电子商务,彭,桂荣,韵达快递,Order
528,2026-06-03 13:20:01,2026-06-11 13:20:01,2026-06-07 13:20:01,467.29,通际名联科技有限公司金融科技,黑龙江省利县江北曹路r座 182732,济南市,台湾省,380850,中国,通际名联科技有限公司金融科技,江,凤兰,百世快递,Order
529,2025-11-16 01:24:25,2025-11-29 01:24:25,2025-11-17 01:24:25,88.11,凌云信息有限公司虚拟现实,香港特别行政区福州市城北太原街O座 751024,秀珍县,福建省,531973,中国,凌云信息有限公司虚拟现实,王,建平,邮政EMS,Order
530,2025-07-26 00:47:20,2025-07-31 00:47:20,2025-07-31 00:47:20,213.12,良诺信息有限公司生物科技,云南省雷市东城巫街s座 382268,红市,海南省,562035,中国,良诺信息有限公司生物科技,徐,艳,顺丰速运,Order
531,2025-09-07 19:37:59,2025-09-14 19:37:59,2025-09-08 19:37:59,143.37,时空盒数字传媒有限公司大数据分析,湖北省梧州县锡山周路M座 618236,巢湖市,贵州省,903078,中国,时空盒数字传媒有限公司大数据分析,王,斌,京东物流,Order
532,2025-06-13 04:04:37,2025-06-17 04:04:37,2025-06-16 04:04:37,195.35,海创网络有限公司生物科技,香港特别行政区雷市翔安赵街a座 431269,汕尾县,北京市,156019,中国,海创网络有限公司生物科技,李,玉珍,中通快递,Order
533,2024-10-10 11:59:46,2024-10-21 11:59:46,,151.13,群英信息有限公司金融科技,山东省丽县长寿邯郸路S座 956071,昆明县,河南省,785495,中国,群英信息有限公司金融科技,林,峰,天天快递,Order
534,2026-04-19 20:53:55,2026-04-25 20:53:55,,432.59,维旺明信息有限公司人工智能,安徽省东莞市静安银川街g座 149650,坤县,山西省,734784,中国,维旺明信息有限公司人工智能,王,雪,百世快递,Order
535,2024-07-08 04:32:56,2024-07-16 04:32:56,2024-07-12 04:32:56,385.84,襄樊地球村信息有限公司物联网,云南省婷婷县高明王路e座 823469,丽娟市,四川省,603957,中国,襄樊地球村信息有限公司物联网,王,斌,德邦物流,Order
536,2024-09-06 06:54:42,2024-09-16 06:54:42,2024-09-08 06:54:42,45.73,昊嘉信息有限公司区块链技术,广东省莹县梁平李路D座 332586,雷市,天津市,614583,中国,昊嘉信息有限公司区块链技术,赵,晨,百世快递,Order
537,2024-09-21 13:49:43,2024-09-30 13:49:43,,22.37,时刻网络有限公司信息技术,辽宁省长春县高港大冶街E座 299146,梅县,山西省,257161,中国,时刻网络有限公司信息技术,林,磊,韵达快递,Order
538,2024-10-12 23:23:23,2024-10-20 23:23:23,2024-10-15 23:23:23,433.58,超艺网络有限公司人工智能,四川省梅市高明潮州路u座 815912,武汉市,四川省,103035,中国,超艺网络有限公司人工智能,林,磊,德邦物流,Order
539,2025-02-08 17:10:41,2025-02-15 17:10:41,,105.5,维涛科技有限公司网络安全,西藏自治区亮市清浦王街I座 399560,永安市,贵州省,583598,中国,维涛科技有限公司网络安全,江,凤兰,中通快递,Order
540,2025-09-14 21:29:32,2025-09-22 21:29:32,2025-09-18 21:29:32,179.32,巨奥网络有限公司金融科技,陕西省慧市锡山王街R座 594310,明市,天津市,692056,中国,巨奥网络有限公司金融科技,王,雪,京东物流,Order
541,2024-08-17 21:12:04,2024-08-23 21:12:04,2024-08-21 21:12:04,399.37,盟新传媒有限公司大数据分析,甘肃省红县涪城董路q座 904897,辽阳县,安徽省,428336,中国,盟新传媒有限公司大数据分析,张,帅,圆通速递,Order
542,2024-10-13 13:22:57,2024-10-18 13:22:57,2024-10-14 13:22:57,35.39,九方传媒有限公司生物科技,江西省玉梅县城北韦路k座 920415,六盘水市,西藏自治区,774096,中国,九方传媒有限公司生物科技,王,倩,天天快递,Order
543,2025-09-08 09:06:10,2025-09-15 09:06:10,,482.26,飞海科技传媒有限公司信息技术,河北省楠县南湖胡街i座 304050,济南市,吉林省,373811,中国,飞海科技传媒有限公司信息技术,陈,杨,韵达快递,Order
544,2025-11-23 09:09:24,2025-12-02 09:09:24,2025-11-24 09:09:24,185.34,恒聪百汇传媒有限公司虚拟现实,福建省兴城市高明邓街U座 898971,重庆市,河南省,796218,中国,恒聪百汇传媒有限公司虚拟现实,徐,艳,京东物流,Order
545,2026-04-14 00:48:11,2026-04-24 00:48:11,2026-04-17 00:48:11,357.07,易动力信息有限公司网络安全,青海省宜都县合川朱路g座 383744,斌县,江西省,652523,中国,易动力信息有限公司网络安全,江,凤兰,圆通速递,Order
546,2024-07-04 03:34:53,2024-07-11 03:34:53,2024-07-05 03:34:53,247.65,明腾传媒有限公司金融科技,天津市阜新县城东吴街m座 830793,齐齐哈尔县,香港特别行政区,636849,中国,明腾传媒有限公司金融科技,陈,杨,申通快递,Order
547,2025-07-28 15:14:40,2025-08-04 15:14:40,,76.26,明腾传媒有限公司互联网服务,澳门特别行政区呼和浩特市沈北新曲街v座 733015,邯郸市,天津市,144183,中国,明腾传媒有限公司互联网服务,张,帅,中通快递,Order
548,2025-12-14 16:36:06,2025-12-22 16:36:06,,424.39,鑫博腾飞网络有限公司金融科技,河南省嘉禾市沙市陈路m座 407126,马鞍山市,江苏省,823492,中国,鑫博腾飞网络有限公司金融科技,曲,桂花,德邦物流,Order
549,2026-04-13 21:58:03,2026-04-26 21:58:03,2026-04-16 21:58:03,34.78,新宇龙信息科技有限公司电子商务,宁夏回族自治区大冶市梁平鲁路j座 404484,磊县,辽宁省,988357,中国,新宇龙信息科技有限公司电子商务,王,斌,申通快递,Order
550,2025-09-14 01:44:43,2025-09-25 01:44:43,2025-09-16 01:44:43,374.09,巨奥科技有限公司信息技术,辽宁省兵县门头沟黄路R座 339119,峰县,河南省,970735,中国,巨奥科技有限公司信息技术,张,刚,中通快递,Order
551,2024-07-14 03:15:02,2024-07-23 03:15:02,,444.76,图龙信息网络有限公司云计算,湖南省兰州县丰都张街B座 954217,宁德市,福建省,905170,中国,图龙信息网络有限公司云计算,徐,艳,邮政EMS,Order
552,2025-11-07 21:13:17,2025-11-17 21:13:17,2025-11-12 21:13:17,14.48,太极信息有限公司互联网服务,江苏省六盘水县清浦黄街g座 440842,海门市,福建省,737845,中国,太极信息有限公司互联网服务,赵,晨,申通快递,Order
553,2025-06-23 03:28:25,2025-07-05 03:28:25,2025-06-25 03:28:25,77.82,泰麒麟信息有限公司人工智能,广东省想市新城曾路g座 582475,香港县,广西壮族自治区,358806,中国,泰麒麟信息有限公司人工智能,徐,艳,申通快递,Order
554,2024-06-04 21:09:46,2024-06-11 21:09:46,2024-06-08 21:09:46,310.91,银嘉网络有限公司云计算,四川省秀华县金平合山街C座 522476,杨县,江苏省,112129,中国,银嘉网络有限公司云计算,林,峰,百世快递,Order
555,2024-06-20 11:11:25,2024-07-01 11:11:25,2024-06-22 11:11:25,459.53,创亿网络有限公司金融科技,浙江省台北县六枝特张家港路l座 913606,重庆市,湖南省,684944,中国,创亿网络有限公司金融科技,李,玉珍,中通快递,Order
556,2025-12-03 14:30:19,2025-12-14 14:30:19,2025-12-04 14:30:19,309.72,易动力网络有限公司移动应用开发,海南省上海县西夏董路s座 290290,重庆市,陕西省,583718,中国,易动力网络有限公司移动应用开发,薛,洋,韵达快递,Order
557,2025-12-03 21:38:28,2025-12-17 21:38:28,2025-12-07 21:38:28,417.62,太极信息有限公司互联网服务,江苏省六盘水县清浦黄街g座 440842,海门市,福建省,737845,中国,太极信息有限公司互联网服务,林,峰,京东物流,Order
558,2025-12-05 09:02:29,2025-12-16 09:02:29,,248.0,襄樊地球村信息有限公司物联网,云南省婷婷县高明王路e座 823469,丽娟市,四川省,603957,中国,襄樊地球村信息有限公司物联网,曹,洁,天天快递,Order
559,2024-12-19 18:55:26,2024-12-25 18:55:26,2024-12-21 18:55:26,131.13,银嘉网络有限公司云计算,四川省秀华县金平合山街C座 522476,杨县,江苏省,112129,中国,银嘉网络有限公司云计算,王,斌,天天快递,Order
560,2024-07-15 20:53:46,2024-07-20 20:53:46,2024-07-18 20:53:46,378.18,恩悌传媒有限公司虚拟现实,广西壮族自治区哈尔滨县房山辛集路N座 896046,南昌县,甘肃省,203154,中国,恩悌传媒有限公司虚拟现实,江,凤兰,圆通速递,Order
561,2026-04-26 20:21:57,2026-05-02 20:21:57,,77.8,兰金电子科技有限公司区块链技术,吉林省齐齐哈尔县沈河深圳街p座 109059,南昌市,台湾省,701156,中国,兰金电子科技有限公司区块链技术,陈,杨,中通快递,Order
562,2025-09-02 19:56:03,2025-09-08 19:56:03,2025-09-07 19:56:03,429.39,时空盒数字信息有限公司智能科技,山东省巢湖县清浦缪街U座 742478,郑州县,陕西省,364545,中国,时空盒数字信息有限公司智能科技,欧,娜,申通快递,Order
563,2025-07-28 23:58:41,2025-07-31 23:58:41,2025-07-30 23:58:41,311.11,凌云信息有限公司虚拟现实,香港特别行政区福州市城北太原街O座 751024,秀珍县,福建省,531973,中国,凌云信息有限公司虚拟现实,张,刚,韵达快递,Order
564,2025-01-30 21:21:32,2025-02-13 21:21:32,2025-02-04 21:21:32,32.58,图龙信息传媒有限公司数字科技,天津市梧州市安次彭路t座 336734,南昌市,江西省,117022,中国,图龙信息传媒有限公司数字科技,赵,晨,邮政EMS,Order
565,2025-07-30 16:20:17,2025-08-02 16:20:17,2025-07-31 16:20:17,442.76,易动力传媒有限公司生物科技,河南省贵阳县兴山广州路A座 729306,伟市,陕西省,802027,中国,易动力传媒有限公司生物科技,张,帅,百世快递,Order
566,2024-12-21 23:41:50,2025-01-03 23:41:50,2024-12-24 23:41:50,128.42,明腾传媒有限公司金融科技,天津市阜新县城东吴街m座 830793,齐齐哈尔县,香港特别行政区,636849,中国,明腾传媒有限公司金融科技,彭,桂荣,圆通速递,Order
567,2026-01-03 10:39:59,2026-01-16 10:39:59,2026-01-08 10:39:59,182.53,易动力科技有限公司人工智能,宁夏回族自治区强县黄浦张路s座 615830,桂兰县,广西壮族自治区,372804,中国,易动力科技有限公司人工智能,王,斌,中通快递,Order
568,2026-05-30 20:31:44,2026-06-04 20:31:44,2026-06-02 20:31:44,386.97,中建创业信息有限公司虚拟现实,黑龙江省天津县清浦贵阳路S座 666651,冬梅县,内蒙古自治区,866120,中国,中建创业信息有限公司虚拟现实,王,斌,邮政EMS,Order
569,2026-03-01 16:51:09,2026-03-10 16:51:09,,232.37,飞海科技传媒有限公司信息技术,河北省楠县南湖胡街i座 304050,济南市,吉林省,373811,中国,飞海科技传媒有限公司信息技术,徐,艳,申通快递,Order
570,2024-08-05 17:30:05,2024-08-18 17:30:05,2024-08-10 17:30:05,168.26,诺依曼软件传媒有限公司物联网,广东省重庆市沈北新深圳路t座 370139,华市,广西壮族自治区,558601,中国,诺依曼软件传媒有限公司物联网,李,玉珍,天天快递,Order
571,2026-03-31 12:01:23,2026-04-09 12:01:23,2026-04-02 12:01:23,279.31,鑫博腾飞科技有限公司电子商务,吉林省英市海陵李街x座 709778,英县,江西省,294218,中国,鑫博腾飞科技有限公司电子商务,林,峰,韵达快递,Order
572,2025-05-18 13:35:30,2025-05-24 13:35:30,,474.34,和泰信息有限公司信息技术,江苏省俊市璧山陈路I座 849236,成都市,四川省,430904,中国,和泰信息有限公司信息技术,张,刚,京东物流,Order
573,2025-04-01 00:39:54,2025-04-06 00:39:54,,374.21,中建创业信息有限公司虚拟现实,黑龙江省天津县清浦贵阳路S座 666651,冬梅县,内蒙古自治区,866120,中国,中建创业信息有限公司虚拟现实,田,桂荣,百世快递,Order
574,2024-12-16 20:20:34,2024-12-25 20:20:34,2024-12-19 20:20:34,303.94,毕博诚科技有限公司互联网服务,安徽省大冶县牧野汪路E座 856404,俊市,宁夏回族自治区,628200,中国,毕博诚科技有限公司互联网服务,陈,杨,圆通速递,Order
575,2025-05-16 09:47:33,2025-05-27 09:47:33,,388.13,通际名联科技有限公司金融科技,黑龙江省利县江北曹路r座 182732,济南市,台湾省,380850,中国,通际名联科技有限公司金融科技,李,玉珍,天天快递,Order
576,2026-04-19 04:58:59,2026-05-01 04:58:59,2026-04-20 04:58:59,329.7,巨奥传媒有限公司信息技术,重庆市燕市安次哈尔滨街x座 404214,辛集市,广东省,406351,中国,巨奥传媒有限公司信息技术,王,雪,中通快递,Order
577,2026-02-23 08:14:39,2026-03-08 08:14:39,2026-02-26 08:14:39,456.19,昊嘉信息有限公司信息技术,天津市伟县清城何路W座 931319,军县,辽宁省,815449,中国,昊嘉信息有限公司信息技术,林,磊,邮政EMS,Order
578,2025-06-20 15:06:11,2025-07-03 15:06:11,2025-06-23 15:06:11,255.12,巨奥网络有限公司金融科技,陕西省慧市锡山王街R座 594310,明市,天津市,692056,中国,巨奥网络有限公司金融科技,陈,杨,天天快递,Order
579,2025-08-28 10:21:17,2025-09-11 10:21:17,2025-08-31 10:21:17,213.53,创亿网络有限公司移动应用开发,陕西省慧市西夏李街d座 273215,楠市,贵州省,437029,中国,创亿网络有限公司移动应用开发,王,斌,圆通速递,Order
580,2025-08-21 18:18:38,2025-08-30 18:18:38,2025-08-26 18:18:38,283.32,巨奥网络有限公司金融科技,陕西省慧市锡山王街R座 594310,明市,天津市,692056,中国,巨奥网络有限公司金融科技,曹,洁,顺丰速运,Order
581,2025-09-04 01:24:40,2025-09-15 01:24:40,,330.88,飞海科技传媒有限公司信息技术,河北省楠县南湖胡街i座 304050,济南市,吉林省,373811,中国,飞海科技传媒有限公司信息技术,江,凤兰,顺丰速运,Order
582,2024-08-24 00:27:36,2024-08-31 00:27:36,2024-08-28 00:27:36,178.73,时刻网络有限公司信息技术,辽宁省长春县高港大冶街E座 299146,梅县,山西省,257161,中国,时刻网络有限公司信息技术,田,桂荣,德邦物流,Order
583,2025-08-27 04:14:29,2025-08-31 04:14:29,2025-08-28 04:14:29,411.8,浙大万朋信息有限公司生物科技,海南省巢湖市徐汇成都街E座 239900,鑫市,内蒙古自治区,548115,中国,浙大万朋信息有限公司生物科技,李,玉珍,申通快递,Order
584,2026-06-03 15:24:30,2026-06-08 15:24:30,,219.51,合联电子科技有限公司网络安全,新疆维吾尔自治区波市牧野潜江街w座 187520,沈阳县,江苏省,734012,中国,合联电子科技有限公司网络安全,曲,桂花,顺丰速运,Order
585,2025-01-03 12:58:48,2025-01-10 12:58:48,2025-01-04 12:58:48,81.37,良诺信息有限公司网络安全,四川省西安市魏都邓路Q座 814705,潮州市,内蒙古自治区,453855,中国,良诺信息有限公司网络安全,薛,洋,天天快递,Order
586,2026-01-20 23:49:36,2026-01-29 23:49:36,2026-01-22 23:49:36,465.59,创亿网络有限公司金融科技,浙江省台北县六枝特张家港路l座 913606,重庆市,湖南省,684944,中国,创亿网络有限公司金融科技,徐,艳,韵达快递,Order
587,2024-10-08 06:24:20,2024-10-21 06:24:20,2024-10-11 06:24:20,282.8,晖来计算机传媒有限公司云计算,广东省娟市孝南辽阳路I座 278094,郑州县,江苏省,370443,中国,晖来计算机传媒有限公司云计算,陈,杨,京东物流,Order
588,2026-02-06 11:46:06,2026-02-14 11:46:06,,316.23,新宇龙信息科技有限公司电子商务,宁夏回族自治区大冶市梁平鲁路j座 404484,磊县,辽宁省,988357,中国,新宇龙信息科技有限公司电子商务,陈,杨,申通快递,Order
589,2025-03-04 01:29:44,2025-03-09 01:29:44,2025-03-07 01:29:44,317.37,时空盒数字信息有限公司虚拟现实,湖南省杭州市清河柳州路s座 365953,荣市,海南省,934862,中国,时空盒数字信息有限公司虚拟现实,赵,晨,顺丰速运,Order
590,2025-06-27 18:51:14,2025-07-06 18:51:14,2025-06-30 18:51:14,203.4,襄樊地球村网络有限公司智能科技,安徽省畅县房山郑路w座 157129,坤县,内蒙古自治区,951957,中国,襄樊地球村网络有限公司智能科技,王,雪,中通快递,Order
591,2025-01-20 18:21:14,2025-01-29 18:21:14,2025-01-22 18:21:14,153.17,飞海科技传媒有限公司信息技术,河北省楠县南湖胡街i座 304050,济南市,吉林省,373811,中国,飞海科技传媒有限公司信息技术,张,帅,邮政EMS,Order
592,2025-04-27 18:03:05,2025-05-05 18:03:05,2025-05-01 18:03:05,440.51,国讯科技有限公司金融科技,广东省俊县锡山海门路g座 967844,金凤市,江西省,230194,中国,国讯科技有限公司金融科技,陈,杨,韵达快递,Order
593,2026-04-25 10:02:40,2026-05-05 10:02:40,2026-04-27 10:02:40,118.74,新宇龙信息传媒有限公司人工智能,澳门特别行政区合山县门头沟赵路X座 921614,张家港市,香港特别行政区,309847,中国,新宇龙信息传媒有限公司人工智能,曹,洁,韵达快递,Order
594,2025-04-03 13:30:51,2025-04-16 13:30:51,2025-04-06 13:30:51,353.42,海创网络有限公司生物科技,香港特别行政区雷市翔安赵街a座 431269,汕尾县,北京市,156019,中国,海创网络有限公司生物科技,张,丹丹,顺丰速运,Order
595,2025-07-14 22:22:41,2025-07-28 22:22:41,2025-07-17 22:22:41,71.35,方正科技网络有限公司云计算,河北省乌鲁木齐县房山南路s座 690779,潮州县,福建省,956854,中国,方正科技网络有限公司云计算,欧,娜,邮政EMS,Order
596,2026-04-21 05:32:32,2026-05-04 05:32:32,2026-04-25 05:32:32,146.86,维旺明信息有限公司人工智能,安徽省东莞市静安银川街g座 149650,坤县,山西省,734784,中国,维旺明信息有限公司人工智能,林,峰,韵达快递,Order
597,2025-04-05 16:00:28,2025-04-19 16:00:28,2025-04-09 16:00:28,187.51,新宇龙信息科技有限公司电子商务,宁夏回族自治区大冶市梁平鲁路j座 404484,磊县,辽宁省,988357,中国,新宇龙信息科技有限公司电子商务,曲,桂花,德邦物流,Order
598,2025-02-10 15:26:31,2025-02-20 15:26:31,2025-02-12 15:26:31,268.98,兰金电子传媒有限公司生物科技,广西壮族自治区香港县六枝特郭路r座 722655,桂香县,广西壮族自治区,205167,中国,兰金电子传媒有限公司生物科技,张,帅,圆通速递,Order
599,2024-06-26 03:58:58,2024-07-02 03:58:58,2024-06-30 03:58:58,497.59,易动力网络有限公司移动应用开发,海南省上海县西夏董路s座 290290,重庆市,陕西省,583718,中国,易动力网络有限公司移动应用开发,张,刚,圆通速递,Order
600,2026-04-04 21:07:03,2026-04-16 21:07:03,2026-04-09 21:07:03,169.84,艾提科信传媒有限公司网络安全,西藏自治区凤兰县朝阳林街U座 372877,桂荣市,山西省,386526,中国,艾提科信传媒有限公司网络安全,薛,洋,百世快递,Order
601,2025-07-18 12:41:16,2025-07-31 12:41:16,2025-07-21 12:41:16,423.31,方正科技网络有限公司云计算,河北省乌鲁木齐县房山南路s座 690779,潮州县,福建省,956854,中国,方正科技网络有限公司云计算,王,雪,天天快递,Order
602,2026-03-31 23:53:39,2026-04-03 23:53:39,2026-04-03 23:53:39,95.89,快讯信息有限公司智能科技,山东省海口县龙潭杨街q座 232213,勇县,澳门特别行政区,384293,中国,快讯信息有限公司智能科技,曲,桂花,韵达快递,Order
603,2024-09-03 05:02:35,2024-09-10 05:02:35,2024-09-07 05:02:35,143.96,MBP软件网络有限公司移动应用开发,青海省颖县山亭西安路G座 992594,辛集市,重庆市,516137,中国,MBP软件网络有限公司移动应用开发,林,磊,圆通速递,Order
604,2026-01-07 11:34:59,2026-01-18 11:34:59,2026-01-12 11:34:59,385.7,毕博诚科技有限公司互联网服务,安徽省大冶县牧野汪路E座 856404,俊市,宁夏回族自治区,628200,中国,毕博诚科技有限公司互联网服务,薛,洋,德邦物流,Order
605,2025-02-03 10:21:41,2025-02-10 10:21:41,2025-02-04 10:21:41,254.25,时空盒数字信息有限公司智能科技,山东省巢湖县清浦缪街U座 742478,郑州县,陕西省,364545,中国,时空盒数字信息有限公司智能科技,赵,晨,百世快递,Order
606,2026-01-13 00:23:35,2026-01-22 00:23:35,2026-01-14 00:23:35,328.45,浦华众城网络有限公司信息技术,台湾省倩县涪城陈街U座 719485,浩市,四川省,990712,中国,浦华众城网络有限公司信息技术,林,峰,中通快递,Order
607,2025-01-10 16:59:44,2025-01-19 16:59:44,2025-01-13 16:59:44,97.45,东方峻景传媒有限公司金融科技,江西省利市东城任街V座 970735,海门县,湖南省,667608,中国,东方峻景传媒有限公司金融科技,江,凤兰,中通快递,Order
608,2025-03-24 02:14:12,2025-03-29 02:14:12,2025-03-26 02:14:12,406.12,创亿网络有限公司移动应用开发,陕西省慧市西夏李街d座 273215,楠市,贵州省,437029,中国,创亿网络有限公司移动应用开发,江,凤兰,百世快递,Order
609,2026-05-29 11:07:22,2026-06-02 11:07:22,2026-06-01 11:07:22,207.09,合联电子科技有限公司信息技术,辽宁省琴县高明北京街p座 129411,荣市,重庆市,992062,中国,合联电子科技有限公司信息技术,王,建平,顺丰速运,Order
610,2024-08-14 12:55:33,2024-08-17 12:55:33,2024-08-15 12:55:33,64.96,鑫博腾飞信息有限公司智能科技,安徽省杭州县新城潮州路U座 487852,兴安盟市,青海省,721718,中国,鑫博腾飞信息有限公司智能科技,王,倩,邮政EMS,Order
611,2024-12-02 14:24:12,2024-12-15 14:24:12,,288.49,国讯网络有限公司移动应用开发,甘肃省芳市东丽游街c座 967469,文市,浙江省,216352,中国,国讯网络有限公司移动应用开发,林,磊,德邦物流,Order
612,2025-07-16 08:12:17,2025-07-26 08:12:17,2025-07-17 08:12:17,145.07,中建创业信息有限公司虚拟现实,黑龙江省天津县清浦贵阳路S座 666651,冬梅县,内蒙古自治区,866120,中国,中建创业信息有限公司虚拟现实,王,斌,京东物流,Order
613,2025-08-31 19:29:27,2025-09-06 19:29:27,2025-09-02 19:29:27,462.87,通际名联科技有限公司金融科技,黑龙江省利县江北曹路r座 182732,济南市,台湾省,380850,中国,通际名联科技有限公司金融科技,徐,艳,顺丰速运,Order
614,2026-02-08 06:32:34,2026-02-21 06:32:34,2026-02-11 06:32:34,432.57,图龙信息传媒有限公司数字科技,天津市梧州市安次彭路t座 336734,南昌市,江西省,117022,中国,图龙信息传媒有限公司数字科技,张,刚,邮政EMS,Order
615,2026-05-31 03:02:32,2026-06-11 03:02:32,2026-06-04 03:02:32,97.84,飞海科技传媒有限公司信息技术,河北省楠县南湖胡街i座 304050,济南市,吉林省,373811,中国,飞海科技传媒有限公司信息技术,曲,桂花,京东物流,Order
616,2025-04-16 10:11:07,2025-04-28 10:11:07,2025-04-17 10:11:07,122.36,巨奥科技有限公司信息技术,辽宁省兵县门头沟黄路R座 339119,峰县,河南省,970735,中国,巨奥科技有限公司信息技术,张,帅,圆通速递,Order
617,2024-12-08 00:06:56,2024-12-16 00:06:56,2024-12-09 00:06:56,257.54,万迅电脑信息有限公司科技公司,澳门特别行政区沈阳市秀英向路j座 232419,洋县,宁夏回族自治区,487088,中国,万迅电脑信息有限公司科技公司,薛,洋,韵达快递,Order
618,2025-09-25 12:22:14,2025-10-08 12:22:14,2025-09-30 12:22:14,302.59,鸿睿思博传媒有限公司智能科技,浙江省柳州县安次李路G座 326030,武汉市,广西壮族自治区,986110,中国,鸿睿思博传媒有限公司智能科技,薛,洋,邮政EMS,Order
619,2025-01-09 12:19:43,2025-01-14 12:19:43,2025-01-13 12:19:43,280.45,易动力网络有限公司信息技术,山西省广州县淄川王路j座 894925,英县,山东省,228414,中国,易动力网络有限公司信息技术,林,峰,百世快递,Order
620,2025-12-04 20:10:24,2025-12-08 20:10:24,2025-12-09 20:10:24,148.97,和泰信息有限公司信息技术,江苏省俊市璧山陈路I座 849236,成都市,四川省,430904,中国,和泰信息有限公司信息技术,彭,桂荣,京东物流,Order
621,2025-07-14 23:13:12,2025-07-22 23:13:12,,107.51,易动力信息有限公司物联网,辽宁省嘉禾县沈河六安街A座 771273,佛山县,贵州省,255410,中国,易动力信息有限公司物联网,彭,桂荣,申通快递,Order
622,2025-07-18 11:48:15,2025-07-24 11:48:15,2025-07-22 11:48:15,79.53,时空盒数字信息有限公司智能科技,山东省巢湖县清浦缪街U座 742478,郑州县,陕西省,364545,中国,时空盒数字信息有限公司智能科技,欧,娜,中通快递,Order
623,2025-01-21 03:31:14,2025-02-02 03:31:14,2025-01-22 03:31:14,263.32,和泰网络有限公司电子商务,山东省台北市南湖刘路G座 282213,玲市,江苏省,453351,中国,和泰网络有限公司电子商务,欧,娜,邮政EMS,Order
624,2025-09-02 13:21:24,2025-09-09 13:21:24,,165.15,易动力信息有限公司物联网,辽宁省嘉禾县沈河六安街A座 771273,佛山县,贵州省,255410,中国,易动力信息有限公司物联网,薛,洋,圆通速递,Order
625,2024-06-16 12:07:04,2024-06-22 12:07:04,2024-06-21 12:07:04,463.2,鑫博腾飞信息有限公司智能科技,安徽省杭州县新城潮州路U座 487852,兴安盟市,青海省,721718,中国,鑫博腾飞信息有限公司智能科技,赵,晨,韵达快递,Order
626,2025-05-01 01:02:35,2025-05-13 01:02:35,2025-05-06 01:02:35,121.05,天开传媒有限公司网络安全,香港特别行政区澳门市清浦许路G座 380354,芳市,云南省,252621,中国,天开传媒有限公司网络安全,李,玉珍,百世快递,Order
627,2026-01-05 02:54:20,2026-01-19 02:54:20,2026-01-07 02:54:20,337.08,时空盒数字信息有限公司虚拟现实,湖南省杭州市清河柳州路s座 365953,荣市,海南省,934862,中国,时空盒数字信息有限公司虚拟现实,田,桂荣,韵达快递,Order
628,2024-12-07 14:07:34,2024-12-15 14:07:34,2024-12-09 14:07:34,22.58,襄樊地球村网络有限公司智能科技,安徽省畅县房山郑路w座 157129,坤县,内蒙古自治区,951957,中国,襄樊地球村网络有限公司智能科技,田,桂荣,顺丰速运,Order
629,2024-12-28 00:29:23,2025-01-08 00:29:23,2024-12-30 00:29:23,311.77,图龙信息网络有限公司云计算,湖南省兰州县丰都张街B座 954217,宁德市,福建省,905170,中国,图龙信息网络有限公司云计算,薛,洋,天天快递,Order
630,2025-02-19 10:42:28,2025-03-02 10:42:28,2025-02-24 10:42:28,135.62,易动力信息有限公司物联网,陕西省关岭县高坪淮安街k座 604446,齐齐哈尔市,贵州省,989116,中国,易动力信息有限公司物联网,赵,晨,中通快递,Order
631,2025-06-16 13:06:39,2025-06-27 13:06:39,2025-06-17 13:06:39,335.69,襄樊地球村信息有限公司物联网,云南省婷婷县高明王路e座 823469,丽娟市,四川省,603957,中国,襄樊地球村信息有限公司物联网,陈,杨,韵达快递,Order
632,2026-02-07 10:44:20,2026-02-13 10:44:20,2026-02-10 10:44:20,357.84,中建创业网络有限公司移动应用开发,江西省辛集县沈北新昆明街r座 719259,辽阳县,台湾省,639438,中国,中建创业网络有限公司移动应用开发,薛,洋,申通快递,Order
633,2026-02-26 11:39:28,2026-03-12 11:39:28,2026-02-28 11:39:28,412.64,银嘉信息有限公司移动应用开发,河南省洋县门头沟张家港路q座 708953,荆门市,江西省,960045,中国,银嘉信息有限公司移动应用开发,张,丹丹,圆通速递,Order
634,2025-10-26 12:41:33,2025-10-29 12:41:33,2025-10-30 12:41:33,321.05,商软冠联网络有限公司信息技术,福建省兴城县白云赵街c座 153695,梅市,海南省,737913,中国,商软冠联网络有限公司信息技术,王,建平,邮政EMS,Order
635,2025-12-17 13:22:15,2025-12-26 13:22:15,2025-12-20 13:22:15,484.33,维旺明科技有限公司大数据分析,山东省雷县涪城王路f座 739633,杭州市,福建省,105798,中国,维旺明科技有限公司大数据分析,张,丹丹,京东物流,Order
636,2024-09-29 07:17:53,2024-10-04 07:17:53,2024-10-01 07:17:53,388.28,时空盒数字信息有限公司智能科技,山东省巢湖县清浦缪街U座 742478,郑州县,陕西省,364545,中国,时空盒数字信息有限公司智能科技,林,峰,中通快递,Order
637,2025-04-11 11:10:16,2025-04-14 11:10:16,,163.49,易动力科技有限公司科技公司,北京市佛山县合川香港街U座 292593,沈阳县,广西壮族自治区,104016,中国,易动力科技有限公司科技公司,李,玉珍,申通快递,Order
638,2024-06-12 22:36:40,2024-06-23 22:36:40,2024-06-13 22:36:40,306.57,时空盒数字传媒有限公司大数据分析,湖北省梧州县锡山周路M座 618236,巢湖市,贵州省,903078,中国,时空盒数字传媒有限公司大数据分析,曲,桂花,中通快递,Order
639,2025-08-10 12:55:37,2025-08-23 12:55:37,2025-08-12 12:55:37,37.84,通际名联科技有限公司金融科技,黑龙江省利县江北曹路r座 182732,济南市,台湾省,380850,中国,通际名联科技有限公司金融科技,王,建平,百世快递,Order
640,2024-12-26 01:37:29,2025-01-02 01:37:29,2024-12-30 01:37:29,394.07,昊嘉信息有限公司区块链技术,广东省莹县梁平李路D座 332586,雷市,天津市,614583,中国,昊嘉信息有限公司区块链技术,江,凤兰,顺丰速运,Order
641,2025-02-26 12:22:12,2025-03-02 12:22:12,2025-03-01 12:22:12,391.73,海创网络有限公司生物科技,香港特别行政区雷市翔安赵街a座 431269,汕尾县,北京市,156019,中国,海创网络有限公司生物科技,彭,桂荣,申通快递,Order
642,2024-08-29 06:25:44,2024-09-01 06:25:44,,127.52,巨奥传媒有限公司信息技术,重庆市燕市安次哈尔滨街x座 404214,辛集市,广东省,406351,中国,巨奥传媒有限公司信息技术,张,丹丹,韵达快递,Order
643,2026-04-09 15:05:25,2026-04-13 15:05:25,2026-04-13 15:05:25,453.38,济南亿次元网络有限公司科技公司,甘肃省红县白云巢湖路W座 992584,巢湖市,澳门特别行政区,219657,中国,济南亿次元网络有限公司科技公司,王,倩,京东物流,Order
644,2026-02-22 20:19:42,2026-03-04 20:19:42,2026-02-23 20:19:42,490.45,维涛传媒有限公司云计算,内蒙古自治区上海市海陵武汉路o座 271535,秀华县,宁夏回族自治区,490120,中国,维涛传媒有限公司云计算,徐,艳,京东物流,Order
645,2026-04-30 13:28:25,2026-05-06 13:28:25,2026-05-03 13:28:25,298.01,巨奥传媒有限公司信息技术,重庆市燕市安次哈尔滨街x座 404214,辛集市,广东省,406351,中国,巨奥传媒有限公司信息技术,田,桂荣,中通快递,Order
646,2024-07-07 12:39:39,2024-07-21 12:39:39,,98.63,襄樊地球村信息有限公司物联网,云南省婷婷县高明王路e座 823469,丽娟市,四川省,603957,中国,襄樊地球村信息有限公司物联网,李,玉珍,邮政EMS,Order
647,2025-07-12 03:21:17,2025-07-16 03:21:17,2025-07-17 03:21:17,124.48,良诺信息有限公司网络安全,四川省西安市魏都邓路Q座 814705,潮州市,内蒙古自治区,453855,中国,良诺信息有限公司网络安全,欧,娜,韵达快递,Order
648,2025-06-18 13:24:33,2025-06-27 13:24:33,2025-06-23 13:24:33,80.93,华泰通安科技有限公司网络安全,香港特别行政区桂兰市城东傅路b座 111143,玉梅市,台湾省,529077,中国,华泰通安科技有限公司网络安全,李,玉珍,韵达快递,Order
649,2025-07-23 06:47:06,2025-08-03 06:47:06,2025-07-25 06:47:06,262.17,昊嘉信息有限公司区块链技术,广东省莹县梁平李路D座 332586,雷市,天津市,614583,中国,昊嘉信息有限公司区块链技术,张,丹丹,顺丰速运,Order
650,2025-11-01 18:27:48,2025-11-15 18:27:48,2025-11-04 18:27:48,201.0,泰麒麟信息有限公司人工智能,广东省想市新城曾路g座 582475,香港县,广西壮族自治区,358806,中国,泰麒麟信息有限公司人工智能,徐,艳,顺丰速运,Order
651,2026-01-01 02:57:25,2026-01-04 02:57:25,2026-01-06 02:57:25,418.15,创亿网络有限公司金融科技,浙江省台北县六枝特张家港路l座 913606,重庆市,湖南省,684944,中国,创亿网络有限公司金融科技,王,斌,顺丰速运,Order
652,2025-01-16 10:19:21,2025-01-23 10:19:21,2025-01-19 10:19:21,43.0,襄樊地球村信息有限公司物联网,云南省婷婷县高明王路e座 823469,丽娟市,四川省,603957,中国,襄樊地球村信息有限公司物联网,赵,晨,天天快递,Order
653,2025-01-13 22:45:25,2025-01-20 22:45:25,2025-01-15 22:45:25,481.05,国讯网络有限公司移动应用开发,甘肃省芳市东丽游街c座 967469,文市,浙江省,216352,中国,国讯网络有限公司移动应用开发,曲,桂花,顺丰速运,Order
654,2026-01-13 10:44:37,2026-01-20 10:44:37,2026-01-14 10:44:37,452.23,方正科技科技有限公司互联网服务,新疆维吾尔自治区莉县牧野王路L座 235814,宁德市,湖南省,575121,中国,方正科技科技有限公司互联网服务,曹,洁,中通快递,Order
655,2026-03-27 00:37:39,2026-03-31 00:37:39,2026-03-28 00:37:39,108.58,商软冠联传媒有限公司智能科技,甘肃省阜新县江北白路G座 114919,太原县,黑龙江省,500377,中国,商软冠联传媒有限公司智能科技,张,丹丹,韵达快递,Order
656,2024-08-08 21:38:33,2024-08-11 21:38:33,,43.39,银嘉科技有限公司科技公司,山东省深圳县孝南黄街c座 290750,秀荣市,宁夏回族自治区,662554,中国,银嘉科技有限公司科技公司,陈,杨,顺丰速运,Order
657,2025-05-11 04:44:10,2025-05-19 04:44:10,2025-05-13 04:44:10,331.75,易动力网络有限公司移动应用开发,海南省上海县西夏董路s座 290290,重庆市,陕西省,583718,中国,易动力网络有限公司移动应用开发,江,凤兰,顺丰速运,Order
658,2026-03-10 02:29:56,2026-03-15 02:29:56,2026-03-13 02:29:56,379.72,MBP软件网络有限公司移动应用开发,青海省颖县山亭西安路G座 992594,辛集市,重庆市,516137,中国,MBP软件网络有限公司移动应用开发,林,磊,中通快递,Order
659,2025-02-19 01:18:25,2025-03-04 01:18:25,,44.79,银嘉科技有限公司云计算,北京市强县牧野惠州路G座 671226,重庆县,云南省,471017,中国,银嘉科技有限公司云计算,王,斌,百世快递,Order
660,2024-07-04 09:17:23,2024-07-12 09:17:23,2024-07-05 09:17:23,71.44,MBP软件科技有限公司信息技术,安徽省瑞市西夏高路i座 571615,丽华县,宁夏回族自治区,300387,中国,MBP软件科技有限公司信息技术,曹,洁,天天快递,Order
661,2024-10-07 13:49:10,2024-10-11 13:49:10,2024-10-10 13:49:10,112.46,浦华众城网络有限公司信息技术,台湾省倩县涪城陈街U座 719485,浩市,四川省,990712,中国,浦华众城网络有限公司信息技术,张,丹丹,中通快递,Order
662,2024-09-19 17:12:41,2024-09-22 17:12:41,2024-09-22 17:12:41,188.61,毕博诚科技有限公司互联网服务,安徽省大冶县牧野汪路E座 856404,俊市,宁夏回族自治区,628200,中国,毕博诚科技有限公司互联网服务,曹,洁,天天快递,Order
663,2024-07-06 12:10:53,2024-07-10 12:10:53,2024-07-08 12:10:53,323.86,群英信息有限公司金融科技,山东省丽县长寿邯郸路S座 956071,昆明县,河南省,785495,中国,群英信息有限公司金融科技,曲,桂花,申通快递,Order
664,2025-03-22 03:41:33,2025-03-27 03:41:33,2025-03-26 03:41:33,127.3,毕博诚信息有限公司信息技术,天津市颖县华龙武街i座 729878,柳州县,贵州省,534760,中国,毕博诚信息有限公司信息技术,曲,桂花,申通快递,Order
665,2024-11-09 18:06:23,2024-11-19 18:06:23,2024-11-14 18:06:23,294.87,浦华众城信息有限公司虚拟现实,新疆维吾尔自治区福州市翔安李路i座 712866,大冶市,广东省,992649,中国,浦华众城信息有限公司虚拟现实,张,丹丹,百世快递,Order
666,2026-02-18 11:12:32,2026-02-28 11:12:32,2026-02-20 11:12:32,328.58,创联世纪信息有限公司移动应用开发,云南省深圳县金平拉萨街l座 585241,福州县,四川省,101164,中国,创联世纪信息有限公司移动应用开发,王,斌,百世快递,Order
667,2025-07-03 10:10:07,2025-07-07 10:10:07,2025-07-06 10:10:07,338.29,海创网络有限公司生物科技,香港特别行政区雷市翔安赵街a座 431269,汕尾县,北京市,156019,中国,海创网络有限公司生物科技,林,峰,申通快递,Order
668,2025-05-17 06:54:50,2025-05-22 06:54:50,,188.62,创亿网络有限公司移动应用开发,陕西省慧市西夏李街d座 273215,楠市,贵州省,437029,中国,创亿网络有限公司移动应用开发,王,斌,顺丰速运,Order
669,2026-01-06 07:47:25,2026-01-14 07:47:25,2026-01-09 07:47:25,396.76,浙大万朋信息有限公司生物科技,海南省巢湖市徐汇成都街E座 239900,鑫市,内蒙古自治区,548115,中国,浙大万朋信息有限公司生物科技,王,建平,申通快递,Order
670,2024-09-07 08:34:47,2024-09-10 08:34:47,2024-09-08 08:34:47,419.28,易动力科技有限公司人工智能,宁夏回族自治区强县黄浦张路s座 615830,桂兰县,广西壮族自治区,372804,中国,易动力科技有限公司人工智能,张,丹丹,京东物流,Order
671,2025-07-01 16:35:09,2025-07-09 16:35:09,2025-07-04 16:35:09,231.94,恩悌传媒有限公司虚拟现实,广西壮族自治区哈尔滨县房山辛集路N座 896046,南昌县,甘肃省,203154,中国,恩悌传媒有限公司虚拟现实,薛,洋,天天快递,Order
672,2026-03-12 17:10:14,2026-03-21 17:10:14,,362.81,创联世纪信息有限公司移动应用开发,云南省深圳县金平拉萨街l座 585241,福州县,四川省,101164,中国,创联世纪信息有限公司移动应用开发,陈,杨,圆通速递,Order
673,2026-01-07 05:56:26,2026-01-20 05:56:26,,315.38,超艺网络有限公司人工智能,四川省梅市高明潮州路u座 815912,武汉市,四川省,103035,中国,超艺网络有限公司人工智能,曲,桂花,申通快递,Order
674,2024-09-12 01:15:52,2024-09-21 01:15:52,2024-09-17 01:15:52,307.61,华泰通安科技有限公司网络安全,香港特别行政区桂兰市城东傅路b座 111143,玉梅市,台湾省,529077,中国,华泰通安科技有限公司网络安全,薛,洋,天天快递,Order
675,2025-07-26 01:17:42,2025-08-09 01:17:42,2025-07-28 01:17:42,421.36,毕博诚科技有限公司互联网服务,安徽省大冶县牧野汪路E座 856404,俊市,宁夏回族自治区,628200,中国,毕博诚科技有限公司互联网服务,林,磊,韵达快递,Order
676,2024-12-23 09:19:07,2025-01-03 09:19:07,,50.27,晖来计算机网络有限公司虚拟现实,湖北省银川县长寿佛山街w座 577399,梅县,新疆维吾尔自治区,509148,中国,晖来计算机网络有限公司虚拟现实,林,峰,天天快递,Order
677,2024-12-25 21:01:04,2025-01-06 21:01:04,2024-12-30 21:01:04,297.63,诺依曼软件传媒有限公司物联网,广东省重庆市沈北新深圳路t座 370139,华市,广西壮族自治区,558601,中国,诺依曼软件传媒有限公司物联网,林,磊,申通快递,Order
678,2025-12-30 17:04:18,2026-01-03 17:04:18,,315.03,超艺网络有限公司人工智能,四川省梅市高明潮州路u座 815912,武汉市,四川省,103035,中国,超艺网络有限公司人工智能,张,刚,百世快递,Order
679,2026-02-12 19:30:04,2026-02-22 19:30:04,2026-02-15 19:30:04,27.82,恩悌传媒有限公司虚拟现实,广西壮族自治区哈尔滨县房山辛集路N座 896046,南昌县,甘肃省,203154,中国,恩悌传媒有限公司虚拟现实,张,丹丹,百世快递,Order
680,2024-10-02 07:41:36,2024-10-11 07:41:36,2024-10-03 07:41:36,468.63,易动力信息有限公司物联网,辽宁省嘉禾县沈河六安街A座 771273,佛山县,贵州省,255410,中国,易动力信息有限公司物联网,王,雪,天天快递,Order
681,2025-06-11 15:58:09,2025-06-16 15:58:09,2025-06-13 15:58:09,452.04,国讯网络有限公司移动应用开发,甘肃省芳市东丽游街c座 967469,文市,浙江省,216352,中国,国讯网络有限公司移动应用开发,张,刚,邮政EMS,Order
682,2025-11-18 09:15:48,2025-11-30 09:15:48,2025-11-19 09:15:48,347.77,银嘉信息有限公司移动应用开发,河南省洋县门头沟张家港路q座 708953,荆门市,江西省,960045,中国,银嘉信息有限公司移动应用开发,彭,桂荣,申通快递,Order
683,2025-10-02 12:59:20,2025-10-13 12:59:20,,345.85,华泰通安科技有限公司网络安全,香港特别行政区桂兰市城东傅路b座 111143,玉梅市,台湾省,529077,中国,华泰通安科技有限公司网络安全,王,建平,邮政EMS,Order
684,2025-07-01 10:19:22,2025-07-13 10:19:22,2025-07-03 10:19:22,371.95,南康传媒有限公司生物科技,广西壮族自治区汕尾县兴山王街m座 315775,贵阳市,吉林省,458093,中国,南康传媒有限公司生物科技,张,帅,京东物流,Order
685,2025-02-19 17:59:14,2025-03-05 17:59:14,2025-02-20 17:59:14,189.22,国讯科技有限公司金融科技,广东省俊县锡山海门路g座 967844,金凤市,江西省,230194,中国,国讯科技有限公司金融科技,王,斌,顺丰速运,Order
686,2024-10-26 16:07:31,2024-11-07 16:07:31,2024-10-28 16:07:31,225.0,万迅电脑信息有限公司科技公司,澳门特别行政区沈阳市秀英向路j座 232419,洋县,宁夏回族自治区,487088,中国,万迅电脑信息有限公司科技公司,王,建平,中通快递,Order
687,2025-07-25 00:33:10,2025-08-01 00:33:10,2025-07-26 00:33:10,462.85,时刻网络有限公司信息技术,辽宁省长春县高港大冶街E座 299146,梅县,山西省,257161,中国,时刻网络有限公司信息技术,王,雪,天天快递,Order
688,2024-06-10 16:02:12,2024-06-23 16:02:12,2024-06-13 16:02:12,130.92,毕博诚科技有限公司互联网服务,安徽省大冶县牧野汪路E座 856404,俊市,宁夏回族自治区,628200,中国,毕博诚科技有限公司互联网服务,徐,艳,京东物流,Order
689,2024-10-22 20:51:09,2024-10-26 20:51:09,2024-10-27 20:51:09,167.45,毕博诚科技有限公司互联网服务,安徽省大冶县牧野汪路E座 856404,俊市,宁夏回族自治区,628200,中国,毕博诚科技有限公司互联网服务,王,斌,圆通速递,Order
690,2025-02-13 17:35:15,2025-02-18 17:35:15,2025-02-18 17:35:15,181.49,易动力网络有限公司信息技术,山西省广州县淄川王路j座 894925,英县,山东省,228414,中国,易动力网络有限公司信息技术,王,斌,百世快递,Order
691,2025-09-24 21:32:10,2025-10-04 21:32:10,2025-09-27 21:32:10,480.71,联软传媒有限公司区块链技术,台湾省深圳市牧野李街L座 325753,慧县,山东省,556597,中国,联软传媒有限公司区块链技术,张,丹丹,韵达快递,Order
692,2025-03-20 08:00:49,2025-03-29 08:00:49,2025-03-23 08:00:49,192.93,超艺网络有限公司人工智能,四川省梅市高明潮州路u座 815912,武汉市,四川省,103035,中国,超艺网络有限公司人工智能,张,丹丹,圆通速递,Order
693,2024-12-28 07:37:34,2025-01-02 07:37:34,,467.92,海创网络有限公司生物科技,香港特别行政区雷市翔安赵街a座 431269,汕尾县,北京市,156019,中国,海创网络有限公司生物科技,林,峰,天天快递,Order
694,2025-06-08 04:44:26,2025-06-17 04:44:26,2025-06-12 04:44:26,264.19,南康网络有限公司互联网服务,天津市潜江县沈河太原路A座 620715,敏市,福建省,403615,中国,南康网络有限公司互联网服务,曲,桂花,中通快递,Order
695,2024-09-03 07:03:57,2024-09-08 07:03:57,2024-09-06 07:03:57,19.01,MBP软件科技有限公司信息技术,安徽省瑞市西夏高路i座 571615,丽华县,宁夏回族自治区,300387,中国,MBP软件科技有限公司信息技术,曹,洁,天天快递,Order
696,2024-10-05 20:35:25,2024-10-18 20:35:25,2024-10-07 20:35:25,91.58,通际名联科技有限公司金融科技,黑龙江省利县江北曹路r座 182732,济南市,台湾省,380850,中国,通际名联科技有限公司金融科技,田,桂荣,中通快递,Order
697,2025-09-10 22:35:03,2025-09-20 22:35:03,,404.1,国讯网络有限公司移动应用开发,甘肃省芳市东丽游街c座 967469,文市,浙江省,216352,中国,国讯网络有限公司移动应用开发,赵,晨,京东物流,Order
698,2024-08-17 10:23:22,2024-08-28 10:23:22,2024-08-18 10:23:22,110.07,创汇网络有限公司虚拟现实,北京市玉珍市朝阳赵路P座 508928,秀英市,福建省,862920,中国,创汇网络有限公司虚拟现实,张,帅,京东物流,Order
699,2026-05-08 06:52:30,2026-05-18 06:52:30,,122.71,兰金电子科技有限公司区块链技术,吉林省齐齐哈尔县沈河深圳街p座 109059,南昌市,台湾省,701156,中国,兰金电子科技有限公司区块链技术,林,磊,顺丰速运,Order
700,2024-07-29 20:40:47,2024-08-08 20:40:47,2024-08-01 20:40:47,199.88,诺依曼软件传媒有限公司物联网,广东省重庆市沈北新深圳路t座 370139,华市,广西壮族自治区,558601,中国,诺依曼软件传媒有限公司物联网,王,斌,邮政EMS,Order
701,2025-06-05 00:59:41,2025-06-18 00:59:41,2025-06-09 00:59:41,402.99,浙大万朋信息有限公司生物科技,海南省巢湖市徐汇成都街E座 239900,鑫市,内蒙古自治区,548115,中国,浙大万朋信息有限公司生物科技,徐,艳,邮政EMS,Order
702,2025-05-26 09:30:12,2025-06-02 09:30:12,2025-05-27 09:30:12,324.46,浙大万朋信息有限公司生物科技,海南省巢湖市徐汇成都街E座 239900,鑫市,内蒙古自治区,548115,中国,浙大万朋信息有限公司生物科技,林,磊,圆通速递,Order
703,2025-03-13 18:10:24,2025-03-20 18:10:24,2025-03-18 18:10:24,84.28,诺依曼软件传媒有限公司物联网,广东省重庆市沈北新深圳路t座 370139,华市,广西壮族自治区,558601,中国,诺依曼软件传媒有限公司物联网,王,建平,德邦物流,Order
704,2024-09-11 04:07:34,2024-09-14 04:07:34,,57.53,易动力信息有限公司物联网,辽宁省嘉禾县沈河六安街A座 771273,佛山县,贵州省,255410,中国,易动力信息有限公司物联网,李,玉珍,圆通速递,Order
705,2025-08-23 15:54:25,2025-08-31 15:54:25,2025-08-26 15:54:25,33.47,易动力科技有限公司科技公司,北京市佛山县合川香港街U座 292593,沈阳县,广西壮族自治区,104016,中国,易动力科技有限公司科技公司,张,丹丹,韵达快递,Order
706,2025-06-27 02:12:33,2025-07-11 02:12:33,2025-06-28 02:12:33,50.57,通际名联科技有限公司金融科技,黑龙江省利县江北曹路r座 182732,济南市,台湾省,380850,中国,通际名联科技有限公司金融科技,欧,娜,圆通速递,Order
707,2024-06-17 19:50:47,2024-06-20 19:50:47,2024-06-20 19:50:47,259.83,商软冠联传媒有限公司智能科技,甘肃省阜新县江北白路G座 114919,太原县,黑龙江省,500377,中国,商软冠联传媒有限公司智能科技,陈,杨,中通快递,Order
708,2025-11-30 21:23:46,2025-12-09 21:23:46,,215.91,MBP软件网络有限公司移动应用开发,青海省颖县山亭西安路G座 992594,辛集市,重庆市,516137,中国,MBP软件网络有限公司移动应用开发,彭,桂荣,圆通速递,Order
709,2024-06-07 05:05:31,2024-06-21 05:05:31,2024-06-11 05:05:31,42.59,国讯网络有限公司移动应用开发,甘肃省芳市东丽游街c座 967469,文市,浙江省,216352,中国,国讯网络有限公司移动应用开发,李,玉珍,韵达快递,Order
710,2026-05-09 15:05:56,2026-05-18 15:05:56,2026-05-12 15:05:56,371.73,创亿网络有限公司移动应用开发,陕西省慧市西夏李街d座 273215,楠市,贵州省,437029,中国,创亿网络有限公司移动应用开发,林,峰,天天快递,Order
711,2025-07-22 07:57:47,2025-07-27 07:57:47,2025-07-23 07:57:47,95.06,时空盒数字传媒有限公司大数据分析,湖北省梧州县锡山周路M座 618236,巢湖市,贵州省,903078,中国,时空盒数字传媒有限公司大数据分析,林,磊,邮政EMS,Order
712,2025-04-25 03:45:23,2025-04-30 03:45:23,2025-04-30 03:45:23,482.22,富罳科技有限公司生物科技,青海省贵阳市友好范街A座 611700,想县,甘肃省,415348,中国,富罳科技有限公司生物科技,张,帅,京东物流,Order
713,2025-10-21 15:04:18,2025-11-04 15:04:18,2025-10-22 15:04:18,174.93,银嘉科技有限公司云计算,北京市强县牧野惠州路G座 671226,重庆县,云南省,471017,中国,银嘉科技有限公司云计算,李,玉珍,圆通速递,Order
714,2025-10-18 06:51:15,2025-10-28 06:51:15,2025-10-22 06:51:15,221.91,七喜传媒有限公司人工智能,澳门特别行政区磊市门头沟柳州街Z座 473892,丽华县,西藏自治区,358472,中国,七喜传媒有限公司人工智能,曹,洁,申通快递,Order
715,2025-11-09 08:51:15,2025-11-12 08:51:15,,154.23,网新恒天科技有限公司数字科技,青海省佛山县平山辽阳路l座 730177,秀梅县,山东省,267399,中国,网新恒天科技有限公司数字科技,王,倩,邮政EMS,Order
716,2024-07-02 14:03:32,2024-07-08 14:03:32,2024-07-05 14:03:32,217.92,创亿网络有限公司金融科技,浙江省台北县六枝特张家港路l座 913606,重庆市,湖南省,684944,中国,创亿网络有限公司金融科技,田,桂荣,邮政EMS,Order
717,2025-10-15 11:41:17,2025-10-26 11:41:17,2025-10-20 11:41:17,289.39,创联世纪信息有限公司移动应用开发,云南省深圳县金平拉萨街l座 585241,福州县,四川省,101164,中国,创联世纪信息有限公司移动应用开发,欧,娜,德邦物流,Order
718,2024-07-25 11:01:36,2024-07-31 11:01:36,2024-07-26 11:01:36,481.94,时刻网络有限公司信息技术,辽宁省长春县高港大冶街E座 299146,梅县,山西省,257161,中国,时刻网络有限公司信息技术,陈,杨,圆通速递,Order
719,2025-06-12 06:13:45,2025-06-18 06:13:45,2025-06-17 06:13:45,38.24,太极信息有限公司互联网服务,江苏省六盘水县清浦黄街g座 440842,海门市,福建省,737845,中国,太极信息有限公司互联网服务,王,雪,圆通速递,Order
720,2026-05-13 07:29:16,2026-05-16 07:29:16,2026-05-18 07:29:16,432.9,和泰网络有限公司电子商务,山东省台北市南湖刘路G座 282213,玲市,江苏省,453351,中国,和泰网络有限公司电子商务,王,倩,德邦物流,Order
721,2025-05-25 22:27:32,2025-06-03 22:27:32,2025-05-28 22:27:32,156.14,恩悌传媒有限公司虚拟现实,广西壮族自治区哈尔滨县房山辛集路N座 896046,南昌县,甘肃省,203154,中国,恩悌传媒有限公司虚拟现实,林,峰,韵达快递,Order
722,2024-11-23 00:13:48,2024-12-07 00:13:48,2024-11-28 00:13:48,70.18,毕博诚信息有限公司信息技术,天津市颖县华龙武街i座 729878,柳州县,贵州省,534760,中国,毕博诚信息有限公司信息技术,徐,艳,韵达快递,Order
723,2026-01-05 04:44:31,2026-01-10 04:44:31,2026-01-08 04:44:31,65.92,南康传媒有限公司生物科技,广西壮族自治区汕尾县兴山王街m座 315775,贵阳市,吉林省,458093,中国,南康传媒有限公司生物科技,张,帅,京东物流,Order
724,2024-08-03 02:09:54,2024-08-15 02:09:54,2024-08-05 02:09:54,261.37,精芯网络有限公司互联网服务,河北省南京市翔安朱路w座 386632,马鞍山县,广东省,526423,中国,精芯网络有限公司互联网服务,王,斌,韵达快递,Order
725,2025-02-13 08:43:32,2025-02-19 08:43:32,2025-02-18 08:43:32,204.9,泰麒麟信息有限公司人工智能,广东省想市新城曾路g座 582475,香港县,广西壮族自治区,358806,中国,泰麒麟信息有限公司人工智能,王,建平,邮政EMS,Order
726,2025-05-06 22:20:38,2025-05-16 22:20:38,2025-05-09 22:20:38,353.5,鑫博腾飞科技有限公司电子商务,吉林省英市海陵李街x座 709778,英县,江西省,294218,中国,鑫博腾飞科技有限公司电子商务,江,凤兰,中通快递,Order
727,2024-10-02 23:47:40,2024-10-06 23:47:40,2024-10-07 23:47:40,453.25,兰金电子传媒有限公司生物科技,广西壮族自治区香港县六枝特郭路r座 722655,桂香县,广西壮族自治区,205167,中国,兰金电子传媒有限公司生物科技,张,帅,百世快递,Order
728,2024-10-20 22:18:19,2024-10-27 22:18:19,,46.0,南康网络有限公司互联网服务,天津市潜江县沈河太原路A座 620715,敏市,福建省,403615,中国,南康网络有限公司互联网服务,李,玉珍,天天快递,Order
729,2024-10-16 20:02:29,2024-10-24 20:02:29,2024-10-20 20:02:29,242.06,商软冠联传媒有限公司智能科技,甘肃省阜新县江北白路G座 114919,太原县,黑龙江省,500377,中国,商软冠联传媒有限公司智能科技,张,刚,韵达快递,Order
730,2024-10-29 22:44:33,2024-11-10 22:44:33,2024-11-03 22:44:33,205.27,浦华众城信息有限公司虚拟现实,新疆维吾尔自治区福州市翔安李路i座 712866,大冶市,广东省,992649,中国,浦华众城信息有限公司虚拟现实,王,雪,邮政EMS,Order
731,2025-04-27 14:30:23,2025-05-06 14:30:23,2025-04-29 14:30:23,14.31,MBP软件科技有限公司信息技术,安徽省瑞市西夏高路i座 571615,丽华县,宁夏回族自治区,300387,中国,MBP软件科技有限公司信息技术,赵,晨,邮政EMS,Order
732,2025-07-15 11:44:03,2025-07-19 11:44:03,,280.16,巨奥科技有限公司信息技术,辽宁省兵县门头沟黄路R座 339119,峰县,河南省,970735,中国,巨奥科技有限公司信息技术,曲,桂花,申通快递,Order
733,2024-11-28 08:22:36,2024-12-11 08:22:36,2024-12-03 08:22:36,222.2,方正科技科技有限公司互联网服务,新疆维吾尔自治区莉县牧野王路L座 235814,宁德市,湖南省,575121,中国,方正科技科技有限公司互联网服务,林,磊,京东物流,Order
734,2024-09-07 10:44:09,2024-09-12 10:44:09,2024-09-08 10:44:09,494.28,巨奥科技有限公司信息技术,辽宁省兵县门头沟黄路R座 339119,峰县,河南省,970735,中国,巨奥科技有限公司信息技术,曹,洁,韵达快递,Order
735,2025-11-09 21:55:50,2025-11-19 21:55:50,,250.43,易动力网络有限公司信息技术,山西省广州县淄川王路j座 894925,英县,山东省,228414,中国,易动力网络有限公司信息技术,徐,艳,中通快递,Order
736,2025-12-31 20:41:27,2026-01-14 20:41:27,,341.07,迪摩科技有限公司电子商务,吉林省香港市白云沈街W座 138703,福州县,海南省,133740,中国,迪摩科技有限公司电子商务,张,刚,圆通速递,Order
737,2025-04-05 22:40:08,2025-04-08 22:40:08,2025-04-06 22:40:08,481.31,浦华众城信息有限公司虚拟现实,新疆维吾尔自治区福州市翔安李路i座 712866,大冶市,广东省,992649,中国,浦华众城信息有限公司虚拟现实,王,斌,百世快递,Order
738,2024-09-29 09:34:04,2024-10-06 09:34:04,2024-09-30 09:34:04,58.56,合联电子科技有限公司网络安全,新疆维吾尔自治区波市牧野潜江街w座 187520,沈阳县,江苏省,734012,中国,合联电子科技有限公司网络安全,徐,艳,邮政EMS,Order
739,2025-10-06 22:13:22,2025-10-18 22:13:22,2025-10-07 22:13:22,447.7,易动力信息有限公司网络安全,青海省宜都县合川朱路g座 383744,斌县,江西省,652523,中国,易动力信息有限公司网络安全,林,磊,中通快递,Order
740,2025-06-28 17:21:35,2025-07-12 17:21:35,2025-07-01 17:21:35,170.47,商软冠联网络有限公司信息技术,福建省兴城县白云赵街c座 153695,梅市,海南省,737913,中国,商软冠联网络有限公司信息技术,陈,杨,百世快递,Order
741,2026-05-12 00:11:16,2026-05-23 00:11:16,,122.12,易动力科技有限公司人工智能,宁夏回族自治区强县黄浦张路s座 615830,桂兰县,广西壮族自治区,372804,中国,易动力科技有限公司人工智能,曹,洁,申通快递,Order
742,2024-09-27 23:28:50,2024-10-11 23:28:50,2024-10-01 23:28:50,237.49,襄樊地球村信息有限公司物联网,云南省婷婷县高明王路e座 823469,丽娟市,四川省,603957,中国,襄樊地球村信息有限公司物联网,陈,杨,圆通速递,Order
743,2026-03-28 10:51:33,2026-04-11 10:51:33,,355.06,毕博诚信息有限公司信息技术,天津市颖县华龙武街i座 729878,柳州县,贵州省,534760,中国,毕博诚信息有限公司信息技术,薛,洋,天天快递,Order
744,2024-07-15 03:17:17,2024-07-21 03:17:17,2024-07-19 03:17:17,187.6,超艺网络有限公司人工智能,四川省梅市高明潮州路u座 815912,武汉市,四川省,103035,中国,超艺网络有限公司人工智能,田,桂荣,德邦物流,Order
745,2024-10-08 21:34:09,2024-10-13 21:34:09,2024-10-11 21:34:09,184.29,南康传媒有限公司生物科技,广西壮族自治区汕尾县兴山王街m座 315775,贵阳市,吉林省,458093,中国,南康传媒有限公司生物科技,田,桂荣,顺丰速运,Order
746,2025-06-04 05:54:44,2025-06-18 05:54:44,2025-06-07 05:54:44,355.74,良诺信息有限公司生物科技,云南省雷市东城巫街s座 382268,红市,海南省,562035,中国,良诺信息有限公司生物科技,彭,桂荣,德邦物流,Order
747,2025-04-09 01:05:02,2025-04-21 01:05:02,2025-04-14 01:05:02,480.78,鑫博腾飞科技有限公司电子商务,吉林省英市海陵李街x座 709778,英县,江西省,294218,中国,鑫博腾飞科技有限公司电子商务,张,刚,顺丰速运,Order
748,2024-11-19 11:02:59,2024-11-28 11:02:59,2024-11-24 11:02:59,375.44,国讯科技有限公司金融科技,广东省俊县锡山海门路g座 967844,金凤市,江西省,230194,中国,国讯科技有限公司金融科技,林,峰,圆通速递,Order
749,2025-08-08 07:37:40,2025-08-13 07:37:40,2025-08-11 07:37:40,42.43,新宇龙信息科技有限公司电子商务,宁夏回族自治区大冶市梁平鲁路j座 404484,磊县,辽宁省,988357,中国,新宇龙信息科技有限公司电子商务,张,帅,天天快递,Order
750,2025-02-26 06:16:16,2025-03-09 06:16:16,2025-03-01 06:16:16,84.72,精芯网络有限公司互联网服务,河北省南京市翔安朱路w座 386632,马鞍山县,广东省,526423,中国,精芯网络有限公司互联网服务,彭,桂荣,天天快递,Order
751,2025-03-16 05:51:59,2025-03-30 05:51:59,2025-03-21 05:51:59,20.32,南康网络有限公司互联网服务,天津市潜江县沈河太原路A座 620715,敏市,福建省,403615,中国,南康网络有限公司互联网服务,徐,艳,申通快递,Order
752,2026-02-08 01:39:53,2026-02-22 01:39:53,2026-02-13 01:39:53,135.44,方正科技科技有限公司互联网服务,新疆维吾尔自治区莉县牧野王路L座 235814,宁德市,湖南省,575121,中国,方正科技科技有限公司互联网服务,江,凤兰,天天快递,Order
753,2024-10-23 09:22:31,2024-11-04 09:22:31,2024-10-26 09:22:31,278.94,新宇龙信息科技有限公司电子商务,宁夏回族自治区大冶市梁平鲁路j座 404484,磊县,辽宁省,988357,中国,新宇龙信息科技有限公司电子商务,林,磊,邮政EMS,Order
754,2025-09-22 01:55:58,2025-10-03 01:55:58,2025-09-23 01:55:58,163.75,通际名联科技有限公司金融科技,黑龙江省利县江北曹路r座 182732,济南市,台湾省,380850,中国,通际名联科技有限公司金融科技,薛,洋,顺丰速运,Order
755,2025-02-04 21:47:58,2025-02-08 21:47:58,2025-02-09 21:47:58,208.53,鑫博腾飞科技有限公司电子商务,吉林省英市海陵李街x座 709778,英县,江西省,294218,中国,鑫博腾飞科技有限公司电子商务,薛,洋,顺丰速运,Order
756,2026-04-20 00:20:39,2026-05-02 00:20:39,2026-04-23 00:20:39,125.26,MBP软件网络有限公司移动应用开发,青海省颖县山亭西安路G座 992594,辛集市,重庆市,516137,中国,MBP软件网络有限公司移动应用开发,薛,洋,百世快递,Order
757,2025-11-13 11:48:11,2025-11-23 11:48:11,2025-11-14 11:48:11,292.44,中建创业信息有限公司虚拟现实,黑龙江省天津县清浦贵阳路S座 666651,冬梅县,内蒙古自治区,866120,中国,中建创业信息有限公司虚拟现实,江,凤兰,邮政EMS,Order
758,2025-05-31 07:08:29,2025-06-12 07:08:29,2025-06-02 07:08:29,457.52,开发区世创科技有限公司科技公司,浙江省香港县翔安潮州街E座 459811,嘉禾市,黑龙江省,948902,中国,开发区世创科技有限公司科技公司,林,峰,申通快递,Order
759,2025-10-16 21:46:00,2025-10-24 21:46:00,,20.96,太极信息有限公司互联网服务,江苏省六盘水县清浦黄街g座 440842,海门市,福建省,737845,中国,太极信息有限公司互联网服务,田,桂荣,百世快递,Order
760,2024-11-26 15:26:17,2024-12-10 15:26:17,2024-11-28 15:26:17,389.38,MBP软件科技有限公司信息技术,安徽省瑞市西夏高路i座 571615,丽华县,宁夏回族自治区,300387,中国,MBP软件科技有限公司信息技术,陈,杨,京东物流,Order
761,2024-10-15 18:53:18,2024-10-18 18:53:18,2024-10-19 18:53:18,470.25,通际名联科技有限公司金融科技,黑龙江省利县江北曹路r座 182732,济南市,台湾省,380850,中国,通际名联科技有限公司金融科技,田,桂荣,天天快递,Order
762,2026-05-27 20:00:50,2026-06-02 20:00:50,2026-05-29 20:00:50,347.26,维涛传媒有限公司云计算,内蒙古自治区上海市海陵武汉路o座 271535,秀华县,宁夏回族自治区,490120,中国,维涛传媒有限公司云计算,李,玉珍,中通快递,Order
763,2024-09-07 19:13:59,2024-09-17 19:13:59,,235.92,良诺信息有限公司生物科技,云南省雷市东城巫街s座 382268,红市,海南省,562035,中国,良诺信息有限公司生物科技,王,雪,申通快递,Order
764,2025-11-22 02:21:50,2025-12-04 02:21:50,2025-11-23 02:21:50,321.64,时空盒数字传媒有限公司大数据分析,湖北省梧州县锡山周路M座 618236,巢湖市,贵州省,903078,中国,时空盒数字传媒有限公司大数据分析,彭,桂荣,京东物流,Order
765,2024-12-13 13:37:02,2024-12-19 13:37:02,2024-12-18 13:37:02,305.43,网新恒天科技有限公司数字科技,青海省佛山县平山辽阳路l座 730177,秀梅县,山东省,267399,中国,网新恒天科技有限公司数字科技,张,帅,百世快递,Order
766,2024-06-18 08:03:47,2024-06-26 08:03:47,2024-06-21 08:03:47,346.74,飞海科技传媒有限公司信息技术,河北省楠县南湖胡街i座 304050,济南市,吉林省,373811,中国,飞海科技传媒有限公司信息技术,曲,桂花,圆通速递,Order
767,2026-01-24 22:02:46,2026-01-29 22:02:46,2026-01-27 22:02:46,366.28,时空盒数字传媒有限公司大数据分析,湖北省梧州县锡山周路M座 618236,巢湖市,贵州省,903078,中国,时空盒数字传媒有限公司大数据分析,欧,娜,百世快递,Order
768,2025-10-22 11:40:16,2025-10-31 11:40:16,,41.92,商软冠联传媒有限公司智能科技,甘肃省阜新县江北白路G座 114919,太原县,黑龙江省,500377,中国,商软冠联传媒有限公司智能科技,王,斌,天天快递,Order
769,2024-10-09 04:57:58,2024-10-17 04:57:58,,41.06,泰麒麟信息有限公司人工智能,广东省想市新城曾路g座 582475,香港县,广西壮族自治区,358806,中国,泰麒麟信息有限公司人工智能,赵,晨,申通快递,Order
770,2025-05-15 06:13:21,2025-05-22 06:13:21,2025-05-16 06:13:21,240.99,创亿网络有限公司金融科技,浙江省台北县六枝特张家港路l座 913606,重庆市,湖南省,684944,中国,创亿网络有限公司金融科技,张,刚,百世快递,Order
771,2025-01-24 15:27:22,2025-02-05 15:27:22,,436.8,网新恒天网络有限公司生物科技,山东省贵阳县上街蔡路H座 193448,秀珍县,湖南省,879752,中国,网新恒天网络有限公司生物科技,王,倩,天天快递,Order
772,2024-10-21 20:01:59,2024-10-25 20:01:59,2024-10-23 20:01:59,316.23,东方峻景传媒有限公司金融科技,江西省利市东城任街V座 970735,海门县,湖南省,667608,中国,东方峻景传媒有限公司金融科技,薛,洋,百世快递,Order
773,2025-10-09 13:31:16,2025-10-18 13:31:16,2025-10-12 13:31:16,111.95,襄樊地球村网络有限公司智能科技,安徽省畅县房山郑路w座 157129,坤县,内蒙古自治区,951957,中国,襄樊地球村网络有限公司智能科技,王,建平,圆通速递,Order
774,2024-10-01 19:36:31,2024-10-05 19:36:31,2024-10-03 19:36:31,108.63,襄樊地球村网络有限公司智能科技,安徽省畅县房山郑路w座 157129,坤县,内蒙古自治区,951957,中国,襄樊地球村网络有限公司智能科技,张,丹丹,天天快递,Order
775,2025-09-13 15:01:10,2025-09-27 15:01:10,,419.59,银嘉网络有限公司云计算,四川省秀华县金平合山街C座 522476,杨县,江苏省,112129,中国,银嘉网络有限公司云计算,田,桂荣,韵达快递,Order
776,2025-11-20 15:59:01,2025-12-01 15:59:01,2025-11-21 15:59:01,13.21,精芯网络有限公司互联网服务,河北省南京市翔安朱路w座 386632,马鞍山县,广东省,526423,中国,精芯网络有限公司互联网服务,彭,桂荣,中通快递,Order
777,2025-01-11 07:19:34,2025-01-15 07:19:34,,364.97,天开传媒有限公司网络安全,香港特别行政区澳门市清浦许路G座 380354,芳市,云南省,252621,中国,天开传媒有限公司网络安全,林,峰,京东物流,Order
778,2026-03-18 08:22:46,2026-03-26 08:22:46,2026-03-19 08:22:46,33.23,七喜传媒有限公司人工智能,澳门特别行政区磊市门头沟柳州街Z座 473892,丽华县,西藏自治区,358472,中国,七喜传媒有限公司人工智能,张,帅,中通快递,Order
779,2026-06-03 09:04:55,2026-06-14 09:04:55,2026-06-05 09:04:55,449.57,银嘉科技有限公司云计算,北京市强县牧野惠州路G座 671226,重庆县,云南省,471017,中国,银嘉科技有限公司云计算,王,雪,天天快递,Order
780,2024-08-04 01:24:57,2024-08-08 01:24:57,2024-08-06 01:24:57,367.43,襄樊地球村信息有限公司物联网,云南省婷婷县高明王路e座 823469,丽娟市,四川省,603957,中国,襄樊地球村信息有限公司物联网,王,斌,圆通速递,Order
781,2024-10-31 01:13:01,2024-11-07 01:13:01,2024-11-01 01:13:01,94.12,银嘉网络有限公司云计算,四川省秀华县金平合山街C座 522476,杨县,江苏省,112129,中国,银嘉网络有限公司云计算,江,凤兰,百世快递,Order
782,2025-09-13 03:21:44,2025-09-22 03:21:44,2025-09-16 03:21:44,439.58,网新恒天网络有限公司生物科技,山东省贵阳县上街蔡路H座 193448,秀珍县,湖南省,879752,中国,网新恒天网络有限公司生物科技,王,建平,邮政EMS,Order
783,2025-08-11 19:33:09,2025-08-21 19:33:09,,438.7,银嘉科技有限公司科技公司,山东省深圳县孝南黄街c座 290750,秀荣市,宁夏回族自治区,662554,中国,银嘉科技有限公司科技公司,田,桂荣,圆通速递,Order
784,2024-06-17 01:18:47,2024-06-25 01:18:47,2024-06-19 01:18:47,340.63,巨奥网络有限公司金融科技,陕西省慧市锡山王街R座 594310,明市,天津市,692056,中国,巨奥网络有限公司金融科技,李,玉珍,申通快递,Order
785,2024-06-16 10:07:33,2024-06-26 10:07:33,2024-06-17 10:07:33,30.92,易动力信息有限公司物联网,辽宁省嘉禾县沈河六安街A座 771273,佛山县,贵州省,255410,中国,易动力信息有限公司物联网,王,斌,邮政EMS,Order
786,2026-05-05 15:04:37,2026-05-16 15:04:37,2026-05-06 15:04:37,412.22,明腾传媒有限公司金融科技,天津市阜新县城东吴街m座 830793,齐齐哈尔县,香港特别行政区,636849,中国,明腾传媒有限公司金融科技,林,磊,邮政EMS,Order
787,2026-02-19 20:18:32,2026-02-27 20:18:32,2026-02-22 20:18:32,261.98,凌云信息有限公司虚拟现实,香港特别行政区福州市城北太原街O座 751024,秀珍县,福建省,531973,中国,凌云信息有限公司虚拟现实,张,丹丹,百世快递,Order
788,2024-06-21 15:21:04,2024-06-29 15:21:04,2024-06-23 15:21:04,415.02,图龙信息网络有限公司云计算,湖南省兰州县丰都张街B座 954217,宁德市,福建省,905170,中国,图龙信息网络有限公司云计算,欧,娜,天天快递,Order
789,2026-02-09 21:11:41,2026-02-22 21:11:41,2026-02-14 21:11:41,422.93,易动力传媒有限公司生物科技,河南省贵阳县兴山广州路A座 729306,伟市,陕西省,802027,中国,易动力传媒有限公司生物科技,彭,桂荣,圆通速递,Order
790,2024-10-19 20:05:28,2024-10-29 20:05:28,2024-10-20 20:05:28,305.44,明腾传媒有限公司互联网服务,澳门特别行政区呼和浩特市沈北新曲街v座 733015,邯郸市,天津市,144183,中国,明腾传媒有限公司互联网服务,欧,娜,百世快递,Order
791,2025-02-19 01:53:52,2025-02-22 01:53:52,,491.65,超艺网络有限公司人工智能,四川省梅市高明潮州路u座 815912,武汉市,四川省,103035,中国,超艺网络有限公司人工智能,徐,艳,德邦物流,Order
792,2025-10-16 07:48:25,2025-10-20 07:48:25,,417.09,万迅电脑信息有限公司科技公司,澳门特别行政区沈阳市秀英向路j座 232419,洋县,宁夏回族自治区,487088,中国,万迅电脑信息有限公司科技公司,张,丹丹,天天快递,Order
793,2024-08-20 23:20:53,2024-09-03 23:20:53,2024-08-25 23:20:53,148.18,凌云信息有限公司虚拟现实,香港特别行政区福州市城北太原街O座 751024,秀珍县,福建省,531973,中国,凌云信息有限公司虚拟现实,王,雪,申通快递,Order
794,2025-10-05 06:29:12,2025-10-16 06:29:12,2025-10-08 06:29:12,369.48,和泰网络有限公司电子商务,山东省台北市南湖刘路G座 282213,玲市,江苏省,453351,中国,和泰网络有限公司电子商务,徐,艳,德邦物流,Order
795,2025-12-28 13:37:52,2026-01-06 13:37:52,,467.77,开发区世创科技有限公司科技公司,浙江省香港县翔安潮州街E座 459811,嘉禾市,黑龙江省,948902,中国,开发区世创科技有限公司科技公司,薛,洋,德邦物流,Order
796,2025-07-10 15:43:17,2025-07-23 15:43:17,,31.93,明腾科技有限公司区块链技术,河南省志强县城东杨路A座 853694,石家庄市,安徽省,450779,中国,明腾科技有限公司区块链技术,张,丹丹,申通快递,Order
797,2025-11-30 14:12:49,2025-12-14 14:12:49,2025-12-04 14:12:49,482.2,创亿网络有限公司金融科技,浙江省台北县六枝特张家港路l座 913606,重庆市,湖南省,684944,中国,创亿网络有限公司金融科技,张,丹丹,顺丰速运,Order
798,2026-06-02 09:20:46,2026-06-14 09:20:46,,269.72,快讯信息有限公司智能科技,山东省海口县龙潭杨街q座 232213,勇县,澳门特别行政区,384293,中国,快讯信息有限公司智能科技,田,桂荣,天天快递,Order
799,2025-01-02 19:21:46,2025-01-07 19:21:46,,330.87,浦华众城信息有限公司虚拟现实,新疆维吾尔自治区福州市翔安李路i座 712866,大冶市,广东省,992649,中国,浦华众城信息有限公司虚拟现实,曹,洁,圆通速递,Order
800,2025-12-29 13:18:55,2026-01-12 13:18:55,,70.07,毕博诚科技有限公司互联网服务,安徽省大冶县牧野汪路E座 856404,俊市,宁夏回族自治区,628200,中国,毕博诚科技有限公司互联网服务,张,丹丹,顺丰速运,Order
801,2025-02-07 14:11:37,2025-02-14 14:11:37,2025-02-11 14:11:37,19.77,时刻网络有限公司信息技术,辽宁省长春县高港大冶街E座 299146,梅县,山西省,257161,中国,时刻网络有限公司信息技术,林,峰,邮政EMS,Order
802,2026-02-28 15:33:33,2026-03-11 15:33:33,2026-03-04 15:33:33,25.9,天开网络有限公司金融科技,广东省长沙市黄浦荆门街a座 399073,南宁市,台湾省,787111,中国,天开网络有限公司金融科技,张,帅,韵达快递,Order
803,2026-02-21 21:33:30,2026-02-27 21:33:30,2026-02-26 21:33:30,283.44,易动力信息有限公司物联网,辽宁省嘉禾县沈河六安街A座 771273,佛山县,贵州省,255410,中国,易动力信息有限公司物联网,徐,艳,邮政EMS,Order
804,2024-10-16 01:12:08,2024-10-22 01:12:08,2024-10-17 01:12:08,477.02,南康传媒有限公司生物科技,广西壮族自治区汕尾县兴山王街m座 315775,贵阳市,吉林省,458093,中国,南康传媒有限公司生物科技,王,斌,邮政EMS,Order
805,2025-07-19 07:28:11,2025-07-22 07:28:11,2025-07-24 07:28:11,117.49,兰金电子传媒有限公司生物科技,广西壮族自治区香港县六枝特郭路r座 722655,桂香县,广西壮族自治区,205167,中国,兰金电子传媒有限公司生物科技,王,雪,百世快递,Order
806,2024-09-24 04:30:33,2024-10-03 04:30:33,2024-09-27 04:30:33,357.01,艾提科信传媒有限公司网络安全,西藏自治区凤兰县朝阳林街U座 372877,桂荣市,山西省,386526,中国,艾提科信传媒有限公司网络安全,林,磊,韵达快递,Order
807,2025-03-15 16:10:50,2025-03-28 16:10:50,2025-03-19 16:10:50,119.99,银嘉信息有限公司移动应用开发,河南省洋县门头沟张家港路q座 708953,荆门市,江西省,960045,中国,银嘉信息有限公司移动应用开发,田,桂荣,中通快递,Order
808,2024-11-17 19:27:28,2024-11-30 19:27:28,,83.81,通际名联科技有限公司金融科技,黑龙江省利县江北曹路r座 182732,济南市,台湾省,380850,中国,通际名联科技有限公司金融科技,张,帅,圆通速递,Order
809,2025-09-06 05:05:38,2025-09-11 05:05:38,,489.92,中建创业网络有限公司移动应用开发,江西省辛集县沈北新昆明街r座 719259,辽阳县,台湾省,639438,中国,中建创业网络有限公司移动应用开发,薛,洋,中通快递,Order
810,2026-04-26 12:49:30,2026-05-04 12:49:30,,12.34,良诺信息有限公司网络安全,四川省西安市魏都邓路Q座 814705,潮州市,内蒙古自治区,453855,中国,良诺信息有限公司网络安全,王,倩,顺丰速运,Order
811,2025-05-03 02:59:05,2025-05-07 02:59:05,2025-05-05 02:59:05,295.7,商软冠联网络有限公司信息技术,福建省兴城县白云赵街c座 153695,梅市,海南省,737913,中国,商软冠联网络有限公司信息技术,薛,洋,顺丰速运,Order
812,2025-05-16 14:42:10,2025-05-20 14:42:10,2025-05-21 14:42:10,164.21,商软冠联网络有限公司信息技术,福建省兴城县白云赵街c座 153695,梅市,海南省,737913,中国,商软冠联网络有限公司信息技术,林,磊,圆通速递,Order
813,2024-11-26 23:03:12,2024-12-05 23:03:12,2024-11-30 23:03:12,365.14,艾提科信传媒有限公司网络安全,西藏自治区凤兰县朝阳林街U座 372877,桂荣市,山西省,386526,中国,艾提科信传媒有限公司网络安全,林,峰,天天快递,Order
814,2025-07-16 19:10:11,2025-07-21 19:10:11,2025-07-17 19:10:11,400.08,时空盒数字传媒有限公司大数据分析,湖北省梧州县锡山周路M座 618236,巢湖市,贵州省,903078,中国,时空盒数字传媒有限公司大数据分析,林,磊,顺丰速运,Order
815,2024-11-20 21:47:11,2024-12-03 21:47:11,2024-11-23 21:47:11,383.78,易动力信息有限公司物联网,陕西省关岭县高坪淮安街k座 604446,齐齐哈尔市,贵州省,989116,中国,易动力信息有限公司物联网,徐,艳,顺丰速运,Order
816,2025-03-19 07:03:39,2025-04-02 07:03:39,2025-03-22 07:03:39,165.65,巨奥网络有限公司金融科技,陕西省慧市锡山王街R座 594310,明市,天津市,692056,中国,巨奥网络有限公司金融科技,曲,桂花,圆通速递,Order
817,2026-02-23 20:20:46,2026-03-03 20:20:46,2026-02-26 20:20:46,151.22,群英信息有限公司金融科技,山东省丽县长寿邯郸路S座 956071,昆明县,河南省,785495,中国,群英信息有限公司金融科技,林,峰,韵达快递,Order
818,2024-11-15 17:54:08,2024-11-26 17:54:08,2024-11-20 17:54:08,383.85,维旺明科技有限公司大数据分析,山东省雷县涪城王路f座 739633,杭州市,福建省,105798,中国,维旺明科技有限公司大数据分析,王,建平,申通快递,Order
819,2024-10-20 03:28:27,2024-10-23 03:28:27,2024-10-24 03:28:27,336.99,菊风公司传媒有限公司数字科技,广东省哈尔滨市高坪王路l座 274673,秀梅市,黑龙江省,610381,中国,菊风公司传媒有限公司数字科技,欧,娜,邮政EMS,Order
820,2025-02-11 21:01:17,2025-02-18 21:01:17,2025-02-13 21:01:17,222.87,东方峻景传媒有限公司金融科技,江西省利市东城任街V座 970735,海门县,湖南省,667608,中国,东方峻景传媒有限公司金融科技,欧,娜,顺丰速运,Order
821,2024-08-23 17:54:12,2024-08-30 17:54:12,,190.49,毕博诚科技有限公司互联网服务,安徽省大冶县牧野汪路E座 856404,俊市,宁夏回族自治区,628200,中国,毕博诚科技有限公司互联网服务,江,凤兰,天天快递,Order
822,2024-12-05 23:19:52,2024-12-09 23:19:52,2024-12-10 23:19:52,140.47,鸿睿思博传媒有限公司智能科技,浙江省柳州县安次李路G座 326030,武汉市,广西壮族自治区,986110,中国,鸿睿思博传媒有限公司智能科技,王,雪,天天快递,Order
823,2026-05-27 15:48:23,2026-06-07 15:48:23,,92.78,兰金电子科技有限公司区块链技术,吉林省齐齐哈尔县沈河深圳街p座 109059,南昌市,台湾省,701156,中国,兰金电子科技有限公司区块链技术,李,玉珍,京东物流,Order
824,2025-11-02 14:36:26,2025-11-06 14:36:26,,12.11,晖来计算机传媒有限公司云计算,广东省娟市孝南辽阳路I座 278094,郑州县,江苏省,370443,中国,晖来计算机传媒有限公司云计算,张,丹丹,百世快递,Order
825,2025-01-30 01:26:19,2025-02-05 01:26:19,2025-01-31 01:26:19,77.63,MBP软件科技有限公司信息技术,安徽省瑞市西夏高路i座 571615,丽华县,宁夏回族自治区,300387,中国,MBP软件科技有限公司信息技术,林,峰,中通快递,Order
826,2025-10-25 21:50:31,2025-10-31 21:50:31,2025-10-26 21:50:31,31.02,明腾传媒有限公司互联网服务,澳门特别行政区呼和浩特市沈北新曲街v座 733015,邯郸市,天津市,144183,中国,明腾传媒有限公司互联网服务,赵,晨,申通快递,Order
827,2025-07-29 06:10:23,2025-08-10 06:10:23,2025-07-31 06:10:23,80.6,创亿网络有限公司移动应用开发,陕西省慧市西夏李街d座 273215,楠市,贵州省,437029,中国,创亿网络有限公司移动应用开发,李,玉珍,百世快递,Order
828,2024-09-25 16:26:30,2024-10-08 16:26:30,2024-09-30 16:26:30,93.82,天开传媒有限公司网络安全,香港特别行政区澳门市清浦许路G座 380354,芳市,云南省,252621,中国,天开传媒有限公司网络安全,江,凤兰,中通快递,Order
829,2024-09-07 19:08:40,2024-09-11 19:08:40,2024-09-10 19:08:40,331.36,巨奥网络有限公司金融科技,陕西省慧市锡山王街R座 594310,明市,天津市,692056,中国,巨奥网络有限公司金融科技,王,建平,德邦物流,Order
830,2024-08-19 01:07:53,2024-08-30 01:07:53,,344.95,天开网络有限公司金融科技,广东省长沙市黄浦荆门街a座 399073,南宁市,台湾省,787111,中国,天开网络有限公司金融科技,陈,杨,中通快递,Order
831,2025-02-19 03:03:03,2025-02-28 03:03:03,,323.06,天开网络有限公司金融科技,广东省长沙市黄浦荆门街a座 399073,南宁市,台湾省,787111,中国,天开网络有限公司金融科技,欧,娜,韵达快递,Order
832,2025-03-21 03:09:53,2025-03-26 03:09:53,2025-03-22 03:09:53,496.95,盟新传媒有限公司大数据分析,甘肃省红县涪城董路q座 904897,辽阳县,安徽省,428336,中国,盟新传媒有限公司大数据分析,张,丹丹,邮政EMS,Order
833,2025-07-04 06:49:11,2025-07-15 06:49:11,2025-07-06 06:49:11,279.92,华泰通安科技有限公司网络安全,香港特别行政区桂兰市城东傅路b座 111143,玉梅市,台湾省,529077,中国,华泰通安科技有限公司网络安全,徐,艳,德邦物流,Order
834,2024-12-01 13:16:14,2024-12-07 13:16:14,2024-12-05 13:16:14,313.46,国讯网络有限公司移动应用开发,甘肃省芳市东丽游街c座 967469,文市,浙江省,216352,中国,国讯网络有限公司移动应用开发,王,斌,邮政EMS,Order
835,2025-09-14 11:18:40,2025-09-19 11:18:40,2025-09-18 11:18:40,242.87,创汇网络有限公司虚拟现实,北京市玉珍市朝阳赵路P座 508928,秀英市,福建省,862920,中国,创汇网络有限公司虚拟现实,张,丹丹,申通快递,Order
836,2026-02-13 04:28:28,2026-02-26 04:28:28,2026-02-15 04:28:28,137.87,合联电子科技有限公司网络安全,新疆维吾尔自治区波市牧野潜江街w座 187520,沈阳县,江苏省,734012,中国,合联电子科技有限公司网络安全,林,磊,韵达快递,Order
837,2025-01-03 12:15:00,2025-01-15 12:15:00,2025-01-07 12:15:00,416.53,万迅电脑信息有限公司科技公司,澳门特别行政区沈阳市秀英向路j座 232419,洋县,宁夏回族自治区,487088,中国,万迅电脑信息有限公司科技公司,张,帅,圆通速递,Order
838,2025-11-04 03:50:04,2025-11-07 03:50:04,,346.61,易动力信息有限公司物联网,辽宁省嘉禾县沈河六安街A座 771273,佛山县,贵州省,255410,中国,易动力信息有限公司物联网,王,斌,圆通速递,Order
839,2024-09-07 19:45:55,2024-09-16 19:45:55,2024-09-11 19:45:55,243.76,新宇龙信息传媒有限公司人工智能,澳门特别行政区合山县门头沟赵路X座 921614,张家港市,香港特别行政区,309847,中国,新宇龙信息传媒有限公司人工智能,林,峰,邮政EMS,Order
840,2025-07-06 09:52:24,2025-07-20 09:52:24,2025-07-07 09:52:24,365.93,兰金电子科技有限公司区块链技术,吉林省齐齐哈尔县沈河深圳街p座 109059,南昌市,台湾省,701156,中国,兰金电子科技有限公司区块链技术,张,帅,申通快递,Order
841,2025-01-05 00:30:04,2025-01-09 00:30:04,2025-01-10 00:30:04,384.85,晖来计算机传媒有限公司云计算,广东省娟市孝南辽阳路I座 278094,郑州县,江苏省,370443,中国,晖来计算机传媒有限公司云计算,江,凤兰,中通快递,Order
842,2025-05-14 04:38:13,2025-05-19 04:38:13,2025-05-17 04:38:13,173.02,鑫博腾飞科技有限公司电子商务,吉林省英市海陵李街x座 709778,英县,江西省,294218,中国,鑫博腾飞科技有限公司电子商务,林,峰,天天快递,Order
843,2026-03-02 10:57:26,2026-03-15 10:57:26,2026-03-04 10:57:26,163.46,通际名联科技有限公司金融科技,黑龙江省利县江北曹路r座 182732,济南市,台湾省,380850,中国,通际名联科技有限公司金融科技,王,斌,百世快递,Order
844,2025-09-02 03:26:14,2025-09-05 03:26:14,2025-09-03 03:26:14,38.82,维涛传媒有限公司云计算,内蒙古自治区上海市海陵武汉路o座 271535,秀华县,宁夏回族自治区,490120,中国,维涛传媒有限公司云计算,徐,艳,申通快递,Order
845,2024-06-21 21:22:59,2024-06-27 21:22:59,,482.89,凌云信息有限公司虚拟现实,香港特别行政区福州市城北太原街O座 751024,秀珍县,福建省,531973,中国,凌云信息有限公司虚拟现实,陈,杨,京东物流,Order
846,2025-09-23 22:36:23,2025-09-26 22:36:23,2025-09-26 22:36:23,287.57,图龙信息网络有限公司云计算,湖南省兰州县丰都张街B座 954217,宁德市,福建省,905170,中国,图龙信息网络有限公司云计算,赵,晨,京东物流,Order
847,2024-11-09 14:00:15,2024-11-17 14:00:15,2024-11-14 14:00:15,228.07,诺依曼软件传媒有限公司物联网,广东省重庆市沈北新深圳路t座 370139,华市,广西壮族自治区,558601,中国,诺依曼软件传媒有限公司物联网,林,磊,圆通速递,Order
848,2026-04-29 04:45:38,2026-05-13 04:45:38,,214.63,方正科技网络有限公司云计算,河北省乌鲁木齐县房山南路s座 690779,潮州县,福建省,956854,中国,方正科技网络有限公司云计算,徐,艳,京东物流,Order
849,2025-01-08 01:44:02,2025-01-13 01:44:02,2025-01-10 01:44:02,413.6,浦华众城信息有限公司虚拟现实,新疆维吾尔自治区福州市翔安李路i座 712866,大冶市,广东省,992649,中国,浦华众城信息有限公司虚拟现实,林,峰,韵达快递,Order
850,2025-11-01 21:23:23,2025-11-15 21:23:23,,284.89,方正科技网络有限公司云计算,河北省乌鲁木齐县房山南路s座 690779,潮州县,福建省,956854,中国,方正科技网络有限公司云计算,陈,杨,圆通速递,Order
851,2025-03-23 07:59:49,2025-04-02 07:59:49,2025-03-27 07:59:49,31.7,中建创业网络有限公司移动应用开发,江西省辛集县沈北新昆明街r座 719259,辽阳县,台湾省,639438,中国,中建创业网络有限公司移动应用开发,陈,杨,天天快递,Order
852,2026-01-02 21:16:50,2026-01-12 21:16:50,2026-01-04 21:16:50,26.18,MBP软件网络有限公司移动应用开发,青海省颖县山亭西安路G座 992594,辛集市,重庆市,516137,中国,MBP软件网络有限公司移动应用开发,王,雪,顺丰速运,Order
853,2026-04-11 10:14:55,2026-04-22 10:14:55,2026-04-14 10:14:55,165.55,巨奥传媒有限公司信息技术,重庆市燕市安次哈尔滨街x座 404214,辛集市,广东省,406351,中国,巨奥传媒有限公司信息技术,欧,娜,顺丰速运,Order
854,2025-10-15 15:20:55,2025-10-22 15:20:55,2025-10-19 15:20:55,419.43,迪摩科技有限公司电子商务,吉林省香港市白云沈街W座 138703,福州县,海南省,133740,中国,迪摩科技有限公司电子商务,徐,艳,邮政EMS,Order
855,2025-08-13 20:32:43,2025-08-25 20:32:43,2025-08-15 20:32:43,411.03,银嘉科技有限公司科技公司,山东省深圳县孝南黄街c座 290750,秀荣市,宁夏回族自治区,662554,中国,银嘉科技有限公司科技公司,张,帅,京东物流,Order
856,2025-12-27 21:50:41,2026-01-01 21:50:41,2025-12-29 21:50:41,237.18,恒聪百汇传媒有限公司虚拟现实,福建省兴城市高明邓街U座 898971,重庆市,河南省,796218,中国,恒聪百汇传媒有限公司虚拟现实,江,凤兰,京东物流,Order
857,2024-08-13 03:16:38,2024-08-24 03:16:38,2024-08-15 03:16:38,79.45,和泰网络有限公司电子商务,山东省台北市南湖刘路G座 282213,玲市,江苏省,453351,中国,和泰网络有限公司电子商务,欧,娜,中通快递,Order
858,2024-10-16 09:17:51,2024-10-25 09:17:51,2024-10-18 09:17:51,443.14,菊风公司传媒有限公司数字科技,广东省哈尔滨市高坪王路l座 274673,秀梅市,黑龙江省,610381,中国,菊风公司传媒有限公司数字科技,张,刚,圆通速递,Order
859,2025-02-09 00:59:47,2025-02-17 00:59:47,,192.43,明腾科技有限公司区块链技术,河南省志强县城东杨路A座 853694,石家庄市,安徽省,450779,中国,明腾科技有限公司区块链技术,欧,娜,德邦物流,Order
860,2024-09-13 04:36:51,2024-09-25 04:36:51,2024-09-14 04:36:51,81.61,创亿网络有限公司金融科技,浙江省台北县六枝特张家港路l座 913606,重庆市,湖南省,684944,中国,创亿网络有限公司金融科技,张,丹丹,韵达快递,Order
861,2025-06-15 21:20:15,2025-06-29 21:20:15,2025-06-19 21:20:15,445.22,维旺明科技有限公司大数据分析,山东省雷县涪城王路f座 739633,杭州市,福建省,105798,中国,维旺明科技有限公司大数据分析,薛,洋,百世快递,Order
862,2025-11-16 01:21:24,2025-11-19 01:21:24,2025-11-21 01:21:24,77.13,昊嘉信息有限公司信息技术,天津市伟县清城何路W座 931319,军县,辽宁省,815449,中国,昊嘉信息有限公司信息技术,林,峰,德邦物流,Order
863,2025-10-30 20:33:01,2025-11-09 20:33:01,2025-11-02 20:33:01,281.77,网新恒天科技有限公司数字科技,青海省佛山县平山辽阳路l座 730177,秀梅县,山东省,267399,中国,网新恒天科技有限公司数字科技,陈,杨,顺丰速运,Order
864,2025-06-17 06:16:23,2025-06-27 06:16:23,2025-06-21 06:16:23,211.52,时空盒数字信息有限公司智能科技,山东省巢湖县清浦缪街U座 742478,郑州县,陕西省,364545,中国,时空盒数字信息有限公司智能科技,王,建平,德邦物流,Order
865,2026-01-11 05:31:58,2026-01-25 05:31:58,2026-01-13 05:31:58,342.94,维涛科技有限公司网络安全,西藏自治区亮市清浦王街I座 399560,永安市,贵州省,583598,中国,维涛科技有限公司网络安全,张,帅,韵达快递,Order
866,2025-10-16 11:00:56,2025-10-24 11:00:56,,291.13,飞海科技传媒有限公司信息技术,河北省楠县南湖胡街i座 304050,济南市,吉林省,373811,中国,飞海科技传媒有限公司信息技术,薛,洋,天天快递,Order
867,2026-03-10 13:00:05,2026-03-18 13:00:05,2026-03-13 13:00:05,450.54,MBP软件网络有限公司移动应用开发,青海省颖县山亭西安路G座 992594,辛集市,重庆市,516137,中国,MBP软件网络有限公司移动应用开发,张,刚,申通快递,Order
868,2025-10-17 18:26:06,2025-10-31 18:26:06,2025-10-21 18:26:06,355.76,银嘉科技有限公司科技公司,山东省深圳县孝南黄街c座 290750,秀荣市,宁夏回族自治区,662554,中国,银嘉科技有限公司科技公司,曲,桂花,百世快递,Order
869,2025-02-25 03:22:35,2025-03-09 03:22:35,2025-02-28 03:22:35,370.43,鑫博腾飞科技有限公司电子商务,吉林省英市海陵李街x座 709778,英县,江西省,294218,中国,鑫博腾飞科技有限公司电子商务,林,磊,圆通速递,Order
870,2024-08-23 22:56:50,2024-08-29 22:56:50,2024-08-26 22:56:50,168.49,MBP软件网络有限公司移动应用开发,青海省颖县山亭西安路G座 992594,辛集市,重庆市,516137,中国,MBP软件网络有限公司移动应用开发,徐,艳,德邦物流,Order
871,2024-11-09 21:30:06,2024-11-21 21:30:06,2024-11-11 21:30:06,409.06,精芯传媒有限公司物联网,湖北省杭州市华龙宜都路G座 885926,武汉市,湖北省,378841,中国,精芯传媒有限公司物联网,王,建平,百世快递,Order
872,2026-03-28 14:33:25,2026-04-02 14:33:25,2026-04-02 14:33:25,423.01,恒聪百汇传媒有限公司虚拟现实,福建省兴城市高明邓街U座 898971,重庆市,河南省,796218,中国,恒聪百汇传媒有限公司虚拟现实,张,帅,邮政EMS,Order
873,2025-06-27 04:05:38,2025-07-08 04:05:38,2025-07-01 04:05:38,481.06,新宇龙信息传媒有限公司人工智能,澳门特别行政区合山县门头沟赵路X座 921614,张家港市,香港特别行政区,309847,中国,新宇龙信息传媒有限公司人工智能,王,倩,中通快递,Order
874,2025-08-27 20:51:18,2025-09-05 20:51:18,2025-08-29 20:51:18,179.84,鑫博腾飞科技有限公司电子商务,吉林省英市海陵李街x座 709778,英县,江西省,294218,中国,鑫博腾飞科技有限公司电子商务,林,峰,邮政EMS,Order
875,2024-11-03 02:53:23,2024-11-10 02:53:23,2024-11-04 02:53:23,12.1,万迅电脑信息有限公司科技公司,澳门特别行政区沈阳市秀英向路j座 232419,洋县,宁夏回族自治区,487088,中国,万迅电脑信息有限公司科技公司,曲,桂花,天天快递,Order
876,2024-09-09 18:59:48,2024-09-23 18:59:48,,271.68,银嘉信息有限公司移动应用开发,河南省洋县门头沟张家港路q座 708953,荆门市,江西省,960045,中国,银嘉信息有限公司移动应用开发,王,建平,德邦物流,Order
877,2026-04-09 20:03:41,2026-04-23 20:03:41,,315.33,盟新传媒有限公司大数据分析,甘肃省红县涪城董路q座 904897,辽阳县,安徽省,428336,中国,盟新传媒有限公司大数据分析,张,丹丹,韵达快递,Order
878,2025-11-26 09:05:30,2025-12-09 09:05:30,2025-11-29 09:05:30,274.15,图龙信息传媒有限公司数字科技,天津市梧州市安次彭路t座 336734,南昌市,江西省,117022,中国,图龙信息传媒有限公司数字科技,曲,桂花,韵达快递,Order
879,2026-04-03 07:02:22,2026-04-07 07:02:22,2026-04-05 07:02:22,384.34,时空盒数字信息有限公司智能科技,山东省巢湖县清浦缪街U座 742478,郑州县,陕西省,364545,中国,时空盒数字信息有限公司智能科技,欧,娜,京东物流,Order
880,2026-01-15 14:50:39,2026-01-26 14:50:39,2026-01-19 14:50:39,315.66,易动力信息有限公司网络安全,青海省宜都县合川朱路g座 383744,斌县,江西省,652523,中国,易动力信息有限公司网络安全,张,刚,韵达快递,Order
881,2025-09-21 08:31:55,2025-10-04 08:31:55,2025-09-25 08:31:55,193.77,兰金电子传媒有限公司生物科技,广西壮族自治区香港县六枝特郭路r座 722655,桂香县,广西壮族自治区,205167,中国,兰金电子传媒有限公司生物科技,薛,洋,天天快递,Order
882,2025-11-12 01:34:37,2025-11-23 01:34:37,2025-11-15 01:34:37,100.66,昊嘉信息有限公司信息技术,天津市伟县清城何路W座 931319,军县,辽宁省,815449,中国,昊嘉信息有限公司信息技术,王,建平,韵达快递,Order
883,2025-09-26 15:12:48,2025-10-08 15:12:48,2025-09-27 15:12:48,173.52,时刻网络有限公司信息技术,辽宁省长春县高港大冶街E座 299146,梅县,山西省,257161,中国,时刻网络有限公司信息技术,张,帅,天天快递,Order
884,2026-01-07 19:57:56,2026-01-14 19:57:56,,138.13,时空盒数字信息有限公司虚拟现实,湖南省杭州市清河柳州路s座 365953,荣市,海南省,934862,中国,时空盒数字信息有限公司虚拟现实,薛,洋,百世快递,Order
885,2024-06-17 21:01:29,2024-06-29 21:01:29,2024-06-18 21:01:29,368.57,创汇网络有限公司虚拟现实,北京市玉珍市朝阳赵路P座 508928,秀英市,福建省,862920,中国,创汇网络有限公司虚拟现实,欧,娜,圆通速递,Order
886,2024-11-11 01:37:51,2024-11-17 01:37:51,2024-11-14 01:37:51,272.31,东方峻景传媒有限公司金融科技,江西省利市东城任街V座 970735,海门县,湖南省,667608,中国,东方峻景传媒有限公司金融科技,江,凤兰,中通快递,Order
887,2025-06-09 09:09:50,2025-06-15 09:09:50,2025-06-10 09:09:50,236.89,维涛传媒有限公司云计算,内蒙古自治区上海市海陵武汉路o座 271535,秀华县,宁夏回族自治区,490120,中国,维涛传媒有限公司云计算,彭,桂荣,邮政EMS,Order
888,2025-04-16 17:13:46,2025-04-30 17:13:46,,344.08,群英信息有限公司金融科技,山东省丽县长寿邯郸路S座 956071,昆明县,河南省,785495,中国,群英信息有限公司金融科技,张,刚,顺丰速运,Order
889,2024-12-25 07:17:52,2025-01-03 07:17:52,2024-12-30 07:17:52,298.37,万迅电脑信息有限公司科技公司,澳门特别行政区沈阳市秀英向路j座 232419,洋县,宁夏回族自治区,487088,中国,万迅电脑信息有限公司科技公司,薛,洋,圆通速递,Order
890,2024-10-09 18:55:10,2024-10-14 18:55:10,2024-10-11 18:55:10,462.08,飞海科技传媒有限公司信息技术,河北省楠县南湖胡街i座 304050,济南市,吉林省,373811,中国,飞海科技传媒有限公司信息技术,林,峰,天天快递,Order
891,2026-04-24 13:51:22,2026-04-29 13:51:22,,426.65,商软冠联网络有限公司信息技术,福建省兴城县白云赵街c座 153695,梅市,海南省,737913,中国,商软冠联网络有限公司信息技术,徐,艳,申通快递,Order
892,2025-03-01 20:41:54,2025-03-11 20:41:54,2025-03-06 20:41:54,293.47,菊风公司传媒有限公司数字科技,广东省哈尔滨市高坪王路l座 274673,秀梅市,黑龙江省,610381,中国,菊风公司传媒有限公司数字科技,徐,艳,德邦物流,Order
893,2026-05-11 07:40:17,2026-05-19 07:40:17,2026-05-12 07:40:17,14.62,超艺网络有限公司人工智能,四川省梅市高明潮州路u座 815912,武汉市,四川省,103035,中国,超艺网络有限公司人工智能,曹,洁,顺丰速运,Order
894,2025-08-09 07:33:29,2025-08-18 07:33:29,2025-08-11 07:33:29,429.46,良诺信息有限公司生物科技,云南省雷市东城巫街s座 382268,红市,海南省,562035,中国,良诺信息有限公司生物科技,徐,艳,圆通速递,Order
895,2026-01-26 14:09:36,2026-02-03 14:09:36,,135.16,南康传媒有限公司生物科技,广西壮族自治区汕尾县兴山王街m座 315775,贵阳市,吉林省,458093,中国,南康传媒有限公司生物科技,王,倩,德邦物流,Order
896,2026-04-18 20:17:10,2026-05-01 20:17:10,2026-04-22 20:17:10,303.39,恩悌传媒有限公司虚拟现实,广西壮族自治区哈尔滨县房山辛集路N座 896046,南昌县,甘肃省,203154,中国,恩悌传媒有限公司虚拟现实,曹,洁,中通快递,Order
897,2024-11-30 08:51:09,2024-12-07 08:51:09,2024-12-02 08:51:09,233.23,海创网络有限公司生物科技,香港特别行政区雷市翔安赵街a座 431269,汕尾县,北京市,156019,中国,海创网络有限公司生物科技,李,玉珍,顺丰速运,Order
898,2025-01-26 23:46:02,2025-01-31 23:46:02,2025-01-29 23:46:02,485.46,精芯网络有限公司互联网服务,河北省南京市翔安朱路w座 386632,马鞍山县,广东省,526423,中国,精芯网络有限公司互联网服务,李,玉珍,申通快递,Order
899,2025-02-28 07:30:58,2025-03-10 07:30:58,2025-03-03 07:30:58,280.22,创亿网络有限公司金融科技,浙江省台北县六枝特张家港路l座 913606,重庆市,湖南省,684944,中国,创亿网络有限公司金融科技,欧,娜,京东物流,Order
900,2026-01-28 10:05:59,2026-02-04 10:05:59,2026-01-29 10:05:59,408.8,七喜传媒有限公司人工智能,澳门特别行政区磊市门头沟柳州街Z座 473892,丽华县,西藏自治区,358472,中国,七喜传媒有限公司人工智能,王,斌,百世快递,Order
901,2024-07-05 18:50:41,2024-07-11 18:50:41,2024-07-10 18:50:41,129.7,开发区世创科技有限公司科技公司,浙江省香港县翔安潮州街E座 459811,嘉禾市,黑龙江省,948902,中国,开发区世创科技有限公司科技公司,张,帅,圆通速递,Order
902,2026-04-24 09:38:22,2026-04-28 09:38:22,2026-04-27 09:38:22,403.41,易动力科技有限公司人工智能,宁夏回族自治区强县黄浦张路s座 615830,桂兰县,广西壮族自治区,372804,中国,易动力科技有限公司人工智能,林,峰,百世快递,Order
903,2026-02-01 18:10:11,2026-02-15 18:10:11,,119.95,天开网络有限公司金融科技,广东省长沙市黄浦荆门街a座 399073,南宁市,台湾省,787111,中国,天开网络有限公司金融科技,王,建平,圆通速递,Order
904,2024-07-07 21:36:05,2024-07-20 21:36:05,2024-07-08 21:36:05,325.46,新宇龙信息科技有限公司电子商务,宁夏回族自治区大冶市梁平鲁路j座 404484,磊县,辽宁省,988357,中国,新宇龙信息科技有限公司电子商务,赵,晨,顺丰速运,Order
905,2026-02-07 21:28:47,2026-02-21 21:28:47,2026-02-10 21:28:47,467.9,国讯网络有限公司移动应用开发,甘肃省芳市东丽游街c座 967469,文市,浙江省,216352,中国,国讯网络有限公司移动应用开发,王,雪,申通快递,Order
906,2026-02-06 22:04:33,2026-02-11 22:04:33,2026-02-07 22:04:33,281.79,创亿网络有限公司移动应用开发,陕西省慧市西夏李街d座 273215,楠市,贵州省,437029,中国,创亿网络有限公司移动应用开发,赵,晨,顺丰速运,Order
907,2025-10-25 15:50:43,2025-10-28 15:50:43,2025-10-30 15:50:43,276.61,商软冠联传媒有限公司智能科技,甘肃省阜新县江北白路G座 114919,太原县,黑龙江省,500377,中国,商软冠联传媒有限公司智能科技,张,帅,邮政EMS,Order
908,2025-07-25 02:10:13,2025-08-07 02:10:13,2025-07-29 02:10:13,486.3,易动力科技有限公司科技公司,北京市佛山县合川香港街U座 292593,沈阳县,广西壮族自治区,104016,中国,易动力科技有限公司科技公司,徐,艳,京东物流,Order
909,2024-10-07 05:10:06,2024-10-19 05:10:06,2024-10-09 05:10:06,410.8,明腾传媒有限公司互联网服务,澳门特别行政区呼和浩特市沈北新曲街v座 733015,邯郸市,天津市,144183,中国,明腾传媒有限公司互联网服务,徐,艳,百世快递,Order
910,2026-05-21 21:54:02,2026-05-24 21:54:02,2026-05-24 21:54:02,104.33,明腾传媒有限公司互联网服务,澳门特别行政区呼和浩特市沈北新曲街v座 733015,邯郸市,天津市,144183,中国,明腾传媒有限公司互联网服务,王,斌,圆通速递,Order
911,2026-03-05 13:42:57,2026-03-08 13:42:57,2026-03-08 13:42:57,147.81,东方峻景传媒有限公司金融科技,江西省利市东城任街V座 970735,海门县,湖南省,667608,中国,东方峻景传媒有限公司金融科技,薛,洋,百世快递,Order
912,2024-12-23 13:17:20,2025-01-01 13:17:20,2024-12-28 13:17:20,272.3,快讯信息有限公司智能科技,山东省海口县龙潭杨街q座 232213,勇县,澳门特别行政区,384293,中国,快讯信息有限公司智能科技,曲,桂花,中通快递,Order
913,2024-09-08 05:27:22,2024-09-22 05:27:22,2024-09-09 05:27:22,272.94,创汇网络有限公司虚拟现实,北京市玉珍市朝阳赵路P座 508928,秀英市,福建省,862920,中国,创汇网络有限公司虚拟现实,王,斌,中通快递,Order
914,2025-04-24 08:22:07,2025-05-08 08:22:07,2025-04-29 08:22:07,392.57,精芯网络有限公司互联网服务,河北省南京市翔安朱路w座 386632,马鞍山县,广东省,526423,中国,精芯网络有限公司互联网服务,王,倩,天天快递,Order
915,2025-04-04 10:27:49,2025-04-10 10:27:49,2025-04-07 10:27:49,128.21,恩悌传媒有限公司虚拟现实,广西壮族自治区哈尔滨县房山辛集路N座 896046,南昌县,甘肃省,203154,中国,恩悌传媒有限公司虚拟现实,王,雪,韵达快递,Order
916,2025-12-06 03:18:18,2025-12-16 03:18:18,,265.02,维涛科技有限公司网络安全,西藏自治区亮市清浦王街I座 399560,永安市,贵州省,583598,中国,维涛科技有限公司网络安全,赵,晨,申通快递,Order
917,2025-07-14 19:15:02,2025-07-17 19:15:02,2025-07-15 19:15:02,259.24,新宇龙信息科技有限公司电子商务,宁夏回族自治区大冶市梁平鲁路j座 404484,磊县,辽宁省,988357,中国,新宇龙信息科技有限公司电子商务,陈,杨,申通快递,Order
918,2025-07-12 16:21:27,2025-07-23 16:21:27,2025-07-13 16:21:27,171.12,方正科技网络有限公司云计算,河北省乌鲁木齐县房山南路s座 690779,潮州县,福建省,956854,中国,方正科技网络有限公司云计算,王,倩,京东物流,Order
919,2024-07-06 06:47:54,2024-07-14 06:47:54,2024-07-09 06:47:54,375.33,南康传媒有限公司生物科技,广西壮族自治区汕尾县兴山王街m座 315775,贵阳市,吉林省,458093,中国,南康传媒有限公司生物科技,徐,艳,德邦物流,Order
920,2026-04-14 23:05:13,2026-04-23 23:05:13,2026-04-15 23:05:13,16.18,东方峻景传媒有限公司金融科技,江西省利市东城任街V座 970735,海门县,湖南省,667608,中国,东方峻景传媒有限公司金融科技,李,玉珍,圆通速递,Order
921,2026-02-07 01:32:37,2026-02-19 01:32:37,2026-02-10 01:32:37,356.83,良诺信息有限公司生物科技,云南省雷市东城巫街s座 382268,红市,海南省,562035,中国,良诺信息有限公司生物科技,彭,桂荣,德邦物流,Order
922,2026-05-07 01:01:29,2026-05-15 01:01:29,2026-05-10 01:01:29,397.78,维涛传媒有限公司云计算,内蒙古自治区上海市海陵武汉路o座 271535,秀华县,宁夏回族自治区,490120,中国,维涛传媒有限公司云计算,陈,杨,邮政EMS,Order
923,2025-08-30 20:25:49,2025-09-12 20:25:49,2025-09-03 20:25:49,458.29,明腾传媒有限公司金融科技,天津市阜新县城东吴街m座 830793,齐齐哈尔县,香港特别行政区,636849,中国,明腾传媒有限公司金融科技,薛,洋,申通快递,Order
924,2025-02-05 11:57:10,2025-02-08 11:57:10,2025-02-08 11:57:10,264.34,快讯信息有限公司智能科技,山东省海口县龙潭杨街q座 232213,勇县,澳门特别行政区,384293,中国,快讯信息有限公司智能科技,欧,娜,邮政EMS,Order
925,2025-10-24 05:43:47,2025-11-04 05:43:47,2025-10-28 05:43:47,55.79,MBP软件科技有限公司信息技术,安徽省瑞市西夏高路i座 571615,丽华县,宁夏回族自治区,300387,中国,MBP软件科技有限公司信息技术,李,玉珍,申通快递,Order
926,2025-06-07 10:26:24,2025-06-20 10:26:24,2025-06-09 10:26:24,80.9,快讯信息有限公司智能科技,山东省海口县龙潭杨街q座 232213,勇县,澳门特别行政区,384293,中国,快讯信息有限公司智能科技,薛,洋,韵达快递,Order
927,2024-07-23 09:41:43,2024-07-31 09:41:43,,156.14,群英信息有限公司金融科技,山东省丽县长寿邯郸路S座 956071,昆明县,河南省,785495,中国,群英信息有限公司金融科技,李,玉珍,中通快递,Order
928,2025-02-19 18:54:16,2025-02-27 18:54:16,2025-02-22 18:54:16,199.51,商软冠联传媒有限公司大数据分析,湖北省强县新城古路N座 931706,玉珍县,澳门特别行政区,424628,中国,商软冠联传媒有限公司大数据分析,彭,桂荣,圆通速递,Order
929,2025-02-20 00:08:00,2025-02-28 00:08:00,2025-02-21 00:08:00,389.78,浦华众城网络有限公司信息技术,台湾省倩县涪城陈街U座 719485,浩市,四川省,990712,中国,浦华众城网络有限公司信息技术,曲,桂花,天天快递,Order
930,2026-05-19 13:26:14,2026-05-31 13:26:14,2026-05-24 13:26:14,71.82,巨奥网络有限公司金融科技,陕西省慧市锡山王街R座 594310,明市,天津市,692056,中国,巨奥网络有限公司金融科技,王,雪,百世快递,Order
931,2025-01-28 22:16:26,2025-02-11 22:16:26,2025-01-29 22:16:26,342.54,恩悌传媒有限公司虚拟现实,广西壮族自治区哈尔滨县房山辛集路N座 896046,南昌县,甘肃省,203154,中国,恩悌传媒有限公司虚拟现实,林,磊,顺丰速运,Order
932,2025-05-04 03:54:04,2025-05-14 03:54:04,2025-05-08 03:54:04,262.77,创亿网络有限公司金融科技,浙江省台北县六枝特张家港路l座 913606,重庆市,湖南省,684944,中国,创亿网络有限公司金融科技,张,帅,邮政EMS,Order
933,2024-11-20 01:19:45,2024-11-26 01:19:45,2024-11-21 01:19:45,137.31,快讯信息有限公司智能科技,山东省海口县龙潭杨街q座 232213,勇县,澳门特别行政区,384293,中国,快讯信息有限公司智能科技,江,凤兰,申通快递,Order
934,2025-04-05 20:07:56,2025-04-12 20:07:56,2025-04-06 20:07:56,419.75,昊嘉信息有限公司区块链技术,广东省莹县梁平李路D座 332586,雷市,天津市,614583,中国,昊嘉信息有限公司区块链技术,欧,娜,邮政EMS,Order
935,2025-12-02 20:28:59,2025-12-06 20:28:59,2025-12-03 20:28:59,488.25,良诺信息有限公司网络安全,四川省西安市魏都邓路Q座 814705,潮州市,内蒙古自治区,453855,中国,良诺信息有限公司网络安全,田,桂荣,德邦物流,Order
936,2025-09-25 05:20:59,2025-10-06 05:20:59,,177.04,天开传媒有限公司网络安全,香港特别行政区澳门市清浦许路G座 380354,芳市,云南省,252621,中国,天开传媒有限公司网络安全,王,建平,百世快递,Order
937,2026-03-22 17:26:46,2026-04-01 17:26:46,2026-03-25 17:26:46,453.51,易动力科技有限公司科技公司,北京市佛山县合川香港街U座 292593,沈阳县,广西壮族自治区,104016,中国,易动力科技有限公司科技公司,曹,洁,天天快递,Order
938,2026-05-28 00:16:17,2026-06-06 00:16:17,2026-05-29 00:16:17,436.26,晖来计算机传媒有限公司云计算,广东省娟市孝南辽阳路I座 278094,郑州县,江苏省,370443,中国,晖来计算机传媒有限公司云计算,欧,娜,中通快递,Order
939,2026-03-23 17:43:52,2026-04-04 17:43:52,2026-03-24 17:43:52,328.13,海创网络有限公司生物科技,香港特别行政区雷市翔安赵街a座 431269,汕尾县,北京市,156019,中国,海创网络有限公司生物科技,江,凤兰,京东物流,Order
940,2025-10-17 10:39:41,2025-10-29 10:39:41,2025-10-18 10:39:41,464.42,方正科技科技有限公司互联网服务,新疆维吾尔自治区莉县牧野王路L座 235814,宁德市,湖南省,575121,中国,方正科技科技有限公司互联网服务,徐,艳,德邦物流,Order
941,2025-09-14 19:25:05,2025-09-18 19:25:05,2025-09-19 19:25:05,295.91,飞海科技传媒有限公司信息技术,河北省楠县南湖胡街i座 304050,济南市,吉林省,373811,中国,飞海科技传媒有限公司信息技术,张,帅,中通快递,Order
942,2024-09-18 09:03:57,2024-09-29 09:03:57,2024-09-20 09:03:57,470.98,菊风公司传媒有限公司数字科技,广东省哈尔滨市高坪王路l座 274673,秀梅市,黑龙江省,610381,中国,菊风公司传媒有限公司数字科技,王,倩,京东物流,Order
943,2025-11-08 16:49:40,2025-11-11 16:49:40,2025-11-12 16:49:40,187.38,合联电子科技有限公司信息技术,辽宁省琴县高明北京街p座 129411,荣市,重庆市,992062,中国,合联电子科技有限公司信息技术,王,建平,圆通速递,Order
944,2025-05-31 04:10:46,2025-06-08 04:10:46,,208.55,海创网络有限公司生物科技,香港特别行政区雷市翔安赵街a座 431269,汕尾县,北京市,156019,中国,海创网络有限公司生物科技,陈,杨,德邦物流,Order
945,2024-11-08 22:47:56,2024-11-17 22:47:56,2024-11-11 22:47:56,438.52,东方峻景传媒有限公司金融科技,江西省利市东城任街V座 970735,海门县,湖南省,667608,中国,东方峻景传媒有限公司金融科技,张,丹丹,中通快递,Order
946,2025-11-26 16:56:45,2025-12-03 16:56:45,2025-11-29 16:56:45,257.16,通际名联科技有限公司金融科技,黑龙江省利县江北曹路r座 182732,济南市,台湾省,380850,中国,通际名联科技有限公司金融科技,彭,桂荣,申通快递,Order
947,2024-09-20 22:46:51,2024-09-27 22:46:51,,251.03,银嘉科技有限公司科技公司,山东省深圳县孝南黄街c座 290750,秀荣市,宁夏回族自治区,662554,中国,银嘉科技有限公司科技公司,王,倩,申通快递,Order
948,2024-09-29 14:49:13,2024-10-02 14:49:13,2024-10-04 14:49:13,445.02,时空盒数字传媒有限公司大数据分析,湖北省梧州县锡山周路M座 618236,巢湖市,贵州省,903078,中国,时空盒数字传媒有限公司大数据分析,薛,洋,天天快递,Order
949,2025-03-14 18:57:59,2025-03-19 18:57:59,2025-03-15 18:57:59,55.91,时空盒数字信息有限公司虚拟现实,湖南省杭州市清河柳州路s座 365953,荣市,海南省,934862,中国,时空盒数字信息有限公司虚拟现实,王,雪,德邦物流,Order
950,2024-10-16 11:14:45,2024-10-29 11:14:45,2024-10-17 11:14:45,124.0,七喜传媒有限公司人工智能,澳门特别行政区磊市门头沟柳州街Z座 473892,丽华县,西藏自治区,358472,中国,七喜传媒有限公司人工智能,王,雪,韵达快递,Order
951,2024-08-24 13:55:59,2024-09-01 13:55:59,,112.64,昊嘉信息有限公司信息技术,天津市伟县清城何路W座 931319,军县,辽宁省,815449,中国,昊嘉信息有限公司信息技术,林,峰,德邦物流,Order
952,2025-09-30 11:14:04,2025-10-03 11:14:04,2025-10-02 11:14:04,143.44,商软冠联传媒有限公司大数据分析,湖北省强县新城古路N座 931706,玉珍县,澳门特别行政区,424628,中国,商软冠联传媒有限公司大数据分析,江,凤兰,申通快递,Order
953,2026-01-15 00:00:09,2026-01-20 00:00:09,2026-01-17 00:00:09,161.87,诺依曼软件传媒有限公司物联网,广东省重庆市沈北新深圳路t座 370139,华市,广西壮族自治区,558601,中国,诺依曼软件传媒有限公司物联网,王,倩,京东物流,Order
954,2026-05-26 03:34:15,2026-06-01 03:34:15,2026-05-27 03:34:15,316.3,MBP软件科技有限公司信息技术,安徽省瑞市西夏高路i座 571615,丽华县,宁夏回族自治区,300387,中国,MBP软件科技有限公司信息技术,赵,晨,韵达快递,Order
955,2024-12-01 18:36:47,2024-12-04 18:36:47,2024-12-02 18:36:47,153.98,九方传媒有限公司生物科技,江西省玉梅县城北韦路k座 920415,六盘水市,西藏自治区,774096,中国,九方传媒有限公司生物科技,赵,晨,德邦物流,Order
956,2025-09-22 15:06:08,2025-09-29 15:06:08,2025-09-27 15:06:08,338.74,创联世纪信息有限公司移动应用开发,云南省深圳县金平拉萨街l座 585241,福州县,四川省,101164,中国,创联世纪信息有限公司移动应用开发,田,桂荣,德邦物流,Order
957,2025-06-26 00:53:17,2025-07-08 00:53:17,2025-06-30 00:53:17,146.08,晖来计算机网络有限公司虚拟现实,湖北省银川县长寿佛山街w座 577399,梅县,新疆维吾尔自治区,509148,中国,晖来计算机网络有限公司虚拟现实,曹,洁,德邦物流,Order
958,2025-12-12 14:56:22,2025-12-24 14:56:22,2025-12-16 14:56:22,440.69,毕博诚科技有限公司互联网服务,安徽省大冶县牧野汪路E座 856404,俊市,宁夏回族自治区,628200,中国,毕博诚科技有限公司互联网服务,薛,洋,百世快递,Order
959,2025-09-07 20:20:30,2025-09-19 20:20:30,,108.69,鑫博腾飞信息有限公司智能科技,安徽省杭州县新城潮州路U座 487852,兴安盟市,青海省,721718,中国,鑫博腾飞信息有限公司智能科技,曹,洁,韵达快递,Order
960,2024-08-26 14:36:48,2024-09-06 14:36:48,2024-08-29 14:36:48,351.51,海创网络有限公司生物科技,香港特别行政区雷市翔安赵街a座 431269,汕尾县,北京市,156019,中国,海创网络有限公司生物科技,王,倩,顺丰速运,Order
961,2025-04-15 18:30:31,2025-04-25 18:30:31,2025-04-18 18:30:31,263.92,维涛科技有限公司网络安全,西藏自治区亮市清浦王街I座 399560,永安市,贵州省,583598,中国,维涛科技有限公司网络安全,曹,洁,顺丰速运,Order
962,2026-01-19 13:43:25,2026-01-22 13:43:25,2026-01-21 13:43:25,98.58,昊嘉信息有限公司信息技术,天津市伟县清城何路W座 931319,军县,辽宁省,815449,中国,昊嘉信息有限公司信息技术,彭,桂荣,京东物流,Order
963,2024-10-04 07:29:29,2024-10-12 07:29:29,2024-10-09 07:29:29,135.69,网新恒天网络有限公司生物科技,山东省贵阳县上街蔡路H座 193448,秀珍县,湖南省,879752,中国,网新恒天网络有限公司生物科技,赵,晨,邮政EMS,Order
964,2026-05-09 05:06:16,2026-05-22 05:06:16,2026-05-10 05:06:16,234.17,恩悌传媒有限公司虚拟现实,广西壮族自治区哈尔滨县房山辛集路N座 896046,南昌县,甘肃省,203154,中国,恩悌传媒有限公司虚拟现实,陈,杨,韵达快递,Order
965,2024-08-31 05:20:05,2024-09-09 05:20:05,2024-09-02 05:20:05,39.05,菊风公司传媒有限公司数字科技,广东省哈尔滨市高坪王路l座 274673,秀梅市,黑龙江省,610381,中国,菊风公司传媒有限公司数字科技,田,桂荣,邮政EMS,Order
966,2025-05-11 05:50:00,2025-05-19 05:50:00,2025-05-16 05:50:00,346.28,中建创业信息有限公司虚拟现实,黑龙江省天津县清浦贵阳路S座 666651,冬梅县,内蒙古自治区,866120,中国,中建创业信息有限公司虚拟现实,薛,洋,邮政EMS,Order
967,2025-11-24 20:27:27,2025-11-28 20:27:27,2025-11-29 20:27:27,413.53,恒聪百汇传媒有限公司虚拟现实,福建省兴城市高明邓街U座 898971,重庆市,河南省,796218,中国,恒聪百汇传媒有限公司虚拟现实,曹,洁,中通快递,Order
968,2026-02-03 11:42:05,2026-02-12 11:42:05,,227.54,快讯信息有限公司智能科技,山东省海口县龙潭杨街q座 232213,勇县,澳门特别行政区,384293,中国,快讯信息有限公司智能科技,田,桂荣,百世快递,Order
969,2024-12-14 11:01:27,2024-12-19 11:01:27,2024-12-17 11:01:27,448.38,时刻网络有限公司信息技术,辽宁省长春县高港大冶街E座 299146,梅县,山西省,257161,中国,时刻网络有限公司信息技术,王,斌,申通快递,Order
970,2026-02-01 15:01:25,2026-02-07 15:01:25,2026-02-04 15:01:25,124.73,商软冠联传媒有限公司大数据分析,湖北省强县新城古路N座 931706,玉珍县,澳门特别行政区,424628,中国,商软冠联传媒有限公司大数据分析,张,帅,申通快递,Order
971,2024-12-13 08:53:21,2024-12-24 08:53:21,2024-12-16 08:53:21,158.03,图龙信息传媒有限公司数字科技,天津市梧州市安次彭路t座 336734,南昌市,江西省,117022,中国,图龙信息传媒有限公司数字科技,张,帅,顺丰速运,Order
972,2025-12-21 18:12:35,2026-01-01 18:12:35,2025-12-24 18:12:35,99.81,图龙信息网络有限公司云计算,湖南省兰州县丰都张街B座 954217,宁德市,福建省,905170,中国,图龙信息网络有限公司云计算,陈,杨,邮政EMS,Order
973,2026-01-25 12:59:59,2026-02-06 12:59:59,2026-01-29 12:59:59,266.78,戴硕电子科技有限公司移动应用开发,台湾省天津市清城郑州街K座 578950,瑜市,陕西省,996204,中国,戴硕电子科技有限公司移动应用开发,徐,艳,顺丰速运,Order
974,2025-07-08 13:25:13,2025-07-12 13:25:13,2025-07-13 13:25:13,91.78,海创网络有限公司生物科技,香港特别行政区雷市翔安赵街a座 431269,汕尾县,北京市,156019,中国,海创网络有限公司生物科技,曲,桂花,圆通速递,Order
975,2025-02-28 00:08:27,2025-03-05 00:08:27,2025-03-04 00:08:27,31.91,济南亿次元网络有限公司科技公司,甘肃省红县白云巢湖路W座 992584,巢湖市,澳门特别行政区,219657,中国,济南亿次元网络有限公司科技公司,李,玉珍,申通快递,Order
976,2025-05-01 08:17:04,2025-05-07 08:17:04,2025-05-02 08:17:04,358.16,巨奥传媒有限公司信息技术,重庆市燕市安次哈尔滨街x座 404214,辛集市,广东省,406351,中国,巨奥传媒有限公司信息技术,林,峰,中通快递,Order
977,2026-01-12 04:39:20,2026-01-16 04:39:20,2026-01-16 04:39:20,186.0,时空盒数字传媒有限公司大数据分析,湖北省梧州县锡山周路M座 618236,巢湖市,贵州省,903078,中国,时空盒数字传媒有限公司大数据分析,林,峰,韵达快递,Order
978,2025-10-04 17:44:14,2025-10-08 17:44:14,2025-10-09 17:44:14,399.64,中建创业信息有限公司虚拟现实,黑龙江省天津县清浦贵阳路S座 666651,冬梅县,内蒙古自治区,866120,中国,中建创业信息有限公司虚拟现实,王,雪,中通快递,Order
979,2025-03-23 22:59:47,2025-03-30 22:59:47,2025-03-26 22:59:47,110.62,维旺明信息有限公司人工智能,安徽省东莞市静安银川街g座 149650,坤县,山西省,734784,中国,维旺明信息有限公司人工智能,江,凤兰,京东物流,Order
980,2025-07-31 05:32:39,2025-08-05 05:32:39,2025-08-04 05:32:39,343.34,时空盒数字信息有限公司智能科技,山东省巢湖县清浦缪街U座 742478,郑州县,陕西省,364545,中国,时空盒数字信息有限公司智能科技,薛,洋,德邦物流,Order
981,2026-01-23 12:26:04,2026-02-05 12:26:04,2026-01-24 12:26:04,170.31,艾提科信传媒有限公司网络安全,西藏自治区凤兰县朝阳林街U座 372877,桂荣市,山西省,386526,中国,艾提科信传媒有限公司网络安全,王,倩,申通快递,Order
982,2024-08-12 01:18:31,2024-08-19 01:18:31,2024-08-17 01:18:31,325.72,太极信息有限公司互联网服务,江苏省六盘水县清浦黄街g座 440842,海门市,福建省,737845,中国,太极信息有限公司互联网服务,徐,艳,邮政EMS,Order
983,2026-01-10 03:37:53,2026-01-14 03:37:53,2026-01-12 03:37:53,473.1,易动力信息有限公司物联网,陕西省关岭县高坪淮安街k座 604446,齐齐哈尔市,贵州省,989116,中国,易动力信息有限公司物联网,江,凤兰,百世快递,Order
984,2026-01-09 02:29:16,2026-01-23 02:29:16,,366.95,时空盒数字信息有限公司虚拟现实,湖南省杭州市清河柳州路s座 365953,荣市,海南省,934862,中国,时空盒数字信息有限公司虚拟现实,曲,桂花,韵达快递,Order
985,2024-08-24 00:26:47,2024-08-31 00:26:47,2024-08-28 00:26:47,155.67,图龙信息传媒有限公司数字科技,天津市梧州市安次彭路t座 336734,南昌市,江西省,117022,中国,图龙信息传媒有限公司数字科技,张,丹丹,天天快递,Order
986,2025-09-07 09:03:29,2025-09-19 09:03:29,,53.14,东方峻景传媒有限公司金融科技,江西省利市东城任街V座 970735,海门县,湖南省,667608,中国,东方峻景传媒有限公司金融科技,江,凤兰,天天快递,Order
987,2026-01-19 23:09:46,2026-01-25 23:09:46,2026-01-22 23:09:46,356.86,时空盒数字信息有限公司智能科技,山东省巢湖县清浦缪街U座 742478,郑州县,陕西省,364545,中国,时空盒数字信息有限公司智能科技,江,凤兰,百世快递,Order
988,2025-03-02 13:00:26,2025-03-09 13:00:26,,138.86,创汇网络有限公司虚拟现实,北京市玉珍市朝阳赵路P座 508928,秀英市,福建省,862920,中国,创汇网络有限公司虚拟现实,王,倩,韵达快递,Order
989,2024-07-06 01:52:49,2024-07-12 01:52:49,2024-07-10 01:52:49,494.09,鸿睿思博传媒有限公司智能科技,浙江省柳州县安次李路G座 326030,武汉市,广西壮族自治区,986110,中国,鸿睿思博传媒有限公司智能科技,张,帅,圆通速递,Order
990,2024-09-25 07:22:46,2024-10-08 07:22:46,2024-09-27 07:22:46,364.08,济南亿次元网络有限公司科技公司,甘肃省红县白云巢湖路W座 992584,巢湖市,澳门特别行政区,219657,中国,济南亿次元网络有限公司科技公司,徐,艳,顺丰速运,Order
991,2026-01-01 19:38:57,2026-01-08 19:38:57,2026-01-06 19:38:57,387.43,超艺网络有限公司人工智能,四川省梅市高明潮州路u座 815912,武汉市,四川省,103035,中国,超艺网络有限公司人工智能,王,建平,百世快递,Order
992,2025-05-15 06:05:08,2025-05-22 06:05:08,2025-05-16 06:05:08,222.1,创亿网络有限公司金融科技,浙江省台北县六枝特张家港路l座 913606,重庆市,湖南省,684944,中国,创亿网络有限公司金融科技,王,雪,圆通速递,Order
993,2025-12-04 01:03:17,2025-12-13 01:03:17,2025-12-05 01:03:17,168.73,新宇龙信息科技有限公司电子商务,宁夏回族自治区大冶市梁平鲁路j座 404484,磊县,辽宁省,988357,中国,新宇龙信息科技有限公司电子商务,曲,桂花,中通快递,Order
994,2024-07-29 01:46:29,2024-08-12 01:46:29,2024-07-30 01:46:29,50.74,七喜传媒有限公司人工智能,澳门特别行政区磊市门头沟柳州街Z座 473892,丽华县,西藏自治区,358472,中国,七喜传媒有限公司人工智能,张,刚,中通快递,Order
995,2026-04-01 05:20:55,2026-04-15 05:20:55,,153.9,易动力科技有限公司人工智能,宁夏回族自治区强县黄浦张路s座 615830,桂兰县,广西壮族自治区,372804,中国,易动力科技有限公司人工智能,林,磊,韵达快递,Order
996,2025-10-17 18:09:47,2025-10-27 18:09:47,2025-10-20 18:09:47,319.57,银嘉网络有限公司云计算,四川省秀华县金平合山街C座 522476,杨县,江苏省,112129,中国,银嘉网络有限公司云计算,李,玉珍,圆通速递,Order
997,2025-05-18 20:55:17,2025-05-22 20:55:17,2025-05-20 20:55:17,255.77,昊嘉信息有限公司信息技术,天津市伟县清城何路W座 931319,军县,辽宁省,815449,中国,昊嘉信息有限公司信息技术,田,桂荣,德邦物流,Order
998,2025-05-02 22:11:18,2025-05-13 22:11:18,,141.47,精芯网络有限公司互联网服务,河北省南京市翔安朱路w座 386632,马鞍山县,广东省,526423,中国,精芯网络有限公司互联网服务,赵,晨,中通快递,Order
