reviewId:ID(Review),ProductName,CustomerName,Rating,ReviewText,ReviewDate,CategoryName,labels:LABEL
404,美的 智能插座 Standard,创联世纪信息有限公司移动应用开发,3.7,这款智能插座一般，做工精细，但是噪音控制有点问题。,2026-06-03,智能插座,Review
655,小米 智能门锁 Mini,中建创业信息有限公司虚拟现实,1.3,必须承认，这款智能门锁有严重问题。主要问题在于耗电量大。,2026-06-03,智能门锁,Review
1095,美的 智能窗帘 Max,良诺信息有限公司生物科技,3.8,对比了市面上几款同类产品后，这款智能窗帘一般般。在晚上睡前时使用体验还不错。而且电池寿命有点问题。可以考虑其他品牌的同类产品。,2026-06-03,智能窗帘,Review
166,小米 智能加湿器 Plus,鑫博腾飞网络有限公司金融科技,1.8,不推荐这款智能加湿器，稳定性差，很失望。,2026-06-02,智能加湿器,Review
230,LG 智能音箱 Lite,良诺信息有限公司生物科技,1.9,说实话，这款LG 智能音箱 Lite使用体验很差。电池寿命简直无法忍受。不推荐任何人购买。,2026-06-02,智能音箱,Review
428,美的 智能净水器 Plus,七喜传媒有限公司人工智能,1.0,从我的使用体验来看，这款智能净水器很失望。在看电影时时完全不能正常工作。希望厂家能重视这些问题。,2026-06-02,智能净水器,Review
1190,亚马逊 智能电饭煲 Advanced,易动力网络有限公司移动应用开发,1.1,老实讲，这款智能电饭煲功能实现得很糟糕。在做饭时时完全不能正常工作。这钱花得太冤枉了。,2026-06-01,智能电饭煲,Review
1196,亚马逊 智能音箱 Basic,鑫博腾飞网络有限公司金融科技,3.8,这款智能音箱一般，操作简单，但是连接稳定性有点问题。,2026-06-01,智能音箱,Review
460,松下 智能窗帘 Lite,群英信息有限公司金融科技,4.2,这款智能窗帘的自动调节功能很实用，功能齐全。,2026-05-30,智能窗帘,Review
1230,松下 智能加湿器 Pro,时空盒数字传媒有限公司大数据分析,2.3,不推荐这款智能加湿器，续航时间短，很失望。,2026-05-29,智能加湿器,Review
273,博世 智能开关 Max,国讯网络有限公司移动应用开发,4.5,购买后，这款博世 智能开关 Max值得推荐。然而在看电影时时表现尤为出色。比我预期的要好。如果非要说缺点的话，信号强度还有提升空间。推荐给有需要的朋友。,2026-05-28,智能开关,Review
596,亚马逊 智能扫地机器人 Mini,易动力网络有限公司移动应用开发,1.9,从我的使用体验来看，这款亚马逊 智能扫地机器人 Mini质量太差。主要问题在于稳定性差。这钱花得太冤枉了。,2026-05-26,智能扫地机器人,Review
1224,博世 智能开关 Max,浙大万朋信息有限公司生物科技,2.3,不推荐这款智能开关，画质模糊，很失望。,2026-05-26,智能开关,Review
1203,博世 智能马桶 Basic,开发区世创科技有限公司科技公司,2.2,收到货后，这款智能马桶不推荐购买。主要问题在于反应迟钝。唯一值得称赞的可能就是包装很精美。这钱花得太冤枉了。,2026-05-25,智能马桶,Review
1205,格力 智能净水器 Mini,易动力信息有限公司物联网,3.7,智能净水器的质量还可以，质量很好，不过反应迟钝。,2026-05-25,智能净水器,Review
663,三星 智能音箱 Basic,时空盒数字信息有限公司智能科技,3.7,总体来说还行，节能环保，就是耗电量大。,2026-05-25,智能音箱,Review
1007,苹果 智能门锁 Plus,九方传媒有限公司生物科技,4.4,使用后感觉，这款苹果 智能门锁 Plus非常满意。和官方展示的有差距。如果非要说缺点的话，价格稍微贵了一点。总体来说还是很满意的。,2026-05-25,智能门锁,Review
36,苹果 智能空气净化器 Basic,盟新传媒有限公司大数据分析,2.7,散热问题问题很严重，完全不值这个价格。,2026-05-24,智能空气净化器,Review
537,华为 智能电视 Lite,七喜传媒有限公司人工智能,1.1,散热问题问题很严重，完全不值这个价格。,2026-05-23,智能电视,Review
1209,博世 智能空气净化器 Lite,时空盒数字信息有限公司虚拟现实,3.3,在多次对比之后选择了这款，这款智能空气净化器优缺点都有。刚收到时，智能学习表现不错。最重要的是使用久了会发现一些小问题。性价比很高。,2026-05-23,智能空气净化器,Review
16,三星 智能音箱 Elite,超艺网络有限公司人工智能,3.2,这款产品优缺点都有，功能齐全，但使用说明不清。,2026-05-22,智能音箱,Review
30,格力 智能体重秤 Ultra,易动力科技有限公司人工智能,3.0,对比了市面上几款同类产品后，这款智能体重秤质量还行。在工作时时使用体验还不错。最让我失望的是使用久了会发现一些小问题。这个价位能买到这样的产品已经很不错了。,2026-05-22,智能体重秤,Review
794,西门子 智能音箱 Mini,海创网络有限公司生物科技,1.6,经过一段时间使用，这款西门子 智能音箱 Mini使用体验很差。噪音控制简直无法忍受。这钱花得太冤枉了。,2026-05-21,智能音箱,Review
1146,美的 智能插座 Standard,银嘉网络有限公司云计算,2.9,作为第一次购买这类产品的新手，这款智能插座很失望。主要问题在于价格偏高。,2026-05-21,智能插座,Review
615,西门子 智能洗衣机 Pro,易动力网络有限公司移动应用开发,4.0,必须承认，这款智能洗衣机超出我的预期。值得一提的是自动升级是我最喜欢的部分。如果非要说缺点的话，可能就是售后服务差。总体来说还是很满意的。,2026-05-20,智能洗衣机,Review
383,三星 智能窗帘 Basic,MBP软件科技有限公司信息技术,4.5,智能窗帘的设计很人性化，功能齐全，值得推荐。,2026-05-19,智能窗帘,Review
774,索尼 智能空气净化器 Ultra,MBP软件科技有限公司信息技术,1.5,这款产品有严重问题，使用说明不清，已经申请退款。,2026-05-19,智能空气净化器,Review
234,三星 智能电饭煲 Max,南康网络有限公司互联网服务,2.5,坦白讲，这款智能电饭煲功能实现得很糟糕。使用不到一周就出现了故障。这钱花得太冤枉了。,2026-05-18,智能电饭煲,Review
551,亚马逊 智能门锁 Max,时空盒数字信息有限公司智能科技,3.3,用了一段时间，这款智能门锁性价比一般。优点是反应灵敏。不过散热问题有点问题。整体体验不错。,2026-05-18,智能门锁,Review
183,苹果 智能门锁 Pro,开发区世创科技有限公司科技公司,3.0,这款产品优缺点都有，音质出色，但画质模糊。,2026-05-17,智能门锁,Review
956,飞利浦 智能马桶 Max,襄樊地球村信息有限公司物联网,2.2,不推荐这款智能马桶，耗电量大，很失望。,2026-05-17,智能马桶,Review
1163,苹果 智能开关 Basic,诺依曼软件传媒有限公司物联网,2.7,说实话，这款苹果 智能开关 Basic完全不符合预期。使用不到一周就出现了损坏。,2026-05-17,智能开关,Review
353,博世 智能插座 Basic,银嘉科技有限公司云计算,1.8,作为第一次购买这类产品的新手，这款博世 智能插座 Basic完全不符合预期。在做饭时时完全不能正常工作。不推荐任何人购买。,2026-05-16,智能插座,Review
1148,三星 智能音箱 Elite,明腾科技有限公司区块链技术,5.0,智能音箱的设计很人性化，外观漂亮，值得推荐。,2026-05-16,智能音箱,Review
117,苹果 智能门锁 Pro,艾提科信传媒有限公司网络安全,2.8,坦白讲，这款苹果 智能门锁 Pro使用体验很差。噪音控制简直无法忍受。唯一值得称赞的可能就是外观设计还不错。不推荐任何人购买。,2026-05-14,智能门锁,Review
277,松下 智能电饭煲 Pro,方正科技科技有限公司互联网服务,2.8,这款产品有严重问题，价格偏高，已经申请退款。,2026-05-14,智能电饭煲,Review
643,亚马逊 智能扫地机器人 Mini,易动力网络有限公司信息技术,2.7,作为第一次购买这类产品的新手，这款智能扫地机器人使用体验很差。主要问题在于反应迟钝。希望厂家能重视这些问题。,2026-05-14,智能扫地机器人,Review
180,索尼 智能冰箱 Elite,MBP软件科技有限公司信息技术,2.5,噪音控制问题很严重，完全不值这个价格。,2026-05-12,智能冰箱,Review
762,亚马逊 智能马桶 Elite,易动力网络有限公司移动应用开发,1.0,购买后，这款智能马桶完全不符合预期。在晚上睡前时完全不能正常工作。已经申请退款了。,2026-05-11,智能马桶,Review
1214,格力 智能音箱 Advanced,兰金电子科技有限公司区块链技术,1.9,作为一个经常使用此类产品的人，这款智能音箱完全不符合预期。连接稳定性简直无法忍受。希望厂家能重视这些问题。,2026-05-11,智能音箱,Review
220,海尔智慧家庭 智能开关 Plus,时刻网络有限公司信息技术,5.0,非常满意这次购买，外观漂亮，送货也很快。,2026-05-10,智能开关,Review
998,格力 智能体重秤 Ultra,巨奥网络有限公司金融科技,4.4,体验下来，这款格力 智能体重秤 Ultra做工精细。最让我失望的是定时功能是我最喜欢的部分。和官方展示的有差距。推荐给有需要的朋友。,2026-05-10,智能体重秤,Review
1045,美的 智能洗衣机 Advanced,南康网络有限公司互联网服务,2.9,必须承认，这款智能洗衣机性价比极低。在做饭时时完全不能正常工作。已经申请退款了。,2026-05-10,智能洗衣机,Review
939,美的 智能电视 Basic,群英信息有限公司金融科技,3.9,这款产品优缺点都有，操作简单，但续航时间短。,2026-05-09,智能电视,Review
1075,飞利浦 智能加湿器 Ultra,和泰信息有限公司信息技术,1.4,不推荐这款智能加湿器，音质一般，很失望。,2026-05-08,智能加湿器,Review
1178,飞利浦 智能加湿器 Ultra,易动力科技有限公司人工智能,4.0,试用了几天，这款飞利浦 智能加湿器 Ultra很好用。另外在工作时时表现尤为出色。可以考虑其他品牌的同类产品。,2026-05-08,智能加湿器,Review
1250,西门子 智能手环 Standard,快讯信息有限公司智能科技,1.4,老实讲，这款西门子 智能手环 Standard功能实现得很糟糕。散热问题简直无法忍受。以后不会再考虑这个品牌的产品。,2026-05-08,智能手环,Review
737,小米 智能空调 Elite,银嘉信息有限公司移动应用开发,2.9,这款产品有严重问题，稳定性差，已经申请退款。,2026-05-07,智能空调,Review
283,小米 智能开关 Ultra,济南亿次元网络有限公司科技公司,4.5,这是我用过的最好的智能开关之一，节能环保，性价比很高。,2026-05-06,智能开关,Review
1199,三星 智能窗帘 Basic,巨奥传媒有限公司信息技术,3.9,这款智能窗帘一般，做工精细，但是电池寿命有点问题。,2026-05-06,智能窗帘,Review
1232,华为 智能窗帘 Basic,中建创业信息有限公司虚拟现实,2.7,使用一周后出现故障，音质一般，售后服务也不好。,2026-05-06,智能窗帘,Review
161,松下 智能开关 Lite,维旺明信息有限公司人工智能,4.6,使用后感觉，这款智能开关真的很不错。除此之外在看电影时时表现尤为出色。如果非要说缺点的话，配件可以再多一些。不太推荐购买。,2026-05-04,智能开关,Review
499,小米 智能加湿器 Plus,艾提科信传媒有限公司网络安全,4.5,不得不说，这款小米 智能加湿器 Plus性价比很高。和描述的有些差距。如果非要说缺点的话，可能就是稳定性差。建议慎重考虑。,2026-05-04,智能加湿器,Review
658,博世 智能马桶 Max,襄樊地球村信息有限公司物联网,1.8,不推荐这款智能马桶，反应迟钝，很失望。,2026-05-04,智能马桶,Review
827,松下 智能窗帘 Lite,中建创业网络有限公司移动应用开发,3.4,总体来说还行，反应灵敏，就是安装困难。,2026-05-04,智能窗帘,Review
49,美的 智能电视 Basic,易动力信息有限公司网络安全,2.0,不推荐这款智能电视，功能单一，很失望。,2026-05-03,智能电视,Review
134,华为 智能洗衣机 Ultra,鑫博腾飞信息有限公司智能科技,3.2,智能洗衣机的质量还可以，节能环保，不过画质模糊。,2026-05-03,智能洗衣机,Review
471,美的 智能洗衣机 Advanced,浙大万朋信息有限公司生物科技,4.0,老实讲，这款智能洗衣机真的很不错。然而智能场景是我最喜欢的部分。和朋友推荐的一样好用。如果非要说缺点的话，散热问题还有提升空间。对得起这个价格。,2026-05-03,智能洗衣机,Review
694,博世 智能空调 Lite,鑫博腾飞科技有限公司电子商务,2.7,说实话，这款博世 智能空调 Lite不推荐购买。主要问题在于安装困难。,2026-05-02,智能空调,Review
763,LG 智能插座 Max,飞海科技传媒有限公司信息技术,4.0,这款产品的多用户管理特别好用，在日常使用时特别方便。,2026-05-02,智能插座,Review
299,西门子 智能电视 Pro,浙大万朋信息有限公司生物科技,4.8,购买后，这款智能电视非常满意。让我惊喜的是定时功能是我最喜欢的部分。如果非要说缺点的话，可能就是智能化程度低。希望厂家能改进这些问题。,2026-05-01,智能电视,Review
877,松下 智能马桶 Elite,盟新传媒有限公司大数据分析,3.2,在工作时使用还不错，但在其他情况下表现一般。,2026-05-01,智能马桶,Review
186,博世 智能空调 Lite,泰麒麟信息有限公司人工智能,3.7,这款产品优缺点都有，续航时间长，但稳定性差。,2026-04-30,智能空调,Review
564,三星 智能电饭煲 Max,通际名联科技有限公司金融科技,4.2,试用了几天，这款智能电饭煲真的很不错。可惜的是多用户管理是我最喜欢的部分。在同类产品中算是中等水平。如果非要说缺点的话，价格稍微贵了一点。性价比很高。,2026-04-30,智能电饭煲,Review
1044,西门子 智能电视 Pro,南康传媒有限公司生物科技,3.3,总体来说还行，质量很好，就是智能化程度低。,2026-04-29,智能电视,Review
1059,美的 智能马桶 Mini,华泰通安科技有限公司网络安全,3.4,这款智能马桶一般，节能环保，但是信号强度有点问题。,2026-04-29,智能马桶,Review
1235,三星 智能音箱 Basic,浦华众城信息有限公司虚拟现实,1.1,使用一周后出现故障，使用说明不清，售后服务也不好。,2026-04-29,智能音箱,Review
398,索尼 智能加湿器 Pro,巨奥科技有限公司信息技术,1.9,对这款智能加湿器非常不满意，操作复杂，浪费钱。,2026-04-28,智能加湿器,Review
766,格力 智能手环 Lite,商软冠联传媒有限公司智能科技,1.2,使用一周后出现故障，操作复杂，售后服务也不好。,2026-04-28,智能手环,Review
996,华为 智能窗帘 Basic,商软冠联网络有限公司信息技术,1.2,对比了市面上几款同类产品后，这款华为 智能窗帘 Basic功能实现得很糟糕。使用不到一周就出现了故障。唯一值得称赞的可能就是包装很精美。以后不会再考虑这个品牌的产品。,2026-04-28,智能窗帘,Review
406,小米 智能门锁 Mini,鑫博腾飞信息有限公司智能科技,5.0,这款产品的定时功能特别好用，在夜间使用时特别方便。,2026-04-27,智能门锁,Review
804,小米 智能空调 Elite,MBP软件科技有限公司信息技术,1.2,不推荐这款智能空调，反应迟钝，很失望。,2026-04-27,智能空调,Review
1020,西门子 智能摄像头 Plus,天开网络有限公司金融科技,1.1,从我的使用体验来看，这款西门子 智能摄像头 Plus完全不符合预期。主要问题在于使用说明不清。唯一值得称赞的可能就是包装很精美。,2026-04-27,智能摄像头,Review
467,亚马逊 智能电饭煲 Advanced,易动力科技有限公司科技公司,3.9,在多次对比之后选择了这款，这款智能电饭煲质量还行。省电模式设计得比较合理。同时使用久了会发现一些小问题。总体来说还是很满意的。,2026-04-26,智能电饭煲,Review
484,亚马逊 智能插座 Pro,银嘉科技有限公司云计算,1.1,这款产品有严重问题，操作复杂，已经申请退款。,2026-04-26,智能插座,Review
1021,亚马逊 智能马桶 Standard,巨奥科技有限公司信息技术,4.4,这款产品的自动升级特别好用，在夜间使用时特别方便。,2026-04-24,智能马桶,Review
88,华为 智能窗帘 Basic,易动力网络有限公司信息技术,3.9,老实讲，这款智能窗帘性价比一般。优点是反应灵敏。令人意外的是电池寿命有点问题。期待下一代产品能有所改进。,2026-04-23,智能窗帘,Review
369,索尼 智能冰箱 Elite,银嘉信息有限公司移动应用开发,2.1,收到货后，这款索尼 智能冰箱 Elite质量太差。电池寿命简直无法忍受。希望厂家能重视这些问题。,2026-04-23,智能冰箱,Review
425,谷歌 智能净水器 Basic,维旺明科技有限公司大数据分析,2.4,不推荐这款智能净水器，音质一般，很失望。,2026-04-22,智能净水器,Review
1125,亚马逊 智能马桶 Standard,易动力传媒有限公司生物科技,4.4,智能马桶的设计很人性化，音质出色，值得推荐。,2026-04-22,智能马桶,Review
697,华为 智能窗帘 Basic,艾提科信传媒有限公司网络安全,3.0,坦白讲，这款华为 智能窗帘 Basic没有特别惊喜。在晚上睡前时使用体验还不错。最重要的是使用久了会发现一些小问题。整体体验不错。,2026-04-21,智能窗帘,Review
388,博世 智能插座 Basic,菊风公司传媒有限公司数字科技,4.5,在看电影时时使用效果很好，特别是省电模式功能。,2026-04-20,智能插座,Review
411,苹果 智能扫地机器人 Pro,合联电子科技有限公司信息技术,3.4,总体来说还行，智能化程度高，就是售后服务差。,2026-04-20,智能扫地机器人,Review
73,三星 智能窗帘 Standard,通际名联科技有限公司金融科技,2.6,不推荐这款智能窗帘，续航时间短，很失望。,2026-04-19,智能窗帘,Review
75,华为 智能电视 Lite,银嘉科技有限公司云计算,2.8,我觉得，这款华为 智能电视 Lite不推荐购买。连接稳定性简直无法忍受。唯一值得称赞的可能就是送货速度快。已经申请退款了。,2026-04-19,智能电视,Review
98,谷歌 智能净水器 Basic,泰麒麟信息有限公司人工智能,1.2,连接稳定性问题很严重，完全不值这个价格。,2026-04-18,智能净水器,Review
1276,索尼 智能冰箱 Elite,巨奥网络有限公司金融科技,2.6,对这款智能冰箱非常不满意，兼容性差，浪费钱。,2026-04-18,智能冰箱,Review
1128,格力 智能音箱 Advanced,济南亿次元网络有限公司科技公司,4.8,这是我用过的最好的智能音箱之一，性价比高，性价比很高。,2026-04-17,智能音箱,Review
843,亚马逊 智能马桶 Elite,巨奥网络有限公司金融科技,1.7,坦白讲，这款智能马桶使用体验很差。使用不到一周就出现了故障。,2026-04-16,智能马桶,Review
1015,松下 智能扫地机器人 Plus,方正科技网络有限公司云计算,4.0,非常满意这次购买，外观漂亮，送货也很快。,2026-04-16,智能扫地机器人,Review
1072,松下 智能开关 Advanced,昊嘉信息有限公司信息技术,1.1,使用一周后出现故障，画质模糊，售后服务也不好。,2026-04-16,智能开关,Review
176,西门子 智能手环 Standard,易动力网络有限公司信息技术,5.0,这款产品的定时功能特别好用，在夜间使用时特别方便。,2026-04-15,智能手环,Review
466,三星 智能电饭煲 Max,富罳科技有限公司生物科技,4.6,这是我用过的最好的智能电饭煲之一，质量很好，性价比很高。,2026-04-15,智能电饭煲,Review
659,谷歌 智能音箱 Elite,戴硕电子科技有限公司移动应用开发,2.3,不推荐这款智能音箱，做工一般，很失望。,2026-04-15,智能音箱,Review
725,西门子 智能电视 Pro,商软冠联传媒有限公司智能科技,4.2,从我的使用体验来看，这款智能电视设计很人性化。在同价位产品中表现最好。如果非要说缺点的话，价格稍微贵了一点。便宜没好货，这句话在这里很适用。,2026-04-15,智能电视,Review
281,博世 智能摄像头 Standard,联软传媒有限公司区块链技术,2.0,使用一周后出现故障，反应迟钝，售后服务也不好。,2026-04-14,智能摄像头,Review
305,博世 智能净水器 Max,精芯网络有限公司互联网服务,2.9,对这款智能净水器非常不满意，反应迟钝，浪费钱。,2026-04-14,智能净水器,Review
444,谷歌 智能净水器 Basic,七喜传媒有限公司人工智能,2.2,对这款智能净水器非常不满意，稳定性差，浪费钱。,2026-04-14,智能净水器,Review
834,飞利浦 智能扫地机器人 Ultra,良诺信息有限公司网络安全,2.5,收到货后，这款智能扫地机器人质量太差。信号强度简直无法忍受。唯一值得称赞的可能就是售后服务态度好。,2026-04-13,智能扫地机器人,Review
963,华为 智能窗帘 Basic,精芯网络有限公司互联网服务,4.9,这款智能窗帘的语音识别功能很实用，智能化程度高。,2026-04-13,智能窗帘,Review
1244,格力 智能音箱 Advanced,巨奥传媒有限公司信息技术,3.9,智能音箱的质量还可以，质量很好，不过耗电量大。,2026-04-13,智能音箱,Review
667,华为 智能窗帘 Basic,毕博诚信息有限公司信息技术,1.7,我发现，这款华为 智能窗帘 Basic存在明显缺陷。主要问题在于续航时间短。以后不会再考虑这个品牌的产品。,2026-04-10,智能窗帘,Review
1151,LG 智能净水器 Basic,方正科技科技有限公司互联网服务,4.1,非常满意这次购买，外观漂亮，送货也很快。,2026-04-10,智能净水器,Review
1161,格力 智能体重秤 Standard,巨奥网络有限公司金融科技,2.0,对这款智能体重秤非常不满意，画质模糊，浪费钱。,2026-04-10,智能体重秤,Review
287,松下 智能加湿器 Pro,新宇龙信息科技有限公司电子商务,1.4,电池寿命问题很严重，完全不值这个价格。,2026-04-09,智能加湿器,Review
379,亚马逊 智能门锁 Max,合联电子科技有限公司信息技术,4.7,用了一段时间，这款亚马逊 智能门锁 Max非常满意。同时静音设计设计很贴心。和广告宣传的一样好。有点贵了，但质量确实好。,2026-04-09,智能门锁,Review
896,格力 智能空气净化器 Standard,济南亿次元网络有限公司科技公司,3.5,总体来说还行，安装方便，就是画质模糊。,2026-04-09,智能空气净化器,Review
1295,索尼 智能冰箱 Elite,快讯信息有限公司智能科技,2.3,不推荐这款智能冰箱，安装困难，很失望。,2026-04-08,智能冰箱,Review
171,小米 智能空调 Elite,网新恒天网络有限公司生物科技,3.2,从我的使用体验来看，这款小米 智能空调 Elite中规中矩。优点是外观漂亮。让我惊喜的是在日常使用场景下表现一般。可以考虑其他品牌的同类产品。,2026-04-07,智能空调,Review
365,西门子 智能冰箱 Standard,维涛传媒有限公司云计算,2.5,对这款智能冰箱非常不满意，反应迟钝，浪费钱。,2026-04-06,智能冰箱,Review
422,三星 智能摄像头 Mini,维旺明信息有限公司人工智能,4.2,这款产品的智能场景特别好用，在办公环境时特别方便。,2026-04-06,智能摄像头,Review
546,海尔智慧家庭 智能加湿器 Lite,国讯科技有限公司金融科技,2.6,老实讲，这款海尔智慧家庭 智能加湿器 Lite不推荐购买。噪音控制简直无法忍受。唯一值得称赞的可能就是送货速度快。已经申请退款了。,2026-04-06,智能加湿器,Review
1001,飞利浦 智能马桶 Max,精芯传媒有限公司物联网,3.5,智能马桶的质量还可以，功能齐全，不过反应迟钝。,2026-04-06,智能马桶,Review
601,格力 智能净水器 Ultra,鑫博腾飞信息有限公司智能科技,3.8,智能净水器的质量还可以，兼容性强，不过反应迟钝。,2026-04-05,智能净水器,Review
851,格力 智能音箱 Advanced,鑫博腾飞信息有限公司智能科技,3.2,试用了几天，这款格力 智能音箱 Advanced优缺点都有。在工作时时使用体验还不错。然而在夜间使用场景下表现一般。整体体验不错。,2026-04-05,智能音箱,Review
961,索尼 智能加湿器 Pro,晖来计算机传媒有限公司云计算,2.4,这款产品有严重问题，反应迟钝，已经申请退款。,2026-04-05,智能加湿器,Review
371,索尼 智能空气净化器 Ultra,兰金电子传媒有限公司生物科技,4.0,智能空气净化器的设计很人性化，做工精细，值得推荐。,2026-04-04,智能空气净化器,Review
608,LG 智能开关 Lite,迪摩科技有限公司电子商务,3.9,购买后，这款LG 智能开关 Lite没有特别惊喜。在看电影时时使用体验还不错。而且缺点是智能化程度低。有点贵了，但质量确实好。,2026-04-04,智能开关,Review
1132,苹果 智能门锁 Pro,飞海科技传媒有限公司信息技术,4.1,智能门锁的设计很人性化，兼容性强，值得推荐。,2026-04-04,智能门锁,Review
498,飞利浦 智能扫地机器人 Plus,维涛科技有限公司网络安全,1.2,对这款智能扫地机器人非常不满意，耗电量大，浪费钱。,2026-04-03,智能扫地机器人,Review
520,三星 智能音箱 Basic,维旺明信息有限公司人工智能,3.3,智能音箱的质量还可以，外观漂亮，不过使用说明不清。,2026-04-03,智能音箱,Review
1025,格力 智能体重秤 Ultra,浦华众城信息有限公司虚拟现实,3.6,智能体重秤的质量还可以，安装方便，不过价格偏高。,2026-04-03,智能体重秤,Review
1279,华为 智能电视 Max,襄樊地球村网络有限公司智能科技,1.4,使用一周后出现故障，功能单一，售后服务也不好。,2026-04-03,智能电视,Review
1220,飞利浦 智能马桶 Max,华泰通安科技有限公司网络安全,2.0,噪音控制问题很严重，完全不值这个价格。,2026-04-02,智能马桶,Review
1291,西门子 智能洗衣机 Pro,鑫博腾飞网络有限公司金融科技,2.7,在多次对比之后选择了这款，这款智能洗衣机不值这个价格。在早晨起床时完全不能正常工作。希望厂家能重视这些问题。,2026-04-02,智能洗衣机,Review
1202,松下 智能马桶 Elite,易动力信息有限公司物联网,4.0,非常满意这次购买，性价比高，送货也很快。,2026-04-01,智能马桶,Review
1283,亚马逊 智能电饭煲 Advanced,国讯网络有限公司移动应用开发,3.3,收到货后，这款亚马逊 智能电饭煲 Advanced基本符合预期。在冬天使用时，自动调节表现不错。但是在户外活动场景下表现一般。建议慎重考虑。,2026-04-01,智能电饭煲,Review
1090,博世 智能空气净化器 Lite,九方传媒有限公司生物科技,2.5,对这款智能空气净化器非常不满意，反应迟钝，浪费钱。,2026-04-01,智能空气净化器,Review
837,博世 智能摄像头 Standard,联软传媒有限公司区块链技术,2.8,老实讲，这款智能摄像头不值这个价格。电池寿命简直无法忍受。已经申请退款了。,2026-03-31,智能摄像头,Review
880,格力 智能体重秤 Standard,明腾传媒有限公司金融科技,3.8,总体来说还行，智能化程度高，就是兼容性差。,2026-03-31,智能体重秤,Review
424,LG 智能插座 Max,明腾传媒有限公司互联网服务,2.6,这款产品有严重问题，画质模糊，已经申请退款。,2026-03-30,智能插座,Review
1247,松下 智能扫地机器人 Plus,商软冠联传媒有限公司智能科技,1.1,收到货后，这款智能扫地机器人使用体验很差。散热问题简直无法忍受。以后不会再考虑这个品牌的产品。,2026-03-30,智能扫地机器人,Review
1258,小米 智能马桶 Lite,天开网络有限公司金融科技,4.3,智能马桶的设计很人性化，画质清晰，值得推荐。,2026-03-30,智能马桶,Review
270,博世 智能马桶 Basic,艾提科信传媒有限公司网络安全,4.6,非常满意这次购买，兼容性强，送货也很快。,2026-03-29,智能马桶,Review
842,西门子 智能空调 Basic,九方传媒有限公司生物科技,4.4,这款智能空调的远程控制功能很实用，画质清晰。,2026-03-29,智能空调,Review
586,LG 智能音箱 Lite,国讯科技有限公司金融科技,4.5,非常满意这次购买，音质出色，送货也很快。,2026-03-27,智能音箱,Review
20,西门子 智能洗衣机 Pro,巨奥网络有限公司金融科技,2.8,不得不说，这款智能洗衣机不值这个价格。在做饭时时完全不能正常工作。这钱花得太冤枉了。,2026-03-26,智能洗衣机,Review
525,格力 智能手环 Lite,诺依曼软件传媒有限公司物联网,4.2,智能手环的设计很人性化，性价比高，值得推荐。,2026-03-26,智能手环,Review
603,亚马逊 智能音箱 Basic,图龙信息传媒有限公司数字科技,1.7,这款产品有严重问题，画质模糊，已经申请退款。,2026-03-24,智能音箱,Review
1237,美的 智能洗衣机 Advanced,鑫博腾飞信息有限公司智能科技,1.7,体验下来，这款美的 智能洗衣机 Advanced质量太差。在早晨起床时完全不能正常工作。,2026-03-24,智能洗衣机,Review
710,博世 智能摄像头 Standard,易动力网络有限公司信息技术,3.8,作为一个经常使用此类产品的人，这款博世 智能摄像头 Standard总体来说还可以。用了一个月后，自动调节表现不错。除此之外在家庭聚会场景下表现一般。有点贵了，但质量确实好。,2026-03-22,智能摄像头,Review
865,博世 智能插座 Basic,迪摩科技有限公司电子商务,1.1,这款产品有严重问题，价格偏高，已经申请退款。,2026-03-22,智能插座,Review
345,小米 智能插座 Max,网新恒天科技有限公司数字科技,1.7,不推荐这款智能插座，功能单一，很失望。,2026-03-21,智能插座,Review
420,小米 智能门锁 Mini,快讯信息有限公司智能科技,2.4,使用一周后出现故障，价格偏高，售后服务也不好。,2026-03-21,智能门锁,Review
778,谷歌 智能净水器 Ultra,明腾科技有限公司区块链技术,3.7,经过一段时间使用，这款智能净水器性价比一般。在晚上睡前时使用体验还不错。除此之外缺点是使用说明不清。整体体验不错。,2026-03-21,智能净水器,Review
1137,小米 智能马桶 Lite,晖来计算机传媒有限公司云计算,3.2,总体来说还行，安装方便，就是耗电量大。,2026-03-21,智能马桶,Review
692,谷歌 智能净水器 Basic,开发区世创科技有限公司科技公司,3.4,必须承认，这款智能净水器质量还行。使用一周后，语音识别表现不错。遗憾的是在办公环境场景下表现一般。有点贵了，但质量确实好。,2026-03-20,智能净水器,Review
960,美的 智能电饭煲 Pro,鑫博腾飞信息有限公司智能科技,2.5,使用一周后出现故障，续航时间短，售后服务也不好。,2026-03-20,智能电饭煲,Review
212,LG 智能洗衣机 Max,晖来计算机网络有限公司虚拟现实,2.1,我发现，这款LG 智能洗衣机 Max有严重问题。散热问题简直无法忍受。唯一值得称赞的可能就是价格便宜。,2026-03-19,智能洗衣机,Review
500,美的 智能洗衣机 Advanced,方正科技科技有限公司互联网服务,4.3,在工作时时使用效果很好，特别是高清画质功能。,2026-03-19,智能洗衣机,Review
949,松下 智能马桶 Elite,艾提科信传媒有限公司网络安全,2.5,不推荐这款智能马桶，价格偏高，很失望。,2026-03-19,智能马桶,Review
972,苹果 智能空气净化器 Basic,浦华众城信息有限公司虚拟现实,4.5,这款产品的智能场景特别好用，在夜间使用时特别方便。,2026-03-19,智能空气净化器,Review
1094,西门子 智能音箱 Mini,新宇龙信息科技有限公司电子商务,2.5,从我的使用体验来看，这款西门子 智能音箱 Mini性价比极低。在看电影时时完全不能正常工作。以后不会再考虑这个品牌的产品。,2026-03-19,智能音箱,Review
765,博世 智能扫地机器人 Max,鑫博腾飞网络有限公司金融科技,4.3,这是我用过的最好的智能扫地机器人之一，兼容性强，性价比很高。,2026-03-18,智能扫地机器人,Review
266,松下 智能加湿器 Pro,易动力网络有限公司信息技术,3.7,老实讲，这款智能加湿器没有特别惊喜。在早晨起床时使用体验还不错。遗憾的是缺点是耗电量大。不太推荐购买。,2026-03-17,智能加湿器,Review
577,西门子 智能摄像头 Plus,南康网络有限公司互联网服务,2.0,不推荐这款智能摄像头，智能化程度低，很失望。,2026-03-17,智能摄像头,Review
396,LG 智能音箱 Lite,鑫博腾飞网络有限公司金融科技,2.8,使用一周后出现故障，画质模糊，售后服务也不好。,2026-03-16,智能音箱,Review
569,华为 智能窗帘 Basic,银嘉科技有限公司云计算,2.8,说实话，这款华为 智能窗帘 Basic完全不符合预期。散热问题简直无法忍受。唯一值得称赞的可能就是送货速度快。,2026-03-16,智能窗帘,Review
1144,小米 智能空调 Elite,良诺信息有限公司生物科技,3.3,智能空调的质量还可以，性价比高，不过画质模糊。,2026-03-16,智能空调,Review
259,博世 智能空调 Lite,巨奥网络有限公司金融科技,4.2,这是我用过的最好的智能空调之一，性价比高，性价比很高。,2026-03-15,智能空调,Review
360,亚马逊 智能马桶 Standard,国讯科技有限公司金融科技,1.9,不推荐这款智能马桶，稳定性差，很失望。,2026-03-15,智能马桶,Review
409,松下 智能窗帘 Advanced,良诺信息有限公司网络安全,3.2,智能窗帘的质量还可以，节能环保，不过价格偏高。,2026-03-14,智能窗帘,Review
19,飞利浦 智能扫地机器人 Plus,方正科技网络有限公司云计算,4.6,在早晨起床时使用效果很好，特别是智能联动功能。,2026-03-13,智能扫地机器人,Review
168,博世 智能插座 Basic,浦华众城信息有限公司虚拟现实,1.7,噪音控制问题很严重，完全不值这个价格。,2026-03-13,智能插座,Review
869,海尔智慧家庭 智能加湿器 Lite,戴硕电子科技有限公司移动应用开发,1.6,连接稳定性问题很严重，完全不值这个价格。,2026-03-13,智能加湿器,Review
926,索尼 智能加湿器 Pro,和泰信息有限公司信息技术,5.0,购买后，这款索尼 智能加湿器 Pro非常满意。同时高清画质设计很贴心。希望厂家能改进这些问题。,2026-03-12,智能加湿器,Review
160,格力 智能电视 Pro,晖来计算机网络有限公司虚拟现实,4.8,智能电视的设计很人性化，性价比高，值得推荐。,2026-03-11,智能电视,Review
364,美的 智能电饭煲 Pro,凌云信息有限公司虚拟现实,3.9,这款产品优缺点都有，画质清晰，但价格偏高。,2026-03-10,智能电饭煲,Review
87,亚马逊 智能音箱 Basic,精芯网络有限公司互联网服务,2.1,坦白讲，这款亚马逊 智能音箱 Basic质量太差。在工作时时完全不能正常工作。不推荐任何人购买。,2026-03-09,智能音箱,Review
944,海尔智慧家庭 智能开关 Plus,商软冠联网络有限公司信息技术,4.5,智能开关的设计很人性化，操作简单，值得推荐。,2026-03-08,智能开关,Review
952,美的 智能电饭煲 Pro,良诺信息有限公司网络安全,3.3,这款智能电饭煲一般，智能化程度高，但是散热问题有点问题。,2026-03-08,智能电饭煲,Review
113,飞利浦 智能手环 Max,昊嘉信息有限公司区块链技术,3.4,这款智能手环一般，功能齐全，但是散热问题有点问题。,2026-03-07,智能手环,Review
152,美的 智能插座 Standard,维涛传媒有限公司云计算,2.6,个人认为，这款智能插座存在明显缺陷。主要问题在于智能化程度低。唯一值得称赞的可能就是外观设计还不错。这钱花得太冤枉了。,2026-03-06,智能插座,Review
375,谷歌 智能洗衣机 Elite,快讯信息有限公司智能科技,1.5,不推荐这款智能洗衣机，兼容性差，很失望。,2026-03-06,智能洗衣机,Review
1023,谷歌 智能音箱 Elite,创联世纪信息有限公司移动应用开发,3.4,使用后感觉，这款智能音箱性价比一般。智能联动设计得比较合理。最重要的是缺点是功能单一。期待下一代产品能有所改进。,2026-03-06,智能音箱,Review
7,海尔智慧家庭 智能加湿器 Lite,毕博诚科技有限公司互联网服务,3.7,这款产品优缺点都有，安装方便，但操作复杂。,2026-03-03,智能加湿器,Review
1067,博世 智能空调 Lite,七喜传媒有限公司人工智能,3.0,坦白讲，这款智能空调功能基本满足需求。优点是兼容性强。可惜的是使用久了会发现一些小问题。值得购买。,2026-03-03,智能空调,Review
1150,LG 智能开关 Lite,维涛科技有限公司网络安全,3.7,试用了几天，这款LG 智能开关 Lite质量还行。高清画质设计得比较合理。不仅如此信号强度有点问题。希望厂家能改进这些问题。,2026-03-03,智能开关,Review
1301,亚马逊 智能音箱 Basic,巨奥科技有限公司信息技术,2.9,对这款智能音箱非常不满意，操作复杂，浪费钱。,2026-03-03,智能音箱,Review
883,亚马逊 智能马桶 Elite,飞海科技传媒有限公司信息技术,1.0,不推荐这款智能马桶，音质一般，很失望。,2026-03-02,智能马桶,Review
1047,亚马逊 智能马桶 Standard,开发区世创科技有限公司科技公司,4.0,我觉得，这款亚马逊 智能马桶 Standard值得推荐。此外在工作时时表现尤为出色。如果非要说缺点的话，配件可以再多一些。性价比很高。,2026-03-02,智能马桶,Review
1238,格力 智能净水器 Ultra,易动力信息有限公司物联网,1.6,使用一周后出现故障，做工一般，售后服务也不好。,2026-03-01,智能净水器,Review
235,华为 智能体重秤 Advanced,中建创业信息有限公司虚拟现实,4.3,这款智能体重秤的节能模式功能很实用，兼容性强。,2026-02-28,智能体重秤,Review
268,松下 智能窗帘 Advanced,万迅电脑信息有限公司科技公司,1.8,说实话，这款智能窗帘质量太差。在做饭时时完全不能正常工作。唯一值得称赞的可能就是价格便宜。希望厂家能重视这些问题。,2026-02-27,智能窗帘,Review
721,小米 智能加湿器 Plus,方正科技科技有限公司互联网服务,2.9,对这款智能加湿器非常不满意，操作复杂，浪费钱。,2026-02-27,智能加湿器,Review
192,三星 智能摄像头 Mini,良诺信息有限公司生物科技,4.5,智能摄像头的设计很人性化，操作简单，值得推荐。,2026-02-26,智能摄像头,Review
274,华为 智能电视 Lite,网新恒天网络有限公司生物科技,4.8,这是我用过的最好的智能电视之一，音质出色，性价比很高。,2026-02-26,智能电视,Review
463,小米 智能空调 Elite,晖来计算机传媒有限公司云计算,1.3,这款产品有严重问题，反应迟钝，已经申请退款。,2026-02-26,智能空调,Review
730,亚马逊 智能马桶 Standard,昊嘉信息有限公司区块链技术,3.4,使用后感觉，这款智能马桶优缺点都有。在家里使用时，语音识别表现不错。尤其是缺点是音质一般。希望厂家能改进这些问题。,2026-02-26,智能马桶,Review
1162,索尼 智能空气净化器 Ultra,鑫博腾飞网络有限公司金融科技,1.3,散热问题问题很严重，完全不值这个价格。,2026-02-24,智能空气净化器,Review
1227,博世 智能马桶 Max,时空盒数字信息有限公司智能科技,4.3,使用了一个月，做工精细，没有发现任何问题。,2026-02-24,智能马桶,Review
1212,飞利浦 智能扫地机器人 Ultra,天开传媒有限公司网络安全,4.7,这款产品的定时功能特别好用，在夜间使用时特别方便。,2026-02-23,智能扫地机器人,Review
9,博世 智能空调 Lite,良诺信息有限公司生物科技,3.2,在晚上睡前使用还不错，但在其他情况下表现一般。,2026-02-23,智能空调,Review
121,谷歌 智能洗衣机 Elite,太极信息有限公司互联网服务,3.3,坦白讲，这款智能洗衣机优缺点都有。优点是操作简单。最让我失望的是电池寿命有点问题。这个价位能买到这样的产品已经很不错了。,2026-02-22,智能洗衣机,Review
735,松下 智能马桶 Elite,图龙信息网络有限公司云计算,4.8,这款产品的一键控制特别好用，在户外活动时特别方便。,2026-02-22,智能马桶,Review
854,华为 智能洗衣机 Ultra,晖来计算机传媒有限公司云计算,4.3,智能洗衣机的设计很人性化，功能齐全，值得推荐。,2026-02-21,智能洗衣机,Review
64,LG 智能插座 Max,晖来计算机网络有限公司虚拟现实,1.4,使用一周后出现故障，音质一般，售后服务也不好。,2026-02-20,智能插座,Review
395,小米 智能加湿器 Plus,快讯信息有限公司智能科技,3.5,在做饭时使用还不错，但在其他情况下表现一般。,2026-02-20,智能加湿器,Review
1189,亚马逊 智能马桶 Standard,天开网络有限公司金融科技,3.9,在早晨起床使用还不错，但在其他情况下表现一般。,2026-02-20,智能马桶,Review
197,三星 智能音箱 Basic,创汇网络有限公司虚拟现实,1.5,散热问题问题很严重，完全不值这个价格。,2026-02-19,智能音箱,Review
312,LG 智能开关 Lite,新宇龙信息传媒有限公司人工智能,5.0,这款智能开关的自动调节功能很实用，安装方便。,2026-02-19,智能开关,Review
595,苹果 智能灯具 Basic,易动力科技有限公司人工智能,4.0,这是我用过的最好的智能灯具之一，性价比高，性价比很高。,2026-02-19,智能灯具,Review
607,三星 智能电饭煲 Max,时空盒数字信息有限公司智能科技,2.9,在多次对比之后选择了这款，这款智能电饭煲有严重问题。连接稳定性简直无法忍受。以后不会再考虑这个品牌的产品。,2026-02-19,智能电饭煲,Review
357,博世 智能扫地机器人 Max,鑫博腾飞信息有限公司智能科技,3.2,总体来说还行，续航时间长，就是稳定性差。,2026-02-18,智能扫地机器人,Review
76,苹果 智能扫地机器人 Pro,昊嘉信息有限公司信息技术,3.7,试用了几天，这款苹果 智能扫地机器人 Pro也没有特别失望。在周末使用时，智能学习表现不错。不过使用久了会发现一些小问题。值得购买。,2026-02-16,智能扫地机器人,Review
105,美的 智能净水器 Plus,创汇网络有限公司虚拟现实,1.1,试用了几天，这款美的 智能净水器 Plus存在明显缺陷。主要问题在于画质模糊。希望厂家能重视这些问题。,2026-02-16,智能净水器,Review
292,亚马逊 智能空调 Standard,晖来计算机传媒有限公司云计算,3.4,智能空调的质量还可以，性价比高，不过操作复杂。,2026-02-16,智能空调,Review
298,小米 智能马桶 Lite,快讯信息有限公司智能科技,3.7,在早晨起床使用还不错，但在其他情况下表现一般。,2026-02-16,智能马桶,Review
777,谷歌 智能净水器 Basic,明腾科技有限公司区块链技术,1.4,连接稳定性问题很严重，完全不值这个价格。,2026-02-16,智能净水器,Review
940,松下 智能开关 Advanced,维涛传媒有限公司云计算,3.1,说实话，这款智能开关中规中矩。智能联动设计得比较合理。不过电池寿命有点问题。不太推荐购买。,2026-02-16,智能开关,Review
1261,美的 智能电视 Basic,良诺信息有限公司网络安全,4.9,这款智能电视质量很好，节能环保。总体来说很满意。,2026-02-16,智能电视,Review
338,亚马逊 智能扫地机器人 Mini,中建创业网络有限公司移动应用开发,2.6,不推荐这款智能扫地机器人，稳定性差，很失望。,2026-02-15,智能扫地机器人,Review
568,三星 智能电饭煲 Max,富罳科技有限公司生物科技,2.6,散热问题问题很严重，完全不值这个价格。,2026-02-15,智能电饭煲,Review
1099,苹果 智能门锁 Pro,合联电子科技有限公司信息技术,1.3,噪音控制问题很严重，完全不值这个价格。,2026-02-15,智能门锁,Review
196,华为 智能电视 Max,MBP软件网络有限公司移动应用开发,2.6,这款产品有严重问题，价格偏高，已经申请退款。,2026-02-14,智能电视,Review
560,华为 智能体重秤 Advanced,恒聪百汇传媒有限公司虚拟现实,2.7,老实讲，这款智能体重秤完全不符合预期。信号强度简直无法忍受。希望厂家能重视这些问题。,2026-02-14,智能体重秤,Review
955,苹果 智能开关 Basic,飞海科技传媒有限公司信息技术,4.2,这款产品的智能场景特别好用，在户外活动时特别方便。,2026-02-14,智能开关,Review
1026,华为 智能洗衣机 Ultra,东方峻景传媒有限公司金融科技,4.2,非常满意这次购买，节能环保，送货也很快。,2026-02-14,智能洗衣机,Review
439,亚马逊 智能插座 Pro,MBP软件科技有限公司信息技术,1.4,对这款智能插座非常不满意，使用说明不清，浪费钱。,2026-02-13,智能插座,Review
45,格力 智能手环 Lite,银嘉科技有限公司云计算,3.6,在做饭时使用还不错，但在其他情况下表现一般。,2026-02-12,智能手环,Review
903,格力 智能手环 Lite,中建创业信息有限公司虚拟现实,3.7,这款产品优缺点都有，外观漂亮，但画质模糊。,2026-02-12,智能手环,Review
1081,华为 智能加湿器 Plus,南康传媒有限公司生物科技,3.0,这款产品优缺点都有，画质清晰，但价格偏高。,2026-02-12,智能加湿器,Review
8,亚马逊 智能马桶 Elite,MBP软件网络有限公司移动应用开发,1.2,作为一个经常使用此类产品的人，这款智能马桶性价比极低。在晚上睡前时完全不能正常工作。不推荐任何人购买。,2026-02-11,智能马桶,Review
451,飞利浦 智能扫地机器人 Ultra,富罳科技有限公司生物科技,2.6,我发现，这款飞利浦 智能扫地机器人 Ultra有严重问题。散热问题简直无法忍受。,2026-02-10,智能扫地机器人,Review
1255,海尔智慧家庭 智能空气净化器 Basic,九方传媒有限公司生物科技,3.3,说实话，这款海尔智慧家庭 智能空气净化器 Basic中规中矩。在看电影时时使用体验还不错。但是缺点是耗电量大。值得购买。,2026-02-08,智能空气净化器,Review
316,博世 智能马桶 Max,七喜传媒有限公司人工智能,3.6,这款智能马桶一般，续航时间长，但是信号强度有点问题。,2026-02-07,智能马桶,Review
3,小米 智能插座 Max,维涛传媒有限公司云计算,4.1,我发现，这款小米 智能插座 Max很好用。总体来说还是很满意的。,2026-02-06,智能插座,Review
18,美的 智能插座 Standard,七喜传媒有限公司人工智能,3.5,智能插座的质量还可以，智能化程度高，不过使用说明不清。,2026-02-06,智能插座,Review
247,格力 智能音箱 Advanced,银嘉网络有限公司云计算,2.3,必须承认，这款智能音箱质量太差。散热问题简直无法忍受。唯一值得称赞的可能就是售后服务态度好。不推荐任何人购买。,2026-02-06,智能音箱,Review
1136,小米 智能插座 Max,易动力传媒有限公司生物科技,4.8,这款智能插座质量很好，稳定性好。总体来说很满意。,2026-02-06,智能插座,Review
552,松下 智能扫地机器人 Plus,九方传媒有限公司生物科技,2.3,不推荐这款智能扫地机器人，续航时间短，很失望。,2026-02-05,智能扫地机器人,Review
744,三星 智能窗帘 Basic,中建创业信息有限公司虚拟现实,2.2,从我的使用体验来看，这款三星 智能窗帘 Basic使用体验很差。散热问题简直无法忍受。这钱花得太冤枉了。,2026-02-05,智能窗帘,Review
878,小米 智能插座 Max,浦华众城网络有限公司信息技术,4.7,这款智能插座质量很好，做工精细。总体来说很满意。,2026-02-05,智能插座,Review
441,松下 智能扫地机器人 Plus,易动力网络有限公司信息技术,2.7,这款产品有严重问题，画质模糊，已经申请退款。,2026-02-04,智能扫地机器人,Review
666,三星 智能窗帘 Basic,良诺信息有限公司网络安全,2.3,使用一周后出现故障，售后服务差，售后服务也不好。,2026-02-04,智能窗帘,Review
86,博世 智能净水器 Plus,南康网络有限公司互联网服务,1.2,不推荐这款智能净水器，耗电量大，很失望。,2026-02-03,智能净水器,Review
392,华为 智能电视 Basic,天开网络有限公司金融科技,2.6,对这款智能电视非常不满意，使用说明不清，浪费钱。,2026-02-03,智能电视,Review
446,西门子 智能电视 Pro,九方传媒有限公司生物科技,4.2,智能电视的设计很人性化，稳定性好，值得推荐。,2026-02-03,智能电视,Review
700,华为 智能电视 Lite,凌云信息有限公司虚拟现实,3.9,这款智能电视一般，性价比高，但是噪音控制有点问题。,2026-02-03,智能电视,Review
674,西门子 智能手环 Standard,合联电子科技有限公司信息技术,3.7,这款产品优缺点都有，做工精细，但智能化程度低。,2026-02-02,智能手环,Review
684,华为 智能洗衣机 Ultra,万迅电脑信息有限公司科技公司,3.1,作为第一次购买这类产品的新手，这款华为 智能洗衣机 Ultra中规中矩。在早上使用时，远程控制表现不错。不仅如此使用久了会发现一些小问题。性价比很高。,2026-02-02,智能洗衣机,Review
1114,西门子 智能空调 Basic,恩悌传媒有限公司虚拟现实,4.0,老实讲，这款西门子 智能空调 Basic功能很强大。最让我失望的是在做饭时时表现尤为出色。如果非要说缺点的话，可能就是续航时间短。希望厂家能改进这些问题。,2026-02-02,智能空调,Review
685,亚马逊 智能电饭煲 Advanced,兰金电子传媒有限公司生物科技,3.3,智能电饭煲的质量还可以，节能环保，不过反应迟钝。,2026-02-01,智能电饭煲,Review
1054,松下 智能开关 Lite,恩悌传媒有限公司虚拟现实,2.3,对这款智能开关非常不满意，价格偏高，浪费钱。,2026-02-01,智能开关,Review
1210,西门子 智能电视 Pro,兰金电子科技有限公司区块链技术,2.7,老实讲，这款智能电视功能实现得很糟糕。使用不到一周就出现了损坏。希望厂家能重视这些问题。,2026-02-01,智能电视,Review
1236,亚马逊 智能音箱 Basic,泰麒麟信息有限公司人工智能,4.6,试用了几天，这款智能音箱品质很好。特别是多用户管理是我最喜欢的部分。希望厂家能改进这些问题。,2026-01-31,智能音箱,Review
248,格力 智能净水器 Mini,浙大万朋信息有限公司生物科技,1.9,对这款智能净水器非常不满意，使用说明不清，浪费钱。,2026-01-31,智能净水器,Review
1062,亚马逊 智能音箱 Basic,七喜传媒有限公司人工智能,2.0,不推荐这款智能音箱，功能单一，很失望。,2026-01-29,智能音箱,Review
1153,博世 智能开关 Max,鑫博腾飞信息有限公司智能科技,2.3,说实话，这款智能开关不值这个价格。在做饭时时完全不能正常工作。不推荐任何人购买。,2026-01-29,智能开关,Review
126,谷歌 智能净水器 Ultra,良诺信息有限公司网络安全,3.7,体验下来，这款谷歌 智能净水器 Ultra性价比一般。静音设计设计得比较合理。特别是缺点是操作复杂。总体来说还是很满意的。,2026-01-28,智能净水器,Review
339,博世 智能插座 Basic,易动力科技有限公司科技公司,2.1,散热问题问题很严重，完全不值这个价格。,2026-01-28,智能插座,Review
580,亚马逊 智能空调 Standard,创汇网络有限公司虚拟现实,2.6,使用后感觉，这款智能空调不推荐购买。在看电影时时完全不能正常工作。不推荐任何人购买。,2026-01-28,智能空调,Review
541,海尔智慧家庭 智能开关 Plus,方正科技网络有限公司云计算,2.6,对这款智能开关非常不满意，价格偏高，浪费钱。,2026-01-27,智能开关,Review
736,LG 智能音箱 Lite,易动力信息有限公司网络安全,3.7,这款产品优缺点都有，质量很好，但兼容性差。,2026-01-27,智能音箱,Review
941,格力 智能手环 Lite,商软冠联传媒有限公司智能科技,4.6,这款智能手环的远程控制功能很实用，质量很好。,2026-01-26,智能手环,Review
1292,美的 智能门锁 Mini,银嘉科技有限公司科技公司,2.7,我觉得，这款美的 智能门锁 Mini质量太差。使用不到一周就出现了异常。唯一值得称赞的可能就是售后服务态度好。这钱花得太冤枉了。,2026-01-26,智能门锁,Review
21,松下 智能加湿器 Pro,网新恒天网络有限公司生物科技,1.4,坦白讲，这款松下 智能加湿器 Pro很失望。主要问题在于续航时间短。这钱花得太冤枉了。,2026-01-25,智能加湿器,Review
325,索尼 智能加湿器 Pro,银嘉科技有限公司科技公司,3.7,这款产品优缺点都有，外观漂亮，但功能单一。,2026-01-25,智能加湿器,Review
734,谷歌 智能音箱 Elite,艾提科信传媒有限公司网络安全,3.8,这款产品优缺点都有，画质清晰，但做工一般。,2026-01-25,智能音箱,Review
2,三星 智能摄像头 Mini,图龙信息网络有限公司云计算,4.3,用了一段时间，这款三星 智能摄像头 Mini做工精细。特别是高清画质设计很贴心。比同事使用的同款要好。如果非要说缺点的话，信号强度还有提升空间。性价比很高。,2026-01-24,智能摄像头,Review
502,谷歌 智能洗衣机 Elite,万迅电脑信息有限公司科技公司,4.3,说实话，这款谷歌 智能洗衣机 Elite做工精细。如果非要说缺点的话，价格稍微贵了一点。性价比很高。,2026-01-24,智能洗衣机,Review
649,索尼 智能冰箱 Elite,易动力信息有限公司网络安全,3.2,智能冰箱的质量还可以，音质出色，不过智能化程度低。,2026-01-23,智能冰箱,Review
866,苹果 智能空气净化器 Basic,艾提科信传媒有限公司网络安全,3.2,智能空气净化器的质量还可以，续航时间长，不过耗电量大。,2026-01-21,智能空气净化器,Review
1246,苹果 智能门锁 Plus,诺依曼软件传媒有限公司物联网,2.6,使用一周后出现故障，功能单一，售后服务也不好。,2026-01-21,智能门锁,Review
224,LG 智能洗衣机 Max,中建创业信息有限公司虚拟现实,3.8,在晚上睡前使用还不错，但在其他情况下表现一般。,2026-01-20,智能洗衣机,Review
38,西门子 智能摄像头 Max,昊嘉信息有限公司区块链技术,2.5,使用后感觉，这款西门子 智能摄像头 Max质量太差。使用不到一周就出现了异常。唯一值得称赞的可能就是包装很精美。不推荐任何人购买。,2026-01-19,智能摄像头,Review
311,美的 智能电饭煲 Pro,银嘉信息有限公司移动应用开发,3.6,智能电饭煲的质量还可以，智能化程度高，不过功能单一。,2026-01-19,智能电饭煲,Review
5,博世 智能空调 Lite,华泰通安科技有限公司网络安全,4.2,这款智能空调质量很好，安装方便。总体来说很满意。,2026-01-18,智能空调,Review
211,博世 智能空调 Lite,良诺信息有限公司生物科技,4.3,这款产品的多用户管理特别好用，在日常使用时特别方便。,2026-01-18,智能空调,Review
322,华为 智能电视 Max,明腾传媒有限公司金融科技,3.1,智能电视的质量还可以，续航时间长，不过兼容性差。,2026-01-18,智能电视,Review
62,博世 智能净水器 Plus,鸿睿思博传媒有限公司智能科技,1.5,信号强度问题很严重，完全不值这个价格。,2026-01-17,智能净水器,Review
664,海尔智慧家庭 智能加湿器 Lite,明腾传媒有限公司互联网服务,1.6,购买后，这款海尔智慧家庭 智能加湿器 Lite功能实现得很糟糕。使用不到一周就出现了损坏。已经申请退款了。,2026-01-16,智能加湿器,Review
1286,苹果 智能空气净化器 Basic,良诺信息有限公司生物科技,3.3,体验下来，这款智能空气净化器功能基本满足需求。在工作日使用时，远程控制表现不错。不过缺点是操作复杂。价格虽高，但物有所值。,2026-01-16,智能空气净化器,Review
426,华为 智能体重秤 Advanced,浦华众城信息有限公司虚拟现实,4.9,个人认为，这款智能体重秤真的很不错。而且高清画质设计很贴心。如果非要说缺点的话，可能就是反应迟钝。可以考虑其他品牌的同类产品。,2026-01-15,智能体重秤,Review
479,小米 智能空调 Elite,时空盒数字信息有限公司虚拟现实,4.4,在做饭时时使用效果很好，特别是快速启动功能。,2026-01-15,智能空调,Review
1032,格力 智能空气净化器 Standard,南康网络有限公司互联网服务,4.3,收到货后，这款格力 智能空气净化器 Standard超出我的预期。此外远程控制功能特别实用。如果非要说缺点的话，电池寿命还有提升空间。期待下一代产品能有所改进。,2026-01-15,智能空气净化器,Review
1112,海尔智慧家庭 智能空气净化器 Basic,维涛科技有限公司网络安全,4.3,试用了几天，这款海尔智慧家庭 智能空气净化器 Basic品质很好。建议慎重考虑。,2026-01-14,智能空气净化器,Review
140,松下 智能窗帘 Lite,晖来计算机传媒有限公司云计算,4.4,在多次对比之后选择了这款，这款智能窗帘功能很强大。同时静音设计设计很贴心。比我预期的要好。如果非要说缺点的话，可能就是售后服务差。这个价位能买到这样的产品已经很不错了。,2026-01-13,智能窗帘,Review
879,西门子 智能音箱 Mini,易动力科技有限公司人工智能,2.1,我觉得，这款西门子 智能音箱 Mini有严重问题。使用不到一周就出现了故障。唯一值得称赞的可能就是外观设计还不错。以后不会再考虑这个品牌的产品。,2026-01-13,智能音箱,Review
689,博世 智能马桶 Basic,合联电子科技有限公司信息技术,4.8,这是我用过的最好的智能马桶之一，外观漂亮，性价比很高。,2026-01-11,智能马桶,Review
60,索尼 智能空气净化器 Ultra,昊嘉信息有限公司区块链技术,4.9,非常满意这次购买，智能化程度高，送货也很快。,2026-01-10,智能空气净化器,Review
836,谷歌 智能音箱 Elite,良诺信息有限公司生物科技,4.4,这款智能音箱质量很好，画质清晰。总体来说很满意。,2026-01-10,智能音箱,Review
1142,飞利浦 智能手环 Max,晖来计算机网络有限公司虚拟现实,4.4,老实讲，这款智能手环品质很好。另外特别适合户外活动。如果非要说缺点的话，可能就是画质模糊。期待下一代产品能有所改进。,2026-01-10,智能手环,Review
1174,西门子 智能洗衣机 Pro,飞海科技传媒有限公司信息技术,2.1,个人认为，这款西门子 智能洗衣机 Pro性价比极低。连接稳定性简直无法忍受。不推荐任何人购买。,2026-01-10,智能洗衣机,Review
352,西门子 智能摄像头 Plus,时空盒数字传媒有限公司大数据分析,4.9,智能摄像头的设计很人性化，兼容性强，值得推荐。,2026-01-08,智能摄像头,Review
1113,美的 智能门锁 Mini,海创网络有限公司生物科技,1.3,个人认为，这款智能门锁不推荐购买。在看电影时时完全不能正常工作。已经申请退款了。,2026-01-08,智能门锁,Review
912,亚马逊 智能扫地机器人 Mini,万迅电脑信息有限公司科技公司,4.4,我觉得，这款亚马逊 智能扫地机器人 Mini非常满意。值得一提的是在做饭时时表现尤为出色。建议慎重考虑。,2026-01-07,智能扫地机器人,Review
106,格力 智能手环 Lite,联软传媒有限公司区块链技术,3.9,总体来说还行，外观漂亮，就是价格偏高。,2026-01-06,智能手环,Review
1010,小米 智能空调 Elite,和泰网络有限公司电子商务,3.7,这款智能空调一般，安装方便，但是散热问题有点问题。,2026-01-06,智能空调,Review
442,华为 智能电视 Lite,毕博诚信息有限公司信息技术,1.6,对这款智能电视非常不满意，智能化程度低，浪费钱。,2026-01-05,智能电视,Review
951,小米 智能马桶 Lite,华泰通安科技有限公司网络安全,3.9,在晚上睡前使用还不错，但在其他情况下表现一般。,2026-01-05,智能马桶,Review
34,博世 智能净水器 Plus,巨奥传媒有限公司信息技术,1.2,使用后感觉，这款智能净水器不值这个价格。使用不到一周就出现了失灵。,2026-01-04,智能净水器,Review
1103,谷歌 智能净水器 Basic,中建创业信息有限公司虚拟现实,4.4,智能净水器的设计很人性化，音质出色，值得推荐。,2026-01-04,智能净水器,Review
55,美的 智能门锁 Mini,巨奥科技有限公司信息技术,1.6,个人认为，这款美的 智能门锁 Mini使用体验很差。主要问题在于功能单一。唯一值得称赞的可能就是售后服务态度好。,2026-01-03,智能门锁,Review
389,博世 智能净水器 Plus,艾提科信传媒有限公司网络安全,1.5,不推荐这款智能净水器，耗电量大，很失望。,2026-01-03,智能净水器,Review
497,美的 智能电视 Basic,兰金电子传媒有限公司生物科技,1.8,体验下来，这款美的 智能电视 Basic质量太差。在看电影时时完全不能正常工作。唯一值得称赞的可能就是包装很精美。,2026-01-03,智能电视,Review
648,松下 智能扫地机器人 Plus,新宇龙信息传媒有限公司人工智能,3.3,总体来说还行，反应灵敏，就是售后服务差。,2026-01-03,智能扫地机器人,Review
686,谷歌 智能净水器 Basic,泰麒麟信息有限公司人工智能,1.2,连接稳定性问题很严重，完全不值这个价格。,2026-01-03,智能净水器,Review
228,西门子 智能空调 Basic,易动力网络有限公司信息技术,3.2,这款产品优缺点都有，做工精细，但反应迟钝。,2026-01-02,智能空调,Review
1077,小米 智能开关 Ultra,创亿网络有限公司金融科技,2.8,这款产品有严重问题，功能单一，已经申请退款。,2026-01-02,智能开关,Review
225,西门子 智能摄像头 Plus,创联世纪信息有限公司移动应用开发,2.8,不推荐这款智能摄像头，耗电量大，很失望。,2025-12-31,智能摄像头,Review
457,博世 智能插座 Basic,中建创业网络有限公司移动应用开发,4.8,非常满意这次购买，做工精细，送货也很快。,2025-12-30,智能插座,Review
423,华为 智能电视 Lite,艾提科信传媒有限公司网络安全,3.5,这款智能电视一般，做工精细，但是散热问题有点问题。,2025-12-29,智能电视,Review
1147,格力 智能音箱 Advanced,时空盒数字传媒有限公司大数据分析,2.3,使用一周后出现故障，做工一般，售后服务也不好。,2025-12-29,智能音箱,Review
245,飞利浦 智能马桶 Max,南康传媒有限公司生物科技,3.1,这款智能马桶一般，节能环保，但是噪音控制有点问题。,2025-12-28,智能马桶,Review
642,华为 智能加湿器 Plus,七喜传媒有限公司人工智能,1.2,这款产品有严重问题，价格偏高，已经申请退款。,2025-12-28,智能加湿器,Review
1016,博世 智能净水器 Max,维涛科技有限公司网络安全,1.6,这款产品有严重问题，价格偏高，已经申请退款。,2025-12-28,智能净水器,Review
255,西门子 智能电视 Pro,毕博诚科技有限公司互联网服务,3.3,在看电影时使用还不错，但在其他情况下表现一般。,2025-12-27,智能电视,Review
855,亚马逊 智能马桶 Standard,超艺网络有限公司人工智能,2.6,对这款智能马桶非常不满意，使用说明不清，浪费钱。,2025-12-27,智能马桶,Review
1073,西门子 智能电视 Pro,银嘉网络有限公司云计算,2.1,连接稳定性问题很严重，完全不值这个价格。,2025-12-26,智能电视,Review
639,谷歌 智能洗衣机 Elite,易动力传媒有限公司生物科技,1.2,这款产品有严重问题，续航时间短，已经申请退款。,2025-12-24,智能洗衣机,Review
1188,三星 智能摄像头 Mini,时空盒数字信息有限公司智能科技,3.8,这款产品优缺点都有，节能环保，但反应迟钝。,2025-12-24,智能摄像头,Review
162,亚马逊 智能扫地机器人 Mini,济南亿次元网络有限公司科技公司,2.2,不推荐这款智能扫地机器人，兼容性差，很失望。,2025-12-23,智能扫地机器人,Review
72,松下 智能电饭煲 Pro,新宇龙信息科技有限公司电子商务,2.3,对这款智能电饭煲非常不满意，操作复杂，浪费钱。,2025-12-22,智能电饭煲,Review
199,美的 智能净水器 Plus,兰金电子传媒有限公司生物科技,2.8,个人认为，这款美的 智能净水器 Plus质量太差。在做饭时时完全不能正常工作。,2025-12-22,智能净水器,Review
806,西门子 智能冰箱 Standard,易动力网络有限公司移动应用开发,4.5,这款产品的定时功能特别好用，在日常使用时特别方便。,2025-12-22,智能冰箱,Review
418,飞利浦 智能马桶 Max,鑫博腾飞信息有限公司智能科技,3.5,智能马桶的质量还可以，音质出色，不过音质一般。,2025-12-21,智能马桶,Review
838,LG 智能净水器 Basic,七喜传媒有限公司人工智能,1.8,使用一周后出现故障，售后服务差，售后服务也不好。,2025-12-21,智能净水器,Review
914,松下 智能马桶 Elite,富罳科技有限公司生物科技,4.0,这款智能马桶质量很好，节能环保。总体来说很满意。,2025-12-20,智能马桶,Review
891,苹果 智能空气净化器 Basic,巨奥网络有限公司金融科技,1.5,用了一段时间，这款苹果 智能空气净化器 Basic完全不符合预期。在做饭时时完全不能正常工作。希望厂家能重视这些问题。,2025-12-19,智能空气净化器,Review
1027,华为 智能体重秤 Advanced,九方传媒有限公司生物科技,2.1,这款产品有严重问题，续航时间短，已经申请退款。,2025-12-19,智能体重秤,Review
691,松下 智能开关 Lite,巨奥网络有限公司金融科技,1.2,用了一段时间，这款松下 智能开关 Lite性价比极低。电池寿命简直无法忍受。唯一值得称赞的可能就是外观设计还不错。这钱花得太冤枉了。,2025-12-18,智能开关,Review
1275,小米 智能开关 Max,和泰网络有限公司电子商务,3.6,在早晨起床使用还不错，但在其他情况下表现一般。,2025-12-18,智能开关,Review
1314,亚马逊 智能马桶 Standard,济南亿次元网络有限公司科技公司,2.3,作为一个经常使用此类产品的人，这款智能马桶不值这个价格。主要问题在于兼容性差。唯一值得称赞的可能就是外观设计还不错。,2025-12-18,智能马桶,Review
238,西门子 智能冰箱 Standard,中建创业网络有限公司移动应用开发,1.9,这款产品有严重问题，售后服务差，已经申请退款。,2025-12-17,智能冰箱,Review
1042,苹果 智能空气净化器 Basic,银嘉网络有限公司云计算,2.0,不推荐这款智能空气净化器，续航时间短，很失望。,2025-12-17,智能空气净化器,Review
317,华为 智能洗衣机 Ultra,富罳科技有限公司生物科技,2.1,购买后，这款智能洗衣机功能实现得很糟糕。主要问题在于操作复杂。不推荐任何人购买。,2025-12-16,智能洗衣机,Review
1197,美的 智能净水器 Plus,迪摩科技有限公司电子商务,4.4,非常满意这次购买，音质出色，送货也很快。,2025-12-14,智能净水器,Review
1306,博世 智能净水器 Plus,毕博诚科技有限公司互联网服务,1.1,个人认为，这款博世 智能净水器 Plus功能实现得很糟糕。在晚上睡前时完全不能正常工作。唯一值得称赞的可能就是价格便宜。,2025-12-14,智能净水器,Review
46,华为 智能洗衣机 Ultra,时空盒数字信息有限公司虚拟现实,4.7,这款智能洗衣机质量很好，音质出色。总体来说很满意。,2025-12-13,智能洗衣机,Review
584,博世 智能净水器 Plus,国讯科技有限公司金融科技,1.9,对比了市面上几款同类产品后，这款智能净水器功能实现得很糟糕。主要问题在于做工一般。,2025-12-13,智能净水器,Review
29,西门子 智能电视 Pro,鑫博腾飞网络有限公司金融科技,1.5,对这款智能电视非常不满意，使用说明不清，浪费钱。,2025-12-12,智能电视,Review
297,华为 智能洗衣机 Ultra,维涛科技有限公司网络安全,2.6,这款产品有严重问题，使用说明不清，已经申请退款。,2025-12-11,智能洗衣机,Review
562,亚马逊 智能马桶 Standard,国讯网络有限公司移动应用开发,1.5,对这款智能马桶非常不满意，稳定性差，浪费钱。,2025-12-11,智能马桶,Review
1266,博世 智能空调 Lite,创汇网络有限公司虚拟现实,5.0,这款产品的多用户管理特别好用，在日常使用时特别方便。,2025-12-10,智能空调,Review
933,西门子 智能摄像头 Plus,维涛传媒有限公司云计算,3.7,总体来说还行，节能环保，就是耗电量大。,2025-12-09,智能摄像头,Review
419,西门子 智能摄像头 Plus,鑫博腾飞科技有限公司电子商务,1.5,试用了几天，这款智能摄像头很失望。使用不到一周就出现了问题。希望厂家能重视这些问题。,2025-12-08,智能摄像头,Review
99,亚马逊 智能电饭煲 Advanced,良诺信息有限公司生物科技,4.4,在早晨起床时使用效果很好，特别是快速启动功能。,2025-12-07,智能电饭煲,Review
1193,华为 智能加湿器 Plus,济南亿次元网络有限公司科技公司,4.2,经过一段时间使用，这款智能加湿器很好用。和朋友推荐的一样好用。不太推荐购买。,2025-12-06,智能加湿器,Review
114,亚马逊 智能门锁 Max,图龙信息传媒有限公司数字科技,3.1,总体来说还行，安装方便，就是安装困难。,2025-12-05,智能门锁,Review
170,华为 智能电视 Max,巨奥传媒有限公司信息技术,2.4,不推荐这款智能电视，智能化程度低，很失望。,2025-12-05,智能电视,Review
1116,飞利浦 智能扫地机器人 Ultra,银嘉科技有限公司科技公司,2.6,使用一周后出现故障，功能单一，售后服务也不好。,2025-12-05,智能扫地机器人,Review
578,松下 智能扫地机器人 Plus,浦华众城信息有限公司虚拟现实,4.6,智能扫地机器人的设计很人性化，质量很好，值得推荐。,2025-12-04,智能扫地机器人,Review
138,西门子 智能手环 Standard,图龙信息网络有限公司云计算,1.1,从我的使用体验来看，这款西门子 智能手环 Standard性价比极低。在工作时时完全不能正常工作。唯一值得称赞的可能就是包装很精美。,2025-12-03,智能手环,Review
1216,小米 智能开关 Ultra,海创网络有限公司生物科技,3.7,用了一段时间，这款小米 智能开关 Ultra性价比一般。在工作时时使用体验还不错。除此之外连接稳定性有点问题。整体体验不错。,2025-12-03,智能开关,Review
271,飞利浦 智能扫地机器人 Ultra,昊嘉信息有限公司区块链技术,1.5,对这款智能扫地机器人非常不满意，续航时间短，浪费钱。,2025-12-02,智能扫地机器人,Review
783,格力 智能手环 Lite,戴硕电子科技有限公司移动应用开发,3.7,使用后感觉，这款格力 智能手环 Lite也没有特别失望。在看电影时时使用体验还不错。而且信号强度有点问题。对得起这个价格。,2025-12-01,智能手环,Review
964,三星 智能音箱 Basic,联软传媒有限公司区块链技术,4.4,这是我用过的最好的智能音箱之一，安装方便，性价比很高。,2025-12-01,智能音箱,Review
673,小米 智能门锁 Mini,恒聪百汇传媒有限公司虚拟现实,3.8,总体来说还行，续航时间长，就是价格偏高。,2025-11-30,智能门锁,Review
1017,松下 智能开关 Lite,恒聪百汇传媒有限公司虚拟现实,2.0,对这款智能开关非常不满意，耗电量大，浪费钱。,2025-11-29,智能开关,Review
1097,三星 智能电饭煲 Max,精芯传媒有限公司物联网,1.1,这款产品有严重问题，反应迟钝，已经申请退款。,2025-11-29,智能电饭煲,Review
1158,海尔智慧家庭 智能加湿器 Lite,方正科技网络有限公司云计算,4.6,说实话，这款智能加湿器功能很强大。遗憾的是在看电影时时表现尤为出色。如果非要说缺点的话，配件可以再多一些。值得购买。,2025-11-29,智能加湿器,Review
1200,西门子 智能摄像头 Plus,巨奥传媒有限公司信息技术,4.9,体验下来，这款西门子 智能摄像头 Plus设计很人性化。特别是节能模式功能特别实用。比我预期的要好。如果非要说缺点的话，价格稍微贵了一点。值得购买。,2025-11-29,智能摄像头,Review
687,格力 智能净水器 Ultra,鸿睿思博传媒有限公司智能科技,1.5,使用一周后出现故障，智能化程度低，售后服务也不好。,2025-11-28,智能净水器,Review
1134,谷歌 智能音箱 Elite,中建创业网络有限公司移动应用开发,4.4,这是我用过的最好的智能音箱之一，做工精细，性价比很高。,2025-11-27,智能音箱,Review
1208,美的 智能电饭煲 Pro,商软冠联传媒有限公司大数据分析,2.1,体验下来，这款智能电饭煲功能实现得很糟糕。在做饭时时完全不能正常工作。希望厂家能重视这些问题。,2025-11-27,智能电饭煲,Review
713,飞利浦 智能扫地机器人 Ultra,群英信息有限公司金融科技,2.0,信号强度问题很严重，完全不值这个价格。,2025-11-26,智能扫地机器人,Review
472,三星 智能摄像头 Mini,浦华众城信息有限公司虚拟现实,1.3,连接稳定性问题很严重，完全不值这个价格。,2025-11-25,智能摄像头,Review
555,格力 智能手环 Lite,时空盒数字传媒有限公司大数据分析,4.6,说实话，这款格力 智能手环 Lite品质很好。期待下一代产品能有所改进。,2025-11-25,智能手环,Review
792,谷歌 智能洗衣机 Elite,昊嘉信息有限公司信息技术,4.1,我觉得，这款谷歌 智能洗衣机 Elite非常满意。但是自动升级是我最喜欢的部分。如果非要说缺点的话，配件可以再多一些。价格虽高，但物有所值。,2025-11-25,智能洗衣机,Review
1133,亚马逊 智能电饭煲 Advanced,明腾科技有限公司区块链技术,1.8,对这款智能电饭煲非常不满意，安装困难，浪费钱。,2025-11-25,智能电饭煲,Review
1287,谷歌 智能净水器 Basic,精芯网络有限公司互联网服务,2.2,这款产品有严重问题，兼容性差，已经申请退款。,2025-11-25,智能净水器,Review
351,格力 智能电视 Pro,恒聪百汇传媒有限公司虚拟现实,2.8,使用一周后出现故障，价格偏高，售后服务也不好。,2025-11-24,智能电视,Review
407,海尔智慧家庭 智能加湿器 Lite,新宇龙信息科技有限公司电子商务,2.9,坦白讲，这款海尔智慧家庭 智能加湿器 Lite使用体验很差。在看电影时时完全不能正常工作。唯一值得称赞的可能就是包装很精美。,2025-11-24,智能加湿器,Review
438,美的 智能净水器 Plus,晖来计算机网络有限公司虚拟现实,3.6,作为第一次购买这类产品的新手，这款智能净水器一般般。刚收到时，语音识别表现不错。遗憾的是缺点是画质模糊。期待下一代产品能有所改进。,2025-11-24,智能净水器,Review
445,西门子 智能空调 Basic,网新恒天科技有限公司数字科技,2.1,老实讲，这款西门子 智能空调 Basic性价比极低。使用不到一周就出现了故障。唯一值得称赞的可能就是售后服务态度好。不推荐任何人购买。,2025-11-24,智能空调,Review
716,西门子 智能空调 Basic,良诺信息有限公司生物科技,1.4,使用后感觉，这款西门子 智能空调 Basic不值这个价格。在看电影时时完全不能正常工作。唯一值得称赞的可能就是包装很精美。以后不会再考虑这个品牌的产品。,2025-11-24,智能空调,Review
1083,LG 智能洗衣机 Max,浦华众城信息有限公司虚拟现实,4.7,在早晨起床时使用效果很好，特别是智能联动功能。,2025-11-24,智能洗衣机,Review
125,三星 智能加湿器 Mini,襄樊地球村信息有限公司物联网,5.0,这款智能加湿器的智能学习功能很实用，稳定性好。,2025-11-23,智能加湿器,Review
324,小米 智能插座 Max,通际名联科技有限公司金融科技,1.9,不推荐这款智能插座，音质一般，很失望。,2025-11-23,智能插座,Review
1030,博世 智能净水器 Max,浙大万朋信息有限公司生物科技,1.2,不推荐这款智能净水器，使用说明不清，很失望。,2025-11-23,智能净水器,Review
232,苹果 智能开关 Basic,易动力科技有限公司人工智能,4.6,购买后，这款苹果 智能开关 Basic很好用。最让我失望的是特别适合办公环境。价格虽高，但物有所值。,2025-11-22,智能开关,Review
772,华为 智能电视 Basic,南康传媒有限公司生物科技,3.2,在多次对比之后选择了这款，这款智能电视优缺点都有。优点是做工精细。特别是使用久了会发现一些小问题。整体体验不错。,2025-11-22,智能电视,Review
112,华为 智能加湿器 Plus,良诺信息有限公司生物科技,4.6,使用了一个月，节能环保，没有发现任何问题。,2025-11-21,智能加湿器,Review
302,LG 智能洗衣机 Max,昊嘉信息有限公司信息技术,1.3,对比了市面上几款同类产品后，这款智能洗衣机使用体验很差。在早晨起床时完全不能正常工作。,2025-11-20,智能洗衣机,Review
506,西门子 智能摄像头 Max,南康网络有限公司互联网服务,1.2,不得不说，这款智能摄像头质量太差。散热问题简直无法忍受。唯一值得称赞的可能就是送货速度快。,2025-11-20,智能摄像头,Review
893,飞利浦 智能扫地机器人 Plus,鸿睿思博传媒有限公司智能科技,2.2,这款产品有严重问题，稳定性差，已经申请退款。,2025-11-20,智能扫地机器人,Review
976,松下 智能开关 Advanced,银嘉信息有限公司移动应用开发,3.8,这款产品优缺点都有，外观漂亮，但智能化程度低。,2025-11-20,智能开关,Review
150,格力 智能电视 Pro,易动力信息有限公司网络安全,3.8,这款智能电视一般，安装方便，但是连接稳定性有点问题。,2025-11-18,智能电视,Review
808,格力 智能音箱 Advanced,维旺明信息有限公司人工智能,3.6,智能音箱的质量还可以，智能化程度高，不过画质模糊。,2025-11-18,智能音箱,Review
1024,飞利浦 智能扫地机器人 Ultra,商软冠联网络有限公司信息技术,1.1,使用一周后出现故障，做工一般，售后服务也不好。,2025-11-18,智能扫地机器人,Review
1149,博世 智能净水器 Max,易动力科技有限公司科技公司,2.5,不得不说，这款博世 智能净水器 Max功能实现得很糟糕。噪音控制简直无法忍受。,2025-11-18,智能净水器,Review
1254,美的 智能电饭煲 Pro,时空盒数字信息有限公司虚拟现实,2.5,对这款智能电饭煲非常不满意，音质一般，浪费钱。,2025-11-18,智能电饭煲,Review
829,亚马逊 智能空调 Standard,浦华众城网络有限公司信息技术,1.6,使用一周后出现故障，稳定性差，售后服务也不好。,2025-11-17,智能空调,Review
71,松下 智能开关 Advanced,飞海科技传媒有限公司信息技术,2.1,我发现，这款松下 智能开关 Advanced不推荐购买。使用不到一周就出现了失灵。这钱花得太冤枉了。,2025-11-16,智能开关,Review
590,西门子 智能冰箱 Standard,合联电子科技有限公司信息技术,4.3,这是我用过的最好的智能冰箱之一，节能环保，性价比很高。,2025-11-16,智能冰箱,Review
612,博世 智能插座 Basic,兰金电子科技有限公司区块链技术,3.2,这款产品优缺点都有，安装方便，但耗电量大。,2025-11-16,智能插座,Review
965,三星 智能窗帘 Basic,鑫博腾飞网络有限公司金融科技,1.4,对这款智能窗帘非常不满意，售后服务差，浪费钱。,2025-11-16,智能窗帘,Review
216,华为 智能电视 Basic,东方峻景传媒有限公司金融科技,4.0,我觉得，这款华为 智能电视 Basic性价比很高。此外特别适合夜间使用。比我之前用的产品好多了。如果非要说缺点的话，可能就是反应迟钝。建议慎重考虑。,2025-11-15,智能电视,Review
157,苹果 智能空气净化器 Basic,MBP软件科技有限公司信息技术,1.4,对这款智能空气净化器非常不满意，兼容性差，浪费钱。,2025-11-14,智能空气净化器,Review
621,格力 智能手环 Lite,迪摩科技有限公司电子商务,1.3,使用一周后出现故障，售后服务差，售后服务也不好。,2025-11-14,智能手环,Review
536,苹果 智能门锁 Pro,菊风公司传媒有限公司数字科技,2.3,对这款智能门锁非常不满意，耗电量大，浪费钱。,2025-11-13,智能门锁,Review
654,索尼 智能冰箱 Elite,晖来计算机传媒有限公司云计算,1.0,对这款智能冰箱非常不满意，售后服务差，浪费钱。,2025-11-13,智能冰箱,Review
811,松下 智能马桶 Elite,昊嘉信息有限公司区块链技术,1.6,不推荐这款智能马桶，反应迟钝，很失望。,2025-11-12,智能马桶,Review
848,西门子 智能手环 Standard,创汇网络有限公司虚拟现实,3.5,智能手环的质量还可以，外观漂亮，不过做工一般。,2025-11-11,智能手环,Review
858,博世 智能净水器 Plus,易动力科技有限公司人工智能,4.0,智能净水器的设计很人性化，音质出色，值得推荐。,2025-11-11,智能净水器,Review
306,华为 智能电视 Basic,银嘉信息有限公司移动应用开发,3.0,智能电视的质量还可以，质量很好，不过功能单一。,2025-11-10,智能电视,Review
1119,西门子 智能摄像头 Max,明腾科技有限公司区块链技术,3.1,作为一个经常使用此类产品的人，这款西门子 智能摄像头 Max基本符合预期。在工作日使用时，远程控制表现不错。尤其是缺点是续航时间短。建议慎重考虑。,2025-11-10,智能摄像头,Review
802,小米 智能门锁 Mini,巨奥科技有限公司信息技术,1.8,这款产品有严重问题，续航时间短，已经申请退款。,2025-11-09,智能门锁,Review
147,索尼 智能冰箱 Elite,快讯信息有限公司智能科技,4.1,在工作时时使用效果很好，特别是静音设计功能。,2025-11-07,智能冰箱,Review
464,格力 智能空气净化器 Standard,创联世纪信息有限公司移动应用开发,4.8,使用了一个月，稳定性好，没有发现任何问题。,2025-11-07,智能空气净化器,Review
24,松下 智能扫地机器人 Plus,精芯传媒有限公司物联网,4.2,这是我用过的最好的智能扫地机器人之一，外观漂亮，性价比很高。,2025-11-06,智能扫地机器人,Review
852,亚马逊 智能门锁 Max,易动力科技有限公司人工智能,2.2,对这款智能门锁非常不满意，智能化程度低，浪费钱。,2025-11-05,智能门锁,Review
14,博世 智能马桶 Max,和泰信息有限公司信息技术,4.4,非常满意这次购买，做工精细，送货也很快。,2025-11-04,智能马桶,Review
1269,三星 智能电饭煲 Max,东方峻景传媒有限公司金融科技,1.4,散热问题问题很严重，完全不值这个价格。,2025-11-04,智能电饭煲,Review
146,博世 智能马桶 Basic,巨奥传媒有限公司信息技术,3.9,试用了几天，这款智能马桶没有特别惊喜。静音设计设计得比较合理。值得一提的是缺点是兼容性差。性价比很高。,2025-11-03,智能马桶,Review
222,谷歌 智能净水器 Ultra,襄樊地球村信息有限公司物联网,3.9,智能净水器的质量还可以，外观漂亮，不过反应迟钝。,2025-11-03,智能净水器,Review
833,西门子 智能手环 Standard,易动力信息有限公司物联网,3.5,总体来说还行，做工精细，就是操作复杂。,2025-11-02,智能手环,Review
1310,华为 智能电视 Lite,国讯网络有限公司移动应用开发,1.5,使用一周后出现故障，反应迟钝，售后服务也不好。,2025-11-01,智能电视,Review
37,谷歌 智能净水器 Basic,毕博诚科技有限公司互联网服务,1.9,这款产品有严重问题，智能化程度低，已经申请退款。,2025-10-30,智能净水器,Review
54,海尔智慧家庭 智能加湿器 Lite,通际名联科技有限公司金融科技,4.1,使用了一个月，节能环保，没有发现任何问题。,2025-10-30,智能加湿器,Review
726,LG 智能净水器 Basic,易动力信息有限公司物联网,2.0,这款产品有严重问题，兼容性差，已经申请退款。,2025-10-30,智能净水器,Review
830,LG 智能洗衣机 Max,南康传媒有限公司生物科技,3.9,这款智能洗衣机一般，智能化程度高，但是散热问题有点问题。,2025-10-30,智能洗衣机,Review
1018,华为 智能体重秤 Advanced,七喜传媒有限公司人工智能,3.2,这款智能体重秤一般，操作简单，但是散热问题有点问题。,2025-10-29,智能体重秤,Review
1019,LG 智能洗衣机 Max,飞海科技传媒有限公司信息技术,2.2,对这款智能洗衣机非常不满意，价格偏高，浪费钱。,2025-10-29,智能洗衣机,Review
1061,三星 智能摄像头 Mini,东方峻景传媒有限公司金融科技,1.5,说实话，这款智能摄像头存在明显缺陷。主要问题在于价格偏高。希望厂家能重视这些问题。,2025-10-29,智能摄像头,Review
913,松下 智能电饭煲 Pro,中建创业信息有限公司虚拟现实,2.9,试用了几天，这款智能电饭煲有严重问题。主要问题在于音质一般。希望厂家能重视这些问题。,2025-10-28,智能电饭煲,Review
1092,博世 智能开关 Max,泰麒麟信息有限公司人工智能,4.3,这是我用过的最好的智能开关之一，反应灵敏，性价比很高。,2025-10-28,智能开关,Review
1141,小米 智能加湿器 Plus,精芯传媒有限公司物联网,2.2,不推荐这款智能加湿器，功能单一，很失望。,2025-10-27,智能加湿器,Review
1088,飞利浦 智能扫地机器人 Ultra,银嘉网络有限公司云计算,2.8,必须承认，这款智能扫地机器人存在明显缺陷。主要问题在于价格偏高。唯一值得称赞的可能就是送货速度快。以后不会再考虑这个品牌的产品。,2025-10-26,智能扫地机器人,Review
1168,亚马逊 智能空调 Standard,凌云信息有限公司虚拟现实,2.5,这款产品有严重问题，售后服务差，已经申请退款。,2025-10-26,智能空调,Review
779,苹果 智能灯具 Basic,良诺信息有限公司网络安全,1.9,我觉得，这款智能灯具功能实现得很糟糕。在工作时时完全不能正常工作。,2025-10-24,智能灯具,Review
915,博世 智能净水器 Max,通际名联科技有限公司金融科技,2.7,不推荐这款智能净水器，智能化程度低，很失望。,2025-10-24,智能净水器,Review
1264,小米 智能开关 Max,易动力信息有限公司物联网,2.6,坦白讲，这款智能开关质量太差。使用不到一周就出现了失灵。已经申请退款了。,2025-10-23,智能开关,Review
489,西门子 智能冰箱 Standard,易动力科技有限公司人工智能,4.5,这款智能冰箱质量很好，智能化程度高。总体来说很满意。,2025-10-22,智能冰箱,Review
510,亚马逊 智能扫地机器人 Mini,精芯网络有限公司互联网服务,4.5,购买后，这款智能扫地机器人品质很好。特别是快速启动设计很贴心。总体来说还是很满意的。,2025-10-22,智能扫地机器人,Review
529,格力 智能净水器 Mini,毕博诚信息有限公司信息技术,4.6,使用了一个月，做工精细，没有发现任何问题。,2025-10-22,智能净水器,Review
490,小米 智能电饭煲 Ultra,华泰通安科技有限公司网络安全,1.2,不推荐这款智能电饭煲，价格偏高，很失望。,2025-10-21,智能电饭煲,Review
556,苹果 智能空气净化器 Basic,盟新传媒有限公司大数据分析,2.3,对这款智能空气净化器非常不满意，做工一般，浪费钱。,2025-10-21,智能空气净化器,Review
1000,博世 智能摄像头 Standard,易动力网络有限公司信息技术,1.0,作为一个经常使用此类产品的人，这款博世 智能摄像头 Standard使用体验很差。在工作时时完全不能正常工作。唯一值得称赞的可能就是价格便宜。这钱花得太冤枉了。,2025-10-21,智能摄像头,Review
336,松下 智能窗帘 Advanced,快讯信息有限公司智能科技,4.8,作为一个经常使用此类产品的人，这款智能窗帘超出我的预期。尤其是自动升级是我最喜欢的部分。对得起这个价格。,2025-10-20,智能窗帘,Review
611,苹果 智能扫地机器人 Pro,开发区世创科技有限公司科技公司,3.9,使用后感觉，这款苹果 智能扫地机器人 Pro中规中矩。智能联动设计得比较合理。特别是使用久了会发现一些小问题。值得购买。,2025-10-20,智能扫地机器人,Review
793,LG 智能净水器 Basic,图龙信息传媒有限公司数字科技,4.1,这款智能净水器的语音识别功能很实用，操作简单。,2025-10-20,智能净水器,Review
258,苹果 智能门锁 Pro,良诺信息有限公司生物科技,4.4,这款产品的一键控制特别好用，在夜间使用时特别方便。,2025-10-19,智能门锁,Review
378,LG 智能净水器 Basic,合联电子科技有限公司网络安全,3.5,老实讲，这款智能净水器性价比一般。在特殊场合使用时，节能模式表现不错。最重要的是信号强度有点问题。期待下一代产品能有所改进。,2025-10-18,智能净水器,Review
401,小米 智能门锁 Mini,诺依曼软件传媒有限公司物联网,3.8,这款产品优缺点都有，操作简单，但价格偏高。,2025-10-18,智能门锁,Review
107,格力 智能手环 Lite,戴硕电子科技有限公司移动应用开发,3.1,说实话，这款智能手环总体来说还可以。在工作时时使用体验还不错。遗憾的是使用久了会发现一些小问题。对得起这个价格。,2025-10-16,智能手环,Review
355,LG 智能净水器 Basic,浙大万朋信息有限公司生物科技,4.8,这款智能净水器质量很好，质量很好。总体来说很满意。,2025-10-16,智能净水器,Review
962,美的 智能净水器 Plus,维涛传媒有限公司云计算,3.6,在看电影时使用还不错，但在其他情况下表现一般。,2025-10-16,智能净水器,Review
1004,美的 智能电饭煲 Pro,创亿网络有限公司移动应用开发,4.6,这款产品的智能场景特别好用，在户外活动时特别方便。,2025-10-16,智能电饭煲,Review
708,松下 智能窗帘 Lite,精芯传媒有限公司物联网,3.9,对比了市面上几款同类产品后，这款松下 智能窗帘 Lite也没有特别失望。在工作时时使用体验还不错。并且使用久了会发现一些小问题。期待下一代产品能有所改进。,2025-10-15,智能窗帘,Review
987,美的 智能窗帘 Max,襄樊地球村网络有限公司智能科技,3.5,这款智能窗帘一般，节能环保，但是散热问题有点问题。,2025-10-15,智能窗帘,Review
785,华为 智能加湿器 Plus,合联电子科技有限公司网络安全,4.8,使用后感觉，这款华为 智能加湿器 Plus很好用。最让我失望的是语音识别功能特别实用。在同价位产品中表现最好。推荐给有需要的朋友。,2025-10-13,智能加湿器,Review
1013,西门子 智能冰箱 Standard,菊风公司传媒有限公司数字科技,3.0,在看电影时使用还不错，但在其他情况下表现一般。,2025-10-13,智能冰箱,Review
15,华为 智能窗帘 Basic,银嘉科技有限公司科技公司,2.5,使用一周后出现故障，续航时间短，售后服务也不好。,2025-10-10,智能窗帘,Review
984,华为 智能电视 Max,通际名联科技有限公司金融科技,4.7,使用后感觉，这款华为 智能电视 Max很好用。而且特别适合户外活动。如果非要说缺点的话，配件可以再多一些。便宜没好货，这句话在这里很适用。,2025-10-10,智能电视,Review
52,格力 智能音箱 Advanced,泰麒麟信息有限公司人工智能,1.9,不推荐这款智能音箱，续航时间短，很失望。,2025-10-09,智能音箱,Review
768,格力 智能体重秤 Standard,时空盒数字传媒有限公司大数据分析,3.8,总体来说还行，做工精细，就是反应迟钝。,2025-10-09,智能体重秤,Review
781,格力 智能净水器 Ultra,东方峻景传媒有限公司金融科技,4.6,这款智能净水器质量很好，质量很好。总体来说很满意。,2025-10-08,智能净水器,Review
698,格力 智能体重秤 Ultra,时空盒数字传媒有限公司大数据分析,2.6,作为一个经常使用此类产品的人，这款格力 智能体重秤 Ultra不值这个价格。主要问题在于稳定性差。,2025-10-07,智能体重秤,Review
748,博世 智能摄像头 Standard,银嘉科技有限公司云计算,5.0,使用了一个月，质量很好，没有发现任何问题。,2025-10-07,智能摄像头,Review
1289,美的 智能马桶 Mini,联软传媒有限公司区块链技术,4.5,在看电影时时使用效果很好，特别是省电模式功能。,2025-10-07,智能马桶,Review
534,西门子 智能空调 Basic,艾提科信传媒有限公司网络安全,1.7,不推荐这款智能空调，操作复杂，很失望。,2025-10-06,智能空调,Review
623,博世 智能空气净化器 Lite,太极信息有限公司互联网服务,2.9,散热问题问题很严重，完全不值这个价格。,2025-10-06,智能空气净化器,Review
627,西门子 智能冰箱 Standard,迪摩科技有限公司电子商务,4.7,这款智能冰箱质量很好，功能齐全。总体来说很满意。,2025-10-06,智能冰箱,Review
971,小米 智能马桶 Lite,良诺信息有限公司网络安全,3.0,这款智能马桶一般，兼容性强，但是信号强度有点问题。,2025-10-06,智能马桶,Review
56,小米 智能门锁 Mini,超艺网络有限公司人工智能,4.4,这款智能门锁的智能学习功能很实用，音质出色。,2025-10-05,智能门锁,Review
704,小米 智能加湿器 Plus,图龙信息传媒有限公司数字科技,4.3,非常满意这次购买，兼容性强，送货也很快。,2025-10-05,智能加湿器,Review
331,格力 智能体重秤 Ultra,襄樊地球村网络有限公司智能科技,3.0,在看电影时使用还不错，但在其他情况下表现一般。,2025-10-04,智能体重秤,Review
857,西门子 智能摄像头 Max,天开传媒有限公司网络安全,4.2,试用了几天，这款西门子 智能摄像头 Max值得推荐。不过省电模式设计很贴心。在同类产品中算是中等水平。如果非要说缺点的话，配件可以再多一些。整体体验不错。,2025-10-04,智能摄像头,Review
1058,松下 智能电饭煲 Pro,联软传媒有限公司区块链技术,1.8,这款产品有严重问题，反应迟钝，已经申请退款。,2025-10-04,智能电饭煲,Review
1248,西门子 智能手环 Standard,商软冠联传媒有限公司智能科技,1.6,使用一周后出现故障，操作复杂，售后服务也不好。,2025-10-04,智能手环,Review
1282,飞利浦 智能马桶 Max,毕博诚科技有限公司互联网服务,3.0,我觉得，这款飞利浦 智能马桶 Max中规中矩。在夏天使用时，自动调节表现不错。但是在家庭聚会场景下表现一般。建议慎重考虑。,2025-10-03,智能马桶,Review
215,华为 智能加湿器 Plus,易动力信息有限公司物联网,3.1,老实讲，这款智能加湿器一般般。在工作日使用时，语音识别表现不错。更让我满意的是信号强度有点问题。建议慎重考虑。,2025-10-03,智能加湿器,Review
315,华为 智能电视 Lite,时空盒数字传媒有限公司大数据分析,1.6,不推荐这款智能电视，兼容性差，很失望。,2025-10-03,智能电视,Review
901,亚马逊 智能空调 Standard,良诺信息有限公司网络安全,5.0,这是我用过的最好的智能空调之一，续航时间长，性价比很高。,2025-10-03,智能空调,Review
870,飞利浦 智能马桶 Max,华泰通安科技有限公司网络安全,1.1,使用一周后出现故障，稳定性差，售后服务也不好。,2025-10-02,智能马桶,Review
1106,苹果 智能门锁 Pro,和泰信息有限公司信息技术,3.3,这款产品优缺点都有，性价比高，但智能化程度低。,2025-10-02,智能门锁,Review
920,索尼 智能空气净化器 Ultra,毕博诚科技有限公司互联网服务,2.5,体验下来，这款索尼 智能空气净化器 Ultra不值这个价格。主要问题在于兼容性差。以后不会再考虑这个品牌的产品。,2025-10-01,智能空气净化器,Review
681,三星 智能加湿器 Mini,国讯科技有限公司金融科技,3.0,这款智能加湿器一般，外观漂亮，但是连接稳定性有点问题。,2025-09-30,智能加湿器,Review
1180,格力 智能体重秤 Ultra,东方峻景传媒有限公司金融科技,2.7,我觉得，这款格力 智能体重秤 Ultra不值这个价格。在早晨起床时完全不能正常工作。唯一值得称赞的可能就是包装很精美。希望厂家能重视这些问题。,2025-09-30,智能体重秤,Review
26,小米 智能开关 Ultra,鑫博腾飞科技有限公司电子商务,4.3,作为第一次购买这类产品的新手，这款小米 智能开关 Ultra超出我的预期。但是特别适合日常使用。和同价位其他产品相比更胜一筹。如果非要说缺点的话，说明书不够详细。对得起这个价格。,2025-09-29,智能开关,Review
518,亚马逊 智能门铃 Max,太极信息有限公司互联网服务,2.3,使用一周后出现故障，耗电量大，售后服务也不好。,2025-09-29,智能门铃,Review
817,索尼 智能加湿器 Pro,快讯信息有限公司智能科技,1.9,对这款智能加湿器非常不满意，操作复杂，浪费钱。,2025-09-29,智能加湿器,Review
265,博世 智能空气净化器 Lite,巨奥网络有限公司金融科技,4.9,智能空气净化器的设计很人性化，质量很好，值得推荐。,2025-09-27,智能空气净化器,Review
922,亚马逊 智能电饭煲 Advanced,方正科技网络有限公司云计算,1.0,对这款智能电饭煲非常不满意，安装困难，浪费钱。,2025-09-27,智能电饭煲,Review
1184,博世 智能马桶 Max,毕博诚科技有限公司互联网服务,2.7,使用一周后出现故障，反应迟钝，售后服务也不好。,2025-09-27,智能马桶,Review
1300,索尼 智能空气净化器 Ultra,时空盒数字传媒有限公司大数据分析,4.5,使用了一个月，兼容性强，没有发现任何问题。,2025-09-27,智能空气净化器,Review
1260,索尼 智能加湿器 Pro,凌云信息有限公司虚拟现实,4.6,这款智能加湿器质量很好，功能齐全。总体来说很满意。,2025-09-26,智能加湿器,Review
10,格力 智能空气净化器 Standard,太极信息有限公司互联网服务,3.1,购买后，这款智能空气净化器中规中矩。在早晨起床时使用体验还不错。但是使用久了会发现一些小问题。价格虽高，但物有所值。,2025-09-26,智能空气净化器,Review
405,博世 智能净水器 Plus,鑫博腾飞科技有限公司电子商务,2.0,使用一周后出现故障，功能单一，售后服务也不好。,2025-09-25,智能净水器,Review
1165,西门子 智能冰箱 Standard,毕博诚科技有限公司互联网服务,2.9,试用了几天，这款西门子 智能冰箱 Standard存在明显缺陷。在晚上睡前时完全不能正常工作。,2025-09-25,智能冰箱,Review
119,苹果 智能空气净化器 Basic,易动力网络有限公司移动应用开发,4.1,这款智能空气净化器质量很好，兼容性强。总体来说很满意。,2025-09-24,智能空气净化器,Review
304,海尔智慧家庭 智能开关 Plus,国讯网络有限公司移动应用开发,3.5,这款智能开关一般，节能环保，但是噪音控制有点问题。,2025-09-23,智能开关,Review
376,博世 智能空调 Lite,戴硕电子科技有限公司移动应用开发,2.8,对这款智能空调非常不满意，耗电量大，浪费钱。,2025-09-23,智能空调,Review
652,格力 智能净水器 Mini,昊嘉信息有限公司信息技术,1.1,在多次对比之后选择了这款，这款智能净水器存在明显缺陷。主要问题在于续航时间短。这钱花得太冤枉了。,2025-09-23,智能净水器,Review
723,格力 智能净水器 Ultra,鑫博腾飞科技有限公司电子商务,3.9,智能净水器的质量还可以，续航时间长，不过智能化程度低。,2025-09-23,智能净水器,Review
860,松下 智能电饭煲 Pro,易动力信息有限公司网络安全,1.8,收到货后，这款松下 智能电饭煲 Pro完全不符合预期。主要问题在于兼容性差。唯一值得称赞的可能就是外观设计还不错。这钱花得太冤枉了。,2025-09-23,智能电饭煲,Review
943,三星 智能窗帘 Basic,创亿网络有限公司金融科技,3.7,在做饭时使用还不错，但在其他情况下表现一般。,2025-09-22,智能窗帘,Review
203,索尼 智能冰箱 Elite,易动力信息有限公司网络安全,2.8,使用一周后出现故障，操作复杂，售后服务也不好。,2025-09-21,智能冰箱,Review
1290,索尼 智能空气净化器 Ultra,合联电子科技有限公司网络安全,3.3,这款产品优缺点都有，反应灵敏，但耗电量大。,2025-09-21,智能空气净化器,Review
512,华为 智能电视 Basic,明腾传媒有限公司金融科技,3.6,在做饭时使用还不错，但在其他情况下表现一般。,2025-09-20,智能电视,Review
1139,索尼 智能冰箱 Elite,巨奥科技有限公司信息技术,1.1,这款产品有严重问题，价格偏高，已经申请退款。,2025-09-20,智能冰箱,Review
470,格力 智能空气净化器 Standard,九方传媒有限公司生物科技,4.7,非常满意这次购买，画质清晰，送货也很快。,2025-09-19,智能空气净化器,Review
173,格力 智能净水器 Ultra,易动力信息有限公司物联网,3.8,这款智能净水器一般，外观漂亮，但是散热问题有点问题。,2025-09-18,智能净水器,Review
714,博世 智能空调 Lite,精芯传媒有限公司物联网,1.8,收到货后，这款博世 智能空调 Lite功能实现得很糟糕。在晚上睡前时完全不能正常工作。,2025-09-18,智能空调,Review
801,苹果 智能空气净化器 Basic,和泰网络有限公司电子商务,3.5,作为一个经常使用此类产品的人，这款苹果 智能空气净化器 Basic总体来说还可以。优点是质量很好。尤其是使用久了会发现一些小问题。期待下一代产品能有所改进。,2025-09-16,智能空气净化器,Review
895,松下 智能开关 Advanced,泰麒麟信息有限公司人工智能,3.0,智能开关的质量还可以，反应灵敏，不过兼容性差。,2025-09-16,智能开关,Review
1070,小米 智能门锁 Mini,通际名联科技有限公司金融科技,3.3,这款产品优缺点都有，做工精细，但画质模糊。,2025-09-16,智能门锁,Review
227,小米 智能电饭煲 Ultra,泰麒麟信息有限公司人工智能,1.1,用了一段时间，这款智能电饭煲功能实现得很糟糕。主要问题在于售后服务差。希望厂家能重视这些问题。,2025-09-15,智能电饭煲,Review
585,松下 智能马桶 Elite,良诺信息有限公司网络安全,3.2,坦白讲，这款智能马桶中规中矩。在晚上睡前时使用体验还不错。最让我失望的是使用久了会发现一些小问题。总体来说还是很满意的。,2025-09-15,智能马桶,Review
938,博世 智能净水器 Plus,银嘉科技有限公司科技公司,3.4,在晚上睡前使用还不错，但在其他情况下表现一般。,2025-09-15,智能净水器,Review
13,松下 智能扫地机器人 Plus,创亿网络有限公司金融科技,4.8,坦白讲，这款智能扫地机器人品质很好。而且自动调节功能特别实用。和朋友推荐的一样好用。建议慎重考虑。,2025-09-12,智能扫地机器人,Review
282,三星 智能加湿器 Mini,创联世纪信息有限公司移动应用开发,2.6,不推荐这款智能加湿器，售后服务差，很失望。,2025-09-12,智能加湿器,Review
894,小米 智能空调 Elite,维旺明信息有限公司人工智能,1.7,这款产品有严重问题，安装困难，已经申请退款。,2025-09-12,智能空调,Review
1065,小米 智能加湿器 Plus,昊嘉信息有限公司信息技术,2.4,对这款智能加湿器非常不满意，音质一般，浪费钱。,2025-09-12,智能加湿器,Review
549,博世 智能净水器 Plus,银嘉科技有限公司科技公司,1.7,不推荐这款智能净水器，兼容性差，很失望。,2025-09-11,智能净水器,Review
431,亚马逊 智能空调 Standard,盟新传媒有限公司大数据分析,4.4,智能空调的设计很人性化，安装方便，值得推荐。,2025-09-10,智能空调,Review
841,索尼 智能冰箱 Elite,网新恒天网络有限公司生物科技,3.3,在看电影时使用还不错，但在其他情况下表现一般。,2025-09-10,智能冰箱,Review
110,三星 智能音箱 Elite,开发区世创科技有限公司科技公司,2.8,从我的使用体验来看，这款三星 智能音箱 Elite很失望。主要问题在于安装困难。希望厂家能重视这些问题。,2025-09-09,智能音箱,Review
448,博世 智能净水器 Plus,济南亿次元网络有限公司科技公司,1.1,体验下来，这款博世 智能净水器 Plus不值这个价格。主要问题在于做工一般。希望厂家能重视这些问题。,2025-09-09,智能净水器,Review
214,谷歌 智能净水器 Ultra,开发区世创科技有限公司科技公司,1.4,这款产品有严重问题，操作复杂，已经申请退款。,2025-09-08,智能净水器,Review
1043,美的 智能电视 Basic,时空盒数字信息有限公司虚拟现实,3.5,在看电影时使用还不错，但在其他情况下表现一般。,2025-09-08,智能电视,Review
757,小米 智能马桶 Lite,创汇网络有限公司虚拟现实,3.3,智能马桶的质量还可以，做工精细，不过稳定性差。,2025-09-07,智能马桶,Review
1037,华为 智能窗帘 Basic,联软传媒有限公司区块链技术,4.3,在早晨起床时使用效果很好，特别是省电模式功能。,2025-09-06,智能窗帘,Review
354,华为 智能洗衣机 Ultra,MBP软件网络有限公司移动应用开发,2.1,使用后感觉，这款智能洗衣机很失望。主要问题在于价格偏高。唯一值得称赞的可能就是包装很精美。已经申请退款了。,2025-09-05,智能洗衣机,Review
1028,索尼 智能冰箱 Elite,银嘉科技有限公司科技公司,1.8,噪音控制问题很严重，完全不值这个价格。,2025-09-04,智能冰箱,Review
387,华为 智能体重秤 Advanced,合联电子科技有限公司信息技术,3.2,从我的使用体验来看，这款华为 智能体重秤 Advanced没有特别惊喜。优点是安装方便。然而使用久了会发现一些小问题。推荐给有需要的朋友。,2025-09-03,智能体重秤,Review
628,亚马逊 智能电饭煲 Advanced,易动力信息有限公司物联网,2.8,散热问题问题很严重，完全不值这个价格。,2025-09-03,智能电饭煲,Review
970,LG 智能净水器 Basic,浦华众城信息有限公司虚拟现实,4.8,不得不说，这款智能净水器设计很人性化。并且静音设计设计很贴心。和官方展示的有差距。如果非要说缺点的话，噪音控制还有提升空间。价格虽高，但物有所值。,2025-09-03,智能净水器,Review
990,博世 智能空气净化器 Lite,济南亿次元网络有限公司科技公司,2.8,个人认为，这款智能空气净化器使用体验很差。在晚上睡前时完全不能正常工作。唯一值得称赞的可能就是送货速度快。不推荐任何人购买。,2025-09-02,智能空气净化器,Review
1166,格力 智能体重秤 Standard,巨奥科技有限公司信息技术,2.6,不推荐这款智能体重秤，操作复杂，很失望。,2025-09-02,智能体重秤,Review
61,格力 智能电视 Pro,国讯网络有限公司移动应用开发,1.1,经过一段时间使用，这款格力 智能电视 Pro使用体验很差。主要问题在于价格偏高。,2025-09-01,智能电视,Review
825,苹果 智能扫地机器人 Pro,华泰通安科技有限公司网络安全,2.3,对比了市面上几款同类产品后，这款苹果 智能扫地机器人 Pro使用体验很差。在看电影时时完全不能正常工作。以后不会再考虑这个品牌的产品。,2025-09-01,智能扫地机器人,Review
662,小米 智能开关 Ultra,诺依曼软件传媒有限公司物联网,3.7,总体来说还行，安装方便，就是兼容性差。,2025-08-31,智能开关,Review
948,小米 智能电饭煲 Ultra,时空盒数字信息有限公司智能科技,1.0,我觉得，这款智能电饭煲性价比极低。使用不到一周就出现了失灵。,2025-08-31,智能电饭煲,Review
1109,飞利浦 智能马桶 Max,通际名联科技有限公司金融科技,2.1,对这款智能马桶非常不满意，续航时间短，浪费钱。,2025-08-29,智能马桶,Review
626,苹果 智能空气净化器 Basic,易动力网络有限公司移动应用开发,2.0,坦白讲，这款智能空气净化器质量太差。使用不到一周就出现了问题。以后不会再考虑这个品牌的产品。,2025-08-28,智能空气净化器,Review
494,美的 智能窗帘 Max,浙大万朋信息有限公司生物科技,1.2,使用一周后出现故障，耗电量大，售后服务也不好。,2025-08-27,智能窗帘,Review
68,苹果 智能空气净化器 Basic,华泰通安科技有限公司网络安全,2.1,噪音控制问题很严重，完全不值这个价格。,2025-08-25,智能空气净化器,Review
482,海尔智慧家庭 智能空气净化器 Basic,时空盒数字信息有限公司虚拟现实,1.9,使用一周后出现故障，做工一般，售后服务也不好。,2025-08-25,智能空气净化器,Review
309,小米 智能空调 Elite,昊嘉信息有限公司区块链技术,1.7,连接稳定性问题很严重，完全不值这个价格。,2025-08-24,智能空调,Review
48,博世 智能马桶 Max,维旺明信息有限公司人工智能,2.1,这款产品有严重问题，功能单一，已经申请退款。,2025-08-23,智能马桶,Review
579,三星 智能窗帘 Basic,超艺网络有限公司人工智能,2.7,收到货后，这款智能窗帘完全不符合预期。使用不到一周就出现了损坏。希望厂家能重视这些问题。,2025-08-23,智能窗帘,Review
394,苹果 智能开关 Basic,易动力网络有限公司移动应用开发,1.8,连接稳定性问题很严重，完全不值这个价格。,2025-08-21,智能开关,Review
696,博世 智能摄像头 Standard,浦华众城信息有限公司虚拟现实,4.6,坦白讲，这款智能摄像头性价比很高。如果非要说缺点的话，散热问题还有提升空间。有点贵了，但质量确实好。,2025-08-21,智能摄像头,Review
856,西门子 智能摄像头 Plus,恒聪百汇传媒有限公司虚拟现实,3.7,在多次对比之后选择了这款，这款西门子 智能摄像头 Plus性价比一般。优点是外观漂亮。更让我满意的是信号强度有点问题。值得购买。,2025-08-21,智能摄像头,Review
1038,LG 智能开关 Lite,富罳科技有限公司生物科技,4.6,这款智能开关质量很好，智能化程度高。总体来说很满意。,2025-08-21,智能开关,Review
39,西门子 智能洗衣机 Pro,毕博诚科技有限公司互联网服务,1.4,这款产品有严重问题，画质模糊，已经申请退款。,2025-08-20,智能洗衣机,Review
863,LG 智能插座 Max,巨奥传媒有限公司信息技术,4.1,这是我用过的最好的智能插座之一，兼容性强，性价比很高。,2025-08-20,智能插座,Review
993,亚马逊 智能音箱 Basic,菊风公司传媒有限公司数字科技,3.4,这款产品优缺点都有，画质清晰，但智能化程度低。,2025-08-19,智能音箱,Review
575,格力 智能净水器 Ultra,群英信息有限公司金融科技,3.4,智能净水器的质量还可以，外观漂亮，不过稳定性差。,2025-08-18,智能净水器,Review
1155,亚马逊 智能扫地机器人 Mini,MBP软件网络有限公司移动应用开发,4.9,在看电影时时使用效果很好，特别是静音设计功能。,2025-08-18,智能扫地机器人,Review
1177,松下 智能扫地机器人 Plus,鑫博腾飞信息有限公司智能科技,2.3,我发现，这款松下 智能扫地机器人 Plus不值这个价格。电池寿命简直无法忍受。,2025-08-18,智能扫地机器人,Review
1309,苹果 智能门锁 Plus,九方传媒有限公司生物科技,2.5,这款产品有严重问题，安装困难，已经申请退款。,2025-08-17,智能门锁,Review
515,三星 智能摄像头 Mini,毕博诚科技有限公司互联网服务,2.1,使用一周后出现故障，使用说明不清，售后服务也不好。,2025-08-16,智能摄像头,Review
782,LG 智能净水器 Basic,银嘉科技有限公司科技公司,4.9,这款智能净水器质量很好，稳定性好。总体来说很满意。,2025-08-15,智能净水器,Review
474,飞利浦 智能扫地机器人 Ultra,易动力传媒有限公司生物科技,3.7,使用后感觉，这款智能扫地机器人没有特别惊喜。在做饭时时使用体验还不错。然而在户外活动场景下表现一般。不太推荐购买。,2025-08-14,智能扫地机器人,Review
897,博世 智能扫地机器人 Max,MBP软件网络有限公司移动应用开发,3.0,作为第一次购买这类产品的新手，这款博世 智能扫地机器人 Max没有特别惊喜。高清画质设计得比较合理。值得一提的是连接稳定性有点问题。建议慎重考虑。,2025-08-14,智能扫地机器人,Review
251,飞利浦 智能加湿器 Ultra,中建创业网络有限公司移动应用开发,4.0,这款智能加湿器质量很好，节能环保。总体来说很满意。,2025-08-13,智能加湿器,Review
291,松下 智能扫地机器人 Plus,飞海科技传媒有限公司信息技术,3.7,智能扫地机器人的质量还可以，质量很好，不过价格偏高。,2025-08-13,智能扫地机器人,Review
625,松下 智能开关 Advanced,毕博诚科技有限公司互联网服务,3.7,这款智能开关一般，做工精细，但是电池寿命有点问题。,2025-08-13,智能开关,Review
819,松下 智能加湿器 Pro,维旺明信息有限公司人工智能,1.6,使用一周后出现故障，智能化程度低，售后服务也不好。,2025-08-13,智能加湿器,Review
241,华为 智能电视 Lite,泰麒麟信息有限公司人工智能,4.2,使用了一个月，稳定性好，没有发现任何问题。,2025-08-10,智能电视,Review
928,亚马逊 智能马桶 Elite,富罳科技有限公司生物科技,1.6,不推荐这款智能马桶，画质模糊，很失望。,2025-08-09,智能马桶,Review
294,博世 智能空气净化器 Lite,凌云信息有限公司虚拟现实,1.8,这款产品有严重问题，安装困难，已经申请退款。,2025-08-08,智能空气净化器,Review
703,亚马逊 智能马桶 Elite,天开网络有限公司金融科技,2.4,对这款智能马桶非常不满意，做工一般，浪费钱。,2025-08-08,智能马桶,Review
945,美的 智能门锁 Mini,网新恒天网络有限公司生物科技,3.2,试用了几天，这款智能门锁也没有特别失望。在夏天使用时，远程控制表现不错。最重要的是噪音控制有点问题。推荐给有需要的朋友。,2025-08-04,智能门锁,Review
1313,松下 智能开关 Lite,商软冠联传媒有限公司智能科技,2.5,对这款智能开关非常不满意，做工一般，浪费钱。,2025-08-03,智能开关,Review
1256,西门子 智能冰箱 Standard,万迅电脑信息有限公司科技公司,4.7,使用了一个月，节能环保，没有发现任何问题。,2025-08-02,智能冰箱,Review
206,松下 智能加湿器 Pro,图龙信息传媒有限公司数字科技,1.1,不推荐这款智能加湿器，画质模糊，很失望。,2025-08-02,智能加湿器,Review
250,亚马逊 智能音箱 Basic,济南亿次元网络有限公司科技公司,2.4,在多次对比之后选择了这款，这款亚马逊 智能音箱 Basic完全不符合预期。主要问题在于续航时间短。唯一值得称赞的可能就是价格便宜。以后不会再考虑这个品牌的产品。,2025-08-02,智能音箱,Review
455,亚马逊 智能门铃 Max,兰金电子科技有限公司区块链技术,3.6,智能门铃的质量还可以，质量很好，不过做工一般。,2025-08-02,智能门铃,Review
573,小米 智能开关 Ultra,鸿睿思博传媒有限公司智能科技,3.8,经过一段时间使用，这款小米 智能开关 Ultra没有特别惊喜。在做饭时时使用体验还不错。同时使用久了会发现一些小问题。可以考虑其他品牌的同类产品。,2025-08-02,智能开关,Review
50,松下 智能开关 Lite,时空盒数字信息有限公司智能科技,3.0,总体来说还行，功能齐全，就是智能化程度低。,2025-08-01,智能开关,Review
476,三星 智能摄像头 Mini,和泰信息有限公司信息技术,2.9,不推荐这款智能摄像头，做工一般，很失望。,2025-07-31,智能摄像头,Review
821,飞利浦 智能马桶 Max,快讯信息有限公司智能科技,1.4,使用一周后出现故障，智能化程度低，售后服务也不好。,2025-07-31,智能马桶,Review
70,亚马逊 智能音箱 Basic,网新恒天科技有限公司数字科技,1.4,使用一周后出现故障，智能化程度低，售后服务也不好。,2025-07-29,智能音箱,Review
326,三星 智能窗帘 Basic,天开传媒有限公司网络安全,1.3,购买后，这款三星 智能窗帘 Basic很失望。主要问题在于耗电量大。,2025-07-29,智能窗帘,Review
1154,格力 智能体重秤 Standard,MBP软件网络有限公司移动应用开发,2.3,不推荐这款智能体重秤，兼容性差，很失望。,2025-07-29,智能体重秤,Review
252,松下 智能窗帘 Advanced,维旺明信息有限公司人工智能,3.0,这款产品优缺点都有，做工精细，但做工一般。,2025-07-28,智能窗帘,Review
459,美的 智能门锁 Mini,良诺信息有限公司生物科技,1.1,这款产品有严重问题，耗电量大，已经申请退款。,2025-07-27,智能门锁,Review
390,小米 智能开关 Ultra,时刻网络有限公司信息技术,3.9,使用后感觉，这款智能开关一般般。在早晨起床时使用体验还不错。尤其是使用久了会发现一些小问题。有点贵了，但质量确实好。,2025-07-26,智能开关,Review
343,亚马逊 智能门铃 Max,群英信息有限公司金融科技,4.5,在早晨起床时使用效果很好，特别是省电模式功能。,2025-07-25,智能门铃,Review
386,格力 智能空气净化器 Standard,九方传媒有限公司生物科技,1.9,这款产品有严重问题，售后服务差，已经申请退款。,2025-07-23,智能空气净化器,Review
523,LG 智能插座 Max,浙大万朋信息有限公司生物科技,2.6,对这款智能插座非常不满意，稳定性差，浪费钱。,2025-07-23,智能插座,Review
936,美的 智能净水器 Plus,维涛科技有限公司网络安全,3.5,总体来说还行，续航时间长，就是使用说明不清。,2025-07-22,智能净水器,Review
240,谷歌 智能净水器 Ultra,时空盒数字传媒有限公司大数据分析,4.8,这款智能净水器的远程控制功能很实用，音质出色。,2025-07-21,智能净水器,Review
1211,华为 智能电视 Max,银嘉信息有限公司移动应用开发,4.4,使用了一个月，外观漂亮，没有发现任何问题。,2025-07-21,智能电视,Review
1299,松下 智能马桶 Elite,维涛科技有限公司网络安全,4.0,这款产品的自动升级特别好用，在日常使用时特别方便。,2025-07-21,智能马桶,Review
356,飞利浦 智能加湿器 Ultra,银嘉科技有限公司科技公司,1.5,这款产品有严重问题，操作复杂，已经申请退款。,2025-07-20,智能加湿器,Review
384,格力 智能手环 Lite,新宇龙信息科技有限公司电子商务,4.1,这款智能手环质量很好，功能齐全。总体来说很满意。,2025-07-19,智能手环,Review
565,三星 智能窗帘 Basic,易动力信息有限公司物联网,3.1,总体来说还行，稳定性好，就是音质一般。,2025-07-19,智能窗帘,Review
786,美的 智能洗衣机 Advanced,泰麒麟信息有限公司人工智能,3.7,在早晨起床使用还不错，但在其他情况下表现一般。,2025-07-18,智能洗衣机,Review
130,格力 智能体重秤 Standard,快讯信息有限公司智能科技,3.4,收到货后，这款格力 智能体重秤 Standard功能基本满足需求。在做饭时时使用体验还不错。另外缺点是反应迟钝。性价比很高。,2025-07-17,智能体重秤,Review
519,博世 智能净水器 Max,鸿睿思博传媒有限公司智能科技,2.2,连接稳定性问题很严重，完全不值这个价格。,2025-07-17,智能净水器,Review
707,LG 智能插座 Max,易动力信息有限公司物联网,1.1,用了一段时间，这款智能插座很失望。信号强度简直无法忍受。唯一值得称赞的可能就是送货速度快。,2025-07-17,智能插座,Review
747,飞利浦 智能扫地机器人 Plus,中建创业网络有限公司移动应用开发,3.8,在看电影时使用还不错，但在其他情况下表现一般。,2025-07-17,智能扫地机器人,Review
129,海尔智慧家庭 智能加湿器 Lite,恩悌传媒有限公司虚拟现实,3.4,这款产品优缺点都有，安装方便，但音质一般。,2025-07-16,智能加湿器,Review
530,索尼 智能冰箱 Elite,图龙信息网络有限公司云计算,2.4,这款产品有严重问题，音质一般，已经申请退款。,2025-07-16,智能冰箱,Review
711,亚马逊 智能空调 Standard,创亿网络有限公司金融科技,2.6,使用一周后出现故障，价格偏高，售后服务也不好。,2025-07-15,智能空调,Review
967,格力 智能体重秤 Ultra,通际名联科技有限公司金融科技,3.8,智能体重秤的质量还可以，音质出色，不过功能单一。,2025-07-14,智能体重秤,Review
131,小米 智能空调 Elite,中建创业网络有限公司移动应用开发,2.6,散热问题问题很严重，完全不值这个价格。,2025-07-11,智能空调,Review
301,亚马逊 智能扫地机器人 Mini,晖来计算机传媒有限公司云计算,4.8,使用了一个月，稳定性好，没有发现任何问题。,2025-07-11,智能扫地机器人,Review
321,美的 智能电视 Basic,易动力网络有限公司移动应用开发,4.8,这是我用过的最好的智能电视之一，功能齐全，性价比很高。,2025-07-11,智能电视,Review
341,西门子 智能空调 Basic,创亿网络有限公司移动应用开发,4.2,经过一段时间使用，这款西门子 智能空调 Basic功能很强大。尤其是在看电影时时表现尤为出色。这个价位能买到这样的产品已经很不错了。,2025-07-11,智能空调,Review
66,海尔智慧家庭 智能加湿器 Lite,昊嘉信息有限公司区块链技术,2.4,对这款智能加湿器非常不满意，兼容性差，浪费钱。,2025-07-10,智能加湿器,Review
94,华为 智能洗衣机 Ultra,明腾传媒有限公司互联网服务,2.7,试用了几天，这款华为 智能洗衣机 Ultra性价比极低。在晚上睡前时完全不能正常工作。不推荐任何人购买。,2025-07-10,智能洗衣机,Review
327,美的 智能窗帘 Max,方正科技科技有限公司互联网服务,2.5,我觉得，这款美的 智能窗帘 Max不推荐购买。主要问题在于音质一般。唯一值得称赞的可能就是售后服务态度好。,2025-07-10,智能窗帘,Review
521,格力 智能电视 Pro,银嘉信息有限公司移动应用开发,4.7,在多次对比之后选择了这款，这款格力 智能电视 Pro超出我的预期。如果非要说缺点的话，说明书不够详细。总体来说还是很满意的。,2025-07-10,智能电视,Review
1164,飞利浦 智能扫地机器人 Plus,戴硕电子科技有限公司移动应用开发,1.8,不推荐这款智能扫地机器人，操作复杂，很失望。,2025-07-10,智能扫地机器人,Review
606,亚马逊 智能扫地机器人 Mini,迪摩科技有限公司电子商务,3.2,智能扫地机器人的质量还可以，稳定性好，不过反应迟钝。,2025-07-08,智能扫地机器人,Review
887,LG 智能开关 Lite,易动力信息有限公司物联网,2.8,在多次对比之后选择了这款，这款LG 智能开关 Lite不推荐购买。在做饭时时完全不能正常工作。,2025-07-08,智能开关,Review
773,美的 智能电饭煲 Pro,时空盒数字信息有限公司智能科技,2.3,不推荐这款智能电饭煲，画质模糊，很失望。,2025-07-07,智能电饭煲,Review
329,美的 智能净水器 Plus,南康传媒有限公司生物科技,2.9,老实讲，这款智能净水器存在明显缺陷。使用不到一周就出现了失灵。希望厂家能重视这些问题。,2025-07-06,智能净水器,Review
491,松下 智能开关 Lite,新宇龙信息传媒有限公司人工智能,1.2,坦白讲，这款松下 智能开关 Lite很失望。使用不到一周就出现了失灵。,2025-07-06,智能开关,Review
148,西门子 智能手环 Standard,晖来计算机传媒有限公司云计算,2.3,噪音控制问题很严重，完全不值这个价格。,2025-07-05,智能手环,Review
187,海尔智慧家庭 智能加湿器 Lite,易动力科技有限公司人工智能,3.8,这款产品优缺点都有，外观漂亮，但稳定性差。,2025-07-05,智能加湿器,Review
635,亚马逊 智能马桶 Standard,晖来计算机网络有限公司虚拟现实,4.2,试用了几天，这款智能马桶超出我的预期。不过节能模式功能特别实用。整体体验不错。,2025-07-05,智能马桶,Review
1085,博世 智能空调 Lite,良诺信息有限公司网络安全,2.9,对这款智能空调非常不满意，安装困难，浪费钱。,2025-07-05,智能空调,Review
1100,小米 智能马桶 Lite,国讯网络有限公司移动应用开发,2.4,信号强度问题很严重，完全不值这个价格。,2025-07-05,智能马桶,Review
450,华为 智能窗帘 Basic,易动力信息有限公司物联网,4.7,非常满意这次购买，功能齐全，送货也很快。,2025-07-04,智能窗帘,Review
905,格力 智能净水器 Ultra,南康传媒有限公司生物科技,3.1,在看电影时使用还不错，但在其他情况下表现一般。,2025-07-04,智能净水器,Review
1060,飞利浦 智能扫地机器人 Plus,网新恒天科技有限公司数字科技,1.9,体验下来，这款智能扫地机器人不推荐购买。在工作时时完全不能正常工作。以后不会再考虑这个品牌的产品。,2025-07-04,智能扫地机器人,Review
739,美的 智能洗衣机 Advanced,襄樊地球村信息有限公司物联网,3.0,在多次对比之后选择了这款，这款美的 智能洗衣机 Advanced基本符合预期。在早晨起床时使用体验还不错。更让我满意的是使用久了会发现一些小问题。性价比很高。,2025-07-03,智能洗衣机,Review
740,亚马逊 智能马桶 Standard,易动力传媒有限公司生物科技,2.9,对这款智能马桶非常不满意，兼容性差，浪费钱。,2025-07-03,智能马桶,Review
919,小米 智能开关 Max,艾提科信传媒有限公司网络安全,1.4,不推荐这款智能开关，售后服务差，很失望。,2025-07-03,智能开关,Review
1243,松下 智能开关 Lite,和泰信息有限公司信息技术,3.0,这款产品优缺点都有，稳定性好，但使用说明不清。,2025-07-03,智能开关,Review
84,谷歌 智能音箱 Elite,昊嘉信息有限公司信息技术,1.4,对这款智能音箱非常不满意，续航时间短，浪费钱。,2025-07-02,智能音箱,Review
937,博世 智能马桶 Max,易动力传媒有限公司生物科技,2.8,不得不说，这款博世 智能马桶 Max不推荐购买。电池寿命简直无法忍受。已经申请退款了。,2025-07-02,智能马桶,Review
202,三星 智能加湿器 Mini,和泰信息有限公司信息技术,4.3,这款智能加湿器质量很好，节能环保。总体来说很满意。,2025-07-01,智能加湿器,Review
1101,美的 智能插座 Standard,快讯信息有限公司智能科技,3.9,这款产品优缺点都有，稳定性好，但安装困难。,2025-07-01,智能插座,Review
22,苹果 智能灯具 Basic,通际名联科技有限公司金融科技,1.7,使用一周后出现故障，音质一般，售后服务也不好。,2025-06-30,智能灯具,Review
359,松下 智能马桶 Elite,昊嘉信息有限公司区块链技术,3.7,在早晨起床使用还不错，但在其他情况下表现一般。,2025-06-29,智能马桶,Review
430,小米 智能加湿器 Plus,太极信息有限公司互联网服务,1.2,我发现，这款小米 智能加湿器 Plus性价比极低。主要问题在于价格偏高。唯一值得称赞的可能就是售后服务态度好。这钱花得太冤枉了。,2025-06-29,智能加湿器,Review
789,海尔智慧家庭 智能空气净化器 Basic,网新恒天科技有限公司数字科技,3.4,在晚上睡前使用还不错，但在其他情况下表现一般。,2025-06-29,智能空气净化器,Review
226,华为 智能体重秤 Advanced,维旺明科技有限公司大数据分析,1.1,使用一周后出现故障，价格偏高，售后服务也不好。,2025-06-28,智能体重秤,Review
1046,小米 智能门锁 Mini,昊嘉信息有限公司区块链技术,1.7,对这款智能门锁非常不满意，画质模糊，浪费钱。,2025-06-28,智能门锁,Review
1009,美的 智能净水器 Plus,富罳科技有限公司生物科技,3.8,购买后，这款美的 智能净水器 Plus性价比一般。在看电影时时使用体验还不错。更让我满意的是使用久了会发现一些小问题。性价比很高。,2025-06-25,智能净水器,Review
669,松下 智能窗帘 Advanced,超艺网络有限公司人工智能,2.2,对这款智能窗帘非常不满意，音质一般，浪费钱。,2025-06-24,智能窗帘,Review
680,飞利浦 智能加湿器 Ultra,新宇龙信息科技有限公司电子商务,1.9,对这款智能加湿器非常不满意，安装困难，浪费钱。,2025-06-24,智能加湿器,Review
1087,美的 智能窗帘 Max,银嘉信息有限公司移动应用开发,5.0,这款产品的一键控制特别好用，在户外活动时特别方便。,2025-06-24,智能窗帘,Review
413,格力 智能体重秤 Standard,创汇网络有限公司虚拟现实,4.3,在多次对比之后选择了这款，这款智能体重秤值得推荐。令人意外的是语音识别功能特别实用。和朋友推荐的一样好用。这个价位能买到这样的产品已经很不错了。,2025-06-23,智能体重秤,Review
58,苹果 智能开关 Basic,恩悌传媒有限公司虚拟现实,2.1,对这款智能开关非常不满意，稳定性差，浪费钱。,2025-06-22,智能开关,Review
1082,三星 智能窗帘 Standard,南康传媒有限公司生物科技,2.2,说实话，这款三星 智能窗帘 Standard不值这个价格。使用不到一周就出现了损坏。这钱花得太冤枉了。,2025-06-22,智能窗帘,Review
1284,美的 智能电饭煲 Pro,国讯科技有限公司金融科技,1.4,对这款智能电饭煲非常不满意，安装困难，浪费钱。,2025-06-22,智能电饭煲,Review
361,格力 智能体重秤 Standard,网新恒天网络有限公司生物科技,2.0,我觉得，这款格力 智能体重秤 Standard使用体验很差。主要问题在于功能单一。,2025-06-21,智能体重秤,Review
85,亚马逊 智能马桶 Standard,易动力信息有限公司网络安全,4.0,在早晨起床时使用效果很好，特别是高清画质功能。,2025-06-20,智能马桶,Review
210,美的 智能门锁 Mini,开发区世创科技有限公司科技公司,2.1,坦白讲，这款美的 智能门锁 Mini质量太差。使用不到一周就出现了问题。这钱花得太冤枉了。,2025-06-20,智能门锁,Review
74,苹果 智能开关 Basic,迪摩科技有限公司电子商务,1.3,作为一个经常使用此类产品的人，这款苹果 智能开关 Basic性价比极低。在早晨起床时完全不能正常工作。这钱花得太冤枉了。,2025-06-18,智能开关,Review
429,松下 智能电饭煲 Pro,维旺明科技有限公司大数据分析,4.5,非常满意这次购买，音质出色，送货也很快。,2025-06-16,智能电饭煲,Review
433,西门子 智能电视 Pro,兰金电子科技有限公司区块链技术,1.6,不推荐这款智能电视，耗电量大，很失望。,2025-06-16,智能电视,Review
923,格力 智能体重秤 Ultra,时空盒数字传媒有限公司大数据分析,4.3,个人认为，这款智能体重秤值得推荐。此外高清画质设计很贴心。如果非要说缺点的话，可能就是稳定性差。值得购买。,2025-06-16,智能体重秤,Review
28,西门子 智能音箱 Mini,晖来计算机传媒有限公司云计算,1.5,试用了几天，这款西门子 智能音箱 Mini有严重问题。主要问题在于售后服务差。已经申请退款了。,2025-06-15,智能音箱,Review
53,博世 智能开关 Max,图龙信息传媒有限公司数字科技,3.7,总体来说还行，兼容性强，就是智能化程度低。,2025-06-15,智能开关,Review
200,松下 智能开关 Lite,凌云信息有限公司虚拟现实,3.4,这款产品优缺点都有，安装方便，但反应迟钝。,2025-06-15,智能开关,Review
477,LG 智能净水器 Basic,昊嘉信息有限公司信息技术,2.8,对这款智能净水器非常不满意，功能单一，浪费钱。,2025-06-15,智能净水器,Review
823,西门子 智能冰箱 Standard,浦华众城网络有限公司信息技术,4.6,使用了一个月，质量很好，没有发现任何问题。,2025-06-15,智能冰箱,Review
11,飞利浦 智能加湿器 Ultra,浙大万朋信息有限公司生物科技,3.6,智能加湿器的质量还可以，画质清晰，不过做工一般。,2025-06-14,智能加湿器,Review
511,华为 智能加湿器 Plus,新宇龙信息科技有限公司电子商务,2.1,电池寿命问题很严重，完全不值这个价格。,2025-06-14,智能加湿器,Review
576,飞利浦 智能马桶 Max,创联世纪信息有限公司移动应用开发,2.9,散热问题问题很严重，完全不值这个价格。,2025-06-14,智能马桶,Review
718,索尼 智能冰箱 Elite,易动力科技有限公司人工智能,4.3,这款智能冰箱质量很好，功能齐全。总体来说很满意。,2025-06-14,智能冰箱,Review
368,苹果 智能扫地机器人 Pro,合联电子科技有限公司信息技术,2.5,老实讲，这款苹果 智能扫地机器人 Pro存在明显缺陷。在做饭时时完全不能正常工作。已经申请退款了。,2025-06-13,智能扫地机器人,Review
261,博世 智能开关 Max,盟新传媒有限公司大数据分析,3.2,这款产品优缺点都有，稳定性好，但操作复杂。,2025-06-12,智能开关,Review
348,谷歌 智能净水器 Ultra,南康网络有限公司互联网服务,1.1,使用一周后出现故障，安装困难，售后服务也不好。,2025-06-12,智能净水器,Review
533,谷歌 智能洗衣机 Elite,方正科技科技有限公司互联网服务,3.2,这款智能洗衣机一般，质量很好，但是连接稳定性有点问题。,2025-06-12,智能洗衣机,Review
1040,小米 智能开关 Max,新宇龙信息传媒有限公司人工智能,3.7,这款产品优缺点都有，性价比高，但续航时间短。,2025-06-12,智能开关,Review
550,三星 智能音箱 Elite,合联电子科技有限公司信息技术,4.8,这款产品的多用户管理特别好用，在户外活动时特别方便。,2025-06-10,智能音箱,Review
844,华为 智能窗帘 Basic,南康传媒有限公司生物科技,1.3,这款产品有严重问题，耗电量大，已经申请退款。,2025-06-10,智能窗帘,Review
1096,小米 智能空调 Elite,通际名联科技有限公司金融科技,2.7,从我的使用体验来看，这款小米 智能空调 Elite性价比极低。使用不到一周就出现了故障。已经申请退款了。,2025-06-09,智能空调,Review
969,小米 智能开关 Max,七喜传媒有限公司人工智能,4.1,这是我用过的最好的智能开关之一，续航时间长，性价比很高。,2025-06-08,智能开关,Review
116,美的 智能插座 Standard,国讯网络有限公司移动应用开发,1.4,试用了几天，这款美的 智能插座 Standard不值这个价格。在做饭时时完全不能正常工作。已经申请退款了。,2025-06-07,智能插座,Review
307,三星 智能窗帘 Basic,通际名联科技有限公司金融科技,1.1,从我的使用体验来看，这款智能窗帘有严重问题。使用不到一周就出现了问题。唯一值得称赞的可能就是送货速度快。已经申请退款了。,2025-06-07,智能窗帘,Review
67,谷歌 智能净水器 Basic,晖来计算机传媒有限公司云计算,2.0,对这款智能净水器非常不满意，兼容性差，浪费钱。,2025-06-06,智能净水器,Review
408,LG 智能插座 Max,维涛传媒有限公司云计算,4.3,这款智能插座质量很好，节能环保。总体来说很满意。,2025-06-06,智能插座,Review
44,苹果 智能门锁 Pro,鸿睿思博传媒有限公司智能科技,4.3,非常满意这次购买，兼容性强，送货也很快。,2025-06-05,智能门锁,Review
597,格力 智能手环 Lite,恩悌传媒有限公司虚拟现实,2.8,这款产品有严重问题，做工一般，已经申请退款。,2025-06-05,智能手环,Review
780,三星 智能窗帘 Standard,银嘉网络有限公司云计算,1.7,这款产品有严重问题，续航时间短，已经申请退款。,2025-06-05,智能窗帘,Review
1053,美的 智能马桶 Mini,鸿睿思博传媒有限公司智能科技,3.8,总体来说还行，质量很好，就是兼容性差。,2025-06-05,智能马桶,Review
750,松下 智能窗帘 Advanced,易动力信息有限公司物联网,1.5,不推荐这款智能窗帘，智能化程度低，很失望。,2025-06-03,智能窗帘,Review
850,博世 智能空调 Lite,银嘉科技有限公司云计算,2.5,信号强度问题很严重，完全不值这个价格。,2025-06-03,智能空调,Review
1241,博世 智能马桶 Max,MBP软件网络有限公司移动应用开发,3.3,对比了市面上几款同类产品后，这款博世 智能马桶 Max中规中矩。优点是性价比高。最重要的是在办公环境场景下表现一般。建议慎重考虑。,2025-06-03,智能马桶,Review
59,三星 智能窗帘 Standard,维旺明科技有限公司大数据分析,3.5,总体来说还行，功能齐全，就是耗电量大。,2025-06-02,智能窗帘,Review
208,谷歌 智能洗衣机 Elite,新宇龙信息传媒有限公司人工智能,3.8,智能洗衣机的质量还可以，兼容性强，不过售后服务差。,2025-06-02,智能洗衣机,Review
610,格力 智能空气净化器 Standard,图龙信息网络有限公司云计算,3.5,坦白讲，这款智能空气净化器没有特别惊喜。在夏天使用时，智能学习表现不错。但是缺点是音质一般。不太推荐购买。,2025-06-01,智能空气净化器,Review
699,博世 智能插座 Basic,银嘉信息有限公司移动应用开发,1.9,购买后，这款博世 智能插座 Basic使用体验很差。电池寿命简直无法忍受。,2025-05-31,智能插座,Review
296,苹果 智能空气净化器 Basic,时空盒数字信息有限公司虚拟现实,3.8,说实话，这款苹果 智能空气净化器 Basic基本符合预期。优点是画质清晰。最重要的是连接稳定性有点问题。希望厂家能改进这些问题。,2025-05-30,智能空气净化器,Review
314,亚马逊 智能扫地机器人 Mini,晖来计算机传媒有限公司云计算,2.0,不推荐这款智能扫地机器人，反应迟钝，很失望。,2025-05-30,智能扫地机器人,Review
839,飞利浦 智能加湿器 Ultra,和泰网络有限公司电子商务,3.5,这款智能加湿器一般，操作简单，但是信号强度有点问题。,2025-05-30,智能加湿器,Review
898,西门子 智能摄像头 Max,联软传媒有限公司区块链技术,3.5,这款产品优缺点都有，节能环保，但续航时间短。,2025-05-30,智能摄像头,Review
822,飞利浦 智能扫地机器人 Plus,泰麒麟信息有限公司人工智能,1.9,对这款智能扫地机器人非常不满意，反应迟钝，浪费钱。,2025-05-29,智能扫地机器人,Review
1074,谷歌 智能净水器 Basic,中建创业网络有限公司移动应用开发,3.7,在多次对比之后选择了这款，这款智能净水器中规中矩。智能联动设计得比较合理。特别是散热问题有点问题。有点贵了，但质量确实好。,2025-05-29,智能净水器,Review
1111,博世 智能扫地机器人 Max,银嘉信息有限公司移动应用开发,1.8,信号强度问题很严重，完全不值这个价格。,2025-05-29,智能扫地机器人,Review
671,博世 智能空调 Lite,海创网络有限公司生物科技,1.6,不得不说，这款博世 智能空调 Lite不值这个价格。主要问题在于操作复杂。唯一值得称赞的可能就是售后服务态度好。这钱花得太冤枉了。,2025-05-28,智能空调,Review
572,西门子 智能手环 Standard,国讯网络有限公司移动应用开发,2.7,收到货后，这款智能手环完全不符合预期。信号强度简直无法忍受。,2025-05-27,智能手环,Review
582,美的 智能窗帘 Max,南康网络有限公司互联网服务,1.3,使用一周后出现故障，反应迟钝，售后服务也不好。,2025-05-27,智能窗帘,Review
738,小米 智能门锁 Mini,襄樊地球村网络有限公司智能科技,1.3,老实讲，这款智能门锁性价比极低。主要问题在于耗电量大。这钱花得太冤枉了。,2025-05-27,智能门锁,Review
1225,飞利浦 智能加湿器 Ultra,时刻网络有限公司信息技术,3.2,经过一段时间使用，这款飞利浦 智能加湿器 Ultra优缺点都有。第一天使用时，智能学习表现不错。最重要的是在办公环境场景下表现一般。推荐给有需要的朋友。,2025-05-27,智能加湿器,Review
790,美的 智能电饭煲 Pro,开发区世创科技有限公司科技公司,1.2,这款产品有严重问题，音质一般，已经申请退款。,2025-05-26,智能电饭煲,Review
385,三星 智能加湿器 Mini,华泰通安科技有限公司网络安全,3.2,总体来说还行，续航时间长，就是智能化程度低。,2025-05-25,智能加湿器,Review
527,海尔智慧家庭 智能加湿器 Lite,新宇龙信息科技有限公司电子商务,4.4,这款智能加湿器质量很好，性价比高。总体来说很满意。,2025-05-25,智能加湿器,Review
122,三星 智能窗帘 Basic,泰麒麟信息有限公司人工智能,2.3,对比了市面上几款同类产品后，这款三星 智能窗帘 Basic不值这个价格。在早晨起床时完全不能正常工作。唯一值得称赞的可能就是价格便宜。,2025-05-24,智能窗帘,Review
501,美的 智能洗衣机 Advanced,易动力信息有限公司物联网,2.3,不推荐这款智能洗衣机，使用说明不清，很失望。,2025-05-23,智能洗衣机,Review
1198,博世 智能净水器 Max,中建创业网络有限公司移动应用开发,3.2,作为第一次购买这类产品的新手，这款博世 智能净水器 Max中规中矩。长期使用下来，语音识别表现不错。最重要的是连接稳定性有点问题。便宜没好货，这句话在这里很适用。,2025-05-23,智能净水器,Review
1302,LG 智能净水器 Basic,毕博诚科技有限公司互联网服务,2.7,不推荐这款智能净水器，使用说明不清，很失望。,2025-05-21,智能净水器,Review
613,华为 智能洗衣机 Ultra,易动力信息有限公司物联网,1.2,不推荐这款智能洗衣机，音质一般，很失望。,2025-05-21,智能洗衣机,Review
333,美的 智能电饭煲 Pro,鑫博腾飞信息有限公司智能科技,3.6,智能电饭煲的质量还可以，做工精细，不过音质一般。,2025-05-20,智能电饭煲,Review
591,小米 智能空调 Elite,通际名联科技有限公司金融科技,1.5,对这款智能空调非常不满意，安装困难，浪费钱。,2025-05-20,智能空调,Review
1126,美的 智能插座 Standard,天开传媒有限公司网络安全,1.7,噪音控制问题很严重，完全不值这个价格。,2025-05-20,智能插座,Review
1304,谷歌 智能洗衣机 Elite,昊嘉信息有限公司区块链技术,4.4,收到货后，这款智能洗衣机做工精细。让我惊喜的是定时功能是我最喜欢的部分。总体来说还是很满意的。,2025-05-20,智能洗衣机,Review
1293,格力 智能手环 Lite,艾提科信传媒有限公司网络安全,4.5,必须承认，这款智能手环品质很好。同时在晚上睡前时表现尤为出色。比同事使用的同款要好。如果非要说缺点的话，说明书不够详细。整体体验不错。,2025-05-19,智能手环,Review
616,亚马逊 智能马桶 Elite,商软冠联网络有限公司信息技术,3.9,这款智能马桶一般，稳定性好，但是连接稳定性有点问题。,2025-05-19,智能马桶,Review
1303,海尔智慧家庭 智能空气净化器 Basic,方正科技科技有限公司互联网服务,2.0,不推荐这款智能空气净化器，兼容性差，很失望。,2025-05-18,智能空气净化器,Review
262,美的 智能插座 Standard,富罳科技有限公司生物科技,1.4,使用后感觉，这款智能插座存在明显缺陷。在做饭时时完全不能正常工作。已经申请退款了。,2025-05-17,智能插座,Review
1098,美的 智能插座 Standard,快讯信息有限公司智能科技,3.4,智能插座的质量还可以，功能齐全，不过操作复杂。,2025-05-17,智能插座,Review
204,亚马逊 智能马桶 Elite,兰金电子传媒有限公司生物科技,1.6,对这款智能马桶非常不满意，反应迟钝，浪费钱。,2025-05-16,智能马桶,Review
624,三星 智能音箱 Basic,易动力信息有限公司网络安全,3.0,这款产品优缺点都有，做工精细，但使用说明不清。,2025-05-14,智能音箱,Review
350,格力 智能体重秤 Ultra,盟新传媒有限公司大数据分析,3.9,在工作时使用还不错，但在其他情况下表现一般。,2025-05-12,智能体重秤,Review
1064,小米 智能门锁 Mini,昊嘉信息有限公司信息技术,2.3,不推荐这款智能门锁，音质一般，很失望。,2025-05-12,智能门锁,Review
221,小米 智能电饭煲 Ultra,创联世纪信息有限公司移动应用开发,3.4,从我的使用体验来看，这款智能电饭煲质量还行。在晚上睡前时使用体验还不错。更让我满意的是缺点是音质一般。期待下一代产品能有所改进。,2025-05-11,智能电饭煲,Review
223,西门子 智能摄像头 Plus,和泰信息有限公司信息技术,1.9,不推荐这款智能摄像头，稳定性差，很失望。,2025-05-11,智能摄像头,Review
1107,西门子 智能摄像头 Plus,易动力传媒有限公司生物科技,2.3,从我的使用体验来看，这款智能摄像头性价比极低。使用不到一周就出现了损坏。,2025-05-11,智能摄像头,Review
391,松下 智能加湿器 Pro,浦华众城网络有限公司信息技术,2.9,对比了市面上几款同类产品后，这款智能加湿器有严重问题。主要问题在于做工一般。唯一值得称赞的可能就是外观设计还不错。不推荐任何人购买。,2025-05-10,智能加湿器,Review
1298,西门子 智能电视 Pro,时空盒数字信息有限公司虚拟现实,3.6,总体来说还行，操作简单，就是使用说明不清。,2025-05-10,智能电视,Review
1311,博世 智能空气净化器 Lite,菊风公司传媒有限公司数字科技,1.3,对这款智能空气净化器非常不满意，音质一般，浪费钱。,2025-05-09,智能空气净化器,Review
820,三星 智能加湿器 Mini,易动力网络有限公司信息技术,2.6,电池寿命问题很严重，完全不值这个价格。,2025-05-09,智能加湿器,Review
468,飞利浦 智能手环 Max,襄樊地球村信息有限公司物联网,1.7,不推荐这款智能手环，画质模糊，很失望。,2025-05-08,智能手环,Review
543,西门子 智能空调 Basic,浦华众城信息有限公司虚拟现实,3.2,购买后，这款西门子 智能空调 Basic质量还行。优点是反应灵敏。不仅如此在办公环境场景下表现一般。性价比很高。,2025-05-08,智能空调,Review
42,亚马逊 智能门锁 Max,维旺明科技有限公司大数据分析,4.8,说实话，这款智能门锁真的很不错。最让我失望的是智能场景是我最喜欢的部分。在同价位产品中表现最好。不太推荐购买。,2025-05-07,智能门锁,Review
174,格力 智能电视 Pro,维涛科技有限公司网络安全,3.1,这款产品优缺点都有，性价比高，但价格偏高。,2025-05-07,智能电视,Review
362,格力 智能体重秤 Standard,合联电子科技有限公司信息技术,3.7,坦白讲，这款智能体重秤总体来说还可以。在工作时时使用体验还不错。更让我满意的是散热问题有点问题。不太推荐购买。,2025-05-07,智能体重秤,Review
559,飞利浦 智能扫地机器人 Ultra,银嘉科技有限公司云计算,1.4,不推荐这款智能扫地机器人，稳定性差，很失望。,2025-05-06,智能扫地机器人,Review
622,美的 智能插座 Standard,图龙信息传媒有限公司数字科技,4.8,这款智能插座质量很好，画质清晰。总体来说很满意。,2025-05-06,智能插座,Review
558,索尼 智能空气净化器 Ultra,飞海科技传媒有限公司信息技术,4.7,坦白讲，这款智能空气净化器真的很不错。此外智能联动设计很贴心。没有网上评价说的那么好。总体来说还是很满意的。,2025-05-05,智能空气净化器,Review
644,华为 智能加湿器 Plus,富罳科技有限公司生物科技,4.8,在看电影时时使用效果很好，特别是高清画质功能。,2025-05-05,智能加湿器,Review
886,松下 智能窗帘 Advanced,襄樊地球村信息有限公司物联网,2.9,在多次对比之后选择了这款，这款智能窗帘很失望。使用不到一周就出现了异常。这钱花得太冤枉了。,2025-05-05,智能窗帘,Review
279,飞利浦 智能加湿器 Ultra,易动力科技有限公司科技公司,3.8,在晚上睡前使用还不错，但在其他情况下表现一般。,2025-05-04,智能加湿器,Review
755,西门子 智能音箱 Mini,晖来计算机传媒有限公司云计算,2.7,作为第一次购买这类产品的新手，这款智能音箱使用体验很差。主要问题在于画质模糊。唯一值得称赞的可能就是外观设计还不错。已经申请退款了。,2025-05-04,智能音箱,Review
79,苹果 智能灯具 Basic,银嘉信息有限公司移动应用开发,2.7,试用了几天，这款苹果 智能灯具 Basic很失望。散热问题简直无法忍受。以后不会再考虑这个品牌的产品。,2025-05-03,智能灯具,Review
377,小米 智能开关 Ultra,太极信息有限公司互联网服务,4.4,这是我用过的最好的智能开关之一，兼容性强，性价比很高。,2025-05-03,智能开关,Review
630,格力 智能体重秤 Ultra,中建创业网络有限公司移动应用开发,2.5,对这款智能体重秤非常不满意，耗电量大，浪费钱。,2025-05-03,智能体重秤,Review
668,海尔智慧家庭 智能开关 Plus,迪摩科技有限公司电子商务,2.4,坦白讲，这款智能开关有严重问题。散热问题简直无法忍受。已经申请退款了。,2025-05-03,智能开关,Review
871,博世 智能空调 Lite,易动力网络有限公司移动应用开发,3.1,总体来说还行，功能齐全，就是智能化程度低。,2025-05-03,智能空调,Review
997,苹果 智能空气净化器 Basic,鑫博腾飞科技有限公司电子商务,2.6,在多次对比之后选择了这款，这款智能空气净化器存在明显缺陷。噪音控制简直无法忍受。希望厂家能重视这些问题。,2025-05-03,智能空气净化器,Review
1271,松下 智能开关 Lite,中建创业信息有限公司虚拟现实,1.0,个人认为，这款智能开关功能实现得很糟糕。使用不到一周就出现了问题。唯一值得称赞的可能就是外观设计还不错。以后不会再考虑这个品牌的产品。,2025-05-03,智能开关,Review
260,华为 智能加湿器 Plus,合联电子科技有限公司信息技术,4.7,非常满意这次购买，做工精细，送货也很快。,2025-05-02,智能加湿器,Review
136,海尔智慧家庭 智能开关 Plus,银嘉网络有限公司云计算,4.6,这款产品的一键控制特别好用，在夜间使用时特别方便。,2025-04-29,智能开关,Review
205,亚马逊 智能空调 Standard,创亿网络有限公司金融科技,3.3,总体来说还行，安装方便，就是兼容性差。,2025-04-29,智能空调,Review
1288,博世 智能空调 Lite,易动力科技有限公司人工智能,5.0,非常满意这次购买，智能化程度高，送货也很快。,2025-04-28,智能空调,Review
178,美的 智能马桶 Mini,超艺网络有限公司人工智能,3.4,体验下来，这款美的 智能马桶 Mini没有特别惊喜。智能联动设计得比较合理。令人意外的是缺点是画质模糊。性价比很高。,2025-04-26,智能马桶,Review
547,三星 智能音箱 Basic,易动力信息有限公司网络安全,4.3,在工作时时使用效果很好，特别是静音设计功能。,2025-04-26,智能音箱,Review
722,松下 智能窗帘 Lite,富罳科技有限公司生物科技,4.4,这款智能窗帘质量很好，智能化程度高。总体来说很满意。,2025-04-26,智能窗帘,Review
1182,LG 智能净水器 Basic,万迅电脑信息有限公司科技公司,4.4,在看电影时时使用效果很好，特别是智能联动功能。,2025-04-26,智能净水器,Review
675,西门子 智能空调 Basic,和泰信息有限公司信息技术,1.2,在多次对比之后选择了这款，这款西门子 智能空调 Basic有严重问题。使用不到一周就出现了问题。唯一值得称赞的可能就是包装很精美。以后不会再考虑这个品牌的产品。,2025-04-24,智能空调,Review
1066,亚马逊 智能电饭煲 Advanced,时刻网络有限公司信息技术,3.5,在看电影时使用还不错，但在其他情况下表现一般。,2025-04-24,智能电饭煲,Review
1179,LG 智能开关 Lite,超艺网络有限公司人工智能,3.5,这款智能开关一般，画质清晰，但是连接稳定性有点问题。,2025-04-24,智能开关,Review
487,亚马逊 智能马桶 Elite,南康传媒有限公司生物科技,1.2,连接稳定性问题很严重，完全不值这个价格。,2025-04-23,智能马桶,Review
1296,亚马逊 智能空调 Standard,MBP软件科技有限公司信息技术,1.8,使用一周后出现故障，功能单一，售后服务也不好。,2025-04-23,智能空调,Review
1262,博世 智能扫地机器人 Max,超艺网络有限公司人工智能,4.5,这款产品的智能场景特别好用，在户外活动时特别方便。,2025-04-22,智能扫地机器人,Review
1069,华为 智能体重秤 Advanced,海创网络有限公司生物科技,4.6,智能体重秤的设计很人性化，节能环保，值得推荐。,2025-04-22,智能体重秤,Review
218,亚马逊 智能马桶 Elite,和泰信息有限公司信息技术,3.7,这款智能马桶一般，音质出色，但是噪音控制有点问题。,2025-04-21,智能马桶,Review
400,苹果 智能开关 Basic,精芯网络有限公司互联网服务,2.7,对这款智能开关非常不满意，安装困难，浪费钱。,2025-04-20,智能开关,Review
934,小米 智能插座 Max,方正科技网络有限公司云计算,1.4,个人认为，这款智能插座完全不符合预期。使用不到一周就出现了异常。希望厂家能重视这些问题。,2025-04-20,智能插座,Review
1308,美的 智能电饭煲 Pro,易动力传媒有限公司生物科技,4.7,这是我用过的最好的智能电饭煲之一，外观漂亮，性价比很高。,2025-04-19,智能电饭煲,Review
872,苹果 智能门锁 Pro,商软冠联传媒有限公司大数据分析,3.7,智能门锁的质量还可以，做工精细，不过售后服务差。,2025-04-18,智能门锁,Review
1115,谷歌 智能音箱 Elite,易动力传媒有限公司生物科技,3.3,我发现，这款谷歌 智能音箱 Elite质量还行。在晚上使用时，节能模式表现不错。最让我失望的是噪音控制有点问题。有点贵了，但质量确实好。,2025-04-18,智能音箱,Review
410,西门子 智能冰箱 Standard,艾提科信传媒有限公司网络安全,4.2,在做饭时时使用效果很好，特别是静音设计功能。,2025-04-17,智能冰箱,Review
1076,小米 智能开关 Ultra,维旺明信息有限公司人工智能,1.3,不推荐这款智能开关，续航时间短，很失望。,2025-04-17,智能开关,Review
1226,小米 智能马桶 Lite,盟新传媒有限公司大数据分析,4.4,这是我用过的最好的智能马桶之一，操作简单，性价比很高。,2025-04-17,智能马桶,Review
165,西门子 智能冰箱 Standard,昊嘉信息有限公司区块链技术,1.6,连接稳定性问题很严重，完全不值这个价格。,2025-04-15,智能冰箱,Review
397,美的 智能洗衣机 Advanced,国讯科技有限公司金融科技,2.6,使用一周后出现故障，音质一般，售后服务也不好。,2025-04-15,智能洗衣机,Review
931,亚马逊 智能门锁 Max,网新恒天科技有限公司数字科技,2.0,对这款智能门锁非常不满意，续航时间短，浪费钱。,2025-04-15,智能门锁,Review
33,LG 智能净水器 Basic,图龙信息网络有限公司云计算,2.1,这款产品有严重问题，安装困难，已经申请退款。,2025-04-13,智能净水器,Review
280,格力 智能手环 Lite,艾提科信传媒有限公司网络安全,3.2,总体来说还行，兼容性强，就是续航时间短。,2025-04-13,智能手环,Review
795,小米 智能加湿器 Plus,网新恒天网络有限公司生物科技,1.3,不推荐这款智能加湿器，售后服务差，很失望。,2025-04-12,智能加湿器,Review
1280,苹果 智能灯具 Basic,易动力传媒有限公司生物科技,1.7,这款产品有严重问题，耗电量大，已经申请退款。,2025-04-12,智能灯具,Review
989,三星 智能加湿器 Mini,时空盒数字信息有限公司虚拟现实,4.4,智能加湿器的设计很人性化，外观漂亮，值得推荐。,2025-04-11,智能加湿器,Review
1118,美的 智能电饭煲 Pro,易动力科技有限公司科技公司,3.1,智能电饭煲的质量还可以，安装方便，不过智能化程度低。,2025-04-10,智能电饭煲,Review
1110,谷歌 智能音箱 Elite,新宇龙信息传媒有限公司人工智能,2.5,对这款智能音箱非常不满意，操作复杂，浪费钱。,2025-04-09,智能音箱,Review
402,美的 智能插座 Standard,易动力信息有限公司物联网,4.5,这款智能插座质量很好，反应灵敏。总体来说很满意。,2025-04-08,智能插座,Review
209,亚马逊 智能插座 Pro,易动力网络有限公司信息技术,2.5,对这款智能插座非常不满意，智能化程度低，浪费钱。,2025-04-07,智能插座,Review
598,小米 智能开关 Max,新宇龙信息传媒有限公司人工智能,1.9,散热问题问题很严重，完全不值这个价格。,2025-04-07,智能开关,Review
712,索尼 智能加湿器 Pro,商软冠联传媒有限公司智能科技,2.5,不推荐这款智能加湿器，安装困难，很失望。,2025-04-07,智能加湿器,Review
761,海尔智慧家庭 智能开关 Plus,合联电子科技有限公司网络安全,4.8,体验下来，这款智能开关真的很不错。另外自动调节功能特别实用。如果非要说缺点的话，信号强度还有提升空间。希望厂家能改进这些问题。,2025-04-07,智能开关,Review
868,亚马逊 智能马桶 Standard,明腾科技有限公司区块链技术,4.0,作为第一次购买这类产品的新手，这款智能马桶功能很强大。最重要的是自动调节功能特别实用。期待下一代产品能有所改进。,2025-04-07,智能马桶,Review
109,博世 智能马桶 Max,巨奥传媒有限公司信息技术,1.6,试用了几天，这款博世 智能马桶 Max性价比极低。在晚上睡前时完全不能正常工作。以后不会再考虑这个品牌的产品。,2025-04-06,智能马桶,Review
135,小米 智能插座 Max,良诺信息有限公司网络安全,4.3,这款智能插座的智能学习功能很实用，智能化程度高。,2025-04-06,智能插座,Review
771,小米 智能门锁 Mini,万迅电脑信息有限公司科技公司,3.3,总体来说还行，稳定性好，就是智能化程度低。,2025-04-04,智能门锁,Review
1135,亚马逊 智能门铃 Max,维涛传媒有限公司云计算,2.6,不推荐这款智能门铃，续航时间短，很失望。,2025-04-03,智能门铃,Review
63,博世 智能空调 Lite,襄樊地球村信息有限公司物联网,4.0,在晚上睡前时使用效果很好，特别是省电模式功能。,2025-04-02,智能空调,Review
264,松下 智能马桶 Elite,万迅电脑信息有限公司科技公司,3.5,智能马桶的质量还可以，性价比高，不过安装困难。,2025-04-02,智能马桶,Review
720,苹果 智能灯具 Basic,艾提科信传媒有限公司网络安全,2.8,不推荐这款智能灯具，安装困难，很失望。,2025-04-02,智能灯具,Review
733,亚马逊 智能马桶 Elite,盟新传媒有限公司大数据分析,4.8,非常满意这次购买，音质出色，送货也很快。,2025-04-02,智能马桶,Review
1131,苹果 智能扫地机器人 Pro,易动力科技有限公司科技公司,4.4,在早晨起床时使用效果很好，特别是智能联动功能。,2025-04-01,智能扫地机器人,Review
1185,美的 智能窗帘 Max,商软冠联传媒有限公司智能科技,4.3,非常满意这次购买，操作简单，送货也很快。,2025-03-31,智能窗帘,Review
1272,格力 智能净水器 Mini,恒聪百汇传媒有限公司虚拟现实,3.0,这款智能净水器一般，兼容性强，但是噪音控制有点问题。,2025-03-31,智能净水器,Review
151,亚马逊 智能音箱 Basic,晖来计算机传媒有限公司云计算,3.8,在早晨起床使用还不错，但在其他情况下表现一般。,2025-03-30,智能音箱,Review
195,华为 智能窗帘 Basic,南康传媒有限公司生物科技,2.0,使用一周后出现故障，操作复杂，售后服务也不好。,2025-03-29,智能窗帘,Review
242,松下 智能窗帘 Lite,网新恒天网络有限公司生物科技,4.8,在工作时时使用效果很好，特别是省电模式功能。,2025-03-29,智能窗帘,Review
293,松下 智能开关 Lite,快讯信息有限公司智能科技,4.6,说实话，这款松下 智能开关 Lite真的很不错。最重要的是特别适合夜间使用。可以考虑其他品牌的同类产品。,2025-03-29,智能开关,Review
380,苹果 智能门锁 Pro,精芯传媒有限公司物联网,4.5,在晚上睡前时使用效果很好，特别是高清画质功能。,2025-03-29,智能门锁,Review
415,三星 智能摄像头 Mini,时空盒数字信息有限公司智能科技,3.9,这款产品优缺点都有，智能化程度高，但售后服务差。,2025-03-27,智能摄像头,Review
528,三星 智能摄像头 Mini,鑫博腾飞信息有限公司智能科技,4.0,从我的使用体验来看，这款智能摄像头性价比很高。和描述的有些差距。对得起这个价格。,2025-03-27,智能摄像头,Review
1263,亚马逊 智能马桶 Elite,菊风公司传媒有限公司数字科技,1.3,用了一段时间，这款亚马逊 智能马桶 Elite很失望。使用不到一周就出现了失灵。以后不会再考虑这个品牌的产品。,2025-03-26,智能马桶,Review
977,松下 智能马桶 Elite,明腾科技有限公司区块链技术,1.2,对这款智能马桶非常不满意，稳定性差，浪费钱。,2025-03-25,智能马桶,Review
539,博世 智能马桶 Basic,良诺信息有限公司生物科技,1.5,这款产品有严重问题，功能单一，已经申请退款。,2025-03-24,智能马桶,Review
846,小米 智能开关 Ultra,迪摩科技有限公司电子商务,1.3,收到货后，这款小米 智能开关 Ultra性价比极低。使用不到一周就出现了失灵。希望厂家能重视这些问题。,2025-03-24,智能开关,Review
1219,博世 智能开关 Max,戴硕电子科技有限公司移动应用开发,1.6,使用一周后出现故障，音质一般，售后服务也不好。,2025-03-24,智能开关,Review
318,亚马逊 智能门锁 Max,盟新传媒有限公司大数据分析,4.8,这款产品的智能场景特别好用，在夜间使用时特别方便。,2025-03-23,智能门锁,Review
1181,三星 智能电饭煲 Max,兰金电子科技有限公司区块链技术,2.5,这款产品有严重问题，价格偏高，已经申请退款。,2025-03-21,智能电饭煲,Review
588,索尼 智能加湿器 Pro,维涛传媒有限公司云计算,2.2,不推荐这款智能加湿器，反应迟钝，很失望。,2025-03-20,智能加湿器,Review
888,苹果 智能扫地机器人 Pro,迪摩科技有限公司电子商务,3.2,智能扫地机器人的质量还可以，性价比高，不过音质一般。,2025-03-20,智能扫地机器人,Review
358,博世 智能开关 Max,鑫博腾飞网络有限公司金融科技,3.0,智能开关的质量还可以，节能环保，不过反应迟钝。,2025-03-19,智能开关,Review
764,苹果 智能开关 Basic,恒聪百汇传媒有限公司虚拟现实,1.3,用了一段时间，这款智能开关完全不符合预期。连接稳定性简直无法忍受。唯一值得称赞的可能就是价格便宜。以后不会再考虑这个品牌的产品。,2025-03-18,智能开关,Review
570,LG 智能音箱 Lite,易动力网络有限公司信息技术,1.1,不推荐这款智能音箱，售后服务差，很失望。,2025-03-14,智能音箱,Review
103,亚马逊 智能门锁 Max,方正科技科技有限公司互联网服务,2.6,这款产品有严重问题，耗电量大，已经申请退款。,2025-03-12,智能门锁,Review
124,博世 智能空调 Lite,浙大万朋信息有限公司生物科技,3.8,总体来说还行，智能化程度高，就是智能化程度低。,2025-03-12,智能空调,Review
158,华为 智能电视 Max,银嘉科技有限公司科技公司,3.3,不得不说，这款华为 智能电视 Max质量还行。优点是功能齐全。遗憾的是信号强度有点问题。对得起这个价格。,2025-03-12,智能电视,Review
719,博世 智能扫地机器人 Max,富罳科技有限公司生物科技,3.7,这款智能扫地机器人一般，操作简单，但是散热问题有点问题。,2025-03-11,智能扫地机器人,Review
1012,亚马逊 智能马桶 Standard,易动力网络有限公司信息技术,2.9,对这款智能马桶非常不满意，价格偏高，浪费钱。,2025-03-11,智能马桶,Review
1222,格力 智能净水器 Ultra,中建创业网络有限公司移动应用开发,4.9,这是我用过的最好的智能净水器之一，节能环保，性价比很高。,2025-03-11,智能净水器,Review
695,美的 智能净水器 Plus,巨奥传媒有限公司信息技术,5.0,对比了市面上几款同类产品后，这款美的 智能净水器 Plus设计很人性化。并且节能模式功能特别实用。如果非要说缺点的话，配件可以再多一些。便宜没好货，这句话在这里很适用。,2025-03-10,智能净水器,Review
1274,美的 智能窗帘 Max,海创网络有限公司生物科技,4.2,购买后，这款美的 智能窗帘 Max性价比很高。另外特别适合夜间使用。性价比很高。,2025-03-09,智能窗帘,Review
81,西门子 智能摄像头 Max,合联电子科技有限公司信息技术,3.5,体验下来，这款智能摄像头功能基本满足需求。在办公室使用时，远程控制表现不错。此外连接稳定性有点问题。可以考虑其他品牌的同类产品。,2025-03-08,智能摄像头,Review
137,小米 智能空调 Elite,良诺信息有限公司网络安全,3.6,经过一段时间使用，这款小米 智能空调 Elite基本符合预期。快速启动设计得比较合理。最让我失望的是使用久了会发现一些小问题。不太推荐购买。,2025-03-08,智能空调,Review
1039,亚马逊 智能电饭煲 Advanced,商软冠联传媒有限公司大数据分析,1.4,对这款智能电饭煲非常不满意，画质模糊，浪费钱。,2025-03-08,智能电饭煲,Review
911,博世 智能扫地机器人 Max,易动力信息有限公司物联网,1.3,不推荐这款智能扫地机器人，售后服务差，很失望。,2025-03-07,智能扫地机器人,Review
1307,西门子 智能摄像头 Max,网新恒天科技有限公司数字科技,2.1,坦白讲，这款智能摄像头性价比极低。噪音控制简直无法忍受。唯一值得称赞的可能就是包装很精美。,2025-03-07,智能摄像头,Review
729,小米 智能空调 Elite,精芯网络有限公司互联网服务,3.0,智能空调的质量还可以，音质出色，不过使用说明不清。,2025-03-06,智能空调,Review
236,美的 智能洗衣机 Advanced,易动力信息有限公司网络安全,3.9,总体来说还行，质量很好，就是续航时间短。,2025-03-05,智能洗衣机,Review
363,格力 智能体重秤 Ultra,兰金电子传媒有限公司生物科技,2.4,作为一个经常使用此类产品的人，这款智能体重秤不值这个价格。使用不到一周就出现了失灵。希望厂家能重视这些问题。,2025-03-04,智能体重秤,Review
1218,美的 智能窗帘 Max,浦华众城信息有限公司虚拟现实,3.9,这款产品优缺点都有，性价比高，但反应迟钝。,2025-03-04,智能窗帘,Review
1176,格力 智能手环 Lite,合联电子科技有限公司网络安全,4.8,在晚上睡前时使用效果很好，特别是高清画质功能。,2025-03-03,智能手环,Review
706,小米 智能空调 Elite,戴硕电子科技有限公司移动应用开发,4.2,使用后感觉，这款智能空调设计很人性化。而且自动升级是我最喜欢的部分。如果非要说缺点的话，说明书不够详细。推荐给有需要的朋友。,2025-03-01,智能空调,Review
1265,小米 智能电饭煲 Ultra,九方传媒有限公司生物科技,3.7,从我的使用体验来看，这款智能电饭煲基本符合预期。在家里使用时，智能学习表现不错。遗憾的是电池寿命有点问题。值得购买。,2025-03-01,智能电饭煲,Review
141,博世 智能空调 Lite,时空盒数字传媒有限公司大数据分析,2.0,这款产品有严重问题，做工一般，已经申请退款。,2025-02-28,智能空调,Review
370,亚马逊 智能插座 Pro,方正科技科技有限公司互联网服务,4.6,这款智能插座的智能学习功能很实用，反应灵敏。,2025-02-28,智能插座,Review
589,小米 智能空调 Elite,海创网络有限公司生物科技,1.1,使用一周后出现故障，智能化程度低，售后服务也不好。,2025-02-28,智能空调,Review
756,小米 智能插座 Max,明腾科技有限公司区块链技术,2.8,这款产品有严重问题，音质一般，已经申请退款。,2025-02-28,智能插座,Review
207,华为 智能洗衣机 Ultra,易动力科技有限公司人工智能,3.0,作为一个经常使用此类产品的人，这款华为 智能洗衣机 Ultra一般般。在工作时时使用体验还不错。让我惊喜的是在办公环境场景下表现一般。推荐给有需要的朋友。,2025-02-27,智能洗衣机,Review
344,松下 智能窗帘 Advanced,昊嘉信息有限公司信息技术,2.5,使用一周后出现故障，售后服务差，售后服务也不好。,2025-02-27,智能窗帘,Review
775,西门子 智能摄像头 Max,维旺明信息有限公司人工智能,3.5,经过一段时间使用，这款智能摄像头质量还行。在夏天使用时，自动调节表现不错。此外在夜间使用场景下表现一般。性价比很高。,2025-02-27,智能摄像头,Review
43,松下 智能加湿器 Pro,时刻网络有限公司信息技术,3.7,智能加湿器的质量还可以，做工精细，不过音质一般。,2025-02-26,智能加湿器,Review
276,西门子 智能洗衣机 Pro,华泰通安科技有限公司网络安全,1.1,必须承认，这款西门子 智能洗衣机 Pro完全不符合预期。主要问题在于做工一般。已经申请退款了。,2025-02-25,智能洗衣机,Review
1217,谷歌 智能音箱 Elite,图龙信息传媒有限公司数字科技,1.4,不推荐这款智能音箱，智能化程度低，很失望。,2025-02-25,智能音箱,Review
1215,西门子 智能摄像头 Plus,华泰通安科技有限公司网络安全,3.1,总体来说还行，性价比高，就是价格偏高。,2025-02-24,智能摄像头,Review
1108,松下 智能窗帘 Advanced,恩悌传媒有限公司虚拟现实,3.3,在做饭时使用还不错，但在其他情况下表现一般。,2025-02-24,智能窗帘,Review
96,LG 智能开关 Lite,艾提科信传媒有限公司网络安全,2.4,电池寿命问题很严重，完全不值这个价格。,2025-02-22,智能开关,Review
367,格力 智能手环 Lite,新宇龙信息科技有限公司电子商务,2.1,对这款智能手环非常不满意，做工一般，浪费钱。,2025-02-22,智能手环,Review
791,LG 智能净水器 Basic,泰麒麟信息有限公司人工智能,3.4,在多次对比之后选择了这款，这款LG 智能净水器 Basic中规中矩。在做饭时时使用体验还不错。而且使用久了会发现一些小问题。便宜没好货，这句话在这里很适用。,2025-02-22,智能净水器,Review
458,亚马逊 智能插座 Pro,九方传媒有限公司生物科技,2.1,使用一周后出现故障，使用说明不清，售后服务也不好。,2025-02-21,智能插座,Review
574,谷歌 智能净水器 Ultra,易动力传媒有限公司生物科技,3.7,试用了几天，这款智能净水器总体来说还可以。高清画质设计得比较合理。除此之外噪音控制有点问题。对得起这个价格。,2025-02-21,智能净水器,Review
581,西门子 智能空调 Basic,济南亿次元网络有限公司科技公司,1.9,对这款智能空调非常不满意，智能化程度低，浪费钱。,2025-02-21,智能空调,Review
267,博世 智能马桶 Max,天开网络有限公司金融科技,3.0,使用后感觉，这款智能马桶性价比一般。优点是智能化程度高。尤其是缺点是操作复杂。总体来说还是很满意的。,2025-02-20,智能马桶,Review
507,苹果 智能开关 Basic,明腾科技有限公司区块链技术,3.8,我觉得，这款智能开关质量还行。在工作时时使用体验还不错。最让我失望的是在夜间使用场景下表现一般。可以考虑其他品牌的同类产品。,2025-02-20,智能开关,Review
892,小米 智能开关 Ultra,国讯网络有限公司移动应用开发,2.6,这款产品有严重问题，安装困难，已经申请退款。,2025-02-20,智能开关,Review
1234,苹果 智能扫地机器人 Pro,中建创业信息有限公司虚拟现实,4.9,这款智能扫地机器人的远程控制功能很实用，兼容性强。,2025-02-20,智能扫地机器人,Review
17,三星 智能窗帘 Basic,和泰信息有限公司信息技术,1.0,对这款智能窗帘非常不满意，售后服务差，浪费钱。,2025-02-19,智能窗帘,Review
818,西门子 智能冰箱 Standard,鸿睿思博传媒有限公司智能科技,4.9,这款产品的智能场景特别好用，在家庭聚会时特别方便。,2025-02-19,智能冰箱,Review
979,松下 智能马桶 Elite,MBP软件网络有限公司移动应用开发,3.8,总体来说还行，外观漂亮，就是续航时间短。,2025-02-19,智能马桶,Review
1057,博世 智能净水器 Max,合联电子科技有限公司网络安全,2.9,不推荐这款智能净水器，售后服务差，很失望。,2025-02-19,智能净水器,Review
485,西门子 智能手环 Standard,商软冠联传媒有限公司大数据分析,3.5,作为一个经常使用此类产品的人，这款西门子 智能手环 Standard没有特别惊喜。在做饭时时使用体验还不错。此外使用久了会发现一些小问题。价格虽高，但物有所值。,2025-02-18,智能手环,Review
876,博世 智能净水器 Plus,七喜传媒有限公司人工智能,1.3,用了一段时间，这款博世 智能净水器 Plus质量太差。在晚上睡前时完全不能正常工作。已经申请退款了。,2025-02-18,智能净水器,Review
640,苹果 智能空气净化器 Basic,晖来计算机网络有限公司虚拟现实,1.4,噪音控制问题很严重，完全不值这个价格。,2025-02-15,智能空气净化器,Review
665,华为 智能电视 Max,精芯传媒有限公司物联网,2.5,说实话，这款华为 智能电视 Max使用体验很差。在工作时时完全不能正常工作。唯一值得称赞的可能就是外观设计还不错。已经申请退款了。,2025-02-15,智能电视,Review
751,西门子 智能音箱 Mini,图龙信息网络有限公司云计算,2.4,这款产品有严重问题，使用说明不清，已经申请退款。,2025-02-14,智能音箱,Review
1049,亚马逊 智能马桶 Standard,良诺信息有限公司生物科技,2.5,使用一周后出现故障，功能单一，售后服务也不好。,2025-02-14,智能马桶,Review
69,小米 智能开关 Max,毕博诚信息有限公司信息技术,4.4,非常满意这次购买，外观漂亮，送货也很快。,2025-02-13,智能开关,Review
553,华为 智能窗帘 Basic,明腾科技有限公司区块链技术,4.4,非常满意这次购买，性价比高，送货也很快。,2025-02-13,智能窗帘,Review
461,美的 智能电饭煲 Pro,毕博诚信息有限公司信息技术,3.5,这款产品优缺点都有，安装方便，但耗电量大。,2025-02-12,智能电饭煲,Review
1068,三星 智能摄像头 Mini,毕博诚信息有限公司信息技术,2.8,对这款智能摄像头非常不满意，音质一般，浪费钱。,2025-02-12,智能摄像头,Review
465,三星 智能摄像头 Mini,时空盒数字信息有限公司智能科技,2.2,不推荐这款智能摄像头，安装困难，很失望。,2025-02-11,智能摄像头,Review
657,亚马逊 智能马桶 Elite,九方传媒有限公司生物科技,4.4,体验下来，这款智能马桶功能很强大。但是在早晨起床时表现尤为出色。没有达到我的期望。如果非要说缺点的话，可能就是安装困难。推荐给有需要的朋友。,2025-02-11,智能马桶,Review
904,亚马逊 智能插座 Pro,迪摩科技有限公司电子商务,1.6,使用一周后出现故障，画质模糊，售后服务也不好。,2025-02-11,智能插座,Review
908,三星 智能加湿器 Mini,毕博诚科技有限公司互联网服务,4.8,在做饭时时使用效果很好，特别是高清画质功能。,2025-02-11,智能加湿器,Review
308,海尔智慧家庭 智能开关 Plus,网新恒天网络有限公司生物科技,2.7,不推荐这款智能开关，使用说明不清，很失望。,2025-02-10,智能开关,Review
366,西门子 智能音箱 Mini,盟新传媒有限公司大数据分析,3.7,经过一段时间使用，这款智能音箱总体来说还可以。用了一个月后，语音识别表现不错。同时散热问题有点问题。性价比很高。,2025-02-10,智能音箱,Review
496,西门子 智能音箱 Mini,银嘉科技有限公司科技公司,3.4,智能音箱的质量还可以，外观漂亮，不过价格偏高。,2025-02-10,智能音箱,Review
1002,亚马逊 智能马桶 Standard,南康网络有限公司互联网服务,1.1,使用一周后出现故障，做工一般，售后服务也不好。,2025-02-09,智能马桶,Review
634,苹果 智能灯具 Basic,襄樊地球村网络有限公司智能科技,2.4,对这款智能灯具非常不满意，反应迟钝，浪费钱。,2025-02-08,智能灯具,Review
651,美的 智能门锁 Mini,济南亿次元网络有限公司科技公司,4.0,这款产品的定时功能特别好用，在夜间使用时特别方便。,2025-02-07,智能门锁,Review
862,博世 智能扫地机器人 Max,银嘉网络有限公司云计算,1.6,这款产品有严重问题，售后服务差，已经申请退款。,2025-02-07,智能扫地机器人,Review
92,苹果 智能扫地机器人 Pro,晖来计算机传媒有限公司云计算,3.3,智能扫地机器人的质量还可以，兼容性强，不过功能单一。,2025-02-06,智能扫地机器人,Review
144,小米 智能开关 Max,菊风公司传媒有限公司数字科技,4.9,这款产品的自动升级特别好用，在日常使用时特别方便。,2025-02-06,智能开关,Review
690,飞利浦 智能扫地机器人 Plus,易动力信息有限公司物联网,2.3,不得不说，这款飞利浦 智能扫地机器人 Plus存在明显缺陷。主要问题在于售后服务差。希望厂家能重视这些问题。,2025-02-06,智能扫地机器人,Review
859,三星 智能窗帘 Basic,浦华众城信息有限公司虚拟现实,1.0,必须承认，这款智能窗帘不推荐购买。散热问题简直无法忍受。,2025-02-06,智能窗帘,Review
867,亚马逊 智能电饭煲 Advanced,巨奥科技有限公司信息技术,4.4,不得不说，这款亚马逊 智能电饭煲 Advanced设计很人性化。此外特别适合日常使用。和官方展示的有差距。如果非要说缺点的话，散热问题还有提升空间。值得购买。,2025-02-05,智能电饭煲,Review
728,博世 智能摄像头 Standard,创亿网络有限公司移动应用开发,1.8,使用一周后出现故障，价格偏高，售后服务也不好。,2025-02-04,智能摄像头,Review
812,亚马逊 智能扫地机器人 Mini,毕博诚信息有限公司信息技术,4.6,这是我用过的最好的智能扫地机器人之一，续航时间长，性价比很高。,2025-02-04,智能扫地机器人,Review
724,华为 智能洗衣机 Ultra,万迅电脑信息有限公司科技公司,2.8,用了一段时间，这款智能洗衣机有严重问题。使用不到一周就出现了失灵。唯一值得称赞的可能就是包装很精美。,2025-02-02,智能洗衣机,Review
995,华为 智能电视 Lite,巨奥科技有限公司信息技术,2.3,使用一周后出现故障，兼容性差，售后服务也不好。,2025-02-01,智能电视,Review
120,博世 智能空气净化器 Lite,戴硕电子科技有限公司移动应用开发,3.0,总体来说还行，画质清晰，就是安装困难。,2025-01-31,智能空气净化器,Review
185,松下 智能马桶 Elite,图龙信息传媒有限公司数字科技,1.5,我发现，这款松下 智能马桶 Elite质量太差。在晚上睡前时完全不能正常工作。已经申请退款了。,2025-01-31,智能马桶,Review
1022,小米 智能电饭煲 Ultra,新宇龙信息传媒有限公司人工智能,4.3,这是我用过的最好的智能电饭煲之一，功能齐全，性价比很高。,2025-01-31,智能电饭煲,Review
194,格力 智能体重秤 Standard,昊嘉信息有限公司信息技术,5.0,非常满意这次购买，操作简单，送货也很快。,2025-01-30,智能体重秤,Review
115,格力 智能体重秤 Ultra,襄樊地球村信息有限公司物联网,3.6,智能体重秤的质量还可以，性价比高，不过兼容性差。,2025-01-29,智能体重秤,Review
1229,松下 智能加湿器 Pro,巨奥传媒有限公司信息技术,2.8,不推荐这款智能加湿器，操作复杂，很失望。,2025-01-28,智能加湿器,Review
1201,索尼 智能冰箱 Elite,方正科技网络有限公司云计算,3.0,不得不说，这款智能冰箱一般般。静音设计设计得比较合理。而且在户外活动场景下表现一般。推荐给有需要的朋友。,2025-01-26,智能冰箱,Review
47,博世 智能摄像头 Standard,通际名联科技有限公司金融科技,2.4,用了一段时间，这款智能摄像头完全不符合预期。使用不到一周就出现了故障。不推荐任何人购买。,2025-01-26,智能摄像头,Review
798,小米 智能开关 Max,兰金电子科技有限公司区块链技术,2.2,作为一个经常使用此类产品的人，这款小米 智能开关 Max存在明显缺陷。主要问题在于稳定性差。,2025-01-25,智能开关,Review
935,索尼 智能空气净化器 Ultra,凌云信息有限公司虚拟现实,4.6,这款智能空气净化器质量很好，智能化程度高。总体来说很满意。,2025-01-25,智能空气净化器,Review
1034,亚马逊 智能门铃 Max,毕博诚信息有限公司信息技术,3.9,在晚上睡前使用还不错，但在其他情况下表现一般。,2025-01-25,智能门铃,Review
1048,飞利浦 智能加湿器 Ultra,易动力传媒有限公司生物科技,5.0,在看电影时时使用效果很好，特别是高清画质功能。,2025-01-25,智能加湿器,Review
1242,海尔智慧家庭 智能加湿器 Lite,天开传媒有限公司网络安全,4.2,这款产品的定时功能特别好用，在办公环境时特别方便。,2025-01-25,智能加湿器,Review
619,华为 智能电视 Max,浦华众城网络有限公司信息技术,2.5,不推荐这款智能电视，稳定性差，很失望。,2025-01-24,智能电视,Review
25,索尼 智能空气净化器 Ultra,维涛科技有限公司网络安全,3.9,购买后，这款索尼 智能空气净化器 Ultra优缺点都有。优点是画质清晰。不仅如此连接稳定性有点问题。价格虽高，但物有所值。,2025-01-22,智能空气净化器,Review
531,华为 智能电视 Lite,易动力科技有限公司科技公司,2.7,从我的使用体验来看，这款华为 智能电视 Lite不值这个价格。主要问题在于画质模糊。唯一值得称赞的可能就是售后服务态度好。以后不会再考虑这个品牌的产品。,2025-01-22,智能电视,Review
1252,飞利浦 智能扫地机器人 Ultra,时空盒数字信息有限公司虚拟现实,3.4,这款产品优缺点都有，反应灵敏，但智能化程度低。,2025-01-22,智能扫地机器人,Review
1273,苹果 智能开关 Basic,商软冠联网络有限公司信息技术,3.4,在看电影时使用还不错，但在其他情况下表现一般。,2025-01-22,智能开关,Review
1231,LG 智能净水器 Basic,毕博诚科技有限公司互联网服务,4.4,非常满意这次购买，音质出色，送货也很快。,2025-01-20,智能净水器,Review
650,苹果 智能灯具 Basic,开发区世创科技有限公司科技公司,4.2,非常满意这次购买，做工精细，送货也很快。,2025-01-19,智能灯具,Review
885,亚马逊 智能马桶 Standard,中建创业信息有限公司虚拟现实,2.4,使用一周后出现故障，续航时间短，售后服务也不好。,2025-01-19,智能马桶,Review
27,美的 智能马桶 Mini,浦华众城网络有限公司信息技术,1.9,对这款智能马桶非常不满意，兼容性差，浪费钱。,2025-01-18,智能马桶,Review
278,小米 智能空调 Elite,鑫博腾飞信息有限公司智能科技,2.2,不推荐这款智能空调，续航时间短，很失望。,2025-01-18,智能空调,Review
975,亚马逊 智能音箱 Basic,时空盒数字信息有限公司虚拟现实,2.5,使用一周后出现故障，反应迟钝，售后服务也不好。,2025-01-18,智能音箱,Review
437,格力 智能体重秤 Standard,合联电子科技有限公司信息技术,2.8,噪音控制问题很严重，完全不值这个价格。,2025-01-17,智能体重秤,Review
805,索尼 智能冰箱 Elite,易动力信息有限公司物联网,4.5,使用了一个月，反应灵敏，没有发现任何问题。,2025-01-17,智能冰箱,Review
172,索尼 智能冰箱 Elite,鑫博腾飞科技有限公司电子商务,3.0,必须承认，这款索尼 智能冰箱 Elite性价比一般。智能联动设计得比较合理。并且使用久了会发现一些小问题。这个价位能买到这样的产品已经很不错了。,2025-01-16,智能冰箱,Review
563,松下 智能扫地机器人 Plus,银嘉网络有限公司云计算,2.1,不推荐这款智能扫地机器人，耗电量大，很失望。,2025-01-16,智能扫地机器人,Review
1192,博世 智能开关 Max,网新恒天网络有限公司生物科技,4.8,经过一段时间使用，这款博世 智能开关 Max功能很强大。不过定时功能是我最喜欢的部分。如果非要说缺点的话，可能就是安装困难。期待下一代产品能有所改进。,2025-01-16,智能开关,Review
286,松下 智能窗帘 Lite,浦华众城网络有限公司信息技术,4.0,使用了一个月，安装方便，没有发现任何问题。,2025-01-15,智能窗帘,Review
853,谷歌 智能音箱 Elite,新宇龙信息科技有限公司电子商务,1.7,说实话，这款智能音箱不推荐购买。使用不到一周就出现了问题。这钱花得太冤枉了。,2025-01-15,智能音箱,Review
1204,小米 智能开关 Max,易动力信息有限公司物联网,3.1,智能开关的质量还可以，节能环保，不过价格偏高。,2025-01-14,智能开关,Review
193,苹果 智能门锁 Plus,戴硕电子科技有限公司移动应用开发,2.0,老实讲，这款苹果 智能门锁 Plus很失望。噪音控制简直无法忍受。,2025-01-13,智能门锁,Review
803,华为 智能电视 Basic,商软冠联网络有限公司信息技术,1.2,使用一周后出现故障，音质一般，售后服务也不好。,2025-01-12,智能电视,Review
978,飞利浦 智能扫地机器人 Ultra,维涛科技有限公司网络安全,2.0,连接稳定性问题很严重，完全不值这个价格。,2025-01-12,智能扫地机器人,Review
1278,格力 智能音箱 Advanced,通际名联科技有限公司金融科技,1.7,说实话，这款格力 智能音箱 Advanced很失望。主要问题在于智能化程度低。,2025-01-10,智能音箱,Review
909,华为 智能电视 Lite,南康传媒有限公司生物科技,2.8,使用一周后出现故障，耗电量大，售后服务也不好。,2025-01-09,智能电视,Review
1172,美的 智能电饭煲 Pro,易动力传媒有限公司生物科技,4.7,这款智能电饭煲的节能模式功能很实用，质量很好。,2025-01-09,智能电饭煲,Review
1093,格力 智能电视 Pro,九方传媒有限公司生物科技,2.6,不推荐这款智能电视，耗电量大，很失望。,2025-01-08,智能电视,Review
592,松下 智能开关 Advanced,鑫博腾飞科技有限公司电子商务,1.2,对这款智能开关非常不满意，音质一般，浪费钱。,2025-01-06,智能开关,Review
677,亚马逊 智能门铃 Max,鑫博腾飞科技有限公司电子商务,3.6,这款产品优缺点都有，反应灵敏，但安装困难。,2025-01-06,智能门铃,Review
1122,博世 智能马桶 Max,富罳科技有限公司生物科技,2.5,使用一周后出现故障，使用说明不清，售后服务也不好。,2025-01-06,智能马桶,Review
1143,苹果 智能开关 Basic,创亿网络有限公司金融科技,1.7,对这款智能开关非常不满意，安装困难，浪费钱。,2025-01-06,智能开关,Review
994,西门子 智能摄像头 Max,鑫博腾飞网络有限公司金融科技,3.6,这款智能摄像头一般，功能齐全，但是电池寿命有点问题。,2025-01-05,智能摄像头,Review
323,博世 智能马桶 Basic,创亿网络有限公司金融科技,3.4,总体来说还行，节能环保，就是安装困难。,2025-01-03,智能马桶,Review
981,博世 智能开关 Max,维涛传媒有限公司云计算,1.6,收到货后，这款博世 智能开关 Max有严重问题。主要问题在于功能单一。,2025-01-03,智能开关,Review
330,西门子 智能音箱 Mini,维旺明科技有限公司大数据分析,3.3,总体来说还行，续航时间长，就是音质一般。,2025-01-02,智能音箱,Review
342,海尔智慧家庭 智能空气净化器 Basic,太极信息有限公司互联网服务,4.7,这款产品的一键控制特别好用，在日常使用时特别方便。,2025-01-01,智能空气净化器,Review
177,松下 智能马桶 Elite,易动力科技有限公司科技公司,2.6,我发现，这款智能马桶不推荐购买。在做饭时时完全不能正常工作。已经申请退款了。,2024-12-30,智能马桶,Review
295,博世 智能马桶 Max,银嘉信息有限公司移动应用开发,3.1,这款智能马桶一般，质量很好，但是散热问题有点问题。,2024-12-30,智能马桶,Review
732,美的 智能窗帘 Max,时空盒数字信息有限公司虚拟现实,1.1,信号强度问题很严重，完全不值这个价格。,2024-12-30,智能窗帘,Review
139,格力 智能空气净化器 Standard,商软冠联传媒有限公司智能科技,1.4,电池寿命问题很严重，完全不值这个价格。,2024-12-29,智能空气净化器,Review
403,飞利浦 智能马桶 Max,海创网络有限公司生物科技,4.2,非常满意这次购买，节能环保，送货也很快。,2024-12-29,智能马桶,Review
78,美的 智能电视 Basic,巨奥科技有限公司信息技术,2.1,信号强度问题很严重，完全不值这个价格。,2024-12-28,智能电视,Review
554,索尼 智能冰箱 Elite,巨奥传媒有限公司信息技术,2.2,这款产品有严重问题，做工一般，已经申请退款。,2024-12-27,智能冰箱,Review
796,亚马逊 智能马桶 Elite,浙大万朋信息有限公司生物科技,3.6,这款智能马桶一般，稳定性好，但是连接稳定性有点问题。,2024-12-25,智能马桶,Review
633,三星 智能摄像头 Mini,明腾科技有限公司区块链技术,3.6,说实话，这款智能摄像头一般般。在看电影时时使用体验还不错。但是使用久了会发现一些小问题。对得起这个价格。,2024-12-24,智能摄像头,Review
942,LG 智能音箱 Lite,天开传媒有限公司网络安全,4.1,在做饭时时使用效果很好，特别是智能联动功能。,2024-12-24,智能音箱,Review
82,博世 智能扫地机器人 Max,开发区世创科技有限公司科技公司,4.8,说实话，这款智能扫地机器人功能很强大。然而自动升级是我最喜欢的部分。没有网上评价说的那么好。如果非要说缺点的话，可能就是稳定性差。对得起这个价格。,2024-12-23,智能扫地机器人,Review
693,小米 智能门锁 Mini,图龙信息网络有限公司云计算,1.0,在多次对比之后选择了这款，这款智能门锁功能实现得很糟糕。使用不到一周就出现了失灵。这钱花得太冤枉了。,2024-12-23,智能门锁,Review
217,飞利浦 智能手环 Max,济南亿次元网络有限公司科技公司,1.1,从我的使用体验来看，这款智能手环功能实现得很糟糕。在晚上睡前时完全不能正常工作。以后不会再考虑这个品牌的产品。,2024-12-21,智能手环,Review
1117,三星 智能窗帘 Standard,MBP软件网络有限公司移动应用开发,3.1,智能窗帘的质量还可以，质量很好，不过安装困难。,2024-12-21,智能窗帘,Review
902,飞利浦 智能扫地机器人 Ultra,创亿网络有限公司金融科技,3.3,这款智能扫地机器人一般，安装方便，但是连接稳定性有点问题。,2024-12-20,智能扫地机器人,Review
932,博世 智能马桶 Max,快讯信息有限公司智能科技,2.6,这款产品有严重问题，操作复杂，已经申请退款。,2024-12-19,智能马桶,Review
1213,华为 智能窗帘 Basic,毕博诚科技有限公司互联网服务,1.5,对这款智能窗帘非常不满意，智能化程度低，浪费钱。,2024-12-18,智能窗帘,Review
847,亚马逊 智能门铃 Max,盟新传媒有限公司大数据分析,1.8,必须承认，这款亚马逊 智能门铃 Max质量太差。使用不到一周就出现了问题。,2024-12-17,智能门铃,Review
991,亚马逊 智能扫地机器人 Mini,巨奥科技有限公司信息技术,4.6,我发现，这款亚马逊 智能扫地机器人 Mini很好用。对得起这个价格。,2024-12-17,智能扫地机器人,Review
77,美的 智能门锁 Mini,浙大万朋信息有限公司生物科技,2.7,连接稳定性问题很严重，完全不值这个价格。,2024-12-16,智能门锁,Review
167,松下 智能马桶 Elite,图龙信息网络有限公司云计算,4.0,这款智能马桶质量很好，续航时间长。总体来说很满意。,2024-12-16,智能马桶,Review
1223,美的 智能电饭煲 Pro,维旺明科技有限公司大数据分析,1.2,这款产品有严重问题，操作复杂，已经申请退款。,2024-12-16,智能电饭煲,Review
532,西门子 智能音箱 Mini,MBP软件科技有限公司信息技术,4.7,我发现，这款智能音箱很好用。另外省电模式设计很贴心。和朋友推荐的一样好用。如果非要说缺点的话，价格稍微贵了一点。值得购买。,2024-12-15,智能音箱,Review
1233,美的 智能窗帘 Max,艾提科信传媒有限公司网络安全,1.5,作为第一次购买这类产品的新手，这款智能窗帘有严重问题。在早晨起床时完全不能正常工作。,2024-12-14,智能窗帘,Review
705,博世 智能净水器 Plus,新宇龙信息科技有限公司电子商务,2.4,个人认为，这款智能净水器不值这个价格。在工作时时完全不能正常工作。唯一值得称赞的可能就是送货速度快。这钱花得太冤枉了。,2024-12-13,智能净水器,Review
727,谷歌 智能洗衣机 Elite,良诺信息有限公司生物科技,3.7,个人认为，这款谷歌 智能洗衣机 Elite性价比一般。在早晨起床时使用体验还不错。可惜的是缺点是安装困难。期待下一代产品能有所改进。,2024-12-12,智能洗衣机,Review
809,苹果 智能灯具 Basic,图龙信息传媒有限公司数字科技,3.8,坦白讲，这款智能灯具一般般。静音设计设计得比较合理。尤其是信号强度有点问题。可以考虑其他品牌的同类产品。,2024-12-12,智能灯具,Review
1006,西门子 智能电视 Pro,迪摩科技有限公司电子商务,1.6,信号强度问题很严重，完全不值这个价格。,2024-12-10,智能电视,Review
31,美的 智能窗帘 Max,银嘉网络有限公司云计算,1.9,体验下来，这款智能窗帘质量太差。在看电影时时完全不能正常工作。唯一值得称赞的可能就是外观设计还不错。以后不会再考虑这个品牌的产品。,2024-12-09,智能窗帘,Review
443,三星 智能窗帘 Standard,戴硕电子科技有限公司移动应用开发,1.8,不推荐这款智能窗帘，音质一般，很失望。,2024-12-09,智能窗帘,Review
743,三星 智能音箱 Basic,巨奥传媒有限公司信息技术,3.0,在工作时使用还不错，但在其他情况下表现一般。,2024-12-09,智能音箱,Review
1175,博世 智能空调 Lite,济南亿次元网络有限公司科技公司,1.3,对这款智能空调非常不满意，反应迟钝，浪费钱。,2024-12-06,智能空调,Review
486,美的 智能窗帘 Max,创联世纪信息有限公司移动应用开发,1.7,连接稳定性问题很严重，完全不值这个价格。,2024-12-05,智能窗帘,Review
992,西门子 智能摄像头 Plus,天开传媒有限公司网络安全,3.8,智能摄像头的质量还可以，操作简单，不过画质模糊。,2024-12-05,智能摄像头,Review
164,美的 智能净水器 Plus,飞海科技传媒有限公司信息技术,1.1,从我的使用体验来看，这款智能净水器质量太差。主要问题在于续航时间短。,2024-12-04,智能净水器,Review
237,索尼 智能加湿器 Pro,快讯信息有限公司智能科技,1.7,使用一周后出现故障，做工一般，售后服务也不好。,2024-12-04,智能加湿器,Review
799,三星 智能窗帘 Basic,华泰通安科技有限公司网络安全,4.2,使用了一个月，反应灵敏，没有发现任何问题。,2024-12-04,智能窗帘,Review
526,海尔智慧家庭 智能空气净化器 Basic,菊风公司传媒有限公司数字科技,3.2,这款产品优缺点都有，性价比高，但智能化程度低。,2024-12-03,智能空气净化器,Review
179,松下 智能开关 Advanced,华泰通安科技有限公司网络安全,3.6,这款产品优缺点都有，节能环保，但反应迟钝。,2024-12-02,智能开关,Review
1152,小米 智能加湿器 Plus,明腾传媒有限公司互联网服务,4.0,从我的使用体验来看，这款小米 智能加湿器 Plus值得推荐。性价比很高。,2024-12-02,智能加湿器,Review
824,苹果 智能空气净化器 Basic,良诺信息有限公司网络安全,3.2,这款智能空气净化器一般，外观漂亮，但是连接稳定性有点问题。,2024-11-30,智能空气净化器,Review
269,美的 智能马桶 Mini,九方传媒有限公司生物科技,4.4,这款产品的一键控制特别好用，在日常使用时特别方便。,2024-11-28,智能马桶,Review
594,松下 智能窗帘 Lite,联软传媒有限公司区块链技术,4.5,不得不说，这款松下 智能窗帘 Lite设计很人性化。和同价位其他产品相比更胜一筹。整体体验不错。,2024-11-27,智能窗帘,Review
983,海尔智慧家庭 智能加湿器 Lite,通际名联科技有限公司金融科技,4.1,这款智能加湿器的语音识别功能很实用，续航时间长。,2024-11-27,智能加湿器,Review
1285,格力 智能音箱 Advanced,迪摩科技有限公司电子商务,2.9,从我的使用体验来看，这款智能音箱很失望。使用不到一周就出现了失灵。这钱花得太冤枉了。,2024-11-27,智能音箱,Review
1171,亚马逊 智能扫地机器人 Mini,银嘉科技有限公司科技公司,1.4,不推荐这款智能扫地机器人，续航时间短，很失望。,2024-11-26,智能扫地机器人,Review
65,格力 智能体重秤 Ultra,九方传媒有限公司生物科技,2.0,作为第一次购买这类产品的新手，这款智能体重秤使用体验很差。连接稳定性简直无法忍受。,2024-11-25,智能体重秤,Review
516,美的 智能电饭煲 Pro,飞海科技传媒有限公司信息技术,4.3,在早晨起床时使用效果很好，特别是省电模式功能。,2024-11-25,智能电饭煲,Review
679,海尔智慧家庭 智能开关 Plus,浦华众城信息有限公司虚拟现实,2.1,这款产品有严重问题，安装困难，已经申请退款。,2024-11-25,智能开关,Review
899,三星 智能音箱 Elite,七喜传媒有限公司人工智能,5.0,在做饭时时使用效果很好，特别是快速启动功能。,2024-11-25,智能音箱,Review
246,三星 智能音箱 Basic,南康传媒有限公司生物科技,4.5,在做饭时时使用效果很好，特别是高清画质功能。,2024-11-24,智能音箱,Review
1281,格力 智能音箱 Advanced,易动力传媒有限公司生物科技,3.1,在多次对比之后选择了这款，这款智能音箱优缺点都有。在看电影时时使用体验还不错。然而信号强度有点问题。推荐给有需要的朋友。,2024-11-24,智能音箱,Review
832,LG 智能插座 Max,华泰通安科技有限公司网络安全,2.6,电池寿命问题很严重，完全不值这个价格。,2024-11-23,智能插座,Review
1035,博世 智能开关 Max,恒聪百汇传媒有限公司虚拟现实,3.7,我觉得，这款智能开关没有特别惊喜。优点是节能环保。不过散热问题有点问题。希望厂家能改进这些问题。,2024-11-23,智能开关,Review
123,博世 智能插座 Basic,晖来计算机网络有限公司虚拟现实,4.0,老实讲，这款博世 智能插座 Basic性价比很高。可惜的是多用户管理是我最喜欢的部分。在同类产品中算是中等水平。如果非要说缺点的话，可能就是功能单一。有点贵了，但质量确实好。,2024-11-22,智能插座,Review
1294,美的 智能净水器 Plus,合联电子科技有限公司信息技术,2.4,使用一周后出现故障，安装困难，售后服务也不好。,2024-11-20,智能净水器,Review
243,美的 智能门锁 Mini,泰麒麟信息有限公司人工智能,4.3,这是我用过的最好的智能门锁之一，兼容性强，性价比很高。,2024-11-19,智能门锁,Review
505,松下 智能马桶 Elite,维涛传媒有限公司云计算,2.6,使用一周后出现故障，音质一般，售后服务也不好。,2024-11-19,智能马桶,Review
602,格力 智能净水器 Ultra,昊嘉信息有限公司信息技术,2.3,对比了市面上几款同类产品后，这款智能净水器不值这个价格。信号强度简直无法忍受。希望厂家能重视这些问题。,2024-11-19,智能净水器,Review
754,小米 智能门锁 Mini,方正科技科技有限公司互联网服务,2.6,不得不说，这款小米 智能门锁 Mini性价比极低。在做饭时时完全不能正常工作。不推荐任何人购买。,2024-11-19,智能门锁,Review
239,三星 智能加湿器 Mini,鑫博腾飞网络有限公司金融科技,4.2,这款智能加湿器质量很好，画质清晰。总体来说很满意。,2024-11-18,智能加湿器,Review
1051,松下 智能开关 Advanced,飞海科技传媒有限公司信息技术,1.8,电池寿命问题很严重，完全不值这个价格。,2024-11-17,智能开关,Review
128,格力 智能体重秤 Ultra,天开传媒有限公司网络安全,1.2,不推荐这款智能体重秤，做工一般，很失望。,2024-11-15,智能体重秤,Review
593,三星 智能电饭煲 Max,浙大万朋信息有限公司生物科技,1.3,经过一段时间使用，这款三星 智能电饭煲 Max使用体验很差。电池寿命简直无法忍受。这钱花得太冤枉了。,2024-11-15,智能电饭煲,Review
907,华为 智能电视 Basic,MBP软件科技有限公司信息技术,4.4,智能电视的设计很人性化，操作简单，值得推荐。,2024-11-15,智能电视,Review
163,索尼 智能加湿器 Pro,易动力传媒有限公司生物科技,2.5,信号强度问题很严重，完全不值这个价格。,2024-11-14,智能加湿器,Review
810,博世 智能马桶 Basic,和泰信息有限公司信息技术,5.0,这款产品的智能场景特别好用，在户外活动时特别方便。,2024-11-12,智能马桶,Review
831,小米 智能门锁 Mini,易动力科技有限公司人工智能,4.1,个人认为，这款智能门锁功能很强大。让我惊喜的是语音识别功能特别实用。如果非要说缺点的话，可能就是做工一般。总体来说还是很满意的。,2024-11-12,智能门锁,Review
1156,三星 智能窗帘 Standard,维旺明科技有限公司大数据分析,2.0,使用一周后出现故障，音质一般，售后服务也不好。,2024-11-12,智能窗帘,Review
1157,索尼 智能空气净化器 Ultra,明腾传媒有限公司互联网服务,4.5,非常满意这次购买，外观漂亮，送货也很快。,2024-11-12,智能空气净化器,Review
488,亚马逊 智能门铃 Max,精芯传媒有限公司物联网,3.6,在晚上睡前使用还不错，但在其他情况下表现一般。,2024-11-11,智能门铃,Review
1071,苹果 智能灯具 Basic,MBP软件科技有限公司信息技术,2.6,试用了几天，这款智能灯具存在明显缺陷。使用不到一周就出现了异常。已经申请退款了。,2024-11-11,智能灯具,Review
1084,苹果 智能灯具 Basic,精芯网络有限公司互联网服务,2.2,我发现，这款智能灯具存在明显缺陷。主要问题在于兼容性差。不推荐任何人购买。,2024-11-11,智能灯具,Review
682,美的 智能电饭煲 Pro,东方峻景传媒有限公司金融科技,1.6,坦白讲，这款智能电饭煲性价比极低。使用不到一周就出现了损坏。唯一值得称赞的可能就是价格便宜。这钱花得太冤枉了。,2024-11-10,智能电饭煲,Review
1063,松下 智能窗帘 Lite,MBP软件网络有限公司移动应用开发,4.5,这款智能窗帘的语音识别功能很实用，操作简单。,2024-11-10,智能窗帘,Review
191,松下 智能开关 Advanced,易动力传媒有限公司生物科技,1.8,说实话，这款松下 智能开关 Advanced存在明显缺陷。噪音控制简直无法忍受。,2024-11-09,智能开关,Review
346,飞利浦 智能扫地机器人 Plus,商软冠联网络有限公司信息技术,1.6,使用后感觉，这款飞利浦 智能扫地机器人 Plus质量太差。在工作时时完全不能正常工作。,2024-11-09,智能扫地机器人,Review
661,博世 智能插座 Basic,诺依曼软件传媒有限公司物联网,2.4,试用了几天，这款博世 智能插座 Basic功能实现得很糟糕。噪音控制简直无法忍受。,2024-11-09,智能插座,Review
840,三星 智能音箱 Elite,易动力信息有限公司物联网,1.5,不得不说，这款智能音箱有严重问题。使用不到一周就出现了故障。唯一值得称赞的可能就是包装很精美。已经申请退款了。,2024-11-09,智能音箱,Review
749,小米 智能加湿器 Plus,晖来计算机传媒有限公司云计算,2.6,不推荐这款智能加湿器，稳定性差，很失望。,2024-11-08,智能加湿器,Review
787,美的 智能马桶 Mini,良诺信息有限公司网络安全,2.8,经过一段时间使用，这款智能马桶存在明显缺陷。在看电影时时完全不能正常工作。唯一值得称赞的可能就是包装很精美。,2024-11-08,智能马桶,Review
1145,苹果 智能空气净化器 Basic,商软冠联网络有限公司信息技术,3.2,这款产品优缺点都有，兼容性强，但续航时间短。,2024-11-08,智能空气净化器,Review
4,LG 智能洗衣机 Max,诺依曼软件传媒有限公司物联网,1.9,体验下来，这款智能洗衣机不值这个价格。电池寿命简直无法忍受。已经申请退款了。,2024-11-07,智能洗衣机,Review
201,华为 智能洗衣机 Ultra,新宇龙信息传媒有限公司人工智能,3.4,老实讲，这款智能洗衣机一般般。优点是智能化程度高。最重要的是缺点是耗电量大。整体体验不错。,2024-11-07,智能洗衣机,Review
381,索尼 智能加湿器 Pro,创亿网络有限公司移动应用开发,1.7,对这款智能加湿器非常不满意，画质模糊，浪费钱。,2024-11-07,智能加湿器,Review
629,谷歌 智能音箱 Elite,超艺网络有限公司人工智能,3.1,总体来说还行，功能齐全，就是功能单一。,2024-11-07,智能音箱,Review
508,苹果 智能灯具 Basic,南康网络有限公司互联网服务,4.1,在多次对比之后选择了这款，这款苹果 智能灯具 Basic性价比很高。遗憾的是一键控制是我最喜欢的部分。如果非要说缺点的话，说明书不够详细。期待下一代产品能有所改进。,2024-11-06,智能灯具,Review
717,华为 智能洗衣机 Ultra,群英信息有限公司金融科技,2.6,经过一段时间使用，这款华为 智能洗衣机 Ultra不推荐购买。连接稳定性简直无法忍受。唯一值得称赞的可能就是送货速度快。已经申请退款了。,2024-11-06,智能洗衣机,Review
475,飞利浦 智能扫地机器人 Ultra,创汇网络有限公司虚拟现实,1.5,不推荐这款智能扫地机器人，音质一般，很失望。,2024-11-05,智能扫地机器人,Review
480,西门子 智能摄像头 Max,MBP软件网络有限公司移动应用开发,4.8,这款智能摄像头的自动调节功能很实用，节能环保。,2024-11-05,智能摄像头,Review
416,博世 智能空气净化器 Lite,凌云信息有限公司虚拟现实,2.3,在多次对比之后选择了这款，这款博世 智能空气净化器 Lite有严重问题。主要问题在于耗电量大。希望厂家能重视这些问题。,2024-11-04,智能空气净化器,Review
184,华为 智能电视 Basic,MBP软件网络有限公司移动应用开发,3.3,总体来说还行，稳定性好，就是稳定性差。,2024-11-03,智能电视,Review
1008,格力 智能电视 Pro,银嘉信息有限公司移动应用开发,3.9,这款智能电视一般，兼容性强，但是电池寿命有点问题。,2024-11-03,智能电视,Review
1160,美的 智能电饭煲 Pro,东方峻景传媒有限公司金融科技,4.3,这是我用过的最好的智能电饭煲之一，做工精细，性价比很高。,2024-11-03,智能电饭煲,Review
1,华为 智能电视 Lite,昊嘉信息有限公司信息技术,4.4,这款智能电视的自动调节功能很实用，性价比高。,2024-11-02,智能电视,Review
478,三星 智能音箱 Basic,图龙信息网络有限公司云计算,4.6,这是我用过的最好的智能音箱之一，外观漂亮，性价比很高。,2024-11-02,智能音箱,Review
986,小米 智能开关 Ultra,鑫博腾飞网络有限公司金融科技,2.6,收到货后，这款智能开关很失望。使用不到一周就出现了失灵。希望厂家能重视这些问题。,2024-11-01,智能开关,Review
127,格力 智能空气净化器 Standard,联软传媒有限公司区块链技术,4.5,这款产品的一键控制特别好用，在户外活动时特别方便。,2024-10-31,智能空气净化器,Review
980,LG 智能插座 Max,艾提科信传媒有限公司网络安全,3.0,这款智能插座一般，画质清晰，但是信号强度有点问题。,2024-10-31,智能插座,Review
1183,格力 智能体重秤 Ultra,鑫博腾飞网络有限公司金融科技,2.6,电池寿命问题很严重，完全不值这个价格。,2024-10-31,智能体重秤,Review
1187,三星 智能窗帘 Basic,维旺明科技有限公司大数据分析,1.3,电池寿命问题很严重，完全不值这个价格。,2024-10-29,智能窗帘,Review
347,美的 智能插座 Standard,新宇龙信息传媒有限公司人工智能,3.8,不得不说，这款智能插座也没有特别失望。在早晨起床时使用体验还不错。此外使用久了会发现一些小问题。便宜没好货，这句话在这里很适用。,2024-10-29,智能插座,Review
954,格力 智能电视 Pro,国讯网络有限公司移动应用开发,3.9,智能电视的质量还可以，稳定性好，不过价格偏高。,2024-10-29,智能电视,Review
600,亚马逊 智能马桶 Elite,易动力网络有限公司移动应用开发,4.7,购买后，这款亚马逊 智能马桶 Elite性价比很高。而且多用户管理是我最喜欢的部分。如果非要说缺点的话，连接稳定性还有提升空间。价格虽高，但物有所值。,2024-10-28,智能马桶,Review
826,博世 智能插座 Basic,恩悌传媒有限公司虚拟现实,2.0,这款产品有严重问题，音质一般，已经申请退款。,2024-10-28,智能插座,Review
91,小米 智能空调 Elite,维涛科技有限公司网络安全,2.7,对这款智能空调非常不满意，功能单一，浪费钱。,2024-10-27,智能空调,Review
108,三星 智能音箱 Basic,精芯传媒有限公司物联网,1.2,这款产品有严重问题，售后服务差，已经申请退款。,2024-10-26,智能音箱,Review
760,小米 智能加湿器 Plus,方正科技网络有限公司云计算,1.8,噪音控制问题很严重，完全不值这个价格。,2024-10-26,智能加湿器,Review
1089,华为 智能电视 Basic,易动力科技有限公司科技公司,4.3,在多次对比之后选择了这款，这款华为 智能电视 Basic做工精细。然而在早晨起床时表现尤为出色。如果非要说缺点的话，可能就是耗电量大。值得购买。,2024-10-26,智能电视,Review
213,海尔智慧家庭 智能开关 Plus,明腾传媒有限公司互联网服务,1.7,从我的使用体验来看，这款智能开关不推荐购买。主要问题在于安装困难。唯一值得称赞的可能就是送货速度快。,2024-10-24,智能开关,Review
412,谷歌 智能音箱 Elite,艾提科信传媒有限公司网络安全,3.1,总体来说还行，外观漂亮，就是兼容性差。,2024-10-24,智能音箱,Review
688,亚马逊 智能插座 Pro,浦华众城信息有限公司虚拟现实,1.5,老实讲，这款亚马逊 智能插座 Pro不推荐购买。电池寿命简直无法忍受。唯一值得称赞的可能就是价格便宜。不推荐任何人购买。,2024-10-24,智能插座,Review
310,三星 智能音箱 Basic,图龙信息传媒有限公司数字科技,4.6,这款智能音箱质量很好，画质清晰。总体来说很满意。,2024-10-23,智能音箱,Review
538,谷歌 智能净水器 Basic,飞海科技传媒有限公司信息技术,4.8,智能净水器的设计很人性化，画质清晰，值得推荐。,2024-10-23,智能净水器,Review
647,三星 智能音箱 Elite,MBP软件网络有限公司移动应用开发,4.1,使用了一个月，外观漂亮，没有发现任何问题。,2024-10-23,智能音箱,Review
656,格力 智能净水器 Ultra,图龙信息传媒有限公司数字科技,3.9,在看电影时使用还不错，但在其他情况下表现一般。,2024-10-21,智能净水器,Review
918,松下 智能扫地机器人 Plus,易动力信息有限公司物联网,1.0,电池寿命问题很严重，完全不值这个价格。,2024-10-21,智能扫地机器人,Review
1170,西门子 智能摄像头 Max,巨奥科技有限公司信息技术,2.9,不推荐这款智能摄像头，兼容性差，很失望。,2024-10-21,智能摄像头,Review
40,美的 智能电视 Basic,创亿网络有限公司移动应用开发,1.4,对这款智能电视非常不满意，功能单一，浪费钱。,2024-10-20,智能电视,Review
745,博世 智能马桶 Basic,浦华众城网络有限公司信息技术,4.6,对比了市面上几款同类产品后，这款智能马桶真的很不错。另外智能学习功能特别实用。如果非要说缺点的话，可能就是使用说明不清。整体体验不错。,2024-10-20,智能马桶,Review
835,小米 智能开关 Ultra,易动力网络有限公司信息技术,4.1,作为一个经常使用此类产品的人，这款智能开关性价比很高。值得一提的是智能联动设计很贴心。如果非要说缺点的话，说明书不够详细。不太推荐购买。,2024-10-16,智能开关,Review
449,小米 智能插座 Max,时空盒数字信息有限公司虚拟现实,2.7,使用一周后出现故障，售后服务差，售后服务也不好。,2024-10-15,智能插座,Review
1140,美的 智能电饭煲 Pro,时空盒数字传媒有限公司大数据分析,3.7,智能电饭煲的质量还可以，做工精细，不过安装困难。,2024-10-15,智能电饭煲,Review
188,松下 智能电饭煲 Pro,易动力信息有限公司网络安全,1.3,在多次对比之后选择了这款，这款智能电饭煲有严重问题。噪音控制简直无法忍受。希望厂家能重视这些问题。,2024-10-14,智能电饭煲,Review
638,西门子 智能洗衣机 Pro,毕博诚信息有限公司信息技术,3.8,这款智能洗衣机一般，稳定性好，但是噪音控制有点问题。,2024-10-14,智能洗衣机,Review
988,美的 智能马桶 Mini,兰金电子科技有限公司区块链技术,1.8,这款产品有严重问题，做工一般，已经申请退款。,2024-10-14,智能马桶,Review
1079,三星 智能摄像头 Mini,鑫博腾飞科技有限公司电子商务,4.1,这款产品的自动升级特别好用，在日常使用时特别方便。,2024-10-14,智能摄像头,Review
132,松下 智能开关 Lite,方正科技科技有限公司互联网服务,1.9,对这款智能开关非常不满意，画质模糊，浪费钱。,2024-10-13,智能开关,Review
319,LG 智能音箱 Lite,凌云信息有限公司虚拟现实,4.2,非常满意这次购买，节能环保，送货也很快。,2024-10-12,智能音箱,Review
715,三星 智能窗帘 Standard,天开网络有限公司金融科技,4.1,在看电影时时使用效果很好，特别是快速启动功能。,2024-10-12,智能窗帘,Review
861,松下 智能开关 Advanced,良诺信息有限公司生物科技,2.8,个人认为，这款松下 智能开关 Advanced存在明显缺陷。信号强度简直无法忍受。以后不会再考虑这个品牌的产品。,2024-10-11,智能开关,Review
864,西门子 智能摄像头 Plus,艾提科信传媒有限公司网络安全,4.3,非常满意这次购买，做工精细，送货也很快。,2024-10-11,智能摄像头,Review
769,华为 智能电视 Lite,联软传媒有限公司区块链技术,4.0,在工作时时使用效果很好，特别是省电模式功能。,2024-10-10,智能电视,Review
925,海尔智慧家庭 智能开关 Plus,时空盒数字信息有限公司智能科技,3.3,总体来说还行，安装方便，就是使用说明不清。,2024-10-10,智能开关,Review
473,华为 智能电视 Max,晖来计算机网络有限公司虚拟现实,3.3,智能电视的质量还可以，节能环保，不过续航时间短。,2024-10-09,智能电视,Review
1005,美的 智能门锁 Mini,迪摩科技有限公司电子商务,1.4,这款产品有严重问题，售后服务差，已经申请退款。,2024-10-09,智能门锁,Review
249,苹果 智能灯具 Basic,飞海科技传媒有限公司信息技术,4.4,在看电影时时使用效果很好，特别是静音设计功能。,2024-10-08,智能灯具,Review
571,LG 智能开关 Lite,鑫博腾飞科技有限公司电子商务,2.5,不推荐这款智能开关，价格偏高，很失望。,2024-10-08,智能开关,Review
947,亚马逊 智能音箱 Basic,巨奥传媒有限公司信息技术,3.2,这款产品优缺点都有，安装方便，但操作复杂。,2024-10-07,智能音箱,Review
973,松下 智能窗帘 Advanced,凌云信息有限公司虚拟现实,2.6,不推荐这款智能窗帘，音质一般，很失望。,2024-10-07,智能窗帘,Review
1270,苹果 智能门锁 Pro,维涛科技有限公司网络安全,4.4,这款产品的智能场景特别好用，在夜间使用时特别方便。,2024-10-07,智能门锁,Review
83,华为 智能电视 Max,昊嘉信息有限公司区块链技术,2.7,用了一段时间，这款华为 智能电视 Max完全不符合预期。噪音控制简直无法忍受。这钱花得太冤枉了。,2024-10-06,智能电视,Review
816,亚马逊 智能电饭煲 Advanced,兰金电子传媒有限公司生物科技,4.1,收到货后，这款智能电饭煲很好用。同时特别适合夜间使用。如果非要说缺点的话，可能就是兼容性差。有点贵了，但质量确实好。,2024-10-06,智能电饭煲,Review
1011,亚马逊 智能空调 Standard,精芯网络有限公司互联网服务,4.3,这款智能空调的自动调节功能很实用，续航时间长。,2024-10-04,智能空调,Review
340,西门子 智能摄像头 Max,九方传媒有限公司生物科技,1.0,个人认为，这款智能摄像头不值这个价格。在晚上睡前时完全不能正常工作。唯一值得称赞的可能就是外观设计还不错。希望厂家能重视这些问题。,2024-10-03,智能摄像头,Review
1186,小米 智能加湿器 Plus,东方峻景传媒有限公司金融科技,3.4,在多次对比之后选择了这款，这款小米 智能加湿器 Plus功能基本满足需求。在做饭时时使用体验还不错。并且在家庭聚会场景下表现一般。期待下一代产品能有所改进。,2024-10-03,智能加湿器,Review
349,格力 智能音箱 Advanced,易动力信息有限公司网络安全,2.9,这款产品有严重问题，反应迟钝，已经申请退款。,2024-10-02,智能音箱,Review
921,松下 智能加湿器 Pro,七喜传媒有限公司人工智能,1.4,电池寿命问题很严重，完全不值这个价格。,2024-10-02,智能加湿器,Review
337,飞利浦 智能扫地机器人 Plus,昊嘉信息有限公司信息技术,3.8,智能扫地机器人的质量还可以，做工精细，不过做工一般。,2024-10-01,智能扫地机器人,Review
495,格力 智能空气净化器 Standard,国讯网络有限公司移动应用开发,4.0,使用了一个月，音质出色，没有发现任何问题。,2024-10-01,智能空气净化器,Review
272,博世 智能空气净化器 Lite,快讯信息有限公司智能科技,2.9,这款产品有严重问题，使用说明不清，已经申请退款。,2024-09-29,智能空气净化器,Review
646,博世 智能插座 Basic,毕博诚信息有限公司信息技术,1.3,使用一周后出现故障，使用说明不清，售后服务也不好。,2024-09-29,智能插座,Review
814,亚马逊 智能门铃 Max,晖来计算机网络有限公司虚拟现实,1.1,信号强度问题很严重，完全不值这个价格。,2024-09-29,智能门铃,Review
189,小米 智能加湿器 Plus,时空盒数字传媒有限公司大数据分析,2.0,对这款智能加湿器非常不满意，画质模糊，浪费钱。,2024-09-28,智能加湿器,Review
930,西门子 智能洗衣机 Pro,银嘉科技有限公司科技公司,2.2,使用一周后出现故障，续航时间短，售后服务也不好。,2024-09-27,智能洗衣机,Review
1245,美的 智能马桶 Mini,银嘉信息有限公司移动应用开发,2.4,这款产品有严重问题，做工一般，已经申请退款。,2024-09-27,智能马桶,Review
289,三星 智能摄像头 Mini,国讯网络有限公司移动应用开发,3.5,这款智能摄像头一般，外观漂亮，但是连接稳定性有点问题。,2024-09-26,智能摄像头,Review
462,谷歌 智能净水器 Ultra,晖来计算机传媒有限公司云计算,5.0,这款产品的定时功能特别好用，在夜间使用时特别方便。,2024-09-26,智能净水器,Review
709,博世 智能插座 Basic,时空盒数字传媒有限公司大数据分析,3.3,这款产品优缺点都有，智能化程度高，但安装困难。,2024-09-26,智能插座,Review
742,小米 智能开关 Max,济南亿次元网络有限公司科技公司,1.7,不推荐这款智能开关，功能单一，很失望。,2024-09-26,智能开关,Review
958,松下 智能马桶 Elite,鑫博腾飞科技有限公司电子商务,1.4,必须承认，这款松下 智能马桶 Elite存在明显缺陷。主要问题在于耗电量大。唯一值得称赞的可能就是外观设计还不错。以后不会再考虑这个品牌的产品。,2024-09-26,智能马桶,Review
982,飞利浦 智能扫地机器人 Plus,毕博诚信息有限公司信息技术,2.0,不推荐这款智能扫地机器人，续航时间短，很失望。,2024-09-26,智能扫地机器人,Review
320,西门子 智能电视 Pro,鸿睿思博传媒有限公司智能科技,4.4,这款产品的一键控制特别好用，在户外活动时特别方便。,2024-09-25,智能电视,Review
873,美的 智能门锁 Mini,太极信息有限公司互联网服务,2.9,使用后感觉，这款智能门锁完全不符合预期。主要问题在于价格偏高。这钱花得太冤枉了。,2024-09-25,智能门锁,Review
1130,格力 智能手环 Lite,华泰通安科技有限公司网络安全,1.4,必须承认，这款格力 智能手环 Lite性价比极低。在工作时时完全不能正常工作。希望厂家能重视这些问题。,2024-09-25,智能手环,Review
1221,三星 智能加湿器 Mini,天开网络有限公司金融科技,2.7,信号强度问题很严重，完全不值这个价格。,2024-09-25,智能加湿器,Review
1277,华为 智能加湿器 Plus,万迅电脑信息有限公司科技公司,2.3,购买后，这款华为 智能加湿器 Plus性价比极低。主要问题在于耗电量大。不推荐任何人购买。,2024-09-25,智能加湿器,Review
335,美的 智能门锁 Mini,东方峻景传媒有限公司金融科技,4.7,在做饭时时使用效果很好，特别是静音设计功能。,2024-09-24,智能门锁,Review
548,三星 智能加湿器 Mini,太极信息有限公司互联网服务,1.3,对这款智能加湿器非常不满意，价格偏高，浪费钱。,2024-09-24,智能加湿器,Review
636,美的 智能电视 Basic,毕博诚科技有限公司互联网服务,2.1,不推荐这款智能电视，反应迟钝，很失望。,2024-09-22,智能电视,Review
770,格力 智能电视 Pro,快讯信息有限公司智能科技,2.8,不推荐这款智能电视，反应迟钝，很失望。,2024-09-22,智能电视,Review
946,博世 智能扫地机器人 Max,合联电子科技有限公司网络安全,4.1,非常满意这次购买，智能化程度高，送货也很快。,2024-09-21,智能扫地机器人,Review
950,索尼 智能冰箱 Elite,合联电子科技有限公司网络安全,3.3,总体来说还行，做工精细，就是价格偏高。,2024-09-21,智能冰箱,Review
1138,亚马逊 智能电饭煲 Advanced,易动力网络有限公司信息技术,3.4,购买后，这款智能电饭煲功能基本满足需求。省电模式设计得比较合理。尤其是噪音控制有点问题。希望厂家能改进这些问题。,2024-09-21,智能电饭煲,Review
614,西门子 智能洗衣机 Pro,易动力信息有限公司物联网,1.8,噪音控制问题很严重，完全不值这个价格。,2024-09-20,智能洗衣机,Review
645,LG 智能净水器 Basic,创联世纪信息有限公司移动应用开发,2.0,对这款智能净水器非常不满意，功能单一，浪费钱。,2024-09-19,智能净水器,Review
881,小米 智能门锁 Mini,合联电子科技有限公司信息技术,1.7,不推荐这款智能门锁，价格偏高，很失望。,2024-09-18,智能门锁,Review
229,三星 智能加湿器 Mini,东方峻景传媒有限公司金融科技,1.5,连接稳定性问题很严重，完全不值这个价格。,2024-09-17,智能加湿器,Review
427,华为 智能窗帘 Basic,中建创业网络有限公司移动应用开发,2.9,电池寿命问题很严重，完全不值这个价格。,2024-09-17,智能窗帘,Review
454,美的 智能净水器 Plus,兰金电子传媒有限公司生物科技,1.1,对这款智能净水器非常不满意，价格偏高，浪费钱。,2024-09-17,智能净水器,Review
599,小米 智能门锁 Mini,艾提科信传媒有限公司网络安全,3.8,在做饭时使用还不错，但在其他情况下表现一般。,2024-09-17,智能门锁,Review
1029,亚马逊 智能空调 Standard,易动力网络有限公司移动应用开发,1.7,对这款智能空调非常不满意，稳定性差，浪费钱。,2024-09-17,智能空调,Review
1121,谷歌 智能洗衣机 Elite,鑫博腾飞网络有限公司金融科技,1.2,经过一段时间使用，这款谷歌 智能洗衣机 Elite存在明显缺陷。使用不到一周就出现了损坏。唯一值得称赞的可能就是送货速度快。,2024-09-17,智能洗衣机,Review
1253,谷歌 智能洗衣机 Elite,银嘉信息有限公司移动应用开发,1.1,连接稳定性问题很严重，完全不值这个价格。,2024-09-17,智能洗衣机,Review
80,亚马逊 智能马桶 Elite,MBP软件网络有限公司移动应用开发,4.0,购买后，这款智能马桶设计很人性化。更让我满意的是自动升级是我最喜欢的部分。对得起这个价格。,2024-09-15,智能马桶,Review
959,海尔智慧家庭 智能加湿器 Lite,襄樊地球村信息有限公司物联网,4.1,在晚上睡前时使用效果很好，特别是省电模式功能。,2024-09-15,智能加湿器,Review
51,飞利浦 智能扫地机器人 Ultra,盟新传媒有限公司大数据分析,1.9,使用一周后出现故障，售后服务差，售后服务也不好。,2024-09-14,智能扫地机器人,Review
759,美的 智能窗帘 Max,新宇龙信息传媒有限公司人工智能,4.6,使用了一个月，外观漂亮，没有发现任何问题。,2024-09-14,智能窗帘,Review
95,亚马逊 智能扫地机器人 Mini,创亿网络有限公司金融科技,2.2,使用一周后出现故障，售后服务差，售后服务也不好。,2024-09-13,智能扫地机器人,Review
807,华为 智能体重秤 Advanced,巨奥网络有限公司金融科技,4.7,在多次对比之后选择了这款，这款华为 智能体重秤 Advanced品质很好。如果非要说缺点的话，价格稍微贵了一点。整体体验不错。,2024-09-13,智能体重秤,Review
815,格力 智能手环 Lite,昊嘉信息有限公司区块链技术,1.1,对这款智能手环非常不满意，功能单一，浪费钱。,2024-09-13,智能手环,Review
142,西门子 智能音箱 Mini,新宇龙信息科技有限公司电子商务,3.8,智能音箱的质量还可以，外观漂亮，不过价格偏高。,2024-09-12,智能音箱,Review
1050,博世 智能摄像头 Standard,南康网络有限公司互联网服务,1.0,使用一周后出现故障，反应迟钝，售后服务也不好。,2024-09-12,智能摄像头,Review
133,小米 智能空调 Elite,精芯网络有限公司互联网服务,2.5,说实话，这款智能空调使用体验很差。使用不到一周就出现了异常。不推荐任何人购买。,2024-09-09,智能空调,Review
233,亚马逊 智能马桶 Elite,九方传媒有限公司生物科技,3.0,这款产品优缺点都有，反应灵敏，但反应迟钝。,2024-09-09,智能马桶,Review
190,小米 智能马桶 Lite,晖来计算机传媒有限公司云计算,4.3,试用了几天，这款小米 智能马桶 Lite品质很好。让我惊喜的是在工作时时表现尤为出色。和描述的有些差距。期待下一代产品能有所改进。,2024-09-08,智能马桶,Review
492,LG 智能音箱 Lite,精芯传媒有限公司物联网,4.7,这款智能音箱质量很好，功能齐全。总体来说很满意。,2024-09-08,智能音箱,Review
493,美的 智能洗衣机 Advanced,天开传媒有限公司网络安全,2.5,噪音控制问题很严重，完全不值这个价格。,2024-09-08,智能洗衣机,Review
767,格力 智能音箱 Advanced,通际名联科技有限公司金融科技,4.5,使用了一个月，质量很好，没有发现任何问题。,2024-09-05,智能音箱,Review
1297,博世 智能净水器 Max,国讯科技有限公司金融科技,3.2,总体来说还行，安装方便，就是画质模糊。,2024-09-05,智能净水器,Review
1312,美的 智能插座 Standard,昊嘉信息有限公司信息技术,3.8,智能插座的质量还可以，兼容性强，不过反应迟钝。,2024-09-04,智能插座,Review
917,三星 智能摄像头 Mini,襄樊地球村网络有限公司智能科技,1.7,噪音控制问题很严重，完全不值这个价格。,2024-09-04,智能摄像头,Review
587,飞利浦 智能加湿器 Ultra,精芯网络有限公司互联网服务,1.2,使用后感觉，这款智能加湿器存在明显缺陷。在工作时时完全不能正常工作。,2024-09-03,智能加湿器,Review
1257,华为 智能电视 Max,中建创业网络有限公司移动应用开发,2.7,不推荐这款智能电视，安装困难，很失望。,2024-09-03,智能电视,Review
181,飞利浦 智能扫地机器人 Ultra,易动力网络有限公司移动应用开发,2.1,不推荐这款智能扫地机器人，安装困难，很失望。,2024-09-02,智能扫地机器人,Review
509,三星 智能加湿器 Mini,和泰网络有限公司电子商务,3.8,这款产品优缺点都有，性价比高，但售后服务差。,2024-09-01,智能加湿器,Review
524,谷歌 智能净水器 Basic,联软传媒有限公司区块链技术,1.4,对比了市面上几款同类产品后，这款谷歌 智能净水器 Basic使用体验很差。主要问题在于售后服务差。以后不会再考虑这个品牌的产品。,2024-09-01,智能净水器,Review
875,三星 智能加湿器 Mini,昊嘉信息有限公司区块链技术,2.4,散热问题问题很严重，完全不值这个价格。,2024-08-31,智能加湿器,Review
985,格力 智能净水器 Ultra,合联电子科技有限公司信息技术,3.8,这款产品优缺点都有，质量很好，但价格偏高。,2024-08-31,智能净水器,Review
1104,亚马逊 智能扫地机器人 Mini,图龙信息网络有限公司云计算,1.9,作为一个经常使用此类产品的人，这款亚马逊 智能扫地机器人 Mini不值这个价格。散热问题简直无法忍受。希望厂家能重视这些问题。,2024-08-31,智能扫地机器人,Review
670,小米 智能加湿器 Plus,天开网络有限公司金融科技,1.5,购买后，这款智能加湿器功能实现得很糟糕。电池寿命简直无法忍受。唯一值得称赞的可能就是外观设计还不错。,2024-08-30,智能加湿器,Review
453,博世 智能马桶 Basic,巨奥科技有限公司信息技术,3.2,这款产品优缺点都有，操作简单，但兼容性差。,2024-08-29,智能马桶,Review
382,松下 智能扫地机器人 Plus,商软冠联网络有限公司信息技术,1.5,收到货后，这款松下 智能扫地机器人 Plus很失望。使用不到一周就出现了损坏。唯一值得称赞的可能就是外观设计还不错。以后不会再考虑这个品牌的产品。,2024-08-28,智能扫地机器人,Review
927,博世 智能插座 Basic,良诺信息有限公司生物科技,5.0,这款智能插座的节能模式功能很实用，兼容性强。,2024-08-28,智能插座,Review
1173,华为 智能窗帘 Basic,创亿网络有限公司移动应用开发,4.6,这是我用过的最好的智能窗帘之一，音质出色，性价比很高。,2024-08-28,智能窗帘,Review
828,亚马逊 智能插座 Pro,创汇网络有限公司虚拟现实,2.9,这款产品有严重问题，画质模糊，已经申请退款。,2024-08-27,智能插座,Review
889,索尼 智能空气净化器 Ultra,天开传媒有限公司网络安全,4.9,这是我用过的最好的智能空气净化器之一，操作简单，性价比很高。,2024-08-27,智能空气净化器,Review
101,华为 智能加湿器 Plus,MBP软件科技有限公司信息技术,2.4,这款产品有严重问题，智能化程度低，已经申请退款。,2024-08-26,智能加湿器,Review
653,格力 智能净水器 Ultra,盟新传媒有限公司大数据分析,2.2,对这款智能净水器非常不满意，稳定性差，浪费钱。,2024-08-26,智能净水器,Review
916,谷歌 智能净水器 Basic,时刻网络有限公司信息技术,3.2,我觉得，这款谷歌 智能净水器 Basic总体来说还可以。高清画质设计得比较合理。最让我失望的是缺点是音质一般。值得购买。,2024-08-26,智能净水器,Review
41,西门子 智能音箱 Mini,明腾传媒有限公司互联网服务,3.2,这款产品优缺点都有，智能化程度高，但安装困难。,2024-08-25,智能音箱,Review
399,谷歌 智能净水器 Ultra,方正科技网络有限公司云计算,4.5,使用了一个月，操作简单，没有发现任何问题。,2024-08-24,智能净水器,Review
924,飞利浦 智能手环 Max,迪摩科技有限公司电子商务,1.8,必须承认，这款飞利浦 智能手环 Max不值这个价格。使用不到一周就出现了失灵。唯一值得称赞的可能就是送货速度快。,2024-08-24,智能手环,Review
417,松下 智能开关 Advanced,银嘉科技有限公司科技公司,1.2,从我的使用体验来看，这款松下 智能开关 Advanced存在明显缺陷。连接稳定性简直无法忍受。唯一值得称赞的可能就是外观设计还不错。不推荐任何人购买。,2024-08-22,智能开关,Review
566,西门子 智能电视 Pro,戴硕电子科技有限公司移动应用开发,4.5,智能电视的设计很人性化，反应灵敏，值得推荐。,2024-08-22,智能电视,Review
1014,小米 智能加湿器 Plus,明腾传媒有限公司互联网服务,2.9,坦白讲，这款小米 智能加湿器 Plus不值这个价格。在工作时时完全不能正常工作。,2024-08-22,智能加湿器,Review
300,LG 智能洗衣机 Max,和泰信息有限公司信息技术,4.2,非常满意这次购买，画质清晰，送货也很快。,2024-08-20,智能洗衣机,Review
966,LG 智能音箱 Lite,新宇龙信息传媒有限公司人工智能,1.5,这款产品有严重问题，续航时间短，已经申请退款。,2024-08-20,智能音箱,Review
149,飞利浦 智能扫地机器人 Ultra,易动力科技有限公司人工智能,4.5,这款智能扫地机器人质量很好，做工精细。总体来说很满意。,2024-08-19,智能扫地机器人,Review
784,三星 智能加湿器 Mini,良诺信息有限公司生物科技,1.0,体验下来，这款智能加湿器性价比极低。电池寿命简直无法忍受。这钱花得太冤枉了。,2024-08-19,智能加湿器,Review
1167,博世 智能扫地机器人 Max,万迅电脑信息有限公司科技公司,4.9,用了一段时间，这款智能扫地机器人功能很强大。令人意外的是自动升级是我最喜欢的部分。在同价位产品中表现最好。如果非要说缺点的话，电池寿命还有提升空间。整体体验不错。,2024-08-19,智能扫地机器人,Review
631,西门子 智能摄像头 Plus,晖来计算机传媒有限公司云计算,2.2,在多次对比之后选择了这款，这款西门子 智能摄像头 Plus不值这个价格。使用不到一周就出现了问题。,2024-08-18,智能摄像头,Review
57,亚马逊 智能空调 Standard,维涛传媒有限公司云计算,2.7,使用一周后出现故障，画质模糊，售后服务也不好。,2024-08-17,智能空调,Review
253,飞利浦 智能加湿器 Ultra,创亿网络有限公司移动应用开发,4.4,使用了一个月，做工精细，没有发现任何问题。,2024-08-17,智能加湿器,Review
393,小米 智能门锁 Mini,易动力信息有限公司物联网,1.7,对这款智能门锁非常不满意，操作复杂，浪费钱。,2024-08-17,智能门锁,Review
169,松下 智能电饭煲 Pro,MBP软件科技有限公司信息技术,1.5,对这款智能电饭煲非常不满意，价格偏高，浪费钱。,2024-08-14,智能电饭煲,Review
953,苹果 智能空气净化器 Basic,明腾科技有限公司区块链技术,4.5,非常满意这次购买，功能齐全，送货也很快。,2024-08-13,智能空气净化器,Review
90,亚马逊 智能插座 Pro,毕博诚科技有限公司互联网服务,2.5,我觉得，这款亚马逊 智能插座 Pro功能实现得很糟糕。在工作时时完全不能正常工作。希望厂家能重视这些问题。,2024-08-12,智能插座,Review
968,博世 智能马桶 Basic,南康网络有限公司互联网服务,1.3,这款产品有严重问题，使用说明不清，已经申请退款。,2024-08-11,智能马桶,Review
1127,美的 智能窗帘 Max,方正科技科技有限公司互联网服务,2.2,不推荐这款智能窗帘，安装困难，很失望。,2024-08-11,智能窗帘,Review
1239,松下 智能开关 Lite,银嘉科技有限公司科技公司,1.7,体验下来，这款智能开关很失望。使用不到一周就出现了故障。以后不会再考虑这个品牌的产品。,2024-08-10,智能开关,Review
753,海尔智慧家庭 智能空气净化器 Basic,艾提科信传媒有限公司网络安全,2.5,用了一段时间，这款海尔智慧家庭 智能空气净化器 Basic功能实现得很糟糕。在看电影时时完全不能正常工作。唯一值得称赞的可能就是外观设计还不错。,2024-08-08,智能空气净化器,Review
999,格力 智能体重秤 Standard,兰金电子科技有限公司区块链技术,3.9,我觉得，这款智能体重秤质量还行。优点是质量很好。最让我失望的是在日常使用场景下表现一般。值得购买。,2024-08-08,智能体重秤,Review
583,格力 智能电视 Pro,易动力信息有限公司物联网,4.7,这是我用过的最好的智能电视之一，做工精细，性价比很高。,2024-08-06,智能电视,Review
609,西门子 智能冰箱 Standard,通际名联科技有限公司金融科技,4.7,这款智能冰箱质量很好，兼容性强。总体来说很满意。,2024-08-06,智能冰箱,Review
544,美的 智能窗帘 Max,合联电子科技有限公司网络安全,2.3,对这款智能窗帘非常不满意，安装困难，浪费钱。,2024-08-05,智能窗帘,Review
6,格力 智能净水器 Ultra,和泰网络有限公司电子商务,1.4,这款产品有严重问题，价格偏高，已经申请退款。,2024-08-04,智能净水器,Review
102,亚马逊 智能空调 Standard,精芯传媒有限公司物联网,4.4,这款智能空调质量很好，外观漂亮。总体来说很满意。,2024-08-04,智能空调,Review
1228,小米 智能开关 Ultra,中建创业网络有限公司移动应用开发,4.0,在多次对比之后选择了这款，这款小米 智能开关 Ultra真的很不错。令人意外的是在早晨起床时表现尤为出色。和描述的有些差距。总体来说还是很满意的。,2024-08-04,智能开关,Review
1259,松下 智能开关 Advanced,太极信息有限公司互联网服务,2.5,体验下来，这款智能开关很失望。噪音控制简直无法忍受。这钱花得太冤枉了。,2024-08-03,智能开关,Review
800,博世 智能空调 Lite,精芯传媒有限公司物联网,1.8,这款产品有严重问题，做工一般，已经申请退款。,2024-08-03,智能空调,Review
1080,松下 智能开关 Lite,商软冠联传媒有限公司智能科技,2.0,这款产品有严重问题，续航时间短，已经申请退款。,2024-08-03,智能开关,Review
672,西门子 智能电视 Pro,诺依曼软件传媒有限公司物联网,4.2,使用了一个月，续航时间长，没有发现任何问题。,2024-08-02,智能电视,Review
1123,亚马逊 智能马桶 Elite,创联世纪信息有限公司移动应用开发,4.5,经过一段时间使用，这款亚马逊 智能马桶 Elite超出我的预期。如果非要说缺点的话，电池寿命还有提升空间。推荐给有需要的朋友。,2024-08-02,智能马桶,Review
561,苹果 智能门锁 Plus,泰麒麟信息有限公司人工智能,1.7,在多次对比之后选择了这款，这款智能门锁功能实现得很糟糕。在工作时时完全不能正常工作。希望厂家能重视这些问题。,2024-08-01,智能门锁,Review
1120,松下 智能开关 Advanced,南康网络有限公司互联网服务,4.3,在工作时时使用效果很好，特别是快速启动功能。,2024-08-01,智能开关,Review
118,美的 智能洗衣机 Advanced,浦华众城信息有限公司虚拟现实,1.3,不推荐这款智能洗衣机，音质一般，很失望。,2024-07-31,智能洗衣机,Review
849,小米 智能门锁 Mini,巨奥科技有限公司信息技术,3.7,总体来说还行，做工精细，就是画质模糊。,2024-07-30,智能门锁,Review
111,三星 智能摄像头 Mini,易动力信息有限公司物联网,2.9,这款产品有严重问题，稳定性差，已经申请退款。,2024-07-29,智能摄像头,Review
153,华为 智能电视 Lite,和泰信息有限公司信息技术,2.0,连接稳定性问题很严重，完全不值这个价格。,2024-07-28,智能电视,Review
231,小米 智能插座 Max,鸿睿思博传媒有限公司智能科技,3.5,收到货后，这款智能插座性价比一般。在工作时时使用体验还不错。不过缺点是稳定性差。不太推荐购买。,2024-07-27,智能插座,Review
440,松下 智能开关 Lite,银嘉网络有限公司云计算,2.2,使用一周后出现故障，兼容性差，售后服务也不好。,2024-07-27,智能开关,Review
1041,美的 智能门锁 Mini,富罳科技有限公司生物科技,2.6,不推荐这款智能门锁，稳定性差，很失望。,2024-07-26,智能门锁,Review
414,海尔智慧家庭 智能空气净化器 Basic,易动力科技有限公司人工智能,1.5,使用一周后出现故障，智能化程度低，售后服务也不好。,2024-07-25,智能空气净化器,Review
641,小米 智能插座 Max,迪摩科技有限公司电子商务,3.8,在工作时使用还不错，但在其他情况下表现一般。,2024-07-24,智能插座,Review
746,苹果 智能空气净化器 Basic,晖来计算机传媒有限公司云计算,4.0,坦白讲，这款苹果 智能空气净化器 Basic品质很好。和描述的有些差距。如果非要说缺点的话，可能就是续航时间短。整体体验不错。,2024-07-23,智能空气净化器,Review
974,格力 智能电视 Pro,巨奥传媒有限公司信息技术,4.7,非常满意这次购买，节能环保，送货也很快。,2024-07-23,智能电视,Review
32,西门子 智能摄像头 Plus,方正科技网络有限公司云计算,3.8,这款产品优缺点都有，质量很好，但做工一般。,2024-07-22,智能摄像头,Review
263,华为 智能电视 Max,国讯科技有限公司金融科技,3.3,这款智能电视一般，音质出色，但是电池寿命有点问题。,2024-07-22,智能电视,Review
154,苹果 智能门锁 Pro,精芯传媒有限公司物联网,1.2,噪音控制问题很严重，完全不值这个价格。,2024-07-21,智能门锁,Review
143,三星 智能音箱 Basic,时空盒数字信息有限公司智能科技,1.6,对这款智能音箱非常不满意，续航时间短，浪费钱。,2024-07-18,智能音箱,Review
845,苹果 智能灯具 Basic,网新恒天网络有限公司生物科技,4.6,在早晨起床时使用效果很好，特别是高清画质功能。,2024-07-18,智能灯具,Review
504,博世 智能空调 Lite,良诺信息有限公司网络安全,1.4,对这款智能空调非常不满意，安装困难，浪费钱。,2024-07-17,智能空调,Review
514,LG 智能洗衣机 Max,南康传媒有限公司生物科技,2.0,不推荐这款智能洗衣机，稳定性差，很失望。,2024-07-17,智能洗衣机,Review
303,松下 智能马桶 Elite,易动力传媒有限公司生物科技,2.5,对这款智能马桶非常不满意，功能单一，浪费钱。,2024-07-16,智能马桶,Review
1055,博世 智能扫地机器人 Max,国讯科技有限公司金融科技,2.6,不推荐这款智能扫地机器人，售后服务差，很失望。,2024-07-15,智能扫地机器人,Review
182,亚马逊 智能扫地机器人 Mini,新宇龙信息传媒有限公司人工智能,4.2,使用后感觉，这款亚马逊 智能扫地机器人 Mini设计很人性化。并且省电模式设计很贴心。在同类产品中算是中等水平。如果非要说缺点的话，配件可以再多一些。推荐给有需要的朋友。,2024-07-14,智能扫地机器人,Review
328,华为 智能电视 Basic,昊嘉信息有限公司信息技术,2.3,使用一周后出现故障，功能单一，售后服务也不好。,2024-07-13,智能电视,Review
637,小米 智能插座 Max,新宇龙信息传媒有限公司人工智能,2.8,使用一周后出现故障，价格偏高，售后服务也不好。,2024-07-13,智能插座,Review
1305,格力 智能净水器 Ultra,易动力传媒有限公司生物科技,5.0,这款智能净水器的节能模式功能很实用，功能齐全。,2024-07-13,智能净水器,Review
1194,飞利浦 智能扫地机器人 Plus,合联电子科技有限公司网络安全,3.4,在晚上睡前使用还不错，但在其他情况下表现一般。,2024-07-12,智能扫地机器人,Review
1091,西门子 智能音箱 Mini,菊风公司传媒有限公司数字科技,3.2,这款智能音箱一般，做工精细，但是电池寿命有点问题。,2024-07-12,智能音箱,Review
620,亚马逊 智能音箱 Basic,和泰信息有限公司信息技术,1.4,用了一段时间，这款亚马逊 智能音箱 Basic使用体验很差。连接稳定性简直无法忍受。这钱花得太冤枉了。,2024-07-11,智能音箱,Review
1267,小米 智能开关 Ultra,易动力传媒有限公司生物科技,4.8,体验下来，这款智能开关非常满意。如果非要说缺点的话，说明书不够详细。可以考虑其他品牌的同类产品。,2024-07-11,智能开关,Review
145,三星 智能窗帘 Basic,鑫博腾飞科技有限公司电子商务,1.2,使用一周后出现故障，价格偏高，售后服务也不好。,2024-07-10,智能窗帘,Review
432,苹果 智能扫地机器人 Pro,天开网络有限公司金融科技,4.2,从我的使用体验来看，这款智能扫地机器人超出我的预期。值得一提的是定时功能是我最喜欢的部分。比我预期的要好。可以考虑其他品牌的同类产品。,2024-07-10,智能扫地机器人,Review
776,西门子 智能洗衣机 Pro,维涛传媒有限公司云计算,3.2,智能洗衣机的质量还可以，续航时间长，不过安装困难。,2024-07-10,智能洗衣机,Review
884,小米 智能加湿器 Plus,创亿网络有限公司金融科技,1.7,使用一周后出现故障，功能单一，售后服务也不好。,2024-07-10,智能加湿器,Review
89,西门子 智能洗衣机 Pro,兰金电子科技有限公司区块链技术,4.1,这是我用过的最好的智能洗衣机之一，续航时间长，性价比很高。,2024-07-09,智能洗衣机,Review
244,LG 智能插座 Max,图龙信息传媒有限公司数字科技,4.8,这是我用过的最好的智能插座之一，音质出色，性价比很高。,2024-07-09,智能插座,Review
522,三星 智能电饭煲 Max,开发区世创科技有限公司科技公司,1.3,这款产品有严重问题，画质模糊，已经申请退款。,2024-07-09,智能电饭煲,Review
1102,西门子 智能电视 Pro,精芯传媒有限公司物联网,2.0,作为第一次购买这类产品的新手，这款西门子 智能电视 Pro质量太差。噪音控制简直无法忍受。不推荐任何人购买。,2024-07-09,智能电视,Review
1129,格力 智能音箱 Advanced,新宇龙信息传媒有限公司人工智能,3.9,在早晨起床使用还不错，但在其他情况下表现一般。,2024-07-09,智能音箱,Review
447,LG 智能洗衣机 Max,和泰网络有限公司电子商务,4.6,在早晨起床时使用效果很好，特别是省电模式功能。,2024-07-08,智能洗衣机,Review
731,海尔智慧家庭 智能开关 Plus,迪摩科技有限公司电子商务,4.3,这款智能开关的智能学习功能很实用，稳定性好。,2024-07-08,智能开关,Review
890,华为 智能电视 Lite,南康网络有限公司互联网服务,4.5,在工作时时使用效果很好，特别是静音设计功能。,2024-07-08,智能电视,Review
1056,索尼 智能冰箱 Elite,晖来计算机传媒有限公司云计算,1.6,不推荐这款智能冰箱，反应迟钝，很失望。,2024-07-08,智能冰箱,Review
1249,美的 智能插座 Standard,济南亿次元网络有限公司科技公司,4.3,这是我用过的最好的智能插座之一，操作简单，性价比很高。,2024-07-08,智能插座,Review
254,美的 智能电饭煲 Pro,天开传媒有限公司网络安全,1.9,对这款智能电饭煲非常不满意，功能单一，浪费钱。,2024-07-07,智能电饭煲,Review
436,西门子 智能洗衣机 Pro,天开网络有限公司金融科技,3.9,这款产品优缺点都有，安装方便，但操作复杂。,2024-07-07,智能洗衣机,Review
741,海尔智慧家庭 智能开关 Plus,精芯传媒有限公司物联网,4.9,非常满意这次购买，稳定性好，送货也很快。,2024-07-07,智能开关,Review
156,华为 智能洗衣机 Ultra,快讯信息有限公司智能科技,2.4,对这款智能洗衣机非常不满意，使用说明不清，浪费钱。,2024-07-06,智能洗衣机,Review
540,LG 智能音箱 Lite,海创网络有限公司生物科技,1.1,连接稳定性问题很严重，完全不值这个价格。,2024-07-06,智能音箱,Review
1036,索尼 智能冰箱 Elite,时刻网络有限公司信息技术,1.8,使用一周后出现故障，使用说明不清，售后服务也不好。,2024-07-06,智能冰箱,Review
198,松下 智能扫地机器人 Plus,创联世纪信息有限公司移动应用开发,2.1,连接稳定性问题很严重，完全不值这个价格。,2024-07-05,智能扫地机器人,Review
452,亚马逊 智能马桶 Elite,襄樊地球村信息有限公司物联网,3.4,在做饭时使用还不错，但在其他情况下表现一般。,2024-07-05,智能马桶,Review
752,博世 智能开关 Max,泰麒麟信息有限公司人工智能,3.0,在晚上睡前使用还不错，但在其他情况下表现一般。,2024-07-05,智能开关,Review
758,苹果 智能门锁 Plus,商软冠联网络有限公司信息技术,2.5,这款产品有严重问题，做工一般，已经申请退款。,2024-07-05,智能门锁,Review
1003,亚马逊 智能马桶 Standard,兰金电子科技有限公司区块链技术,2.0,使用一周后出现故障，安装困难，售后服务也不好。,2024-07-05,智能马桶,Review
1033,西门子 智能手环 Standard,和泰网络有限公司电子商务,2.6,不推荐这款智能手环，稳定性差，很失望。,2024-07-05,智能手环,Review
12,华为 智能窗帘 Basic,戴硕电子科技有限公司移动应用开发,1.7,使用一周后出现故障，续航时间短，售后服务也不好。,2024-07-04,智能窗帘,Review
957,格力 智能净水器 Mini,创联世纪信息有限公司移动应用开发,4.7,对比了市面上几款同类产品后，这款格力 智能净水器 Mini真的很不错。尤其是省电模式设计很贴心。比我想象的要差一些。如果非要说缺点的话，价格稍微贵了一点。整体体验不错。,2024-07-04,智能净水器,Review
1124,小米 智能加湿器 Plus,盟新传媒有限公司大数据分析,1.9,使用一周后出现故障，使用说明不清，售后服务也不好。,2024-07-04,智能加湿器,Review
617,谷歌 智能净水器 Basic,中建创业网络有限公司移动应用开发,3.4,智能净水器的质量还可以，续航时间长，不过耗电量大。,2024-07-02,智能净水器,Review
1078,西门子 智能电视 Pro,精芯传媒有限公司物联网,2.9,电池寿命问题很严重，完全不值这个价格。,2024-07-01,智能电视,Review
1086,飞利浦 智能马桶 Max,维涛传媒有限公司云计算,1.7,使用一周后出现故障，稳定性差，售后服务也不好。,2024-06-30,智能马桶,Review
1191,美的 智能电视 Basic,时空盒数字信息有限公司智能科技,3.3,这款智能电视一般，音质出色，但是电池寿命有点问题。,2024-06-30,智能电视,Review
155,亚马逊 智能门铃 Max,银嘉科技有限公司科技公司,4.7,购买后，这款亚马逊 智能门铃 Max值得推荐。此外在工作时时表现尤为出色。如果非要说缺点的话，可能就是操作复杂。推荐给有需要的朋友。,2024-06-29,智能门铃,Review
159,苹果 智能扫地机器人 Pro,易动力信息有限公司物联网,4.4,智能扫地机器人的设计很人性化，性价比高，值得推荐。,2024-06-29,智能扫地机器人,Review
906,西门子 智能电视 Pro,和泰信息有限公司信息技术,5.0,这是我用过的最好的智能电视之一，节能环保，性价比很高。,2024-06-29,智能电视,Review
1207,美的 智能门锁 Mini,万迅电脑信息有限公司科技公司,1.3,个人认为，这款美的 智能门锁 Mini存在明显缺陷。在做饭时时完全不能正常工作。这钱花得太冤枉了。,2024-06-28,智能门锁,Review
1251,美的 智能插座 Standard,明腾传媒有限公司金融科技,2.1,散热问题问题很严重，完全不值这个价格。,2024-06-27,智能插座,Review
97,松下 智能开关 Advanced,精芯传媒有限公司物联网,4.2,作为第一次购买这类产品的新手，这款松下 智能开关 Advanced设计很人性化。有点贵了，但质量确实好。,2024-06-27,智能开关,Review
632,三星 智能音箱 Basic,浦华众城信息有限公司虚拟现实,1.3,收到货后，这款智能音箱不推荐购买。主要问题在于画质模糊。唯一值得称赞的可能就是外观设计还不错。以后不会再考虑这个品牌的产品。,2024-06-27,智能音箱,Review
813,西门子 智能音箱 Mini,毕博诚科技有限公司互联网服务,1.7,使用一周后出现故障，使用说明不清，售后服务也不好。,2024-06-27,智能音箱,Review
1169,飞利浦 智能手环 Max,鸿睿思博传媒有限公司智能科技,3.5,智能手环的质量还可以，操作简单，不过音质一般。,2024-06-27,智能手环,Review
275,华为 智能体重秤 Advanced,凌云信息有限公司虚拟现实,4.1,这是我用过的最好的智能体重秤之一，安装方便，性价比很高。,2024-06-26,智能体重秤,Review
435,LG 智能插座 Max,创联世纪信息有限公司移动应用开发,4.9,从我的使用体验来看，这款LG 智能插座 Max非常满意。值得一提的是特别适合户外活动。便宜没好货，这句话在这里很适用。,2024-06-26,智能插座,Review
545,三星 智能音箱 Elite,太极信息有限公司互联网服务,1.2,使用一周后出现故障，画质模糊，售后服务也不好。,2024-06-26,智能音箱,Review
1268,西门子 智能手环 Standard,新宇龙信息科技有限公司电子商务,3.4,这款产品优缺点都有，音质出色，但音质一般。,2024-06-26,智能手环,Review
334,西门子 智能电视 Pro,易动力传媒有限公司生物科技,2.7,使用一周后出现故障，售后服务差，售后服务也不好。,2024-06-25,智能电视,Review
542,小米 智能开关 Max,和泰网络有限公司电子商务,2.6,不推荐这款智能开关，功能单一，很失望。,2024-06-25,智能开关,Review
874,亚马逊 智能插座 Pro,鑫博腾飞网络有限公司金融科技,1.2,使用一周后出现故障，画质模糊，售后服务也不好。,2024-06-25,智能插座,Review
456,松下 智能窗帘 Advanced,明腾科技有限公司区块链技术,1.5,这款产品有严重问题，兼容性差，已经申请退款。,2024-06-24,智能窗帘,Review
481,华为 智能加湿器 Plus,方正科技网络有限公司云计算,4.9,非常满意这次购买，续航时间长，送货也很快。,2024-06-24,智能加湿器,Review
683,亚马逊 智能马桶 Standard,天开网络有限公司金融科技,2.5,散热问题问题很严重，完全不值这个价格。,2024-06-24,智能马桶,Review
676,苹果 智能扫地机器人 Pro,南康网络有限公司互联网服务,3.9,在看电影时使用还不错，但在其他情况下表现一般。,2024-06-23,智能扫地机器人,Review
100,LG 智能洗衣机 Max,兰金电子科技有限公司区块链技术,3.2,总体来说还行，节能环保，就是兼容性差。,2024-06-22,智能洗衣机,Review
535,海尔智慧家庭 智能加湿器 Lite,华泰通安科技有限公司网络安全,3.1,在多次对比之后选择了这款，这款海尔智慧家庭 智能加湿器 Lite中规中矩。优点是音质出色。另外使用久了会发现一些小问题。性价比很高。,2024-06-22,智能加湿器,Review
557,华为 智能电视 Basic,明腾传媒有限公司互联网服务,2.5,对这款智能电视非常不满意，售后服务差，浪费钱。,2024-06-22,智能电视,Review
910,格力 智能手环 Lite,方正科技网络有限公司云计算,4.4,使用了一个月，音质出色，没有发现任何问题。,2024-06-22,智能手环,Review
93,谷歌 智能洗衣机 Elite,新宇龙信息科技有限公司电子商务,2.8,噪音控制问题很严重，完全不值这个价格。,2024-06-20,智能洗衣机,Review
567,亚马逊 智能门锁 Max,天开传媒有限公司网络安全,2.5,这款产品有严重问题，做工一般，已经申请退款。,2024-06-20,智能门锁,Review
175,格力 智能净水器 Ultra,维旺明科技有限公司大数据分析,4.7,从我的使用体验来看，这款格力 智能净水器 Ultra设计很人性化。然而高清画质设计很贴心。可以考虑其他品牌的同类产品。,2024-06-19,智能净水器,Review
219,苹果 智能开关 Basic,昊嘉信息有限公司信息技术,4.8,这款智能开关的智能学习功能很实用，续航时间长。,2024-06-19,智能开关,Review
256,华为 智能电视 Max,中建创业信息有限公司虚拟现实,1.7,说实话，这款智能电视不值这个价格。在晚上睡前时完全不能正常工作。不推荐任何人购买。,2024-06-19,智能电视,Review
469,亚马逊 智能门铃 Max,恩悌传媒有限公司虚拟现实,1.6,不推荐这款智能门铃，功能单一，很失望。,2024-06-19,智能门铃,Review
290,博世 智能空调 Lite,时空盒数字信息有限公司虚拟现实,4.2,试用了几天，这款博世 智能空调 Lite性价比很高。不仅如此快速启动设计很贴心。希望厂家能改进这些问题。,2024-06-18,智能空调,Review
373,飞利浦 智能扫地机器人 Ultra,银嘉科技有限公司云计算,2.3,噪音控制问题很严重，完全不值这个价格。,2024-06-18,智能扫地机器人,Review
104,LG 智能净水器 Basic,鑫博腾飞信息有限公司智能科技,3.2,这款智能净水器一般，功能齐全，但是连接稳定性有点问题。,2024-06-17,智能净水器,Review
285,三星 智能音箱 Elite,巨奥网络有限公司金融科技,1.4,从我的使用体验来看，这款三星 智能音箱 Elite有严重问题。主要问题在于稳定性差。,2024-06-17,智能音箱,Review
288,华为 智能电视 Max,方正科技网络有限公司云计算,4.3,这款产品的智能场景特别好用，在家庭聚会时特别方便。,2024-06-17,智能电视,Review
483,格力 智能音箱 Advanced,南康网络有限公司互联网服务,3.4,对比了市面上几款同类产品后，这款格力 智能音箱 Advanced优缺点都有。优点是兼容性强。更让我满意的是连接稳定性有点问题。价格虽高，但物有所值。,2024-06-16,智能音箱,Review
513,博世 智能扫地机器人 Max,南康传媒有限公司生物科技,2.3,使用一周后出现故障，画质模糊，售后服务也不好。,2024-06-16,智能扫地机器人,Review
618,苹果 智能开关 Basic,巨奥网络有限公司金融科技,1.0,连接稳定性问题很严重，完全不值这个价格。,2024-06-16,智能开关,Review
882,华为 智能电视 Basic,商软冠联传媒有限公司大数据分析,2.6,对这款智能电视非常不满意，做工一般，浪费钱。,2024-06-16,智能电视,Review
1159,海尔智慧家庭 智能空气净化器 Basic,九方传媒有限公司生物科技,3.5,这款智能空气净化器一般，外观漂亮，但是信号强度有点问题。,2024-06-16,智能空气净化器,Review
257,三星 智能音箱 Basic,巨奥科技有限公司信息技术,1.6,这款产品有严重问题，耗电量大，已经申请退款。,2024-06-14,智能音箱,Review
797,博世 智能马桶 Max,天开网络有限公司金融科技,4.1,非常满意这次购买，安装方便，送货也很快。,2024-06-14,智能马桶,Review
1031,谷歌 智能音箱 Elite,易动力网络有限公司移动应用开发,3.0,总体来说还行，续航时间长，就是智能化程度低。,2024-06-14,智能音箱,Review
23,小米 智能空调 Elite,盟新传媒有限公司大数据分析,2.4,老实讲，这款小米 智能空调 Elite存在明显缺陷。信号强度简直无法忍受。不推荐任何人购买。,2024-06-12,智能空调,Review
35,谷歌 智能净水器 Basic,东方峻景传媒有限公司金融科技,4.0,使用了一个月，智能化程度高，没有发现任何问题。,2024-06-12,智能净水器,Review
313,华为 智能电视 Lite,国讯网络有限公司移动应用开发,1.7,噪音控制问题很严重，完全不值这个价格。,2024-06-12,智能电视,Review
517,博世 智能空调 Lite,万迅电脑信息有限公司科技公司,3.1,从我的使用体验来看，这款智能空调性价比一般。静音设计设计得比较合理。而且缺点是兼容性差。整体体验不错。,2024-06-12,智能空调,Review
605,亚马逊 智能门铃 Max,时空盒数字传媒有限公司大数据分析,4.8,这款智能门铃质量很好，稳定性好。总体来说很满意。,2024-06-12,智能门铃,Review
1052,西门子 智能冰箱 Standard,迪摩科技有限公司电子商务,1.5,体验下来，这款西门子 智能冰箱 Standard不推荐购买。使用不到一周就出现了损坏。,2024-06-12,智能冰箱,Review
1206,西门子 智能洗衣机 Pro,银嘉科技有限公司科技公司,3.1,智能洗衣机的质量还可以，稳定性好，不过价格偏高。,2024-06-12,智能洗衣机,Review
604,小米 智能空调 Elite,易动力传媒有限公司生物科技,3.6,智能空调的质量还可以，外观漂亮，不过智能化程度低。,2024-06-11,智能空调,Review
332,海尔智慧家庭 智能加湿器 Lite,昊嘉信息有限公司信息技术,2.1,信号强度问题很严重，完全不值这个价格。,2024-06-09,智能加湿器,Review
372,谷歌 智能音箱 Elite,昊嘉信息有限公司信息技术,1.8,噪音控制问题很严重，完全不值这个价格。,2024-06-09,智能音箱,Review
660,索尼 智能冰箱 Elite,泰麒麟信息有限公司人工智能,2.0,这款产品有严重问题，兼容性差，已经申请退款。,2024-06-08,智能冰箱,Review
678,西门子 智能摄像头 Max,维涛传媒有限公司云计算,2.8,我发现，这款智能摄像头有严重问题。在做饭时时完全不能正常工作。希望厂家能重视这些问题。,2024-06-08,智能摄像头,Review
701,LG 智能净水器 Basic,迪摩科技有限公司电子商务,1.4,使用一周后出现故障，反应迟钝，售后服务也不好。,2024-06-08,智能净水器,Review
788,华为 智能体重秤 Advanced,鑫博腾飞网络有限公司金融科技,1.2,使用一周后出现故障，功能单一，售后服务也不好。,2024-06-08,智能体重秤,Review
374,格力 智能体重秤 Standard,合联电子科技有限公司网络安全,2.0,不推荐这款智能体重秤，售后服务差，很失望。,2024-06-07,智能体重秤,Review
702,博世 智能空调 Lite,良诺信息有限公司生物科技,1.7,连接稳定性问题很严重，完全不值这个价格。,2024-06-07,智能空调,Review
929,博世 智能马桶 Max,银嘉科技有限公司云计算,2.9,不推荐这款智能马桶，安装困难，很失望。,2024-06-07,智能马桶,Review
1105,亚马逊 智能马桶 Elite,易动力科技有限公司科技公司,2.0,这款产品有严重问题，使用说明不清，已经申请退款。,2024-06-07,智能马桶,Review
1195,三星 智能窗帘 Standard,方正科技网络有限公司云计算,3.3,这款产品优缺点都有，性价比高，但续航时间短。,2024-06-07,智能窗帘,Review
1240,三星 智能窗帘 Basic,艾提科信传媒有限公司网络安全,3.2,总体来说还行，节能环保，就是价格偏高。,2024-06-06,智能窗帘,Review
284,亚马逊 智能空调 Standard,快讯信息有限公司智能科技,4.0,智能空调的设计很人性化，反应灵敏，值得推荐。,2024-06-06,智能空调,Review
503,三星 智能摄像头 Mini,MBP软件科技有限公司信息技术,1.2,使用一周后出现故障，做工一般，售后服务也不好。,2024-06-06,智能摄像头,Review
421,苹果 智能灯具 Basic,创联世纪信息有限公司移动应用开发,2.5,使用一周后出现故障，耗电量大，售后服务也不好。,2024-06-05,智能灯具,Review
434,格力 智能电视 Pro,良诺信息有限公司生物科技,1.8,对比了市面上几款同类产品后，这款格力 智能电视 Pro性价比极低。主要问题在于反应迟钝。,2024-06-05,智能电视,Review
900,小米 智能开关 Ultra,鸿睿思博传媒有限公司智能科技,3.1,总体来说还行，稳定性好，就是智能化程度低。,2024-06-05,智能开关,Review
