text,ReviewID,ProductID,CustomerID,Rating,ReviewDate,token_count,CategoryName,ProductName,CompanyName
"客户ID: NU711
客户公司: 易动力科技有限公司人工智能
客户所在地: 桂兰县, 中国
产品信息: 格力 智能体重秤 Ultra (类别: 智能体重秤)
生产商: 格力智能电器
产品价格: 4528.2
评分: 3.0星
评价日期: 2026年05月22日
评价内容: ""对比了市面上几款同类产品后，这款智能体重秤质量还行。在工作时时使用体验还不错。最让我失望的是使用久了会发现一些小问题。这个价位能买到这样的产品已经很不错了。""<ROW_SEP>

客户ID: PL616
客户公司: 巨奥网络有限公司金融科技
客户所在地: 明市, 中国
产品信息: 格力 智能体重秤 Ultra (类别: 智能体重秤)
生产商: 格力智能电器
产品价格: 4528.2
评分: 4.4星
评价日期: 2026年05月10日
评价内容: ""体验下来，这款格力 智能体重秤 Ultra做工精细。最让我失望的是定时功能是我最喜欢的部分。和官方展示的有差距。推荐给有需要的朋友。""<ROW_SEP>

客户ID: PL616
客户公司: 巨奥网络有限公司金融科技
客户所在地: 明市, 中国
产品信息: 格力 智能体重秤 Standard (类别: 智能体重秤)
生产商: 格力智能电器
产品价格: 9138.52
评分: 2.0星
评价日期: 2026年04月10日
评价内容: ""对这款智能体重秤非常不满意，画质模糊，浪费钱。""<ROW_SEP>

客户ID: YR398
客户公司: 浦华众城信息有限公司虚拟现实
客户所在地: 大冶市, 中国
产品信息: 格力 智能体重秤 Ultra (类别: 智能体重秤)
生产商: 格力智能电器
产品价格: 4528.2
评分: 3.6星
评价日期: 2026年04月03日
评价内容: ""智能体重秤的质量还可以，安装方便，不过价格偏高。""<ROW_SEP>

客户ID: GA851
客户公司: 明腾传媒有限公司金融科技
客户所在地: 齐齐哈尔县, 中国
产品信息: 格力 智能体重秤 Standard (类别: 智能体重秤)
生产商: 格力智能电器
产品价格: 9138.52
评分: 3.8星
评价日期: 2026年03月31日
评价内容: ""总体来说还行，智能化程度高，就是兼容性差。""<ROW_SEP>

客户ID: RY572
客户公司: 中建创业信息有限公司虚拟现实
客户所在地: 冬梅县, 中国
产品信息: 华为 智能体重秤 Advanced (类别: 智能体重秤)
生产商: 华为智能生活
产品价格: 263.12
评分: 4.3星
评价日期: 2026年02月28日
评价内容: ""这款智能体重秤的节能模式功能很实用，兼容性强。""",30,88,NU711,3.0,2026-05-22,860,智能体重秤,格力 智能体重秤 Ultra,易动力科技有限公司人工智能
"客户ID: PC764
客户公司: 恒聪百汇传媒有限公司虚拟现实
客户所在地: 重庆市, 中国
产品信息: 华为 智能体重秤 Advanced (类别: 智能体重秤)
生产商: 华为智能生活
产品价格: 263.12
评分: 2.7星
评价日期: 2026年02月14日
评价内容: ""老实讲，这款智能体重秤完全不符合预期。信号强度简直无法忍受。希望厂家能重视这些问题。""<ROW_SEP>

客户ID: YR398
客户公司: 浦华众城信息有限公司虚拟现实
客户所在地: 大冶市, 中国
产品信息: 华为 智能体重秤 Advanced (类别: 智能体重秤)
生产商: 华为智能生活
产品价格: 263.12
评分: 4.9星
评价日期: 2026年01月15日
评价内容: ""个人认为，这款智能体重秤真的很不错。而且高清画质设计很贴心。如果非要说缺点的话，可能就是反应迟钝。可以考虑其他品牌的同类产品。""<ROW_SEP>

客户ID: VC531
客户公司: 九方传媒有限公司生物科技
客户所在地: 六盘水市, 中国
产品信息: 华为 智能体重秤 Advanced (类别: 智能体重秤)
生产商: 华为智能生活
产品价格: 263.12
评分: 2.1星
评价日期: 2025年12月19日
评价内容: ""这款产品有严重问题，续航时间短，已经申请退款。""<ROW_SEP>

客户ID: EI532
客户公司: 七喜传媒有限公司人工智能
客户所在地: 丽华县, 中国
产品信息: 华为 智能体重秤 Advanced (类别: 智能体重秤)
生产商: 华为智能生活
产品价格: 263.12
评分: 3.2星
评价日期: 2025年10月29日
评价内容: ""这款智能体重秤一般，操作简单，但是散热问题有点问题。""<ROW_SEP>

客户ID: GL926
客户公司: 时空盒数字传媒有限公司大数据分析
客户所在地: 巢湖市, 中国
产品信息: 格力 智能体重秤 Standard (类别: 智能体重秤)
生产商: 格力智能电器
产品价格: 9138.52
评分: 3.8星
评价日期: 2025年10月09日
评价内容: ""总体来说还行，做工精细，就是反应迟钝。""<ROW_SEP>

客户ID: GL926
客户公司: 时空盒数字传媒有限公司大数据分析
客户所在地: 巢湖市, 中国
产品信息: 格力 智能体重秤 Ultra (类别: 智能体重秤)
生产商: 格力智能电器
产品价格: 4528.2
评分: 2.6星
评价日期: 2025年10月07日
评价内容: ""作为一个经常使用此类产品的人，这款格力 智能体重秤 Ultra不值这个价格。主要问题在于稳定性差。""<ROW_SEP>

客户ID: ZG109
客户公司: 襄樊地球村网络有限公司智能科技
客户所在地: 坤县, 中国
产品信息: 格力 智能体重秤 Ultra (类别: 智能体重秤)
生产商: 格力智能电器
产品价格: 4528.2
评分: 3.0星
评价日期: 2025年10月04日
评价内容: ""在看电影时使用还不错，但在其他情况下表现一般。""",560,56,PC764,2.7,2026-02-14,985,智能体重秤,华为 智能体重秤 Advanced,恒聪百汇传媒有限公司虚拟现实
"客户ID: VX147
客户公司: 东方峻景传媒有限公司金融科技
客户所在地: 海门县, 中国
产品信息: 格力 智能体重秤 Ultra (类别: 智能体重秤)
生产商: 格力智能电器
产品价格: 4528.2
评分: 2.7星
评价日期: 2025年09月30日
评价内容: ""我觉得，这款格力 智能体重秤 Ultra不值这个价格。在早晨起床时完全不能正常工作。唯一值得称赞的可能就是包装很精美。希望厂家能重视这些问题。""<ROW_SEP>

客户ID: CZ861
客户公司: 合联电子科技有限公司信息技术
客户所在地: 荣市, 中国
产品信息: 华为 智能体重秤 Advanced (类别: 智能体重秤)
生产商: 华为智能生活
产品价格: 263.12
评分: 3.2星
评价日期: 2025年09月03日
评价内容: ""从我的使用体验来看，这款华为 智能体重秤 Advanced没有特别惊喜。优点是安装方便。然而使用久了会发现一些小问题。推荐给有需要的朋友。""<ROW_SEP>

客户ID: ZH741
客户公司: 巨奥科技有限公司信息技术
客户所在地: 峰县, 中国
产品信息: 格力 智能体重秤 Standard (类别: 智能体重秤)
生产商: 格力智能电器
产品价格: 9138.52
评分: 2.6星
评价日期: 2025年09月02日
评价内容: ""不推荐这款智能体重秤，操作复杂，很失望。""<ROW_SEP>

客户ID: TO444
客户公司: MBP软件网络有限公司移动应用开发
客户所在地: 辛集市, 中国
产品信息: 格力 智能体重秤 Standard (类别: 智能体重秤)
生产商: 格力智能电器
产品价格: 9138.52
评分: 2.3星
评价日期: 2025年07月29日
评价内容: ""不推荐这款智能体重秤，兼容性差，很失望。""<ROW_SEP>

客户ID: RG743
客户公司: 快讯信息有限公司智能科技
客户所在地: 勇县, 中国
产品信息: 格力 智能体重秤 Standard (类别: 智能体重秤)
生产商: 格力智能电器
产品价格: 9138.52
评分: 3.4星
评价日期: 2025年07月17日
评价内容: ""收到货后，这款格力 智能体重秤 Standard功能基本满足需求。在做饭时时使用体验还不错。另外缺点是反应迟钝。性价比很高。""<ROW_SEP>

客户ID: YZ898
客户公司: 通际名联科技有限公司金融科技
客户所在地: 济南市, 中国
产品信息: 格力 智能体重秤 Ultra (类别: 智能体重秤)
生产商: 格力智能电器
产品价格: 4528.2
评分: 3.8星
评价日期: 2025年07月14日
评价内容: ""智能体重秤的质量还可以，音质出色，不过功能单一。""",1180,88,VX147,2.7,2025-09-30,874,智能体重秤,格力 智能体重秤 Ultra,东方峻景传媒有限公司金融科技
"客户ID: ZV584
客户公司: 维旺明科技有限公司大数据分析
客户所在地: 杭州市, 中国
产品信息: 华为 智能体重秤 Advanced (类别: 智能体重秤)
生产商: 华为智能生活
产品价格: 263.12
评分: 1.1星
评价日期: 2025年06月28日
评价内容: ""使用一周后出现故障，价格偏高，售后服务也不好。""<ROW_SEP>

客户ID: ME428
客户公司: 创汇网络有限公司虚拟现实
客户所在地: 秀英市, 中国
产品信息: 格力 智能体重秤 Standard (类别: 智能体重秤)
生产商: 格力智能电器
产品价格: 9138.52
评分: 4.3星
评价日期: 2025年06月23日
评价内容: ""在多次对比之后选择了这款，这款智能体重秤值得推荐。令人意外的是语音识别功能特别实用。和朋友推荐的一样好用。这个价位能买到这样的产品已经很不错了。""<ROW_SEP>

客户ID: FC418
客户公司: 网新恒天网络有限公司生物科技
客户所在地: 秀珍县, 中国
产品信息: 格力 智能体重秤 Standard (类别: 智能体重秤)
生产商: 格力智能电器
产品价格: 9138.52
评分: 2.0星
评价日期: 2025年06月21日
评价内容: ""我觉得，这款格力 智能体重秤 Standard使用体验很差。主要问题在于功能单一。""<ROW_SEP>

客户ID: GL926
客户公司: 时空盒数字传媒有限公司大数据分析
客户所在地: 巢湖市, 中国
产品信息: 格力 智能体重秤 Ultra (类别: 智能体重秤)
生产商: 格力智能电器
产品价格: 4528.2
评分: 4.3星
评价日期: 2025年06月16日
评价内容: ""个人认为，这款智能体重秤值得推荐。此外高清画质设计很贴心。如果非要说缺点的话，可能就是稳定性差。值得购买。""<ROW_SEP>

客户ID: DH200
客户公司: 盟新传媒有限公司大数据分析
客户所在地: 辽阳县, 中国
产品信息: 格力 智能体重秤 Ultra (类别: 智能体重秤)
生产商: 格力智能电器
产品价格: 4528.2
评分: 3.9星
评价日期: 2025年05月12日
评价内容: ""在工作时使用还不错，但在其他情况下表现一般。""<ROW_SEP>

客户ID: CZ861
客户公司: 合联电子科技有限公司信息技术
客户所在地: 荣市, 中国
产品信息: 格力 智能体重秤 Standard (类别: 智能体重秤)
生产商: 格力智能电器
产品价格: 9138.52
评分: 3.7星
评价日期: 2025年05月07日
评价内容: ""坦白讲，这款智能体重秤总体来说还可以。在工作时时使用体验还不错。更让我满意的是散热问题有点问题。不太推荐购买。""",226,56,ZV584,1.1,2025-06-28,893,智能体重秤,华为 智能体重秤 Advanced,维旺明科技有限公司大数据分析
"客户ID: GR729
客户公司: 中建创业网络有限公司移动应用开发
客户所在地: 辽阳县, 中国
产品信息: 格力 智能体重秤 Ultra (类别: 智能体重秤)
生产商: 格力智能电器
产品价格: 4528.2
评分: 2.5星
评价日期: 2025年05月03日
评价内容: ""对这款智能体重秤非常不满意，耗电量大，浪费钱。""<ROW_SEP>

客户ID: BW289
客户公司: 海创网络有限公司生物科技
客户所在地: 汕尾县, 中国
产品信息: 华为 智能体重秤 Advanced (类别: 智能体重秤)
生产商: 华为智能生活
产品价格: 263.12
评分: 4.6星
评价日期: 2025年04月22日
评价内容: ""智能体重秤的设计很人性化，节能环保，值得推荐。""<ROW_SEP>

客户ID: UY980
客户公司: 兰金电子传媒有限公司生物科技
客户所在地: 桂香县, 中国
产品信息: 格力 智能体重秤 Ultra (类别: 智能体重秤)
生产商: 格力智能电器
产品价格: 4528.2
评分: 2.4星
评价日期: 2025年03月04日
评价内容: ""作为一个经常使用此类产品的人，这款智能体重秤不值这个价格。使用不到一周就出现了失灵。希望厂家能重视这些问题。""<ROW_SEP>

客户ID: CC657
客户公司: 昊嘉信息有限公司信息技术
客户所在地: 军县, 中国
产品信息: 格力 智能体重秤 Standard (类别: 智能体重秤)
生产商: 格力智能电器
产品价格: 9138.52
评分: 5.0星
评价日期: 2025年01月30日
评价内容: ""非常满意这次购买，操作简单，送货也很快。""<ROW_SEP>

客户ID: EA575
客户公司: 襄樊地球村信息有限公司物联网
客户所在地: 丽娟市, 中国
产品信息: 格力 智能体重秤 Ultra (类别: 智能体重秤)
生产商: 格力智能电器
产品价格: 4528.2
评分: 3.6星
评价日期: 2025年01月29日
评价内容: ""智能体重秤的质量还可以，性价比高，不过兼容性差。""<ROW_SEP>

客户ID: CZ861
客户公司: 合联电子科技有限公司信息技术
客户所在地: 荣市, 中国
产品信息: 格力 智能体重秤 Standard (类别: 智能体重秤)
生产商: 格力智能电器
产品价格: 9138.52
评分: 2.8星
评价日期: 2025年01月17日
评价内容: ""噪音控制问题很严重，完全不值这个价格。""<ROW_SEP>

客户ID: VC531
客户公司: 九方传媒有限公司生物科技
客户所在地: 六盘水市, 中国
产品信息: 格力 智能体重秤 Ultra (类别: 智能体重秤)
生产商: 格力智能电器
产品价格: 4528.2
评分: 2.0星
评价日期: 2024年11月25日
评价内容: ""作为第一次购买这类产品的新手，这款智能体重秤使用体验很差。连接稳定性简直无法忍受。""",630,88,GR729,2.5,2025-05-03,944,智能体重秤,格力 智能体重秤 Ultra,中建创业网络有限公司移动应用开发
"客户ID: XN875
客户公司: 天开传媒有限公司网络安全
客户所在地: 芳市, 中国
产品信息: 格力 智能体重秤 Ultra (类别: 智能体重秤)
生产商: 格力智能电器
产品价格: 4528.2
评分: 1.2星
评价日期: 2024年11月15日
评价内容: ""不推荐这款智能体重秤，做工一般，很失望。""<ROW_SEP>

客户ID: WB890
客户公司: 鑫博腾飞网络有限公司金融科技
客户所在地: 马鞍山市, 中国
产品信息: 格力 智能体重秤 Ultra (类别: 智能体重秤)
生产商: 格力智能电器
产品价格: 4528.2
评分: 2.6星
评价日期: 2024年10月31日
评价内容: ""电池寿命问题很严重，完全不值这个价格。""<ROW_SEP>

客户ID: PL616
客户公司: 巨奥网络有限公司金融科技
客户所在地: 明市, 中国
产品信息: 华为 智能体重秤 Advanced (类别: 智能体重秤)
生产商: 华为智能生活
产品价格: 263.12
评分: 4.7星
评价日期: 2024年09月13日
评价内容: ""在多次对比之后选择了这款，这款华为 智能体重秤 Advanced品质很好。如果非要说缺点的话，价格稍微贵了一点。整体体验不错。""<ROW_SEP>

客户ID: EK253
客户公司: 兰金电子科技有限公司区块链技术
客户所在地: 南昌市, 中国
产品信息: 格力 智能体重秤 Standard (类别: 智能体重秤)
生产商: 格力智能电器
产品价格: 9138.52
评分: 3.9星
评价日期: 2024年08月08日
评价内容: ""我觉得，这款智能体重秤质量还行。优点是质量很好。最让我失望的是在日常使用场景下表现一般。值得购买。""<ROW_SEP>

客户ID: EB652
客户公司: 凌云信息有限公司虚拟现实
客户所在地: 秀珍县, 中国
产品信息: 华为 智能体重秤 Advanced (类别: 智能体重秤)
生产商: 华为智能生活
产品价格: 263.12
评分: 4.1星
评价日期: 2024年06月26日
评价内容: ""这是我用过的最好的智能体重秤之一，安装方便，性价比很高。""<ROW_SEP>

客户ID: WB890
客户公司: 鑫博腾飞网络有限公司金融科技
客户所在地: 马鞍山市, 中国
产品信息: 华为 智能体重秤 Advanced (类别: 智能体重秤)
生产商: 华为智能生活
产品价格: 263.12
评分: 1.2星
评价日期: 2024年06月08日
评价内容: ""使用一周后出现故障，功能单一，售后服务也不好。""<ROW_SEP>

客户ID: QI779
客户公司: 合联电子科技有限公司网络安全
客户所在地: 沈阳县, 中国
产品信息: 格力 智能体重秤 Standard (类别: 智能体重秤)
生产商: 格力智能电器
产品价格: 9138.52
评分: 2.0星
评价日期: 2024年06月07日
评价内容: ""不推荐这款智能体重秤，售后服务差，很失望。""",128,88,XN875,1.2,2024-11-15,954,智能体重秤,格力 智能体重秤 Ultra,天开传媒有限公司网络安全
"客户ID: ZO854
客户公司: MBP软件科技有限公司信息技术
客户所在地: 丽华县, 中国
产品信息: 索尼 智能冰箱 Elite (类别: 智能冰箱)
生产商: 索尼智能科技
产品价格: 6386.01
评分: 2.5星
评价日期: 2026年05月12日
评价内容: ""噪音控制问题很严重，完全不值这个价格。""<ROW_SEP>

客户ID: IP471
客户公司: 银嘉信息有限公司移动应用开发
客户所在地: 荆门市, 中国
产品信息: 索尼 智能冰箱 Elite (类别: 智能冰箱)
生产商: 索尼智能科技
产品价格: 6386.01
评分: 2.1星
评价日期: 2026年04月23日
评价内容: ""收到货后，这款索尼 智能冰箱 Elite质量太差。电池寿命简直无法忍受。希望厂家能重视这些问题。""<ROW_SEP>

客户ID: PL616
客户公司: 巨奥网络有限公司金融科技
客户所在地: 明市, 中国
产品信息: 索尼 智能冰箱 Elite (类别: 智能冰箱)
生产商: 索尼智能科技
产品价格: 6386.01
评分: 2.6星
评价日期: 2026年04月18日
评价内容: ""对这款智能冰箱非常不满意，兼容性差，浪费钱。""<ROW_SEP>

客户ID: RG743
客户公司: 快讯信息有限公司智能科技
客户所在地: 勇县, 中国
产品信息: 索尼 智能冰箱 Elite (类别: 智能冰箱)
生产商: 索尼智能科技
产品价格: 6386.01
评分: 2.3星
评价日期: 2026年04月08日
评价内容: ""不推荐这款智能冰箱，安装困难，很失望。""<ROW_SEP>

客户ID: WB209
客户公司: 维涛传媒有限公司云计算
客户所在地: 秀华县, 中国
产品信息: 西门子 智能冰箱 Standard (类别: 智能冰箱)
生产商: 西门子智能家居
产品价格: 4347.58
评分: 2.5星
评价日期: 2026年04月06日
评价内容: ""对这款智能冰箱非常不满意，反应迟钝，浪费钱。""<ROW_SEP>

客户ID: RY548
客户公司: 易动力信息有限公司网络安全
客户所在地: 斌县, 中国
产品信息: 索尼 智能冰箱 Elite (类别: 智能冰箱)
生产商: 索尼智能科技
产品价格: 6386.01
评分: 3.2星
评价日期: 2026年01月23日
评价内容: ""智能冰箱的质量还可以，音质出色，不过智能化程度低。""<ROW_SEP>

客户ID: BN418
客户公司: 易动力网络有限公司移动应用开发
客户所在地: 重庆市, 中国
产品信息: 西门子 智能冰箱 Standard (类别: 智能冰箱)
生产商: 西门子智能家居
产品价格: 4347.58
评分: 4.5星
评价日期: 2025年12月22日
评价内容: ""这款产品的定时功能特别好用，在日常使用时特别方便。""",180,71,ZO854,2.5,2026-05-12,898,智能冰箱,索尼 智能冰箱 Elite,MBP软件科技有限公司信息技术
"客户ID: GR729
客户公司: 中建创业网络有限公司移动应用开发
客户所在地: 辽阳县, 中国
产品信息: 西门子 智能冰箱 Standard (类别: 智能冰箱)
生产商: 西门子智能家居
产品价格: 4347.58
评分: 1.9星
评价日期: 2025年12月17日
评价内容: ""这款产品有严重问题，售后服务差，已经申请退款。""<ROW_SEP>

客户ID: CZ861
客户公司: 合联电子科技有限公司信息技术
客户所在地: 荣市, 中国
产品信息: 西门子 智能冰箱 Standard (类别: 智能冰箱)
生产商: 西门子智能家居
产品价格: 4347.58
评分: 4.3星
评价日期: 2025年11月16日
评价内容: ""这是我用过的最好的智能冰箱之一，节能环保，性价比很高。""<ROW_SEP>

客户ID: XO649
客户公司: 晖来计算机传媒有限公司云计算
客户所在地: 郑州县, 中国
产品信息: 索尼 智能冰箱 Elite (类别: 智能冰箱)
生产商: 索尼智能科技
产品价格: 6386.01
评分: 1.0星
评价日期: 2025年11月13日
评价内容: ""对这款智能冰箱非常不满意，售后服务差，浪费钱。""<ROW_SEP>

客户ID: RG743
客户公司: 快讯信息有限公司智能科技
客户所在地: 勇县, 中国
产品信息: 索尼 智能冰箱 Elite (类别: 智能冰箱)
生产商: 索尼智能科技
产品价格: 6386.01
评分: 4.1星
评价日期: 2025年11月07日
评价内容: ""在工作时时使用效果很好，特别是静音设计功能。""<ROW_SEP>

客户ID: NU711
客户公司: 易动力科技有限公司人工智能
客户所在地: 桂兰县, 中国
产品信息: 西门子 智能冰箱 Standard (类别: 智能冰箱)
生产商: 西门子智能家居
产品价格: 4347.58
评分: 4.5星
评价日期: 2025年10月22日
评价内容: ""这款智能冰箱质量很好，智能化程度高。总体来说很满意。""<ROW_SEP>

客户ID: WN094
客户公司: 菊风公司传媒有限公司数字科技
客户所在地: 秀梅市, 中国
产品信息: 西门子 智能冰箱 Standard (类别: 智能冰箱)
生产商: 西门子智能家居
产品价格: 4347.58
评分: 3.0星
评价日期: 2025年10月13日
评价内容: ""在看电影时使用还不错，但在其他情况下表现一般。""<ROW_SEP>

客户ID: KM929
客户公司: 迪摩科技有限公司电子商务
客户所在地: 福州县, 中国
产品信息: 西门子 智能冰箱 Standard (类别: 智能冰箱)
生产商: 西门子智能家居
产品价格: 4347.58
评分: 4.7星
评价日期: 2025年10月06日
评价内容: ""这款智能冰箱质量很好，功能齐全。总体来说很满意。""",238,38,GR729,1.9,2025-12-17,904,智能冰箱,西门子 智能冰箱 Standard,中建创业网络有限公司移动应用开发
"客户ID: MJ814
客户公司: 毕博诚科技有限公司互联网服务
客户所在地: 俊市, 中国
产品信息: 西门子 智能冰箱 Standard (类别: 智能冰箱)
生产商: 西门子智能家居
产品价格: 4347.58
评分: 2.9星
评价日期: 2025年09月25日
评价内容: ""试用了几天，这款西门子 智能冰箱 Standard存在明显缺陷。在晚上睡前时完全不能正常工作。""<ROW_SEP>

客户ID: RY548
客户公司: 易动力信息有限公司网络安全
客户所在地: 斌县, 中国
产品信息: 索尼 智能冰箱 Elite (类别: 智能冰箱)
生产商: 索尼智能科技
产品价格: 6386.01
评分: 2.8星
评价日期: 2025年09月21日
评价内容: ""使用一周后出现故障，操作复杂，售后服务也不好。""<ROW_SEP>

客户ID: ZH741
客户公司: 巨奥科技有限公司信息技术
客户所在地: 峰县, 中国
产品信息: 索尼 智能冰箱 Elite (类别: 智能冰箱)
生产商: 索尼智能科技
产品价格: 6386.01
评分: 1.1星
评价日期: 2025年09月20日
评价内容: ""这款产品有严重问题，价格偏高，已经申请退款。""<ROW_SEP>

客户ID: FC418
客户公司: 网新恒天网络有限公司生物科技
客户所在地: 秀珍县, 中国
产品信息: 索尼 智能冰箱 Elite (类别: 智能冰箱)
生产商: 索尼智能科技
产品价格: 6386.01
评分: 3.3星
评价日期: 2025年09月10日
评价内容: ""在看电影时使用还不错，但在其他情况下表现一般。""<ROW_SEP>

客户ID: ZU351
客户公司: 银嘉科技有限公司科技公司
客户所在地: 秀荣市, 中国
产品信息: 索尼 智能冰箱 Elite (类别: 智能冰箱)
生产商: 索尼智能科技
产品价格: 6386.01
评分: 1.8星
评价日期: 2025年09月04日
评价内容: ""噪音控制问题很严重，完全不值这个价格。""<ROW_SEP>

客户ID: CM245
客户公司: 万迅电脑信息有限公司科技公司
客户所在地: 洋县, 中国
产品信息: 西门子 智能冰箱 Standard (类别: 智能冰箱)
生产商: 西门子智能家居
产品价格: 4347.58
评分: 4.7星
评价日期: 2025年08月02日
评价内容: ""使用了一个月，节能环保，没有发现任何问题。""<ROW_SEP>

客户ID: TW751
客户公司: 图龙信息网络有限公司云计算
客户所在地: 宁德市, 中国
产品信息: 索尼 智能冰箱 Elite (类别: 智能冰箱)
生产商: 索尼智能科技
产品价格: 6386.01
评分: 2.4星
评价日期: 2025年07月16日
评价内容: ""这款产品有严重问题，音质一般，已经申请退款。""",1165,38,MJ814,2.9,2025-09-25,893,智能冰箱,西门子 智能冰箱 Standard,毕博诚科技有限公司互联网服务
"客户ID: MG296
客户公司: 浦华众城网络有限公司信息技术
客户所在地: 浩市, 中国
产品信息: 西门子 智能冰箱 Standard (类别: 智能冰箱)
生产商: 西门子智能家居
产品价格: 4347.58
评分: 4.6星
评价日期: 2025年06月15日
评价内容: ""使用了一个月，质量很好，没有发现任何问题。""<ROW_SEP>

客户ID: NU711
客户公司: 易动力科技有限公司人工智能
客户所在地: 桂兰县, 中国
产品信息: 索尼 智能冰箱 Elite (类别: 智能冰箱)
生产商: 索尼智能科技
产品价格: 6386.01
评分: 4.3星
评价日期: 2025年06月14日
评价内容: ""这款智能冰箱质量很好，功能齐全。总体来说很满意。""<ROW_SEP>

客户ID: DV182
客户公司: 艾提科信传媒有限公司网络安全
客户所在地: 桂荣市, 中国
产品信息: 西门子 智能冰箱 Standard (类别: 智能冰箱)
生产商: 西门子智能家居
产品价格: 4347.58
评分: 4.2星
评价日期: 2025年04月17日
评价内容: ""在做饭时时使用效果很好，特别是静音设计功能。""<ROW_SEP>

客户ID: AK874
客户公司: 昊嘉信息有限公司区块链技术
客户所在地: 雷市, 中国
产品信息: 西门子 智能冰箱 Standard (类别: 智能冰箱)
生产商: 西门子智能家居
产品价格: 4347.58
评分: 1.6星
评价日期: 2025年04月15日
评价内容: ""连接稳定性问题很严重，完全不值这个价格。""<ROW_SEP>

客户ID: AW347
客户公司: 鸿睿思博传媒有限公司智能科技
客户所在地: 武汉市, 中国
产品信息: 西门子 智能冰箱 Standard (类别: 智能冰箱)
生产商: 西门子智能家居
产品价格: 4347.58
评分: 4.9星
评价日期: 2025年02月19日
评价内容: ""这款产品的智能场景特别好用，在家庭聚会时特别方便。""<ROW_SEP>

客户ID: FA862
客户公司: 方正科技网络有限公司云计算
客户所在地: 潮州县, 中国
产品信息: 索尼 智能冰箱 Elite (类别: 智能冰箱)
生产商: 索尼智能科技
产品价格: 6386.01
评分: 3.0星
评价日期: 2025年01月26日
评价内容: ""不得不说，这款智能冰箱一般般。静音设计设计得比较合理。而且在户外活动场景下表现一般。推荐给有需要的朋友。""<ROW_SEP>

客户ID: DX151
客户公司: 易动力信息有限公司物联网
客户所在地: 佛山县, 中国
产品信息: 索尼 智能冰箱 Elite (类别: 智能冰箱)
生产商: 索尼智能科技
产品价格: 6386.01
评分: 4.5星
评价日期: 2025年01月17日
评价内容: ""使用了一个月，反应灵敏，没有发现任何问题。""",823,38,MG296,4.6,2025-06-15,917,智能冰箱,西门子 智能冰箱 Standard,浦华众城网络有限公司信息技术
"客户ID: VH856
客户公司: 鑫博腾飞科技有限公司电子商务
客户所在地: 英县, 中国
产品信息: 索尼 智能冰箱 Elite (类别: 智能冰箱)
生产商: 索尼智能科技
产品价格: 6386.01
评分: 3.0星
评价日期: 2025年01月16日
评价内容: ""必须承认，这款索尼 智能冰箱 Elite性价比一般。智能联动设计得比较合理。并且使用久了会发现一些小问题。这个价位能买到这样的产品已经很不错了。""<ROW_SEP>

客户ID: AU710
客户公司: 巨奥传媒有限公司信息技术
客户所在地: 辛集市, 中国
产品信息: 索尼 智能冰箱 Elite (类别: 智能冰箱)
生产商: 索尼智能科技
产品价格: 6386.01
评分: 2.2星
评价日期: 2024年12月27日
评价内容: ""这款产品有严重问题，做工一般，已经申请退款。""<ROW_SEP>

客户ID: QI779
客户公司: 合联电子科技有限公司网络安全
客户所在地: 沈阳县, 中国
产品信息: 索尼 智能冰箱 Elite (类别: 智能冰箱)
生产商: 索尼智能科技
产品价格: 6386.01
评分: 3.3星
评价日期: 2024年09月21日
评价内容: ""总体来说还行，做工精细，就是价格偏高。""<ROW_SEP>

客户ID: YZ898
客户公司: 通际名联科技有限公司金融科技
客户所在地: 济南市, 中国
产品信息: 西门子 智能冰箱 Standard (类别: 智能冰箱)
生产商: 西门子智能家居
产品价格: 4347.58
评分: 4.7星
评价日期: 2024年08月06日
评价内容: ""这款智能冰箱质量很好，兼容性强。总体来说很满意。""<ROW_SEP>

客户ID: XO649
客户公司: 晖来计算机传媒有限公司云计算
客户所在地: 郑州县, 中国
产品信息: 索尼 智能冰箱 Elite (类别: 智能冰箱)
生产商: 索尼智能科技
产品价格: 6386.01
评分: 1.6星
评价日期: 2024年07月08日
评价内容: ""不推荐这款智能冰箱，反应迟钝，很失望。""<ROW_SEP>

客户ID: MA264
客户公司: 时刻网络有限公司信息技术
客户所在地: 梅县, 中国
产品信息: 索尼 智能冰箱 Elite (类别: 智能冰箱)
生产商: 索尼智能科技
产品价格: 6386.01
评分: 1.8星
评价日期: 2024年07月06日
评价内容: ""使用一周后出现故障，使用说明不清，售后服务也不好。""<ROW_SEP>

客户ID: KM929
客户公司: 迪摩科技有限公司电子商务
客户所在地: 福州县, 中国
产品信息: 西门子 智能冰箱 Standard (类别: 智能冰箱)
生产商: 西门子智能家居
产品价格: 4347.58
评分: 1.5星
评价日期: 2024年06月12日
评价内容: ""体验下来，这款西门子 智能冰箱 Standard不推荐购买。使用不到一周就出现了损坏。""",172,71,VH856,3.0,2025-01-16,936,智能冰箱,索尼 智能冰箱 Elite,鑫博腾飞科技有限公司电子商务
"客户ID: EM821
客户公司: 泰麒麟信息有限公司人工智能
客户所在地: 香港县, 中国
产品信息: 索尼 智能冰箱 Elite (类别: 智能冰箱)
生产商: 索尼智能科技
产品价格: 6386.01
评分: 2.0星
评价日期: 2024年06月08日
评价内容: ""这款产品有严重问题，兼容性差，已经申请退款。""",660,71,EM821,2.0,2024-06-08,122,智能冰箱,索尼 智能冰箱 Elite,泰麒麟信息有限公司人工智能
"客户ID: EI532
客户公司: 七喜传媒有限公司人工智能
客户所在地: 丽华县, 中国
产品信息: 美的 智能净水器 Plus (类别: 智能净水器)
生产商: 美的智能科技
产品价格: 8466.26
评分: 1.0星
评价日期: 2026年06月02日
评价内容: ""从我的使用体验来看，这款智能净水器很失望。在看电影时时完全不能正常工作。希望厂家能重视这些问题。""<ROW_SEP>

客户ID: DX151
客户公司: 易动力信息有限公司物联网
客户所在地: 佛山县, 中国
产品信息: 格力 智能净水器 Mini (类别: 智能净水器)
生产商: 格力智能电器
产品价格: 8271.83
评分: 3.7星
评价日期: 2026年05月25日
评价内容: ""智能净水器的质量还可以，质量很好，不过反应迟钝。""<ROW_SEP>

客户ID: ZV584
客户公司: 维旺明科技有限公司大数据分析
客户所在地: 杭州市, 中国
产品信息: 谷歌 智能净水器 Basic (类别: 智能净水器)
生产商: 谷歌智能设备
产品价格: 2404.37
评分: 2.4星
评价日期: 2026年04月22日
评价内容: ""不推荐这款智能净水器，音质一般，很失望。""<ROW_SEP>

客户ID: EM821
客户公司: 泰麒麟信息有限公司人工智能
客户所在地: 香港县, 中国
产品信息: 谷歌 智能净水器 Basic (类别: 智能净水器)
生产商: 谷歌智能设备
产品价格: 2404.37
评分: 1.2星
评价日期: 2026年04月18日
评价内容: ""连接稳定性问题很严重，完全不值这个价格。""<ROW_SEP>

客户ID: VZ702
客户公司: 精芯网络有限公司互联网服务
客户所在地: 马鞍山县, 中国
产品信息: 博世 智能净水器 Max (类别: 智能净水器)
生产商: 博世智能系统
产品价格: 7890.83
评分: 2.9星
评价日期: 2026年04月14日
评价内容: ""对这款智能净水器非常不满意，反应迟钝，浪费钱。""<ROW_SEP>

客户ID: EI532
客户公司: 七喜传媒有限公司人工智能
客户所在地: 丽华县, 中国
产品信息: 谷歌 智能净水器 Basic (类别: 智能净水器)
生产商: 谷歌智能设备
产品价格: 2404.37
评分: 2.2星
评价日期: 2026年04月14日
评价内容: ""对这款智能净水器非常不满意，稳定性差，浪费钱。""<ROW_SEP>

客户ID: FB488
客户公司: 方正科技科技有限公司互联网服务
客户所在地: 宁德市, 中国
产品信息: LG 智能净水器 Basic (类别: 智能净水器)
生产商: LG智能家电
产品价格: 9118.55
评分: 4.1星
评价日期: 2026年04月10日
评价内容: ""非常满意这次购买，外观漂亮，送货也很快。""",428,23,EI532,1.0,2026-06-02,915,智能净水器,美的 智能净水器 Plus,七喜传媒有限公司人工智能
"客户ID: XW046
客户公司: 鑫博腾飞信息有限公司智能科技
客户所在地: 兴安盟市, 中国
产品信息: 格力 智能净水器 Ultra (类别: 智能净水器)
生产商: 格力智能电器
产品价格: 9164.46
评分: 3.8星
评价日期: 2026年04月05日
评价内容: ""智能净水器的质量还可以，兼容性强，不过反应迟钝。""<ROW_SEP>

客户ID: GC846
客户公司: 明腾科技有限公司区块链技术
客户所在地: 石家庄市, 中国
产品信息: 谷歌 智能净水器 Ultra (类别: 智能净水器)
生产商: 谷歌智能设备
产品价格: 7844.22
评分: 3.7星
评价日期: 2026年03月21日
评价内容: ""经过一段时间使用，这款智能净水器性价比一般。在晚上睡前时使用体验还不错。除此之外缺点是使用说明不清。整体体验不错。""<ROW_SEP>

客户ID: WQ849
客户公司: 开发区世创科技有限公司科技公司
客户所在地: 嘉禾市, 中国
产品信息: 谷歌 智能净水器 Basic (类别: 智能净水器)
生产商: 谷歌智能设备
产品价格: 2404.37
评分: 3.4星
评价日期: 2026年03月20日
评价内容: ""必须承认，这款智能净水器质量还行。使用一周后，语音识别表现不错。遗憾的是在办公环境场景下表现一般。有点贵了，但质量确实好。""<ROW_SEP>

客户ID: DX151
客户公司: 易动力信息有限公司物联网
客户所在地: 佛山县, 中国
产品信息: 格力 智能净水器 Ultra (类别: 智能净水器)
生产商: 格力智能电器
产品价格: 9164.46
评分: 1.6星
评价日期: 2026年03月01日
评价内容: ""使用一周后出现故障，做工一般，售后服务也不好。""<ROW_SEP>

客户ID: ME428
客户公司: 创汇网络有限公司虚拟现实
客户所在地: 秀英市, 中国
产品信息: 美的 智能净水器 Plus (类别: 智能净水器)
生产商: 美的智能科技
产品价格: 8466.26
评分: 1.1星
评价日期: 2026年02月16日
评价内容: ""试用了几天，这款美的 智能净水器 Plus存在明显缺陷。主要问题在于画质模糊。希望厂家能重视这些问题。""<ROW_SEP>

客户ID: GC846
客户公司: 明腾科技有限公司区块链技术
客户所在地: 石家庄市, 中国
产品信息: 谷歌 智能净水器 Basic (类别: 智能净水器)
生产商: 谷歌智能设备
产品价格: 2404.37
评分: 1.4星
评价日期: 2026年02月16日
评价内容: ""连接稳定性问题很严重，完全不值这个价格。""<ROW_SEP>

客户ID: BP732
客户公司: 南康网络有限公司互联网服务
客户所在地: 敏市, 中国
产品信息: 博世 智能净水器 Plus (类别: 智能净水器)
生产商: 博世智能系统
产品价格: 4134.03
评分: 1.2星
评价日期: 2026年02月03日
评价内容: ""不推荐这款智能净水器，耗电量大，很失望。""",601,97,XW046,3.8,2026-04-05,992,智能净水器,格力 智能净水器 Ultra,鑫博腾飞信息有限公司智能科技
"客户ID: FJ947
客户公司: 浙大万朋信息有限公司生物科技
客户所在地: 鑫市, 中国
产品信息: 格力 智能净水器 Mini (类别: 智能净水器)
生产商: 格力智能电器
产品价格: 8271.83
评分: 1.9星
评价日期: 2026年01月31日
评价内容: ""对这款智能净水器非常不满意，使用说明不清，浪费钱。""<ROW_SEP>

客户ID: KS630
客户公司: 良诺信息有限公司网络安全
客户所在地: 潮州市, 中国
产品信息: 谷歌 智能净水器 Ultra (类别: 智能净水器)
生产商: 谷歌智能设备
产品价格: 7844.22
评分: 3.7星
评价日期: 2026年01月28日
评价内容: ""体验下来，这款谷歌 智能净水器 Ultra性价比一般。静音设计设计得比较合理。特别是缺点是操作复杂。总体来说还是很满意的。""<ROW_SEP>

客户ID: AW347
客户公司: 鸿睿思博传媒有限公司智能科技
客户所在地: 武汉市, 中国
产品信息: 博世 智能净水器 Plus (类别: 智能净水器)
生产商: 博世智能系统
产品价格: 4134.03
评分: 1.5星
评价日期: 2026年01月17日
评价内容: ""信号强度问题很严重，完全不值这个价格。""<ROW_SEP>

客户ID: AU710
客户公司: 巨奥传媒有限公司信息技术
客户所在地: 辛集市, 中国
产品信息: 博世 智能净水器 Plus (类别: 智能净水器)
生产商: 博世智能系统
产品价格: 4134.03
评分: 1.2星
评价日期: 2026年01月04日
评价内容: ""使用后感觉，这款智能净水器不值这个价格。使用不到一周就出现了失灵。""<ROW_SEP>

客户ID: RY572
客户公司: 中建创业信息有限公司虚拟现实
客户所在地: 冬梅县, 中国
产品信息: 谷歌 智能净水器 Basic (类别: 智能净水器)
生产商: 谷歌智能设备
产品价格: 2404.37
评分: 4.4星
评价日期: 2026年01月04日
评价内容: ""智能净水器的设计很人性化，音质出色，值得推荐。""<ROW_SEP>

客户ID: DV182
客户公司: 艾提科信传媒有限公司网络安全
客户所在地: 桂荣市, 中国
产品信息: 博世 智能净水器 Plus (类别: 智能净水器)
生产商: 博世智能系统
产品价格: 4134.03
评分: 1.5星
评价日期: 2026年01月03日
评价内容: ""不推荐这款智能净水器，耗电量大，很失望。""<ROW_SEP>

客户ID: EM821
客户公司: 泰麒麟信息有限公司人工智能
客户所在地: 香港县, 中国
产品信息: 谷歌 智能净水器 Basic (类别: 智能净水器)
生产商: 谷歌智能设备
产品价格: 2404.37
评分: 1.2星
评价日期: 2026年01月03日
评价内容: ""连接稳定性问题很严重，完全不值这个价格。""",248,14,FJ947,1.9,2026-01-31,934,智能净水器,格力 智能净水器 Mini,浙大万朋信息有限公司生物科技
"客户ID: QL573
客户公司: 维涛科技有限公司网络安全
客户所在地: 永安市, 中国
产品信息: 博世 智能净水器 Max (类别: 智能净水器)
生产商: 博世智能系统
产品价格: 7890.83
评分: 1.6星
评价日期: 2025年12月28日
评价内容: ""这款产品有严重问题，价格偏高，已经申请退款。""<ROW_SEP>

客户ID: UY980
客户公司: 兰金电子传媒有限公司生物科技
客户所在地: 桂香县, 中国
产品信息: 美的 智能净水器 Plus (类别: 智能净水器)
生产商: 美的智能科技
产品价格: 8466.26
评分: 2.8星
评价日期: 2025年12月22日
评价内容: ""个人认为，这款美的 智能净水器 Plus质量太差。在做饭时时完全不能正常工作。""<ROW_SEP>

客户ID: EI532
客户公司: 七喜传媒有限公司人工智能
客户所在地: 丽华县, 中国
产品信息: LG 智能净水器 Basic (类别: 智能净水器)
生产商: LG智能家电
产品价格: 9118.55
评分: 1.8星
评价日期: 2025年12月21日
评价内容: ""使用一周后出现故障，售后服务差，售后服务也不好。""<ROW_SEP>

客户ID: KM929
客户公司: 迪摩科技有限公司电子商务
客户所在地: 福州县, 中国
产品信息: 美的 智能净水器 Plus (类别: 智能净水器)
生产商: 美的智能科技
产品价格: 8466.26
评分: 4.4星
评价日期: 2025年12月14日
评价内容: ""非常满意这次购买，音质出色，送货也很快。""<ROW_SEP>

客户ID: MJ814
客户公司: 毕博诚科技有限公司互联网服务
客户所在地: 俊市, 中国
产品信息: 博世 智能净水器 Plus (类别: 智能净水器)
生产商: 博世智能系统
产品价格: 4134.03
评分: 1.1星
评价日期: 2025年12月14日
评价内容: ""个人认为，这款博世 智能净水器 Plus功能实现得很糟糕。在晚上睡前时完全不能正常工作。唯一值得称赞的可能就是价格便宜。""<ROW_SEP>

客户ID: PS740
客户公司: 国讯科技有限公司金融科技
客户所在地: 金凤市, 中国
产品信息: 博世 智能净水器 Plus (类别: 智能净水器)
生产商: 博世智能系统
产品价格: 4134.03
评分: 1.9星
评价日期: 2025年12月13日
评价内容: ""对比了市面上几款同类产品后，这款智能净水器功能实现得很糟糕。主要问题在于做工一般。""<ROW_SEP>

客户ID: AW347
客户公司: 鸿睿思博传媒有限公司智能科技
客户所在地: 武汉市, 中国
产品信息: 格力 智能净水器 Ultra (类别: 智能净水器)
生产商: 格力智能电器
产品价格: 9164.46
评分: 1.5星
评价日期: 2025年11月28日
评价内容: ""使用一周后出现故障，智能化程度低，售后服务也不好。""",1016,70,QL573,1.6,2025-12-28,955,智能净水器,博世 智能净水器 Max,维涛科技有限公司网络安全
"客户ID: VZ702
客户公司: 精芯网络有限公司互联网服务
客户所在地: 马鞍山县, 中国
产品信息: 谷歌 智能净水器 Basic (类别: 智能净水器)
生产商: 谷歌智能设备
产品价格: 2404.37
评分: 2.2星
评价日期: 2025年11月25日
评价内容: ""这款产品有严重问题，兼容性差，已经申请退款。""<ROW_SEP>

客户ID: TB616
客户公司: 晖来计算机网络有限公司虚拟现实
客户所在地: 梅县, 中国
产品信息: 美的 智能净水器 Plus (类别: 智能净水器)
生产商: 美的智能科技
产品价格: 8466.26
评分: 3.6星
评价日期: 2025年11月24日
评价内容: ""作为第一次购买这类产品的新手，这款智能净水器一般般。刚收到时，语音识别表现不错。遗憾的是缺点是画质模糊。期待下一代产品能有所改进。""<ROW_SEP>

客户ID: FJ947
客户公司: 浙大万朋信息有限公司生物科技
客户所在地: 鑫市, 中国
产品信息: 博世 智能净水器 Max (类别: 智能净水器)
生产商: 博世智能系统
产品价格: 7890.83
评分: 1.2星
评价日期: 2025年11月23日
评价内容: ""不推荐这款智能净水器，使用说明不清，很失望。""<ROW_SEP>

客户ID: ZF801
客户公司: 易动力科技有限公司科技公司
客户所在地: 沈阳县, 中国
产品信息: 博世 智能净水器 Max (类别: 智能净水器)
生产商: 博世智能系统
产品价格: 7890.83
评分: 2.5星
评价日期: 2025年11月18日
评价内容: ""不得不说，这款博世 智能净水器 Max功能实现得很糟糕。噪音控制简直无法忍受。""<ROW_SEP>

客户ID: NU711
客户公司: 易动力科技有限公司人工智能
客户所在地: 桂兰县, 中国
产品信息: 博世 智能净水器 Plus (类别: 智能净水器)
生产商: 博世智能系统
产品价格: 4134.03
评分: 4.0星
评价日期: 2025年11月11日
评价内容: ""智能净水器的设计很人性化，音质出色，值得推荐。""<ROW_SEP>

客户ID: EA575
客户公司: 襄樊地球村信息有限公司物联网
客户所在地: 丽娟市, 中国
产品信息: 谷歌 智能净水器 Ultra (类别: 智能净水器)
生产商: 谷歌智能设备
产品价格: 7844.22
评分: 3.9星
评价日期: 2025年11月03日
评价内容: ""智能净水器的质量还可以，外观漂亮，不过反应迟钝。""<ROW_SEP>

客户ID: MJ814
客户公司: 毕博诚科技有限公司互联网服务
客户所在地: 俊市, 中国
产品信息: 谷歌 智能净水器 Basic (类别: 智能净水器)
生产商: 谷歌智能设备
产品价格: 2404.37
评分: 1.9星
评价日期: 2025年10月30日
评价内容: ""这款产品有严重问题，智能化程度低，已经申请退款。""",1287,20,VZ702,2.2,2025-11-25,956,智能净水器,谷歌 智能净水器 Basic,精芯网络有限公司互联网服务
"客户ID: DX151
客户公司: 易动力信息有限公司物联网
客户所在地: 佛山县, 中国
产品信息: LG 智能净水器 Basic (类别: 智能净水器)
生产商: LG智能家电
产品价格: 9118.55
评分: 2.0星
评价日期: 2025年10月30日
评价内容: ""这款产品有严重问题，兼容性差，已经申请退款。""<ROW_SEP>

客户ID: YZ898
客户公司: 通际名联科技有限公司金融科技
客户所在地: 济南市, 中国
产品信息: 博世 智能净水器 Max (类别: 智能净水器)
生产商: 博世智能系统
产品价格: 7890.83
评分: 2.7星
评价日期: 2025年10月24日
评价内容: ""不推荐这款智能净水器，智能化程度低，很失望。""<ROW_SEP>

客户ID: PV664
客户公司: 毕博诚信息有限公司信息技术
客户所在地: 柳州县, 中国
产品信息: 格力 智能净水器 Mini (类别: 智能净水器)
生产商: 格力智能电器
产品价格: 8271.83
评分: 4.6星
评价日期: 2025年10月22日
评价内容: ""使用了一个月，做工精细，没有发现任何问题。""<ROW_SEP>

客户ID: NQ176
客户公司: 图龙信息传媒有限公司数字科技
客户所在地: 南昌市, 中国
产品信息: LG 智能净水器 Basic (类别: 智能净水器)
生产商: LG智能家电
产品价格: 9118.55
评分: 4.1星
评价日期: 2025年10月20日
评价内容: ""这款智能净水器的语音识别功能很实用，操作简单。""<ROW_SEP>

客户ID: QI779
客户公司: 合联电子科技有限公司网络安全
客户所在地: 沈阳县, 中国
产品信息: LG 智能净水器 Basic (类别: 智能净水器)
生产商: LG智能家电
产品价格: 9118.55
评分: 3.5星
评价日期: 2025年10月18日
评价内容: ""老实讲，这款智能净水器性价比一般。在特殊场合使用时，节能模式表现不错。最重要的是信号强度有点问题。期待下一代产品能有所改进。""<ROW_SEP>

客户ID: FJ947
客户公司: 浙大万朋信息有限公司生物科技
客户所在地: 鑫市, 中国
产品信息: LG 智能净水器 Basic (类别: 智能净水器)
生产商: LG智能家电
产品价格: 9118.55
评分: 4.8星
评价日期: 2025年10月16日
评价内容: ""这款智能净水器质量很好，质量很好。总体来说很满意。""<ROW_SEP>

客户ID: WB209
客户公司: 维涛传媒有限公司云计算
客户所在地: 秀华县, 中国
产品信息: 美的 智能净水器 Plus (类别: 智能净水器)
生产商: 美的智能科技
产品价格: 8466.26
评分: 3.6星
评价日期: 2025年10月16日
评价内容: ""在看电影时使用还不错，但在其他情况下表现一般。""",726,63,DX151,2.0,2025-10-30,928,智能净水器,LG 智能净水器 Basic,易动力信息有限公司物联网
"客户ID: VX147
客户公司: 东方峻景传媒有限公司金融科技
客户所在地: 海门县, 中国
产品信息: 格力 智能净水器 Ultra (类别: 智能净水器)
生产商: 格力智能电器
产品价格: 9164.46
评分: 4.6星
评价日期: 2025年10月08日
评价内容: ""这款智能净水器质量很好，质量很好。总体来说很满意。""<ROW_SEP>

客户ID: VH856
客户公司: 鑫博腾飞科技有限公司电子商务
客户所在地: 英县, 中国
产品信息: 博世 智能净水器 Plus (类别: 智能净水器)
生产商: 博世智能系统
产品价格: 4134.03
评分: 2.0星
评价日期: 2025年09月25日
评价内容: ""使用一周后出现故障，功能单一，售后服务也不好。""<ROW_SEP>

客户ID: CC657
客户公司: 昊嘉信息有限公司信息技术
客户所在地: 军县, 中国
产品信息: 格力 智能净水器 Mini (类别: 智能净水器)
生产商: 格力智能电器
产品价格: 8271.83
评分: 1.1星
评价日期: 2025年09月23日
评价内容: ""在多次对比之后选择了这款，这款智能净水器存在明显缺陷。主要问题在于续航时间短。这钱花得太冤枉了。""<ROW_SEP>

客户ID: VH856
客户公司: 鑫博腾飞科技有限公司电子商务
客户所在地: 英县, 中国
产品信息: 格力 智能净水器 Ultra (类别: 智能净水器)
生产商: 格力智能电器
产品价格: 9164.46
评分: 3.9星
评价日期: 2025年09月23日
评价内容: ""智能净水器的质量还可以，续航时间长，不过智能化程度低。""<ROW_SEP>

客户ID: XA254
客户公司: 易动力信息有限公司物联网
客户所在地: 齐齐哈尔市, 中国
产品信息: 格力 智能净水器 Ultra (类别: 智能净水器)
生产商: 格力智能电器
产品价格: 9164.46
评分: 3.8星
评价日期: 2025年09月18日
评价内容: ""这款智能净水器一般，外观漂亮，但是散热问题有点问题。""<ROW_SEP>

客户ID: ZU351
客户公司: 银嘉科技有限公司科技公司
客户所在地: 秀荣市, 中国
产品信息: 博世 智能净水器 Plus (类别: 智能净水器)
生产商: 博世智能系统
产品价格: 4134.03
评分: 3.4星
评价日期: 2025年09月15日
评价内容: ""在晚上睡前使用还不错，但在其他情况下表现一般。""<ROW_SEP>

客户ID: ZU351
客户公司: 银嘉科技有限公司科技公司
客户所在地: 秀荣市, 中国
产品信息: 博世 智能净水器 Plus (类别: 智能净水器)
生产商: 博世智能系统
产品价格: 4134.03
评分: 1.7星
评价日期: 2025年09月11日
评价内容: ""不推荐这款智能净水器，兼容性差，很失望。""",781,97,VX147,4.6,2025-10-08,928,智能净水器,格力 智能净水器 Ultra,东方峻景传媒有限公司金融科技
"客户ID: EU335
客户公司: 济南亿次元网络有限公司科技公司
客户所在地: 巢湖市, 中国
产品信息: 博世 智能净水器 Plus (类别: 智能净水器)
生产商: 博世智能系统
产品价格: 4134.03
评分: 1.1星
评价日期: 2025年09月09日
评价内容: ""体验下来，这款博世 智能净水器 Plus不值这个价格。主要问题在于做工一般。希望厂家能重视这些问题。""<ROW_SEP>

客户ID: WQ849
客户公司: 开发区世创科技有限公司科技公司
客户所在地: 嘉禾市, 中国
产品信息: 谷歌 智能净水器 Ultra (类别: 智能净水器)
生产商: 谷歌智能设备
产品价格: 7844.22
评分: 1.4星
评价日期: 2025年09月08日
评价内容: ""这款产品有严重问题，操作复杂，已经申请退款。""<ROW_SEP>

客户ID: YR398
客户公司: 浦华众城信息有限公司虚拟现实
客户所在地: 大冶市, 中国
产品信息: LG 智能净水器 Basic (类别: 智能净水器)
生产商: LG智能家电
产品价格: 9118.55
评分: 4.8星
评价日期: 2025年09月03日
评价内容: ""不得不说，这款智能净水器设计很人性化。并且静音设计设计很贴心。和官方展示的有差距。如果非要说缺点的话，噪音控制还有提升空间。价格虽高，但物有所值。""<ROW_SEP>

客户ID: LB704
客户公司: 群英信息有限公司金融科技
客户所在地: 昆明县, 中国
产品信息: 格力 智能净水器 Ultra (类别: 智能净水器)
生产商: 格力智能电器
产品价格: 9164.46
评分: 3.4星
评价日期: 2025年08月18日
评价内容: ""智能净水器的质量还可以，外观漂亮，不过稳定性差。""<ROW_SEP>

客户ID: ZU351
客户公司: 银嘉科技有限公司科技公司
客户所在地: 秀荣市, 中国
产品信息: LG 智能净水器 Basic (类别: 智能净水器)
生产商: LG智能家电
产品价格: 9118.55
评分: 4.9星
评价日期: 2025年08月15日
评价内容: ""这款智能净水器质量很好，稳定性好。总体来说很满意。""<ROW_SEP>

客户ID: QL573
客户公司: 维涛科技有限公司网络安全
客户所在地: 永安市, 中国
产品信息: 美的 智能净水器 Plus (类别: 智能净水器)
生产商: 美的智能科技
产品价格: 8466.26
评分: 3.5星
评价日期: 2025年07月22日
评价内容: ""总体来说还行，续航时间长，就是使用说明不清。""<ROW_SEP>

客户ID: GL926
客户公司: 时空盒数字传媒有限公司大数据分析
客户所在地: 巢湖市, 中国
产品信息: 谷歌 智能净水器 Ultra (类别: 智能净水器)
生产商: 谷歌智能设备
产品价格: 7844.22
评分: 4.8星
评价日期: 2025年07月21日
评价内容: ""这款智能净水器的远程控制功能很实用，音质出色。""",448,57,EU335,1.1,2025-09-09,973,智能净水器,博世 智能净水器 Plus,济南亿次元网络有限公司科技公司
"客户ID: AW347
客户公司: 鸿睿思博传媒有限公司智能科技
客户所在地: 武汉市, 中国
产品信息: 博世 智能净水器 Max (类别: 智能净水器)
生产商: 博世智能系统
产品价格: 7890.83
评分: 2.2星
评价日期: 2025年07月17日
评价内容: ""连接稳定性问题很严重，完全不值这个价格。""<ROW_SEP>

客户ID: CA470
客户公司: 南康传媒有限公司生物科技
客户所在地: 贵阳市, 中国
产品信息: 美的 智能净水器 Plus (类别: 智能净水器)
生产商: 美的智能科技
产品价格: 8466.26
评分: 2.9星
评价日期: 2025年07月06日
评价内容: ""老实讲，这款智能净水器存在明显缺陷。使用不到一周就出现了失灵。希望厂家能重视这些问题。""<ROW_SEP>

客户ID: CA470
客户公司: 南康传媒有限公司生物科技
客户所在地: 贵阳市, 中国
产品信息: 格力 智能净水器 Ultra (类别: 智能净水器)
生产商: 格力智能电器
产品价格: 9164.46
评分: 3.1星
评价日期: 2025年07月04日
评价内容: ""在看电影时使用还不错，但在其他情况下表现一般。""<ROW_SEP>

客户ID: HD242
客户公司: 富罳科技有限公司生物科技
客户所在地: 想县, 中国
产品信息: 美的 智能净水器 Plus (类别: 智能净水器)
生产商: 美的智能科技
产品价格: 8466.26
评分: 3.8星
评价日期: 2025年06月25日
评价内容: ""购买后，这款美的 智能净水器 Plus性价比一般。在看电影时时使用体验还不错。更让我满意的是使用久了会发现一些小问题。性价比很高。""<ROW_SEP>

客户ID: CC657
客户公司: 昊嘉信息有限公司信息技术
客户所在地: 军县, 中国
产品信息: LG 智能净水器 Basic (类别: 智能净水器)
生产商: LG智能家电
产品价格: 9118.55
评分: 2.8星
评价日期: 2025年06月15日
评价内容: ""对这款智能净水器非常不满意，功能单一，浪费钱。""<ROW_SEP>

客户ID: BP732
客户公司: 南康网络有限公司互联网服务
客户所在地: 敏市, 中国
产品信息: 谷歌 智能净水器 Ultra (类别: 智能净水器)
生产商: 谷歌智能设备
产品价格: 7844.22
评分: 1.1星
评价日期: 2025年06月12日
评价内容: ""使用一周后出现故障，安装困难，售后服务也不好。""<ROW_SEP>

客户ID: XO649
客户公司: 晖来计算机传媒有限公司云计算
客户所在地: 郑州县, 中国
产品信息: 谷歌 智能净水器 Basic (类别: 智能净水器)
生产商: 谷歌智能设备
产品价格: 2404.37
评分: 2.0星
评价日期: 2025年06月06日
评价内容: ""对这款智能净水器非常不满意，兼容性差，浪费钱。""",519,70,AW347,2.2,2025-07-17,946,智能净水器,博世 智能净水器 Max,鸿睿思博传媒有限公司智能科技
"客户ID: GR729
客户公司: 中建创业网络有限公司移动应用开发
客户所在地: 辽阳县, 中国
产品信息: 谷歌 智能净水器 Basic (类别: 智能净水器)
生产商: 谷歌智能设备
产品价格: 2404.37
评分: 3.7星
评价日期: 2025年05月29日
评价内容: ""在多次对比之后选择了这款，这款智能净水器中规中矩。智能联动设计得比较合理。特别是散热问题有点问题。有点贵了，但质量确实好。""<ROW_SEP>

客户ID: GR729
客户公司: 中建创业网络有限公司移动应用开发
客户所在地: 辽阳县, 中国
产品信息: 博世 智能净水器 Max (类别: 智能净水器)
生产商: 博世智能系统
产品价格: 7890.83
评分: 3.2星
评价日期: 2025年05月23日
评价内容: ""作为第一次购买这类产品的新手，这款博世 智能净水器 Max中规中矩。长期使用下来，语音识别表现不错。最重要的是连接稳定性有点问题。便宜没好货，这句话在这里很适用。""<ROW_SEP>

客户ID: MJ814
客户公司: 毕博诚科技有限公司互联网服务
客户所在地: 俊市, 中国
产品信息: LG 智能净水器 Basic (类别: 智能净水器)
生产商: LG智能家电
产品价格: 9118.55
评分: 2.7星
评价日期: 2025年05月21日
评价内容: ""不推荐这款智能净水器，使用说明不清，很失望。""<ROW_SEP>

客户ID: CM245
客户公司: 万迅电脑信息有限公司科技公司
客户所在地: 洋县, 中国
产品信息: LG 智能净水器 Basic (类别: 智能净水器)
生产商: LG智能家电
产品价格: 9118.55
评分: 4.4星
评价日期: 2025年04月26日
评价内容: ""在看电影时时使用效果很好，特别是智能联动功能。""<ROW_SEP>

客户ID: TW751
客户公司: 图龙信息网络有限公司云计算
客户所在地: 宁德市, 中国
产品信息: LG 智能净水器 Basic (类别: 智能净水器)
生产商: LG智能家电
产品价格: 9118.55
评分: 2.1星
评价日期: 2025年04月13日
评价内容: ""这款产品有严重问题，安装困难，已经申请退款。""<ROW_SEP>

客户ID: PC764
客户公司: 恒聪百汇传媒有限公司虚拟现实
客户所在地: 重庆市, 中国
产品信息: 格力 智能净水器 Mini (类别: 智能净水器)
生产商: 格力智能电器
产品价格: 8271.83
评分: 3.0星
评价日期: 2025年03月31日
评价内容: ""这款智能净水器一般，兼容性强，但是噪音控制有点问题。""",1074,20,GR729,3.7,2025-05-29,864,智能净水器,谷歌 智能净水器 Basic,中建创业网络有限公司移动应用开发
"客户ID: GR729
客户公司: 中建创业网络有限公司移动应用开发
客户所在地: 辽阳县, 中国
产品信息: 格力 智能净水器 Ultra (类别: 智能净水器)
生产商: 格力智能电器
产品价格: 9164.46
评分: 4.9星
评价日期: 2025年03月11日
评价内容: ""这是我用过的最好的智能净水器之一，节能环保，性价比很高。""<ROW_SEP>

客户ID: AU710
客户公司: 巨奥传媒有限公司信息技术
客户所在地: 辛集市, 中国
产品信息: 美的 智能净水器 Plus (类别: 智能净水器)
生产商: 美的智能科技
产品价格: 8466.26
评分: 5.0星
评价日期: 2025年03月10日
评价内容: ""对比了市面上几款同类产品后，这款美的 智能净水器 Plus设计很人性化。并且节能模式功能特别实用。如果非要说缺点的话，配件可以再多一些。便宜没好货，这句话在这里很适用。""<ROW_SEP>

客户ID: EM821
客户公司: 泰麒麟信息有限公司人工智能
客户所在地: 香港县, 中国
产品信息: LG 智能净水器 Basic (类别: 智能净水器)
生产商: LG智能家电
产品价格: 9118.55
评分: 3.4星
评价日期: 2025年02月22日
评价内容: ""在多次对比之后选择了这款，这款LG 智能净水器 Basic中规中矩。在做饭时时使用体验还不错。而且使用久了会发现一些小问题。便宜没好货，这句话在这里很适用。""<ROW_SEP>

客户ID: LU518
客户公司: 易动力传媒有限公司生物科技
客户所在地: 伟市, 中国
产品信息: 谷歌 智能净水器 Ultra (类别: 智能净水器)
生产商: 谷歌智能设备
产品价格: 7844.22
评分: 3.7星
评价日期: 2025年02月21日
评价内容: ""试用了几天，这款智能净水器总体来说还可以。高清画质设计得比较合理。除此之外噪音控制有点问题。对得起这个价格。""<ROW_SEP>

客户ID: QI779
客户公司: 合联电子科技有限公司网络安全
客户所在地: 沈阳县, 中国
产品信息: 博世 智能净水器 Max (类别: 智能净水器)
生产商: 博世智能系统
产品价格: 7890.83
评分: 2.9星
评价日期: 2025年02月19日
评价内容: ""不推荐这款智能净水器，售后服务差，很失望。""<ROW_SEP>

客户ID: EI532
客户公司: 七喜传媒有限公司人工智能
客户所在地: 丽华县, 中国
产品信息: 博世 智能净水器 Plus (类别: 智能净水器)
生产商: 博世智能系统
产品价格: 4134.03
评分: 1.3星
评价日期: 2025年02月18日
评价内容: ""用了一段时间，这款博世 智能净水器 Plus质量太差。在晚上睡前时完全不能正常工作。已经申请退款了。""",1222,97,GR729,4.9,2025-03-11,929,智能净水器,格力 智能净水器 Ultra,中建创业网络有限公司移动应用开发
"客户ID: MJ814
客户公司: 毕博诚科技有限公司互联网服务
客户所在地: 俊市, 中国
产品信息: LG 智能净水器 Basic (类别: 智能净水器)
生产商: LG智能家电
产品价格: 9118.55
评分: 4.4星
评价日期: 2025年01月20日
评价内容: ""非常满意这次购买，音质出色，送货也很快。""<ROW_SEP>

客户ID: FN522
客户公司: 新宇龙信息科技有限公司电子商务
客户所在地: 磊县, 中国
产品信息: 博世 智能净水器 Plus (类别: 智能净水器)
生产商: 博世智能系统
产品价格: 4134.03
评分: 2.4星
评价日期: 2024年12月13日
评价内容: ""个人认为，这款智能净水器不值这个价格。在工作时时完全不能正常工作。唯一值得称赞的可能就是送货速度快。这钱花得太冤枉了。""<ROW_SEP>

客户ID: WY218
客户公司: 飞海科技传媒有限公司信息技术
客户所在地: 济南市, 中国
产品信息: 美的 智能净水器 Plus (类别: 智能净水器)
生产商: 美的智能科技
产品价格: 8466.26
评分: 1.1星
评价日期: 2024年12月04日
评价内容: ""从我的使用体验来看，这款智能净水器质量太差。主要问题在于续航时间短。""<ROW_SEP>

客户ID: CZ861
客户公司: 合联电子科技有限公司信息技术
客户所在地: 荣市, 中国
产品信息: 美的 智能净水器 Plus (类别: 智能净水器)
生产商: 美的智能科技
产品价格: 8466.26
评分: 2.4星
评价日期: 2024年11月20日
评价内容: ""使用一周后出现故障，安装困难，售后服务也不好。""<ROW_SEP>

客户ID: CC657
客户公司: 昊嘉信息有限公司信息技术
客户所在地: 军县, 中国
产品信息: 格力 智能净水器 Ultra (类别: 智能净水器)
生产商: 格力智能电器
产品价格: 9164.46
评分: 2.3星
评价日期: 2024年11月19日
评价内容: ""对比了市面上几款同类产品后，这款智能净水器不值这个价格。信号强度简直无法忍受。希望厂家能重视这些问题。""<ROW_SEP>

客户ID: WY218
客户公司: 飞海科技传媒有限公司信息技术
客户所在地: 济南市, 中国
产品信息: 谷歌 智能净水器 Basic (类别: 智能净水器)
生产商: 谷歌智能设备
产品价格: 2404.37
评分: 4.8星
评价日期: 2024年10月23日
评价内容: ""智能净水器的设计很人性化，画质清晰，值得推荐。""<ROW_SEP>

客户ID: NQ176
客户公司: 图龙信息传媒有限公司数字科技
客户所在地: 南昌市, 中国
产品信息: 格力 智能净水器 Ultra (类别: 智能净水器)
生产商: 格力智能电器
产品价格: 9164.46
评分: 3.9星
评价日期: 2024年10月21日
评价内容: ""在看电影时使用还不错，但在其他情况下表现一般。""",1231,63,MJ814,4.4,2025-01-20,971,智能净水器,LG 智能净水器 Basic,毕博诚科技有限公司互联网服务
"客户ID: XO649
客户公司: 晖来计算机传媒有限公司云计算
客户所在地: 郑州县, 中国
产品信息: 谷歌 智能净水器 Ultra (类别: 智能净水器)
生产商: 谷歌智能设备
产品价格: 7844.22
评分: 5.0星
评价日期: 2024年09月26日
评价内容: ""这款产品的定时功能特别好用，在夜间使用时特别方便。""<ROW_SEP>

客户ID: GC890
客户公司: 创联世纪信息有限公司移动应用开发
客户所在地: 福州县, 中国
产品信息: LG 智能净水器 Basic (类别: 智能净水器)
生产商: LG智能家电
产品价格: 9118.55
评分: 2.0星
评价日期: 2024年09月19日
评价内容: ""对这款智能净水器非常不满意，功能单一，浪费钱。""<ROW_SEP>

客户ID: UY980
客户公司: 兰金电子传媒有限公司生物科技
客户所在地: 桂香县, 中国
产品信息: 美的 智能净水器 Plus (类别: 智能净水器)
生产商: 美的智能科技
产品价格: 8466.26
评分: 1.1星
评价日期: 2024年09月17日
评价内容: ""对这款智能净水器非常不满意，价格偏高，浪费钱。""<ROW_SEP>

客户ID: PS740
客户公司: 国讯科技有限公司金融科技
客户所在地: 金凤市, 中国
产品信息: 博世 智能净水器 Max (类别: 智能净水器)
生产商: 博世智能系统
产品价格: 7890.83
评分: 3.2星
评价日期: 2024年09月05日
评价内容: ""总体来说还行，安装方便，就是画质模糊。""<ROW_SEP>

客户ID: MZ379
客户公司: 联软传媒有限公司区块链技术
客户所在地: 慧县, 中国
产品信息: 谷歌 智能净水器 Basic (类别: 智能净水器)
生产商: 谷歌智能设备
产品价格: 2404.37
评分: 1.4星
评价日期: 2024年09月01日
评价内容: ""对比了市面上几款同类产品后，这款谷歌 智能净水器 Basic使用体验很差。主要问题在于售后服务差。以后不会再考虑这个品牌的产品。""<ROW_SEP>

客户ID: CZ861
客户公司: 合联电子科技有限公司信息技术
客户所在地: 荣市, 中国
产品信息: 格力 智能净水器 Ultra (类别: 智能净水器)
生产商: 格力智能电器
产品价格: 9164.46
评分: 3.8星
评价日期: 2024年08月31日
评价内容: ""这款产品优缺点都有，质量很好，但价格偏高。""<ROW_SEP>

客户ID: DH200
客户公司: 盟新传媒有限公司大数据分析
客户所在地: 辽阳县, 中国
产品信息: 格力 智能净水器 Ultra (类别: 智能净水器)
生产商: 格力智能电器
产品价格: 9164.46
评分: 2.2星
评价日期: 2024年08月26日
评价内容: ""对这款智能净水器非常不满意，稳定性差，浪费钱。""",462,42,XO649,5.0,2024-09-26,931,智能净水器,谷歌 智能净水器 Ultra,晖来计算机传媒有限公司云计算
"客户ID: MA264
客户公司: 时刻网络有限公司信息技术
客户所在地: 梅县, 中国
产品信息: 谷歌 智能净水器 Basic (类别: 智能净水器)
生产商: 谷歌智能设备
产品价格: 2404.37
评分: 3.2星
评价日期: 2024年08月26日
评价内容: ""我觉得，这款谷歌 智能净水器 Basic总体来说还可以。高清画质设计得比较合理。最让我失望的是缺点是音质一般。值得购买。""<ROW_SEP>

客户ID: FA862
客户公司: 方正科技网络有限公司云计算
客户所在地: 潮州县, 中国
产品信息: 谷歌 智能净水器 Ultra (类别: 智能净水器)
生产商: 谷歌智能设备
产品价格: 7844.22
评分: 4.5星
评价日期: 2024年08月24日
评价内容: ""使用了一个月，操作简单，没有发现任何问题。""<ROW_SEP>

客户ID: CS287
客户公司: 和泰网络有限公司电子商务
客户所在地: 玲市, 中国
产品信息: 格力 智能净水器 Ultra (类别: 智能净水器)
生产商: 格力智能电器
产品价格: 9164.46
评分: 1.4星
评价日期: 2024年08月04日
评价内容: ""这款产品有严重问题，价格偏高，已经申请退款。""<ROW_SEP>

客户ID: LU518
客户公司: 易动力传媒有限公司生物科技
客户所在地: 伟市, 中国
产品信息: 格力 智能净水器 Ultra (类别: 智能净水器)
生产商: 格力智能电器
产品价格: 9164.46
评分: 5.0星
评价日期: 2024年07月13日
评价内容: ""这款智能净水器的节能模式功能很实用，功能齐全。""<ROW_SEP>

客户ID: GC890
客户公司: 创联世纪信息有限公司移动应用开发
客户所在地: 福州县, 中国
产品信息: 格力 智能净水器 Mini (类别: 智能净水器)
生产商: 格力智能电器
产品价格: 8271.83
评分: 4.7星
评价日期: 2024年07月04日
评价内容: ""对比了市面上几款同类产品后，这款格力 智能净水器 Mini真的很不错。尤其是省电模式设计很贴心。比我想象的要差一些。如果非要说缺点的话，价格稍微贵了一点。整体体验不错。""<ROW_SEP>

客户ID: GR729
客户公司: 中建创业网络有限公司移动应用开发
客户所在地: 辽阳县, 中国
产品信息: 谷歌 智能净水器 Basic (类别: 智能净水器)
生产商: 谷歌智能设备
产品价格: 2404.37
评分: 3.4星
评价日期: 2024年07月02日
评价内容: ""智能净水器的质量还可以，续航时间长，不过耗电量大。""",916,20,MA264,3.2,2024-08-26,857,智能净水器,谷歌 智能净水器 Basic,时刻网络有限公司信息技术
"客户ID: ZV584
客户公司: 维旺明科技有限公司大数据分析
客户所在地: 杭州市, 中国
产品信息: 格力 智能净水器 Ultra (类别: 智能净水器)
生产商: 格力智能电器
产品价格: 9164.46
评分: 4.7星
评价日期: 2024年06月19日
评价内容: ""从我的使用体验来看，这款格力 智能净水器 Ultra设计很人性化。然而高清画质设计很贴心。可以考虑其他品牌的同类产品。""<ROW_SEP>

客户ID: XW046
客户公司: 鑫博腾飞信息有限公司智能科技
客户所在地: 兴安盟市, 中国
产品信息: LG 智能净水器 Basic (类别: 智能净水器)
生产商: LG智能家电
产品价格: 9118.55
评分: 3.2星
评价日期: 2024年06月17日
评价内容: ""这款智能净水器一般，功能齐全，但是连接稳定性有点问题。""<ROW_SEP>

客户ID: VX147
客户公司: 东方峻景传媒有限公司金融科技
客户所在地: 海门县, 中国
产品信息: 谷歌 智能净水器 Basic (类别: 智能净水器)
生产商: 谷歌智能设备
产品价格: 2404.37
评分: 4.0星
评价日期: 2024年06月12日
评价内容: ""使用了一个月，智能化程度高，没有发现任何问题。""<ROW_SEP>

客户ID: KM929
客户公司: 迪摩科技有限公司电子商务
客户所在地: 福州县, 中国
产品信息: LG 智能净水器 Basic (类别: 智能净水器)
生产商: LG智能家电
产品价格: 9118.55
评分: 1.4星
评价日期: 2024年06月08日
评价内容: ""使用一周后出现故障，反应迟钝，售后服务也不好。""",175,97,ZV584,4.7,2024-06-19,545,智能净水器,格力 智能净水器 Ultra,维旺明科技有限公司大数据分析
"客户ID: WB890
客户公司: 鑫博腾飞网络有限公司金融科技
客户所在地: 马鞍山市, 中国
产品信息: 小米 智能加湿器 Plus (类别: 智能加湿器)
生产商: 小米智能家居
产品价格: 8210.59
评分: 1.8星
评价日期: 2026年06月02日
评价内容: ""不推荐这款智能加湿器，稳定性差，很失望。""<ROW_SEP>

客户ID: GL926
客户公司: 时空盒数字传媒有限公司大数据分析
客户所在地: 巢湖市, 中国
产品信息: 松下 智能加湿器 Pro (类别: 智能加湿器)
生产商: 松下智能电器
产品价格: 8374.66
评分: 2.3星
评价日期: 2026年05月29日
评价内容: ""不推荐这款智能加湿器，续航时间短，很失望。""<ROW_SEP>

客户ID: VQ233
客户公司: 和泰信息有限公司信息技术
客户所在地: 成都市, 中国
产品信息: 飞利浦 智能加湿器 Ultra (类别: 智能加湿器)
生产商: 飞利浦智能照明
产品价格: 6144.74
评分: 1.4星
评价日期: 2026年05月08日
评价内容: ""不推荐这款智能加湿器，音质一般，很失望。""<ROW_SEP>

客户ID: NU711
客户公司: 易动力科技有限公司人工智能
客户所在地: 桂兰县, 中国
产品信息: 飞利浦 智能加湿器 Ultra (类别: 智能加湿器)
生产商: 飞利浦智能照明
产品价格: 6144.74
评分: 4.0星
评价日期: 2026年05月08日
评价内容: ""试用了几天，这款飞利浦 智能加湿器 Ultra很好用。另外在工作时时表现尤为出色。可以考虑其他品牌的同类产品。""<ROW_SEP>

客户ID: DV182
客户公司: 艾提科信传媒有限公司网络安全
客户所在地: 桂荣市, 中国
产品信息: 小米 智能加湿器 Plus (类别: 智能加湿器)
生产商: 小米智能家居
产品价格: 8210.59
评分: 4.5星
评价日期: 2026年05月04日
评价内容: ""不得不说，这款小米 智能加湿器 Plus性价比很高。和描述的有些差距。如果非要说缺点的话，可能就是稳定性差。建议慎重考虑。""<ROW_SEP>

客户ID: ZH741
客户公司: 巨奥科技有限公司信息技术
客户所在地: 峰县, 中国
产品信息: 索尼 智能加湿器 Pro (类别: 智能加湿器)
生产商: 索尼智能科技
产品价格: 5644.5
评分: 1.9星
评价日期: 2026年04月28日
评价内容: ""对这款智能加湿器非常不满意，操作复杂，浪费钱。""<ROW_SEP>

客户ID: FN522
客户公司: 新宇龙信息科技有限公司电子商务
客户所在地: 磊县, 中国
产品信息: 松下 智能加湿器 Pro (类别: 智能加湿器)
生产商: 松下智能电器
产品价格: 8374.66
评分: 1.4星
评价日期: 2026年04月09日
评价内容: ""电池寿命问题很严重，完全不值这个价格。""",166,27,WB890,1.8,2026-06-02,954,智能加湿器,小米 智能加湿器 Plus,鑫博腾飞网络有限公司金融科技
"客户ID: PS740
客户公司: 国讯科技有限公司金融科技
客户所在地: 金凤市, 中国
产品信息: 海尔智慧家庭 智能加湿器 Lite (类别: 智能加湿器)
生产商: 海尔智慧家庭
产品价格: 9057.68
评分: 2.6星
评价日期: 2026年04月06日
评价内容: ""老实讲，这款海尔智慧家庭 智能加湿器 Lite不推荐购买。噪音控制简直无法忍受。唯一值得称赞的可能就是送货速度快。已经申请退款了。""<ROW_SEP>

客户ID: XO649
客户公司: 晖来计算机传媒有限公司云计算
客户所在地: 郑州县, 中国
产品信息: 索尼 智能加湿器 Pro (类别: 智能加湿器)
生产商: 索尼智能科技
产品价格: 5644.5
评分: 2.4星
评价日期: 2026年04月05日
评价内容: ""这款产品有严重问题，反应迟钝，已经申请退款。""<ROW_SEP>

客户ID: PE529
客户公司: 易动力网络有限公司信息技术
客户所在地: 英县, 中国
产品信息: 松下 智能加湿器 Pro (类别: 智能加湿器)
生产商: 松下智能电器
产品价格: 8374.66
评分: 3.7星
评价日期: 2026年03月17日
评价内容: ""老实讲，这款智能加湿器没有特别惊喜。在早晨起床时使用体验还不错。遗憾的是缺点是耗电量大。不太推荐购买。""<ROW_SEP>

客户ID: QU287
客户公司: 戴硕电子科技有限公司移动应用开发
客户所在地: 瑜市, 中国
产品信息: 海尔智慧家庭 智能加湿器 Lite (类别: 智能加湿器)
生产商: 海尔智慧家庭
产品价格: 9057.68
评分: 1.6星
评价日期: 2026年03月13日
评价内容: ""连接稳定性问题很严重，完全不值这个价格。""<ROW_SEP>

客户ID: VQ233
客户公司: 和泰信息有限公司信息技术
客户所在地: 成都市, 中国
产品信息: 索尼 智能加湿器 Pro (类别: 智能加湿器)
生产商: 索尼智能科技
产品价格: 5644.5
评分: 5.0星
评价日期: 2026年03月12日
评价内容: ""购买后，这款索尼 智能加湿器 Pro非常满意。同时高清画质设计很贴心。希望厂家能改进这些问题。""<ROW_SEP>

客户ID: MJ814
客户公司: 毕博诚科技有限公司互联网服务
客户所在地: 俊市, 中国
产品信息: 海尔智慧家庭 智能加湿器 Lite (类别: 智能加湿器)
生产商: 海尔智慧家庭
产品价格: 9057.68
评分: 3.7星
评价日期: 2026年03月03日
评价内容: ""这款产品优缺点都有，安装方便，但操作复杂。""<ROW_SEP>

客户ID: FB488
客户公司: 方正科技科技有限公司互联网服务
客户所在地: 宁德市, 中国
产品信息: 小米 智能加湿器 Plus (类别: 智能加湿器)
生产商: 小米智能家居
产品价格: 8210.59
评分: 2.9星
评价日期: 2026年02月27日
评价内容: ""对这款智能加湿器非常不满意，操作复杂，浪费钱。""",546,36,PS740,2.6,2026-04-06,992,智能加湿器,海尔智慧家庭 智能加湿器 Lite,国讯科技有限公司金融科技
"客户ID: RG743
客户公司: 快讯信息有限公司智能科技
客户所在地: 勇县, 中国
产品信息: 小米 智能加湿器 Plus (类别: 智能加湿器)
生产商: 小米智能家居
产品价格: 8210.59
评分: 3.5星
评价日期: 2026年02月20日
评价内容: ""在做饭时使用还不错，但在其他情况下表现一般。""<ROW_SEP>

客户ID: CA470
客户公司: 南康传媒有限公司生物科技
客户所在地: 贵阳市, 中国
产品信息: 华为 智能加湿器 Plus (类别: 智能加湿器)
生产商: 华为智能生活
产品价格: 2510.66
评分: 3.0星
评价日期: 2026年02月12日
评价内容: ""这款产品优缺点都有，画质清晰，但价格偏高。""<ROW_SEP>

客户ID: FC418
客户公司: 网新恒天网络有限公司生物科技
客户所在地: 秀珍县, 中国
产品信息: 松下 智能加湿器 Pro (类别: 智能加湿器)
生产商: 松下智能电器
产品价格: 8374.66
评分: 1.4星
评价日期: 2026年01月25日
评价内容: ""坦白讲，这款松下 智能加湿器 Pro很失望。主要问题在于续航时间短。这钱花得太冤枉了。""<ROW_SEP>

客户ID: ZU351
客户公司: 银嘉科技有限公司科技公司
客户所在地: 秀荣市, 中国
产品信息: 索尼 智能加湿器 Pro (类别: 智能加湿器)
生产商: 索尼智能科技
产品价格: 5644.5
评分: 3.7星
评价日期: 2026年01月25日
评价内容: ""这款产品优缺点都有，外观漂亮，但功能单一。""<ROW_SEP>

客户ID: GR625
客户公司: 明腾传媒有限公司互联网服务
客户所在地: 邯郸市, 中国
产品信息: 海尔智慧家庭 智能加湿器 Lite (类别: 智能加湿器)
生产商: 海尔智慧家庭
产品价格: 9057.68
评分: 1.6星
评价日期: 2026年01月16日
评价内容: ""购买后，这款海尔智慧家庭 智能加湿器 Lite功能实现得很糟糕。使用不到一周就出现了损坏。已经申请退款了。""<ROW_SEP>

客户ID: EI532
客户公司: 七喜传媒有限公司人工智能
客户所在地: 丽华县, 中国
产品信息: 华为 智能加湿器 Plus (类别: 智能加湿器)
生产商: 华为智能生活
产品价格: 2510.66
评分: 1.2星
评价日期: 2025年12月28日
评价内容: ""这款产品有严重问题，价格偏高，已经申请退款。""<ROW_SEP>

客户ID: EU335
客户公司: 济南亿次元网络有限公司科技公司
客户所在地: 巢湖市, 中国
产品信息: 华为 智能加湿器 Plus (类别: 智能加湿器)
生产商: 华为智能生活
产品价格: 2510.66
评分: 4.2星
评价日期: 2025年12月06日
评价内容: ""经过一段时间使用，这款智能加湿器很好用。和朋友推荐的一样好用。不太推荐购买。""",395,27,RG743,3.5,2026-02-20,951,智能加湿器,小米 智能加湿器 Plus,快讯信息有限公司智能科技
"客户ID: FA862
客户公司: 方正科技网络有限公司云计算
客户所在地: 潮州县, 中国
产品信息: 海尔智慧家庭 智能加湿器 Lite (类别: 智能加湿器)
生产商: 海尔智慧家庭
产品价格: 9057.68
评分: 4.6星
评价日期: 2025年11月29日
评价内容: ""说实话，这款智能加湿器功能很强大。遗憾的是在看电影时时表现尤为出色。如果非要说缺点的话，配件可以再多一些。值得购买。""<ROW_SEP>

客户ID: FN522
客户公司: 新宇龙信息科技有限公司电子商务
客户所在地: 磊县, 中国
产品信息: 海尔智慧家庭 智能加湿器 Lite (类别: 智能加湿器)
生产商: 海尔智慧家庭
产品价格: 9057.68
评分: 2.9星
评价日期: 2025年11月24日
评价内容: ""坦白讲，这款海尔智慧家庭 智能加湿器 Lite使用体验很差。在看电影时时完全不能正常工作。唯一值得称赞的可能就是包装很精美。""<ROW_SEP>

客户ID: EA575
客户公司: 襄樊地球村信息有限公司物联网
客户所在地: 丽娟市, 中国
产品信息: 三星 智能加湿器 Mini (类别: 智能加湿器)
生产商: 三星智能家电
产品价格: 1356.55
评分: 5.0星
评价日期: 2025年11月23日
评价内容: ""这款智能加湿器的智能学习功能很实用，稳定性好。""<ROW_SEP>

客户ID: GJ116
客户公司: 良诺信息有限公司生物科技
客户所在地: 红市, 中国
产品信息: 华为 智能加湿器 Plus (类别: 智能加湿器)
生产商: 华为智能生活
产品价格: 2510.66
评分: 4.6星
评价日期: 2025年11月21日
评价内容: ""使用了一个月，节能环保，没有发现任何问题。""<ROW_SEP>

客户ID: YZ898
客户公司: 通际名联科技有限公司金融科技
客户所在地: 济南市, 中国
产品信息: 海尔智慧家庭 智能加湿器 Lite (类别: 智能加湿器)
生产商: 海尔智慧家庭
产品价格: 9057.68
评分: 4.1星
评价日期: 2025年10月30日
评价内容: ""使用了一个月，节能环保，没有发现任何问题。""<ROW_SEP>

客户ID: AY876
客户公司: 精芯传媒有限公司物联网
客户所在地: 武汉市, 中国
产品信息: 小米 智能加湿器 Plus (类别: 智能加湿器)
生产商: 小米智能家居
产品价格: 8210.59
评分: 2.2星
评价日期: 2025年10月27日
评价内容: ""不推荐这款智能加湿器，功能单一，很失望。""",1158,36,FA862,4.6,2025-11-29,843,智能加湿器,海尔智慧家庭 智能加湿器 Lite,方正科技网络有限公司云计算
"客户ID: QI779
客户公司: 合联电子科技有限公司网络安全
客户所在地: 沈阳县, 中国
产品信息: 华为 智能加湿器 Plus (类别: 智能加湿器)
生产商: 华为智能生活
产品价格: 2510.66
评分: 4.8星
评价日期: 2025年10月13日
评价内容: ""使用后感觉，这款华为 智能加湿器 Plus很好用。最让我失望的是语音识别功能特别实用。在同价位产品中表现最好。推荐给有需要的朋友。""<ROW_SEP>

客户ID: NQ176
客户公司: 图龙信息传媒有限公司数字科技
客户所在地: 南昌市, 中国
产品信息: 小米 智能加湿器 Plus (类别: 智能加湿器)
生产商: 小米智能家居
产品价格: 8210.59
评分: 4.3星
评价日期: 2025年10月05日
评价内容: ""非常满意这次购买，兼容性强，送货也很快。""<ROW_SEP>

客户ID: XA254
客户公司: 易动力信息有限公司物联网
客户所在地: 齐齐哈尔市, 中国
产品信息: 华为 智能加湿器 Plus (类别: 智能加湿器)
生产商: 华为智能生活
产品价格: 2510.66
评分: 3.1星
评价日期: 2025年10月03日
评价内容: ""老实讲，这款智能加湿器一般般。在工作日使用时，语音识别表现不错。更让我满意的是信号强度有点问题。建议慎重考虑。""<ROW_SEP>

客户ID: PS740
客户公司: 国讯科技有限公司金融科技
客户所在地: 金凤市, 中国
产品信息: 三星 智能加湿器 Mini (类别: 智能加湿器)
生产商: 三星智能家电
产品价格: 1356.55
评分: 3.0星
评价日期: 2025年09月30日
评价内容: ""这款智能加湿器一般，外观漂亮，但是连接稳定性有点问题。""<ROW_SEP>

客户ID: RG743
客户公司: 快讯信息有限公司智能科技
客户所在地: 勇县, 中国
产品信息: 索尼 智能加湿器 Pro (类别: 智能加湿器)
生产商: 索尼智能科技
产品价格: 5644.5
评分: 1.9星
评价日期: 2025年09月29日
评价内容: ""对这款智能加湿器非常不满意，操作复杂，浪费钱。""<ROW_SEP>

客户ID: EB652
客户公司: 凌云信息有限公司虚拟现实
客户所在地: 秀珍县, 中国
产品信息: 索尼 智能加湿器 Pro (类别: 智能加湿器)
生产商: 索尼智能科技
产品价格: 5644.5
评分: 4.6星
评价日期: 2025年09月26日
评价内容: ""这款智能加湿器质量很好，功能齐全。总体来说很满意。""<ROW_SEP>

客户ID: GC890
客户公司: 创联世纪信息有限公司移动应用开发
客户所在地: 福州县, 中国
产品信息: 三星 智能加湿器 Mini (类别: 智能加湿器)
生产商: 三星智能家电
产品价格: 1356.55
评分: 2.6星
评价日期: 2025年09月12日
评价内容: ""不推荐这款智能加湿器，售后服务差，很失望。""",785,21,QI779,4.8,2025-10-13,971,智能加湿器,华为 智能加湿器 Plus,合联电子科技有限公司网络安全
"客户ID: CC657
客户公司: 昊嘉信息有限公司信息技术
客户所在地: 军县, 中国
产品信息: 小米 智能加湿器 Plus (类别: 智能加湿器)
生产商: 小米智能家居
产品价格: 8210.59
评分: 2.4星
评价日期: 2025年09月12日
评价内容: ""对这款智能加湿器非常不满意，音质一般，浪费钱。""<ROW_SEP>

客户ID: GR729
客户公司: 中建创业网络有限公司移动应用开发
客户所在地: 辽阳县, 中国
产品信息: 飞利浦 智能加湿器 Ultra (类别: 智能加湿器)
生产商: 飞利浦智能照明
产品价格: 6144.74
评分: 4.0星
评价日期: 2025年08月13日
评价内容: ""这款智能加湿器质量很好，节能环保。总体来说很满意。""<ROW_SEP>

客户ID: ZF061
客户公司: 维旺明信息有限公司人工智能
客户所在地: 坤县, 中国
产品信息: 松下 智能加湿器 Pro (类别: 智能加湿器)
生产商: 松下智能电器
产品价格: 8374.66
评分: 1.6星
评价日期: 2025年08月13日
评价内容: ""使用一周后出现故障，智能化程度低，售后服务也不好。""<ROW_SEP>

客户ID: NQ176
客户公司: 图龙信息传媒有限公司数字科技
客户所在地: 南昌市, 中国
产品信息: 松下 智能加湿器 Pro (类别: 智能加湿器)
生产商: 松下智能电器
产品价格: 8374.66
评分: 1.1星
评价日期: 2025年08月02日
评价内容: ""不推荐这款智能加湿器，画质模糊，很失望。""<ROW_SEP>

客户ID: ZU351
客户公司: 银嘉科技有限公司科技公司
客户所在地: 秀荣市, 中国
产品信息: 飞利浦 智能加湿器 Ultra (类别: 智能加湿器)
生产商: 飞利浦智能照明
产品价格: 6144.74
评分: 1.5星
评价日期: 2025年07月20日
评价内容: ""这款产品有严重问题，操作复杂，已经申请退款。""<ROW_SEP>

客户ID: II746
客户公司: 恩悌传媒有限公司虚拟现实
客户所在地: 南昌县, 中国
产品信息: 海尔智慧家庭 智能加湿器 Lite (类别: 智能加湿器)
生产商: 海尔智慧家庭
产品价格: 9057.68
评分: 3.4星
评价日期: 2025年07月16日
评价内容: ""这款产品优缺点都有，安装方便，但音质一般。""<ROW_SEP>

客户ID: AK874
客户公司: 昊嘉信息有限公司区块链技术
客户所在地: 雷市, 中国
产品信息: 海尔智慧家庭 智能加湿器 Lite (类别: 智能加湿器)
生产商: 海尔智慧家庭
产品价格: 9057.68
评分: 2.4星
评价日期: 2025年07月10日
评价内容: ""对这款智能加湿器非常不满意，兼容性差，浪费钱。""",1065,27,CC657,2.4,2025-09-12,907,智能加湿器,小米 智能加湿器 Plus,昊嘉信息有限公司信息技术
"客户ID: NU711
客户公司: 易动力科技有限公司人工智能
客户所在地: 桂兰县, 中国
产品信息: 海尔智慧家庭 智能加湿器 Lite (类别: 智能加湿器)
生产商: 海尔智慧家庭
产品价格: 9057.68
评分: 3.8星
评价日期: 2025年07月05日
评价内容: ""这款产品优缺点都有，外观漂亮，但稳定性差。""<ROW_SEP>

客户ID: VQ233
客户公司: 和泰信息有限公司信息技术
客户所在地: 成都市, 中国
产品信息: 三星 智能加湿器 Mini (类别: 智能加湿器)
生产商: 三星智能家电
产品价格: 1356.55
评分: 4.3星
评价日期: 2025年07月01日
评价内容: ""这款智能加湿器质量很好，节能环保。总体来说很满意。""<ROW_SEP>

客户ID: MR129
客户公司: 太极信息有限公司互联网服务
客户所在地: 海门市, 中国
产品信息: 小米 智能加湿器 Plus (类别: 智能加湿器)
生产商: 小米智能家居
产品价格: 8210.59
评分: 1.2星
评价日期: 2025年06月29日
评价内容: ""我发现，这款小米 智能加湿器 Plus性价比极低。主要问题在于价格偏高。唯一值得称赞的可能就是售后服务态度好。这钱花得太冤枉了。""<ROW_SEP>

客户ID: FN522
客户公司: 新宇龙信息科技有限公司电子商务
客户所在地: 磊县, 中国
产品信息: 飞利浦 智能加湿器 Ultra (类别: 智能加湿器)
生产商: 飞利浦智能照明
产品价格: 6144.74
评分: 1.9星
评价日期: 2025年06月24日
评价内容: ""对这款智能加湿器非常不满意，安装困难，浪费钱。""<ROW_SEP>

客户ID: FJ947
客户公司: 浙大万朋信息有限公司生物科技
客户所在地: 鑫市, 中国
产品信息: 飞利浦 智能加湿器 Ultra (类别: 智能加湿器)
生产商: 飞利浦智能照明
产品价格: 6144.74
评分: 3.6星
评价日期: 2025年06月14日
评价内容: ""智能加湿器的质量还可以，画质清晰，不过做工一般。""<ROW_SEP>

客户ID: FN522
客户公司: 新宇龙信息科技有限公司电子商务
客户所在地: 磊县, 中国
产品信息: 华为 智能加湿器 Plus (类别: 智能加湿器)
生产商: 华为智能生活
产品价格: 2510.66
评分: 2.1星
评价日期: 2025年06月14日
评价内容: ""电池寿命问题很严重，完全不值这个价格。""<ROW_SEP>

客户ID: CS287
客户公司: 和泰网络有限公司电子商务
客户所在地: 玲市, 中国
产品信息: 飞利浦 智能加湿器 Ultra (类别: 智能加湿器)
生产商: 飞利浦智能照明
产品价格: 6144.74
评分: 3.5星
评价日期: 2025年05月30日
评价内容: ""这款智能加湿器一般，操作简单，但是信号强度有点问题。""",187,36,NU711,3.8,2025-07-05,944,智能加湿器,海尔智慧家庭 智能加湿器 Lite,易动力科技有限公司人工智能
"客户ID: MA264
客户公司: 时刻网络有限公司信息技术
客户所在地: 梅县, 中国
产品信息: 飞利浦 智能加湿器 Ultra (类别: 智能加湿器)
生产商: 飞利浦智能照明
产品价格: 6144.74
评分: 3.2星
评价日期: 2025年05月27日
评价内容: ""经过一段时间使用，这款飞利浦 智能加湿器 Ultra优缺点都有。第一天使用时，智能学习表现不错。最重要的是在办公环境场景下表现一般。推荐给有需要的朋友。""<ROW_SEP>

客户ID: OA831
客户公司: 华泰通安科技有限公司网络安全
客户所在地: 玉梅市, 中国
产品信息: 三星 智能加湿器 Mini (类别: 智能加湿器)
生产商: 三星智能家电
产品价格: 1356.55
评分: 3.2星
评价日期: 2025年05月25日
评价内容: ""总体来说还行，续航时间长，就是智能化程度低。""<ROW_SEP>

客户ID: FN522
客户公司: 新宇龙信息科技有限公司电子商务
客户所在地: 磊县, 中国
产品信息: 海尔智慧家庭 智能加湿器 Lite (类别: 智能加湿器)
生产商: 海尔智慧家庭
产品价格: 9057.68
评分: 4.4星
评价日期: 2025年05月25日
评价内容: ""这款智能加湿器质量很好，性价比高。总体来说很满意。""<ROW_SEP>

客户ID: MG296
客户公司: 浦华众城网络有限公司信息技术
客户所在地: 浩市, 中国
产品信息: 松下 智能加湿器 Pro (类别: 智能加湿器)
生产商: 松下智能电器
产品价格: 8374.66
评分: 2.9星
评价日期: 2025年05月10日
评价内容: ""对比了市面上几款同类产品后，这款智能加湿器有严重问题。主要问题在于做工一般。唯一值得称赞的可能就是外观设计还不错。不推荐任何人购买。""<ROW_SEP>

客户ID: PE529
客户公司: 易动力网络有限公司信息技术
客户所在地: 英县, 中国
产品信息: 三星 智能加湿器 Mini (类别: 智能加湿器)
生产商: 三星智能家电
产品价格: 1356.55
评分: 2.6星
评价日期: 2025年05月09日
评价内容: ""电池寿命问题很严重，完全不值这个价格。""<ROW_SEP>

客户ID: HD242
客户公司: 富罳科技有限公司生物科技
客户所在地: 想县, 中国
产品信息: 华为 智能加湿器 Plus (类别: 智能加湿器)
生产商: 华为智能生活
产品价格: 2510.66
评分: 4.8星
评价日期: 2025年05月05日
评价内容: ""在看电影时时使用效果很好，特别是高清画质功能。""<ROW_SEP>

客户ID: ZF801
客户公司: 易动力科技有限公司科技公司
客户所在地: 沈阳县, 中国
产品信息: 飞利浦 智能加湿器 Ultra (类别: 智能加湿器)
生产商: 飞利浦智能照明
产品价格: 6144.74
评分: 3.8星
评价日期: 2025年05月04日
评价内容: ""在晚上睡前使用还不错，但在其他情况下表现一般。""",1225,33,MA264,3.2,2025-05-27,991,智能加湿器,飞利浦 智能加湿器 Ultra,时刻网络有限公司信息技术
"客户ID: CZ861
客户公司: 合联电子科技有限公司信息技术
客户所在地: 荣市, 中国
产品信息: 华为 智能加湿器 Plus (类别: 智能加湿器)
生产商: 华为智能生活
产品价格: 2510.66
评分: 4.7星
评价日期: 2025年05月02日
评价内容: ""非常满意这次购买，做工精细，送货也很快。""<ROW_SEP>

客户ID: FC418
客户公司: 网新恒天网络有限公司生物科技
客户所在地: 秀珍县, 中国
产品信息: 小米 智能加湿器 Plus (类别: 智能加湿器)
生产商: 小米智能家居
产品价格: 8210.59
评分: 1.3星
评价日期: 2025年04月12日
评价内容: ""不推荐这款智能加湿器，售后服务差，很失望。""<ROW_SEP>

客户ID: BI759
客户公司: 时空盒数字信息有限公司虚拟现实
客户所在地: 荣市, 中国
产品信息: 三星 智能加湿器 Mini (类别: 智能加湿器)
生产商: 三星智能家电
产品价格: 1356.55
评分: 4.4星
评价日期: 2025年04月11日
评价内容: ""智能加湿器的设计很人性化，外观漂亮，值得推荐。""<ROW_SEP>

客户ID: NU012
客户公司: 商软冠联传媒有限公司智能科技
客户所在地: 太原县, 中国
产品信息: 索尼 智能加湿器 Pro (类别: 智能加湿器)
生产商: 索尼智能科技
产品价格: 5644.5
评分: 2.5星
评价日期: 2025年04月07日
评价内容: ""不推荐这款智能加湿器，安装困难，很失望。""<ROW_SEP>

客户ID: WB209
客户公司: 维涛传媒有限公司云计算
客户所在地: 秀华县, 中国
产品信息: 索尼 智能加湿器 Pro (类别: 智能加湿器)
生产商: 索尼智能科技
产品价格: 5644.5
评分: 2.2星
评价日期: 2025年03月20日
评价内容: ""不推荐这款智能加湿器，反应迟钝，很失望。""<ROW_SEP>

客户ID: MA264
客户公司: 时刻网络有限公司信息技术
客户所在地: 梅县, 中国
产品信息: 松下 智能加湿器 Pro (类别: 智能加湿器)
生产商: 松下智能电器
产品价格: 8374.66
评分: 3.7星
评价日期: 2025年02月26日
评价内容: ""智能加湿器的质量还可以，做工精细，不过音质一般。""<ROW_SEP>

客户ID: MJ814
客户公司: 毕博诚科技有限公司互联网服务
客户所在地: 俊市, 中国
产品信息: 三星 智能加湿器 Mini (类别: 智能加湿器)
生产商: 三星智能家电
产品价格: 1356.55
评分: 4.8星
评价日期: 2025年02月11日
评价内容: ""在做饭时时使用效果很好，特别是高清画质功能。""",260,21,CZ861,4.7,2025-05-02,887,智能加湿器,华为 智能加湿器 Plus,合联电子科技有限公司信息技术
"客户ID: AU710
客户公司: 巨奥传媒有限公司信息技术
客户所在地: 辛集市, 中国
产品信息: 松下 智能加湿器 Pro (类别: 智能加湿器)
生产商: 松下智能电器
产品价格: 8374.66
评分: 2.8星
评价日期: 2025年01月28日
评价内容: ""不推荐这款智能加湿器，操作复杂，很失望。""<ROW_SEP>

客户ID: LU518
客户公司: 易动力传媒有限公司生物科技
客户所在地: 伟市, 中国
产品信息: 飞利浦 智能加湿器 Ultra (类别: 智能加湿器)
生产商: 飞利浦智能照明
产品价格: 6144.74
评分: 5.0星
评价日期: 2025年01月25日
评价内容: ""在看电影时时使用效果很好，特别是高清画质功能。""<ROW_SEP>

客户ID: XN875
客户公司: 天开传媒有限公司网络安全
客户所在地: 芳市, 中国
产品信息: 海尔智慧家庭 智能加湿器 Lite (类别: 智能加湿器)
生产商: 海尔智慧家庭
产品价格: 9057.68
评分: 4.2星
评价日期: 2025年01月25日
评价内容: ""这款产品的定时功能特别好用，在办公环境时特别方便。""<ROW_SEP>

客户ID: RG743
客户公司: 快讯信息有限公司智能科技
客户所在地: 勇县, 中国
产品信息: 索尼 智能加湿器 Pro (类别: 智能加湿器)
生产商: 索尼智能科技
产品价格: 5644.5
评分: 1.7星
评价日期: 2024年12月04日
评价内容: ""使用一周后出现故障，做工一般，售后服务也不好。""<ROW_SEP>

客户ID: GR625
客户公司: 明腾传媒有限公司互联网服务
客户所在地: 邯郸市, 中国
产品信息: 小米 智能加湿器 Plus (类别: 智能加湿器)
生产商: 小米智能家居
产品价格: 8210.59
评分: 4.0星
评价日期: 2024年12月02日
评价内容: ""从我的使用体验来看，这款小米 智能加湿器 Plus值得推荐。性价比很高。""<ROW_SEP>

客户ID: YZ898
客户公司: 通际名联科技有限公司金融科技
客户所在地: 济南市, 中国
产品信息: 海尔智慧家庭 智能加湿器 Lite (类别: 智能加湿器)
生产商: 海尔智慧家庭
产品价格: 9057.68
评分: 4.1星
评价日期: 2024年11月27日
评价内容: ""这款智能加湿器的语音识别功能很实用，续航时间长。""<ROW_SEP>

客户ID: WB890
客户公司: 鑫博腾飞网络有限公司金融科技
客户所在地: 马鞍山市, 中国
产品信息: 三星 智能加湿器 Mini (类别: 智能加湿器)
生产商: 三星智能家电
产品价格: 1356.55
评分: 4.2星
评价日期: 2024年11月18日
评价内容: ""这款智能加湿器质量很好，画质清晰。总体来说很满意。""",1229,49,AU710,2.8,2025-01-28,916,智能加湿器,松下 智能加湿器 Pro,巨奥传媒有限公司信息技术
"客户ID: LU518
客户公司: 易动力传媒有限公司生物科技
客户所在地: 伟市, 中国
产品信息: 索尼 智能加湿器 Pro (类别: 智能加湿器)
生产商: 索尼智能科技
产品价格: 5644.5
评分: 2.5星
评价日期: 2024年11月14日
评价内容: ""信号强度问题很严重，完全不值这个价格。""<ROW_SEP>

客户ID: XO649
客户公司: 晖来计算机传媒有限公司云计算
客户所在地: 郑州县, 中国
产品信息: 小米 智能加湿器 Plus (类别: 智能加湿器)
生产商: 小米智能家居
产品价格: 8210.59
评分: 2.6星
评价日期: 2024年11月08日
评价内容: ""不推荐这款智能加湿器，稳定性差，很失望。""<ROW_SEP>

客户ID: AD089
客户公司: 创亿网络有限公司移动应用开发
客户所在地: 楠市, 中国
产品信息: 索尼 智能加湿器 Pro (类别: 智能加湿器)
生产商: 索尼智能科技
产品价格: 5644.5
评分: 1.7星
评价日期: 2024年11月07日
评价内容: ""对这款智能加湿器非常不满意，画质模糊，浪费钱。""<ROW_SEP>

客户ID: FA862
客户公司: 方正科技网络有限公司云计算
客户所在地: 潮州县, 中国
产品信息: 小米 智能加湿器 Plus (类别: 智能加湿器)
生产商: 小米智能家居
产品价格: 8210.59
评分: 1.8星
评价日期: 2024年10月26日
评价内容: ""噪音控制问题很严重，完全不值这个价格。""<ROW_SEP>

客户ID: VX147
客户公司: 东方峻景传媒有限公司金融科技
客户所在地: 海门县, 中国
产品信息: 小米 智能加湿器 Plus (类别: 智能加湿器)
生产商: 小米智能家居
产品价格: 8210.59
评分: 3.4星
评价日期: 2024年10月03日
评价内容: ""在多次对比之后选择了这款，这款小米 智能加湿器 Plus功能基本满足需求。在做饭时时使用体验还不错。并且在家庭聚会场景下表现一般。期待下一代产品能有所改进。""<ROW_SEP>

客户ID: EI532
客户公司: 七喜传媒有限公司人工智能
客户所在地: 丽华县, 中国
产品信息: 松下 智能加湿器 Pro (类别: 智能加湿器)
生产商: 松下智能电器
产品价格: 8374.66
评分: 1.4星
评价日期: 2024年10月02日
评价内容: ""电池寿命问题很严重，完全不值这个价格。""<ROW_SEP>

客户ID: GL926
客户公司: 时空盒数字传媒有限公司大数据分析
客户所在地: 巢湖市, 中国
产品信息: 小米 智能加湿器 Plus (类别: 智能加湿器)
生产商: 小米智能家居
产品价格: 8210.59
评分: 2.0星
评价日期: 2024年09月28日
评价内容: ""对这款智能加湿器非常不满意，画质模糊，浪费钱。""",163,93,LU518,2.5,2024-11-14,937,智能加湿器,索尼 智能加湿器 Pro,易动力传媒有限公司生物科技
"客户ID: BF338
客户公司: 天开网络有限公司金融科技
客户所在地: 南宁市, 中国
产品信息: 三星 智能加湿器 Mini (类别: 智能加湿器)
生产商: 三星智能家电
产品价格: 1356.55
评分: 2.7星
评价日期: 2024年09月25日
评价内容: ""信号强度问题很严重，完全不值这个价格。""<ROW_SEP>

客户ID: CM245
客户公司: 万迅电脑信息有限公司科技公司
客户所在地: 洋县, 中国
产品信息: 华为 智能加湿器 Plus (类别: 智能加湿器)
生产商: 华为智能生活
产品价格: 2510.66
评分: 2.3星
评价日期: 2024年09月25日
评价内容: ""购买后，这款华为 智能加湿器 Plus性价比极低。主要问题在于耗电量大。不推荐任何人购买。""<ROW_SEP>

客户ID: MR129
客户公司: 太极信息有限公司互联网服务
客户所在地: 海门市, 中国
产品信息: 三星 智能加湿器 Mini (类别: 智能加湿器)
生产商: 三星智能家电
产品价格: 1356.55
评分: 1.3星
评价日期: 2024年09月24日
评价内容: ""对这款智能加湿器非常不满意，价格偏高，浪费钱。""<ROW_SEP>

客户ID: VX147
客户公司: 东方峻景传媒有限公司金融科技
客户所在地: 海门县, 中国
产品信息: 三星 智能加湿器 Mini (类别: 智能加湿器)
生产商: 三星智能家电
产品价格: 1356.55
评分: 1.5星
评价日期: 2024年09月17日
评价内容: ""连接稳定性问题很严重，完全不值这个价格。""<ROW_SEP>

客户ID: EA575
客户公司: 襄樊地球村信息有限公司物联网
客户所在地: 丽娟市, 中国
产品信息: 海尔智慧家庭 智能加湿器 Lite (类别: 智能加湿器)
生产商: 海尔智慧家庭
产品价格: 9057.68
评分: 4.1星
评价日期: 2024年09月15日
评价内容: ""在晚上睡前时使用效果很好，特别是省电模式功能。""<ROW_SEP>

客户ID: VZ702
客户公司: 精芯网络有限公司互联网服务
客户所在地: 马鞍山县, 中国
产品信息: 飞利浦 智能加湿器 Ultra (类别: 智能加湿器)
生产商: 飞利浦智能照明
产品价格: 6144.74
评分: 1.2星
评价日期: 2024年09月03日
评价内容: ""使用后感觉，这款智能加湿器存在明显缺陷。在工作时时完全不能正常工作。""<ROW_SEP>

客户ID: CS287
客户公司: 和泰网络有限公司电子商务
客户所在地: 玲市, 中国
产品信息: 三星 智能加湿器 Mini (类别: 智能加湿器)
生产商: 三星智能家电
产品价格: 1356.55
评分: 3.8星
评价日期: 2024年09月01日
评价内容: ""这款产品优缺点都有，性价比高，但售后服务差。""",1221,31,BF338,2.7,2024-09-25,925,智能加湿器,三星 智能加湿器 Mini,天开网络有限公司金融科技
"客户ID: AK874
客户公司: 昊嘉信息有限公司区块链技术
客户所在地: 雷市, 中国
产品信息: 三星 智能加湿器 Mini (类别: 智能加湿器)
生产商: 三星智能家电
产品价格: 1356.55
评分: 2.4星
评价日期: 2024年08月31日
评价内容: ""散热问题问题很严重，完全不值这个价格。""<ROW_SEP>

客户ID: BF338
客户公司: 天开网络有限公司金融科技
客户所在地: 南宁市, 中国
产品信息: 小米 智能加湿器 Plus (类别: 智能加湿器)
生产商: 小米智能家居
产品价格: 8210.59
评分: 1.5星
评价日期: 2024年08月30日
评价内容: ""购买后，这款智能加湿器功能实现得很糟糕。电池寿命简直无法忍受。唯一值得称赞的可能就是外观设计还不错。""<ROW_SEP>

客户ID: ZO854
客户公司: MBP软件科技有限公司信息技术
客户所在地: 丽华县, 中国
产品信息: 华为 智能加湿器 Plus (类别: 智能加湿器)
生产商: 华为智能生活
产品价格: 2510.66
评分: 2.4星
评价日期: 2024年08月26日
评价内容: ""这款产品有严重问题，智能化程度低，已经申请退款。""<ROW_SEP>

客户ID: GR625
客户公司: 明腾传媒有限公司互联网服务
客户所在地: 邯郸市, 中国
产品信息: 小米 智能加湿器 Plus (类别: 智能加湿器)
生产商: 小米智能家居
产品价格: 8210.59
评分: 2.9星
评价日期: 2024年08月22日
评价内容: ""坦白讲，这款小米 智能加湿器 Plus不值这个价格。在工作时时完全不能正常工作。""<ROW_SEP>

客户ID: GJ116
客户公司: 良诺信息有限公司生物科技
客户所在地: 红市, 中国
产品信息: 三星 智能加湿器 Mini (类别: 智能加湿器)
生产商: 三星智能家电
产品价格: 1356.55
评分: 1.0星
评价日期: 2024年08月19日
评价内容: ""体验下来，这款智能加湿器性价比极低。电池寿命简直无法忍受。这钱花得太冤枉了。""<ROW_SEP>

客户ID: AD089
客户公司: 创亿网络有限公司移动应用开发
客户所在地: 楠市, 中国
产品信息: 飞利浦 智能加湿器 Ultra (类别: 智能加湿器)
生产商: 飞利浦智能照明
产品价格: 6144.74
评分: 4.4星
评价日期: 2024年08月17日
评价内容: ""使用了一个月，做工精细，没有发现任何问题。""<ROW_SEP>

客户ID: QJ392
客户公司: 创亿网络有限公司金融科技
客户所在地: 重庆市, 中国
产品信息: 小米 智能加湿器 Plus (类别: 智能加湿器)
生产商: 小米智能家居
产品价格: 8210.59
评分: 1.7星
评价日期: 2024年07月10日
评价内容: ""使用一周后出现故障，功能单一，售后服务也不好。""",875,31,AK874,2.4,2024-08-31,945,智能加湿器,三星 智能加湿器 Mini,昊嘉信息有限公司区块链技术
"客户ID: DH200
客户公司: 盟新传媒有限公司大数据分析
客户所在地: 辽阳县, 中国
产品信息: 小米 智能加湿器 Plus (类别: 智能加湿器)
生产商: 小米智能家居
产品价格: 8210.59
评分: 1.9星
评价日期: 2024年07月04日
评价内容: ""使用一周后出现故障，使用说明不清，售后服务也不好。""<ROW_SEP>

客户ID: FA862
客户公司: 方正科技网络有限公司云计算
客户所在地: 潮州县, 中国
产品信息: 华为 智能加湿器 Plus (类别: 智能加湿器)
生产商: 华为智能生活
产品价格: 2510.66
评分: 4.9星
评价日期: 2024年06月24日
评价内容: ""非常满意这次购买，续航时间长，送货也很快。""<ROW_SEP>

客户ID: OA831
客户公司: 华泰通安科技有限公司网络安全
客户所在地: 玉梅市, 中国
产品信息: 海尔智慧家庭 智能加湿器 Lite (类别: 智能加湿器)
生产商: 海尔智慧家庭
产品价格: 9057.68
评分: 3.1星
评价日期: 2024年06月22日
评价内容: ""在多次对比之后选择了这款，这款海尔智慧家庭 智能加湿器 Lite中规中矩。优点是音质出色。另外使用久了会发现一些小问题。性价比很高。""<ROW_SEP>

客户ID: CC657
客户公司: 昊嘉信息有限公司信息技术
客户所在地: 军县, 中国
产品信息: 海尔智慧家庭 智能加湿器 Lite (类别: 智能加湿器)
生产商: 海尔智慧家庭
产品价格: 9057.68
评分: 2.1星
评价日期: 2024年06月09日
评价内容: ""信号强度问题很严重，完全不值这个价格。""",1124,27,DH200,1.9,2024-07-04,553,智能加湿器,小米 智能加湿器 Plus,盟新传媒有限公司大数据分析
"客户ID: US056
客户公司: 国讯网络有限公司移动应用开发
客户所在地: 文市, 中国
产品信息: 博世 智能开关 Max (类别: 智能开关)
生产商: 博世智能系统
产品价格: 7392.09
评分: 4.5星
评价日期: 2026年05月28日
评价内容: ""购买后，这款博世 智能开关 Max值得推荐。然而在看电影时时表现尤为出色。比我预期的要好。如果非要说缺点的话，信号强度还有提升空间。推荐给有需要的朋友。""<ROW_SEP>

客户ID: FJ947
客户公司: 浙大万朋信息有限公司生物科技
客户所在地: 鑫市, 中国
产品信息: 博世 智能开关 Max (类别: 智能开关)
生产商: 博世智能系统
产品价格: 7392.09
评分: 2.3星
评价日期: 2026年05月26日
评价内容: ""不推荐这款智能开关，画质模糊，很失望。""<ROW_SEP>

客户ID: IK721
客户公司: 诺依曼软件传媒有限公司物联网
客户所在地: 华市, 中国
产品信息: 苹果 智能开关 Basic (类别: 智能开关)
生产商: 苹果智能家庭
产品价格: 869.49
评分: 2.7星
评价日期: 2026年05月17日
评价内容: ""说实话，这款苹果 智能开关 Basic完全不符合预期。使用不到一周就出现了损坏。""<ROW_SEP>

客户ID: MA264
客户公司: 时刻网络有限公司信息技术
客户所在地: 梅县, 中国
产品信息: 海尔智慧家庭 智能开关 Plus (类别: 智能开关)
生产商: 海尔智慧家庭
产品价格: 7438.8
评分: 5.0星
评价日期: 2026年05月10日
评价内容: ""非常满意这次购买，外观漂亮，送货也很快。""<ROW_SEP>

客户ID: EU335
客户公司: 济南亿次元网络有限公司科技公司
客户所在地: 巢湖市, 中国
产品信息: 小米 智能开关 Ultra (类别: 智能开关)
生产商: 小米智能家居
产品价格: 747.93
评分: 4.5星
评价日期: 2026年05月06日
评价内容: ""这是我用过的最好的智能开关之一，节能环保，性价比很高。""<ROW_SEP>

客户ID: ZF061
客户公司: 维旺明信息有限公司人工智能
客户所在地: 坤县, 中国
产品信息: 松下 智能开关 Lite (类别: 智能开关)
生产商: 松下智能电器
产品价格: 9053.56
评分: 4.6星
评价日期: 2026年05月04日
评价内容: ""使用后感觉，这款智能开关真的很不错。除此之外在看电影时时表现尤为出色。如果非要说缺点的话，配件可以再多一些。不太推荐购买。""<ROW_SEP>

客户ID: CC657
客户公司: 昊嘉信息有限公司信息技术
客户所在地: 军县, 中国
产品信息: 松下 智能开关 Advanced (类别: 智能开关)
生产商: 松下智能电器
产品价格: 7248.19
评分: 1.1星
评价日期: 2026年04月16日
评价内容: ""使用一周后出现故障，画质模糊，售后服务也不好。""",273,54,US056,4.5,2026-05-28,981,智能开关,博世 智能开关 Max,国讯网络有限公司移动应用开发
"客户ID: KM929
客户公司: 迪摩科技有限公司电子商务
客户所在地: 福州县, 中国
产品信息: LG 智能开关 Lite (类别: 智能开关)
生产商: LG智能家电
产品价格: 7112.72
评分: 3.9星
评价日期: 2026年04月04日
评价内容: ""购买后，这款LG 智能开关 Lite没有特别惊喜。在看电影时时使用体验还不错。而且缺点是智能化程度低。有点贵了，但质量确实好。""<ROW_SEP>

客户ID: WW556
客户公司: 商软冠联网络有限公司信息技术
客户所在地: 梅市, 中国
产品信息: 海尔智慧家庭 智能开关 Plus (类别: 智能开关)
生产商: 海尔智慧家庭
产品价格: 7438.8
评分: 4.5星
评价日期: 2026年03月08日
评价内容: ""智能开关的设计很人性化，操作简单，值得推荐。""<ROW_SEP>

客户ID: QL573
客户公司: 维涛科技有限公司网络安全
客户所在地: 永安市, 中国
产品信息: LG 智能开关 Lite (类别: 智能开关)
生产商: LG智能家电
产品价格: 7112.72
评分: 3.7星
评价日期: 2026年03月03日
评价内容: ""试用了几天，这款LG 智能开关 Lite质量还行。高清画质设计得比较合理。不仅如此信号强度有点问题。希望厂家能改进这些问题。""<ROW_SEP>

客户ID: TE207
客户公司: 新宇龙信息传媒有限公司人工智能
客户所在地: 张家港市, 中国
产品信息: LG 智能开关 Lite (类别: 智能开关)
生产商: LG智能家电
产品价格: 7112.72
评分: 5.0星
评价日期: 2026年02月19日
评价内容: ""这款智能开关的自动调节功能很实用，安装方便。""<ROW_SEP>

客户ID: WB209
客户公司: 维涛传媒有限公司云计算
客户所在地: 秀华县, 中国
产品信息: 松下 智能开关 Advanced (类别: 智能开关)
生产商: 松下智能电器
产品价格: 7248.19
评分: 3.1星
评价日期: 2026年02月16日
评价内容: ""说实话，这款智能开关中规中矩。智能联动设计得比较合理。不过电池寿命有点问题。不太推荐购买。""<ROW_SEP>

客户ID: WY218
客户公司: 飞海科技传媒有限公司信息技术
客户所在地: 济南市, 中国
产品信息: 苹果 智能开关 Basic (类别: 智能开关)
生产商: 苹果智能家庭
产品价格: 869.49
评分: 4.2星
评价日期: 2026年02月14日
评价内容: ""这款产品的智能场景特别好用，在户外活动时特别方便。""<ROW_SEP>

客户ID: II746
客户公司: 恩悌传媒有限公司虚拟现实
客户所在地: 南昌县, 中国
产品信息: 松下 智能开关 Lite (类别: 智能开关)
生产商: 松下智能电器
产品价格: 9053.56
评分: 2.3星
评价日期: 2026年02月01日
评价内容: ""对这款智能开关非常不满意，价格偏高，浪费钱。""",608,82,KM929,3.9,2026-04-04,970,智能开关,LG 智能开关 Lite,迪摩科技有限公司电子商务
"客户ID: XW046
客户公司: 鑫博腾飞信息有限公司智能科技
客户所在地: 兴安盟市, 中国
产品信息: 博世 智能开关 Max (类别: 智能开关)
生产商: 博世智能系统
产品价格: 7392.09
评分: 2.3星
评价日期: 2026年01月29日
评价内容: ""说实话，这款智能开关不值这个价格。在做饭时时完全不能正常工作。不推荐任何人购买。""<ROW_SEP>

客户ID: FA862
客户公司: 方正科技网络有限公司云计算
客户所在地: 潮州县, 中国
产品信息: 海尔智慧家庭 智能开关 Plus (类别: 智能开关)
生产商: 海尔智慧家庭
产品价格: 7438.8
评分: 2.6星
评价日期: 2026年01月27日
评价内容: ""对这款智能开关非常不满意，价格偏高，浪费钱。""<ROW_SEP>

客户ID: QJ392
客户公司: 创亿网络有限公司金融科技
客户所在地: 重庆市, 中国
产品信息: 小米 智能开关 Ultra (类别: 智能开关)
生产商: 小米智能家居
产品价格: 747.93
评分: 2.8星
评价日期: 2026年01月02日
评价内容: ""这款产品有严重问题，功能单一，已经申请退款。""<ROW_SEP>

客户ID: PL616
客户公司: 巨奥网络有限公司金融科技
客户所在地: 明市, 中国
产品信息: 松下 智能开关 Lite (类别: 智能开关)
生产商: 松下智能电器
产品价格: 9053.56
评分: 1.2星
评价日期: 2025年12月18日
评价内容: ""用了一段时间，这款松下 智能开关 Lite性价比极低。电池寿命简直无法忍受。唯一值得称赞的可能就是外观设计还不错。这钱花得太冤枉了。""<ROW_SEP>

客户ID: CS287
客户公司: 和泰网络有限公司电子商务
客户所在地: 玲市, 中国
产品信息: 小米 智能开关 Max (类别: 智能开关)
生产商: 小米智能家居
产品价格: 2038.82
评分: 3.6星
评价日期: 2025年12月18日
评价内容: ""在早晨起床使用还不错，但在其他情况下表现一般。""<ROW_SEP>

客户ID: BW289
客户公司: 海创网络有限公司生物科技
客户所在地: 汕尾县, 中国
产品信息: 小米 智能开关 Ultra (类别: 智能开关)
生产商: 小米智能家居
产品价格: 747.93
评分: 3.7星
评价日期: 2025年12月03日
评价内容: ""用了一段时间，这款小米 智能开关 Ultra性价比一般。在工作时时使用体验还不错。除此之外连接稳定性有点问题。整体体验不错。""<ROW_SEP>

客户ID: PC764
客户公司: 恒聪百汇传媒有限公司虚拟现实
客户所在地: 重庆市, 中国
产品信息: 松下 智能开关 Lite (类别: 智能开关)
生产商: 松下智能电器
产品价格: 9053.56
评分: 2.0星
评价日期: 2025年11月29日
评价内容: ""对这款智能开关非常不满意，耗电量大，浪费钱。""",1153,54,XW046,2.3,2026-01-29,971,智能开关,博世 智能开关 Max,鑫博腾飞信息有限公司智能科技
"客户ID: NU711
客户公司: 易动力科技有限公司人工智能
客户所在地: 桂兰县, 中国
产品信息: 苹果 智能开关 Basic (类别: 智能开关)
生产商: 苹果智能家庭
产品价格: 869.49
评分: 4.6星
评价日期: 2025年11月22日
评价内容: ""购买后，这款苹果 智能开关 Basic很好用。最让我失望的是特别适合办公环境。价格虽高，但物有所值。""<ROW_SEP>

客户ID: IP471
客户公司: 银嘉信息有限公司移动应用开发
客户所在地: 荆门市, 中国
产品信息: 松下 智能开关 Advanced (类别: 智能开关)
生产商: 松下智能电器
产品价格: 7248.19
评分: 3.8星
评价日期: 2025年11月20日
评价内容: ""这款产品优缺点都有，外观漂亮，但智能化程度低。""<ROW_SEP>

客户ID: WY218
客户公司: 飞海科技传媒有限公司信息技术
客户所在地: 济南市, 中国
产品信息: 松下 智能开关 Advanced (类别: 智能开关)
生产商: 松下智能电器
产品价格: 7248.19
评分: 2.1星
评价日期: 2025年11月16日
评价内容: ""我发现，这款松下 智能开关 Advanced不推荐购买。使用不到一周就出现了失灵。这钱花得太冤枉了。""<ROW_SEP>

客户ID: EM821
客户公司: 泰麒麟信息有限公司人工智能
客户所在地: 香港县, 中国
产品信息: 博世 智能开关 Max (类别: 智能开关)
生产商: 博世智能系统
产品价格: 7392.09
评分: 4.3星
评价日期: 2025年10月28日
评价内容: ""这是我用过的最好的智能开关之一，反应灵敏，性价比很高。""<ROW_SEP>

客户ID: DX151
客户公司: 易动力信息有限公司物联网
客户所在地: 佛山县, 中国
产品信息: 小米 智能开关 Max (类别: 智能开关)
生产商: 小米智能家居
产品价格: 2038.82
评分: 2.6星
评价日期: 2025年10月23日
评价内容: ""坦白讲，这款智能开关质量太差。使用不到一周就出现了失灵。已经申请退款了。""<ROW_SEP>

客户ID: VH856
客户公司: 鑫博腾飞科技有限公司电子商务
客户所在地: 英县, 中国
产品信息: 小米 智能开关 Ultra (类别: 智能开关)
生产商: 小米智能家居
产品价格: 747.93
评分: 4.3星
评价日期: 2025年09月29日
评价内容: ""作为第一次购买这类产品的新手，这款小米 智能开关 Ultra超出我的预期。但是特别适合日常使用。和同价位其他产品相比更胜一筹。如果非要说缺点的话，说明书不够详细。对得起这个价格。""",232,51,NU711,4.6,2025-11-22,875,智能开关,苹果 智能开关 Basic,易动力科技有限公司人工智能
"客户ID: US056
客户公司: 国讯网络有限公司移动应用开发
客户所在地: 文市, 中国
产品信息: 海尔智慧家庭 智能开关 Plus (类别: 智能开关)
生产商: 海尔智慧家庭
产品价格: 7438.8
评分: 3.5星
评价日期: 2025年09月23日
评价内容: ""这款智能开关一般，节能环保，但是噪音控制有点问题。""<ROW_SEP>

客户ID: EM821
客户公司: 泰麒麟信息有限公司人工智能
客户所在地: 香港县, 中国
产品信息: 松下 智能开关 Advanced (类别: 智能开关)
生产商: 松下智能电器
产品价格: 7248.19
评分: 3.0星
评价日期: 2025年09月16日
评价内容: ""智能开关的质量还可以，反应灵敏，不过兼容性差。""<ROW_SEP>

客户ID: IK721
客户公司: 诺依曼软件传媒有限公司物联网
客户所在地: 华市, 中国
产品信息: 小米 智能开关 Ultra (类别: 智能开关)
生产商: 小米智能家居
产品价格: 747.93
评分: 3.7星
评价日期: 2025年08月31日
评价内容: ""总体来说还行，安装方便，就是兼容性差。""<ROW_SEP>

客户ID: BN418
客户公司: 易动力网络有限公司移动应用开发
客户所在地: 重庆市, 中国
产品信息: 苹果 智能开关 Basic (类别: 智能开关)
生产商: 苹果智能家庭
产品价格: 869.49
评分: 1.8星
评价日期: 2025年08月21日
评价内容: ""连接稳定性问题很严重，完全不值这个价格。""<ROW_SEP>

客户ID: HD242
客户公司: 富罳科技有限公司生物科技
客户所在地: 想县, 中国
产品信息: LG 智能开关 Lite (类别: 智能开关)
生产商: LG智能家电
产品价格: 7112.72
评分: 4.6星
评价日期: 2025年08月21日
评价内容: ""这款智能开关质量很好，智能化程度高。总体来说很满意。""<ROW_SEP>

客户ID: MJ814
客户公司: 毕博诚科技有限公司互联网服务
客户所在地: 俊市, 中国
产品信息: 松下 智能开关 Advanced (类别: 智能开关)
生产商: 松下智能电器
产品价格: 7248.19
评分: 3.7星
评价日期: 2025年08月13日
评价内容: ""这款智能开关一般，做工精细，但是电池寿命有点问题。""<ROW_SEP>

客户ID: NU012
客户公司: 商软冠联传媒有限公司智能科技
客户所在地: 太原县, 中国
产品信息: 松下 智能开关 Lite (类别: 智能开关)
生产商: 松下智能电器
产品价格: 9053.56
评分: 2.5星
评价日期: 2025年08月03日
评价内容: ""对这款智能开关非常不满意，做工一般，浪费钱。""",304,19,US056,3.5,2025-09-23,887,智能开关,海尔智慧家庭 智能开关 Plus,国讯网络有限公司移动应用开发
"客户ID: AW347
客户公司: 鸿睿思博传媒有限公司智能科技
客户所在地: 武汉市, 中国
产品信息: 小米 智能开关 Ultra (类别: 智能开关)
生产商: 小米智能家居
产品价格: 747.93
评分: 3.8星
评价日期: 2025年08月02日
评价内容: ""经过一段时间使用，这款小米 智能开关 Ultra没有特别惊喜。在做饭时时使用体验还不错。同时使用久了会发现一些小问题。可以考虑其他品牌的同类产品。""<ROW_SEP>

客户ID: JT617
客户公司: 时空盒数字信息有限公司智能科技
客户所在地: 郑州县, 中国
产品信息: 松下 智能开关 Lite (类别: 智能开关)
生产商: 松下智能电器
产品价格: 9053.56
评分: 3.0星
评价日期: 2025年08月01日
评价内容: ""总体来说还行，功能齐全，就是智能化程度低。""<ROW_SEP>

客户ID: MA264
客户公司: 时刻网络有限公司信息技术
客户所在地: 梅县, 中国
产品信息: 小米 智能开关 Ultra (类别: 智能开关)
生产商: 小米智能家居
产品价格: 747.93
评分: 3.9星
评价日期: 2025年07月26日
评价内容: ""使用后感觉，这款智能开关一般般。在早晨起床时使用体验还不错。尤其是使用久了会发现一些小问题。有点贵了，但质量确实好。""<ROW_SEP>

客户ID: DX151
客户公司: 易动力信息有限公司物联网
客户所在地: 佛山县, 中国
产品信息: LG 智能开关 Lite (类别: 智能开关)
生产商: LG智能家电
产品价格: 7112.72
评分: 2.8星
评价日期: 2025年07月08日
评价内容: ""在多次对比之后选择了这款，这款LG 智能开关 Lite不推荐购买。在做饭时时完全不能正常工作。""<ROW_SEP>

客户ID: TE207
客户公司: 新宇龙信息传媒有限公司人工智能
客户所在地: 张家港市, 中国
产品信息: 松下 智能开关 Lite (类别: 智能开关)
生产商: 松下智能电器
产品价格: 9053.56
评分: 1.2星
评价日期: 2025年07月06日
评价内容: ""坦白讲，这款松下 智能开关 Lite很失望。使用不到一周就出现了失灵。""<ROW_SEP>

客户ID: DV182
客户公司: 艾提科信传媒有限公司网络安全
客户所在地: 桂荣市, 中国
产品信息: 小米 智能开关 Max (类别: 智能开关)
生产商: 小米智能家居
产品价格: 2038.82
评分: 1.4星
评价日期: 2025年07月03日
评价内容: ""不推荐这款智能开关，售后服务差，很失望。""<ROW_SEP>

客户ID: VQ233
客户公司: 和泰信息有限公司信息技术
客户所在地: 成都市, 中国
产品信息: 松下 智能开关 Lite (类别: 智能开关)
生产商: 松下智能电器
产品价格: 9053.56
评分: 3.0星
评价日期: 2025年07月03日
评价内容: ""这款产品优缺点都有，稳定性好，但使用说明不清。""",573,30,AW347,3.8,2025-08-02,985,智能开关,小米 智能开关 Ultra,鸿睿思博传媒有限公司智能科技
"客户ID: II746
客户公司: 恩悌传媒有限公司虚拟现实
客户所在地: 南昌县, 中国
产品信息: 苹果 智能开关 Basic (类别: 智能开关)
生产商: 苹果智能家庭
产品价格: 869.49
评分: 2.1星
评价日期: 2025年06月22日
评价内容: ""对这款智能开关非常不满意，稳定性差，浪费钱。""<ROW_SEP>

客户ID: KM929
客户公司: 迪摩科技有限公司电子商务
客户所在地: 福州县, 中国
产品信息: 苹果 智能开关 Basic (类别: 智能开关)
生产商: 苹果智能家庭
产品价格: 869.49
评分: 1.3星
评价日期: 2025年06月18日
评价内容: ""作为一个经常使用此类产品的人，这款苹果 智能开关 Basic性价比极低。在早晨起床时完全不能正常工作。这钱花得太冤枉了。""<ROW_SEP>

客户ID: NQ176
客户公司: 图龙信息传媒有限公司数字科技
客户所在地: 南昌市, 中国
产品信息: 博世 智能开关 Max (类别: 智能开关)
生产商: 博世智能系统
产品价格: 7392.09
评分: 3.7星
评价日期: 2025年06月15日
评价内容: ""总体来说还行，兼容性强，就是智能化程度低。""<ROW_SEP>

客户ID: EB652
客户公司: 凌云信息有限公司虚拟现实
客户所在地: 秀珍县, 中国
产品信息: 松下 智能开关 Lite (类别: 智能开关)
生产商: 松下智能电器
产品价格: 9053.56
评分: 3.4星
评价日期: 2025年06月15日
评价内容: ""这款产品优缺点都有，安装方便，但反应迟钝。""<ROW_SEP>

客户ID: DH200
客户公司: 盟新传媒有限公司大数据分析
客户所在地: 辽阳县, 中国
产品信息: 博世 智能开关 Max (类别: 智能开关)
生产商: 博世智能系统
产品价格: 7392.09
评分: 3.2星
评价日期: 2025年06月12日
评价内容: ""这款产品优缺点都有，稳定性好，但操作复杂。""<ROW_SEP>

客户ID: TE207
客户公司: 新宇龙信息传媒有限公司人工智能
客户所在地: 张家港市, 中国
产品信息: 小米 智能开关 Max (类别: 智能开关)
生产商: 小米智能家居
产品价格: 2038.82
评分: 3.7星
评价日期: 2025年06月12日
评价内容: ""这款产品优缺点都有，性价比高，但续航时间短。""<ROW_SEP>

客户ID: EI532
客户公司: 七喜传媒有限公司人工智能
客户所在地: 丽华县, 中国
产品信息: 小米 智能开关 Max (类别: 智能开关)
生产商: 小米智能家居
产品价格: 2038.82
评分: 4.1星
评价日期: 2025年06月08日
评价内容: ""这是我用过的最好的智能开关之一，续航时间长，性价比很高。""",58,51,II746,2.1,2025-06-22,913,智能开关,苹果 智能开关 Basic,恩悌传媒有限公司虚拟现实
"客户ID: MR129
客户公司: 太极信息有限公司互联网服务
客户所在地: 海门市, 中国
产品信息: 小米 智能开关 Ultra (类别: 智能开关)
生产商: 小米智能家居
产品价格: 747.93
评分: 4.4星
评价日期: 2025年05月03日
评价内容: ""这是我用过的最好的智能开关之一，兼容性强，性价比很高。""<ROW_SEP>

客户ID: KM929
客户公司: 迪摩科技有限公司电子商务
客户所在地: 福州县, 中国
产品信息: 海尔智慧家庭 智能开关 Plus (类别: 智能开关)
生产商: 海尔智慧家庭
产品价格: 7438.8
评分: 2.4星
评价日期: 2025年05月03日
评价内容: ""坦白讲，这款智能开关有严重问题。散热问题简直无法忍受。已经申请退款了。""<ROW_SEP>

客户ID: RY572
客户公司: 中建创业信息有限公司虚拟现实
客户所在地: 冬梅县, 中国
产品信息: 松下 智能开关 Lite (类别: 智能开关)
生产商: 松下智能电器
产品价格: 9053.56
评分: 1.0星
评价日期: 2025年05月03日
评价内容: ""个人认为，这款智能开关功能实现得很糟糕。使用不到一周就出现了问题。唯一值得称赞的可能就是外观设计还不错。以后不会再考虑这个品牌的产品。""<ROW_SEP>

客户ID: DW607
客户公司: 银嘉网络有限公司云计算
客户所在地: 杨县, 中国
产品信息: 海尔智慧家庭 智能开关 Plus (类别: 智能开关)
生产商: 海尔智慧家庭
产品价格: 7438.8
评分: 4.6星
评价日期: 2025年04月29日
评价内容: ""这款产品的一键控制特别好用，在夜间使用时特别方便。""<ROW_SEP>

客户ID: PJ659
客户公司: 超艺网络有限公司人工智能
客户所在地: 武汉市, 中国
产品信息: LG 智能开关 Lite (类别: 智能开关)
生产商: LG智能家电
产品价格: 7112.72
评分: 3.5星
评价日期: 2025年04月24日
评价内容: ""这款智能开关一般，画质清晰，但是连接稳定性有点问题。""<ROW_SEP>

客户ID: VZ702
客户公司: 精芯网络有限公司互联网服务
客户所在地: 马鞍山县, 中国
产品信息: 苹果 智能开关 Basic (类别: 智能开关)
生产商: 苹果智能家庭
产品价格: 869.49
评分: 2.7星
评价日期: 2025年04月20日
评价内容: ""对这款智能开关非常不满意，安装困难，浪费钱。""<ROW_SEP>

客户ID: ZF061
客户公司: 维旺明信息有限公司人工智能
客户所在地: 坤县, 中国
产品信息: 小米 智能开关 Ultra (类别: 智能开关)
生产商: 小米智能家居
产品价格: 747.93
评分: 1.3星
评价日期: 2025年04月17日
评价内容: ""不推荐这款智能开关，续航时间短，很失望。""",377,30,MR129,4.4,2025-05-03,948,智能开关,小米 智能开关 Ultra,太极信息有限公司互联网服务
"客户ID: TE207
客户公司: 新宇龙信息传媒有限公司人工智能
客户所在地: 张家港市, 中国
产品信息: 小米 智能开关 Max (类别: 智能开关)
生产商: 小米智能家居
产品价格: 2038.82
评分: 1.9星
评价日期: 2025年04月07日
评价内容: ""散热问题问题很严重，完全不值这个价格。""<ROW_SEP>

客户ID: QI779
客户公司: 合联电子科技有限公司网络安全
客户所在地: 沈阳县, 中国
产品信息: 海尔智慧家庭 智能开关 Plus (类别: 智能开关)
生产商: 海尔智慧家庭
产品价格: 7438.8
评分: 4.8星
评价日期: 2025年04月07日
评价内容: ""体验下来，这款智能开关真的很不错。另外自动调节功能特别实用。如果非要说缺点的话，信号强度还有提升空间。希望厂家能改进这些问题。""<ROW_SEP>

客户ID: RG743
客户公司: 快讯信息有限公司智能科技
客户所在地: 勇县, 中国
产品信息: 松下 智能开关 Lite (类别: 智能开关)
生产商: 松下智能电器
产品价格: 9053.56
评分: 4.6星
评价日期: 2025年03月29日
评价内容: ""说实话，这款松下 智能开关 Lite真的很不错。最重要的是特别适合夜间使用。可以考虑其他品牌的同类产品。""<ROW_SEP>

客户ID: KM929
客户公司: 迪摩科技有限公司电子商务
客户所在地: 福州县, 中国
产品信息: 小米 智能开关 Ultra (类别: 智能开关)
生产商: 小米智能家居
产品价格: 747.93
评分: 1.3星
评价日期: 2025年03月24日
评价内容: ""收到货后，这款小米 智能开关 Ultra性价比极低。使用不到一周就出现了失灵。希望厂家能重视这些问题。""<ROW_SEP>

客户ID: QU287
客户公司: 戴硕电子科技有限公司移动应用开发
客户所在地: 瑜市, 中国
产品信息: 博世 智能开关 Max (类别: 智能开关)
生产商: 博世智能系统
产品价格: 7392.09
评分: 1.6星
评价日期: 2025年03月24日
评价内容: ""使用一周后出现故障，音质一般，售后服务也不好。""<ROW_SEP>

客户ID: WB890
客户公司: 鑫博腾飞网络有限公司金融科技
客户所在地: 马鞍山市, 中国
产品信息: 博世 智能开关 Max (类别: 智能开关)
生产商: 博世智能系统
产品价格: 7392.09
评分: 3.0星
评价日期: 2025年03月19日
评价内容: ""智能开关的质量还可以，节能环保，不过反应迟钝。""",598,46,TE207,1.9,2025-04-07,849,智能开关,小米 智能开关 Max,新宇龙信息传媒有限公司人工智能
"客户ID: PC764
客户公司: 恒聪百汇传媒有限公司虚拟现实
客户所在地: 重庆市, 中国
产品信息: 苹果 智能开关 Basic (类别: 智能开关)
生产商: 苹果智能家庭
产品价格: 869.49
评分: 1.3星
评价日期: 2025年03月18日
评价内容: ""用了一段时间，这款智能开关完全不符合预期。连接稳定性简直无法忍受。唯一值得称赞的可能就是价格便宜。以后不会再考虑这个品牌的产品。""<ROW_SEP>

客户ID: DV182
客户公司: 艾提科信传媒有限公司网络安全
客户所在地: 桂荣市, 中国
产品信息: LG 智能开关 Lite (类别: 智能开关)
生产商: LG智能家电
产品价格: 7112.72
评分: 2.4星
评价日期: 2025年02月22日
评价内容: ""电池寿命问题很严重，完全不值这个价格。""<ROW_SEP>

客户ID: GC846
客户公司: 明腾科技有限公司区块链技术
客户所在地: 石家庄市, 中国
产品信息: 苹果 智能开关 Basic (类别: 智能开关)
生产商: 苹果智能家庭
产品价格: 869.49
评分: 3.8星
评价日期: 2025年02月20日
评价内容: ""我觉得，这款智能开关质量还行。在工作时时使用体验还不错。最让我失望的是在夜间使用场景下表现一般。可以考虑其他品牌的同类产品。""<ROW_SEP>

客户ID: US056
客户公司: 国讯网络有限公司移动应用开发
客户所在地: 文市, 中国
产品信息: 小米 智能开关 Ultra (类别: 智能开关)
生产商: 小米智能家居
产品价格: 747.93
评分: 2.6星
评价日期: 2025年02月20日
评价内容: ""这款产品有严重问题，安装困难，已经申请退款。""<ROW_SEP>

客户ID: PV664
客户公司: 毕博诚信息有限公司信息技术
客户所在地: 柳州县, 中国
产品信息: 小米 智能开关 Max (类别: 智能开关)
生产商: 小米智能家居
产品价格: 2038.82
评分: 4.4星
评价日期: 2025年02月13日
评价内容: ""非常满意这次购买，外观漂亮，送货也很快。""<ROW_SEP>

客户ID: FC418
客户公司: 网新恒天网络有限公司生物科技
客户所在地: 秀珍县, 中国
产品信息: 海尔智慧家庭 智能开关 Plus (类别: 智能开关)
生产商: 海尔智慧家庭
产品价格: 7438.8
评分: 2.7星
评价日期: 2025年02月10日
评价内容: ""不推荐这款智能开关，使用说明不清，很失望。""<ROW_SEP>

客户ID: WN094
客户公司: 菊风公司传媒有限公司数字科技
客户所在地: 秀梅市, 中国
产品信息: 小米 智能开关 Max (类别: 智能开关)
生产商: 小米智能家居
产品价格: 2038.82
评分: 4.9星
评价日期: 2025年02月06日
评价内容: ""这款产品的自动升级特别好用，在日常使用时特别方便。""",764,51,PC764,1.3,2025-03-18,964,智能开关,苹果 智能开关 Basic,恒聪百汇传媒有限公司虚拟现实
"客户ID: EK253
客户公司: 兰金电子科技有限公司区块链技术
客户所在地: 南昌市, 中国
产品信息: 小米 智能开关 Max (类别: 智能开关)
生产商: 小米智能家居
产品价格: 2038.82
评分: 2.2星
评价日期: 2025年01月25日
评价内容: ""作为一个经常使用此类产品的人，这款小米 智能开关 Max存在明显缺陷。主要问题在于稳定性差。""<ROW_SEP>

客户ID: WW556
客户公司: 商软冠联网络有限公司信息技术
客户所在地: 梅市, 中国
产品信息: 苹果 智能开关 Basic (类别: 智能开关)
生产商: 苹果智能家庭
产品价格: 869.49
评分: 3.4星
评价日期: 2025年01月22日
评价内容: ""在看电影时使用还不错，但在其他情况下表现一般。""<ROW_SEP>

客户ID: FC418
客户公司: 网新恒天网络有限公司生物科技
客户所在地: 秀珍县, 中国
产品信息: 博世 智能开关 Max (类别: 智能开关)
生产商: 博世智能系统
产品价格: 7392.09
评分: 4.8星
评价日期: 2025年01月16日
评价内容: ""经过一段时间使用，这款博世 智能开关 Max功能很强大。不过定时功能是我最喜欢的部分。如果非要说缺点的话，可能就是安装困难。期待下一代产品能有所改进。""<ROW_SEP>

客户ID: XA254
客户公司: 易动力信息有限公司物联网
客户所在地: 齐齐哈尔市, 中国
产品信息: 小米 智能开关 Max (类别: 智能开关)
生产商: 小米智能家居
产品价格: 2038.82
评分: 3.1星
评价日期: 2025年01月14日
评价内容: ""智能开关的质量还可以，节能环保，不过价格偏高。""<ROW_SEP>

客户ID: VH856
客户公司: 鑫博腾飞科技有限公司电子商务
客户所在地: 英县, 中国
产品信息: 松下 智能开关 Advanced (类别: 智能开关)
生产商: 松下智能电器
产品价格: 7248.19
评分: 1.2星
评价日期: 2025年01月06日
评价内容: ""对这款智能开关非常不满意，音质一般，浪费钱。""<ROW_SEP>

客户ID: QJ392
客户公司: 创亿网络有限公司金融科技
客户所在地: 重庆市, 中国
产品信息: 苹果 智能开关 Basic (类别: 智能开关)
生产商: 苹果智能家庭
产品价格: 869.49
评分: 1.7星
评价日期: 2025年01月06日
评价内容: ""对这款智能开关非常不满意，安装困难，浪费钱。""<ROW_SEP>

客户ID: WB209
客户公司: 维涛传媒有限公司云计算
客户所在地: 秀华县, 中国
产品信息: 博世 智能开关 Max (类别: 智能开关)
生产商: 博世智能系统
产品价格: 7392.09
评分: 1.6星
评价日期: 2025年01月03日
评价内容: ""收到货后，这款博世 智能开关 Max有严重问题。主要问题在于功能单一。""",798,46,EK253,2.2,2025-01-25,959,智能开关,小米 智能开关 Max,兰金电子科技有限公司区块链技术
"客户ID: OA831
客户公司: 华泰通安科技有限公司网络安全
客户所在地: 玉梅市, 中国
产品信息: 松下 智能开关 Advanced (类别: 智能开关)
生产商: 松下智能电器
产品价格: 7248.19
评分: 3.6星
评价日期: 2024年12月02日
评价内容: ""这款产品优缺点都有，节能环保，但反应迟钝。""<ROW_SEP>

客户ID: YR398
客户公司: 浦华众城信息有限公司虚拟现实
客户所在地: 大冶市, 中国
产品信息: 海尔智慧家庭 智能开关 Plus (类别: 智能开关)
生产商: 海尔智慧家庭
产品价格: 7438.8
评分: 2.1星
评价日期: 2024年11月25日
评价内容: ""这款产品有严重问题，安装困难，已经申请退款。""<ROW_SEP>

客户ID: PC764
客户公司: 恒聪百汇传媒有限公司虚拟现实
客户所在地: 重庆市, 中国
产品信息: 博世 智能开关 Max (类别: 智能开关)
生产商: 博世智能系统
产品价格: 7392.09
评分: 3.7星
评价日期: 2024年11月23日
评价内容: ""我觉得，这款智能开关没有特别惊喜。优点是节能环保。不过散热问题有点问题。希望厂家能改进这些问题。""<ROW_SEP>

客户ID: WY218
客户公司: 飞海科技传媒有限公司信息技术
客户所在地: 济南市, 中国
产品信息: 松下 智能开关 Advanced (类别: 智能开关)
生产商: 松下智能电器
产品价格: 7248.19
评分: 1.8星
评价日期: 2024年11月17日
评价内容: ""电池寿命问题很严重，完全不值这个价格。""<ROW_SEP>

客户ID: LU518
客户公司: 易动力传媒有限公司生物科技
客户所在地: 伟市, 中国
产品信息: 松下 智能开关 Advanced (类别: 智能开关)
生产商: 松下智能电器
产品价格: 7248.19
评分: 1.8星
评价日期: 2024年11月09日
评价内容: ""说实话，这款松下 智能开关 Advanced存在明显缺陷。噪音控制简直无法忍受。""<ROW_SEP>

客户ID: WB890
客户公司: 鑫博腾飞网络有限公司金融科技
客户所在地: 马鞍山市, 中国
产品信息: 小米 智能开关 Ultra (类别: 智能开关)
生产商: 小米智能家居
产品价格: 747.93
评分: 2.6星
评价日期: 2024年11月01日
评价内容: ""收到货后，这款智能开关很失望。使用不到一周就出现了失灵。希望厂家能重视这些问题。""<ROW_SEP>

客户ID: GR625
客户公司: 明腾传媒有限公司互联网服务
客户所在地: 邯郸市, 中国
产品信息: 海尔智慧家庭 智能开关 Plus (类别: 智能开关)
生产商: 海尔智慧家庭
产品价格: 7438.8
评分: 1.7星
评价日期: 2024年10月24日
评价内容: ""从我的使用体验来看，这款智能开关不推荐购买。主要问题在于安装困难。唯一值得称赞的可能就是送货速度快。""",179,34,OA831,3.6,2024-12-02,968,智能开关,松下 智能开关 Advanced,华泰通安科技有限公司网络安全
"客户ID: PE529
客户公司: 易动力网络有限公司信息技术
客户所在地: 英县, 中国
产品信息: 小米 智能开关 Ultra (类别: 智能开关)
生产商: 小米智能家居
产品价格: 747.93
评分: 4.1星
评价日期: 2024年10月16日
评价内容: ""作为一个经常使用此类产品的人，这款智能开关性价比很高。值得一提的是智能联动设计很贴心。如果非要说缺点的话，说明书不够详细。不太推荐购买。""<ROW_SEP>

客户ID: FB488
客户公司: 方正科技科技有限公司互联网服务
客户所在地: 宁德市, 中国
产品信息: 松下 智能开关 Lite (类别: 智能开关)
生产商: 松下智能电器
产品价格: 9053.56
评分: 1.9星
评价日期: 2024年10月13日
评价内容: ""对这款智能开关非常不满意，画质模糊，浪费钱。""<ROW_SEP>

客户ID: GJ116
客户公司: 良诺信息有限公司生物科技
客户所在地: 红市, 中国
产品信息: 松下 智能开关 Advanced (类别: 智能开关)
生产商: 松下智能电器
产品价格: 7248.19
评分: 2.8星
评价日期: 2024年10月11日
评价内容: ""个人认为，这款松下 智能开关 Advanced存在明显缺陷。信号强度简直无法忍受。以后不会再考虑这个品牌的产品。""<ROW_SEP>

客户ID: JT617
客户公司: 时空盒数字信息有限公司智能科技
客户所在地: 郑州县, 中国
产品信息: 海尔智慧家庭 智能开关 Plus (类别: 智能开关)
生产商: 海尔智慧家庭
产品价格: 7438.8
评分: 3.3星
评价日期: 2024年10月10日
评价内容: ""总体来说还行，安装方便，就是使用说明不清。""<ROW_SEP>

客户ID: VH856
客户公司: 鑫博腾飞科技有限公司电子商务
客户所在地: 英县, 中国
产品信息: LG 智能开关 Lite (类别: 智能开关)
生产商: LG智能家电
产品价格: 7112.72
评分: 2.5星
评价日期: 2024年10月08日
评价内容: ""不推荐这款智能开关，价格偏高，很失望。""<ROW_SEP>

客户ID: EU335
客户公司: 济南亿次元网络有限公司科技公司
客户所在地: 巢湖市, 中国
产品信息: 小米 智能开关 Max (类别: 智能开关)
生产商: 小米智能家居
产品价格: 2038.82
评分: 1.7星
评价日期: 2024年09月26日
评价内容: ""不推荐这款智能开关，功能单一，很失望。""<ROW_SEP>

客户ID: ZU351
客户公司: 银嘉科技有限公司科技公司
客户所在地: 秀荣市, 中国
产品信息: 松下 智能开关 Advanced (类别: 智能开关)
生产商: 松下智能电器
产品价格: 7248.19
评分: 1.2星
评价日期: 2024年08月22日
评价内容: ""从我的使用体验来看，这款松下 智能开关 Advanced存在明显缺陷。连接稳定性简直无法忍受。唯一值得称赞的可能就是外观设计还不错。不推荐任何人购买。""",835,30,PE529,4.1,2024-10-16,990,智能开关,小米 智能开关 Ultra,易动力网络有限公司信息技术
"客户ID: ZU351
客户公司: 银嘉科技有限公司科技公司
客户所在地: 秀荣市, 中国
产品信息: 松下 智能开关 Lite (类别: 智能开关)
生产商: 松下智能电器
产品价格: 9053.56
评分: 1.7星
评价日期: 2024年08月10日
评价内容: ""体验下来，这款智能开关很失望。使用不到一周就出现了故障。以后不会再考虑这个品牌的产品。""<ROW_SEP>

客户ID: GR729
客户公司: 中建创业网络有限公司移动应用开发
客户所在地: 辽阳县, 中国
产品信息: 小米 智能开关 Ultra (类别: 智能开关)
生产商: 小米智能家居
产品价格: 747.93
评分: 4.0星
评价日期: 2024年08月04日
评价内容: ""在多次对比之后选择了这款，这款小米 智能开关 Ultra真的很不错。令人意外的是在早晨起床时表现尤为出色。和描述的有些差距。总体来说还是很满意的。""<ROW_SEP>

客户ID: MR129
客户公司: 太极信息有限公司互联网服务
客户所在地: 海门市, 中国
产品信息: 松下 智能开关 Advanced (类别: 智能开关)
生产商: 松下智能电器
产品价格: 7248.19
评分: 2.5星
评价日期: 2024年08月03日
评价内容: ""体验下来，这款智能开关很失望。噪音控制简直无法忍受。这钱花得太冤枉了。""<ROW_SEP>

客户ID: NU012
客户公司: 商软冠联传媒有限公司智能科技
客户所在地: 太原县, 中国
产品信息: 松下 智能开关 Lite (类别: 智能开关)
生产商: 松下智能电器
产品价格: 9053.56
评分: 2.0星
评价日期: 2024年08月03日
评价内容: ""这款产品有严重问题，续航时间短，已经申请退款。""<ROW_SEP>

客户ID: BP732
客户公司: 南康网络有限公司互联网服务
客户所在地: 敏市, 中国
产品信息: 松下 智能开关 Advanced (类别: 智能开关)
生产商: 松下智能电器
产品价格: 7248.19
评分: 4.3星
评价日期: 2024年08月01日
评价内容: ""在工作时时使用效果很好，特别是快速启动功能。""<ROW_SEP>

客户ID: DW607
客户公司: 银嘉网络有限公司云计算
客户所在地: 杨县, 中国
产品信息: 松下 智能开关 Lite (类别: 智能开关)
生产商: 松下智能电器
产品价格: 9053.56
评分: 2.2星
评价日期: 2024年07月27日
评价内容: ""使用一周后出现故障，兼容性差，售后服务也不好。""<ROW_SEP>

客户ID: LU518
客户公司: 易动力传媒有限公司生物科技
客户所在地: 伟市, 中国
产品信息: 小米 智能开关 Ultra (类别: 智能开关)
生产商: 小米智能家居
产品价格: 747.93
评分: 4.8星
评价日期: 2024年07月11日
评价内容: ""体验下来，这款智能开关非常满意。如果非要说缺点的话，说明书不够详细。可以考虑其他品牌的同类产品。""",1239,8,ZU351,1.7,2024-08-10,983,智能开关,松下 智能开关 Lite,银嘉科技有限公司科技公司
"客户ID: KM929
客户公司: 迪摩科技有限公司电子商务
客户所在地: 福州县, 中国
产品信息: 海尔智慧家庭 智能开关 Plus (类别: 智能开关)
生产商: 海尔智慧家庭
产品价格: 7438.8
评分: 4.3星
评价日期: 2024年07月08日
评价内容: ""这款智能开关的智能学习功能很实用，稳定性好。""<ROW_SEP>

客户ID: AY876
客户公司: 精芯传媒有限公司物联网
客户所在地: 武汉市, 中国
产品信息: 海尔智慧家庭 智能开关 Plus (类别: 智能开关)
生产商: 海尔智慧家庭
产品价格: 7438.8
评分: 4.9星
评价日期: 2024年07月07日
评价内容: ""非常满意这次购买，稳定性好，送货也很快。""<ROW_SEP>

客户ID: EM821
客户公司: 泰麒麟信息有限公司人工智能
客户所在地: 香港县, 中国
产品信息: 博世 智能开关 Max (类别: 智能开关)
生产商: 博世智能系统
产品价格: 7392.09
评分: 3.0星
评价日期: 2024年07月05日
评价内容: ""在晚上睡前使用还不错，但在其他情况下表现一般。""<ROW_SEP>

客户ID: AY876
客户公司: 精芯传媒有限公司物联网
客户所在地: 武汉市, 中国
产品信息: 松下 智能开关 Advanced (类别: 智能开关)
生产商: 松下智能电器
产品价格: 7248.19
评分: 4.2星
评价日期: 2024年06月27日
评价内容: ""作为第一次购买这类产品的新手，这款松下 智能开关 Advanced设计很人性化。有点贵了，但质量确实好。""<ROW_SEP>

客户ID: CS287
客户公司: 和泰网络有限公司电子商务
客户所在地: 玲市, 中国
产品信息: 小米 智能开关 Max (类别: 智能开关)
生产商: 小米智能家居
产品价格: 2038.82
评分: 2.6星
评价日期: 2024年06月25日
评价内容: ""不推荐这款智能开关，功能单一，很失望。""<ROW_SEP>

客户ID: CC657
客户公司: 昊嘉信息有限公司信息技术
客户所在地: 军县, 中国
产品信息: 苹果 智能开关 Basic (类别: 智能开关)
生产商: 苹果智能家庭
产品价格: 869.49
评分: 4.8星
评价日期: 2024年06月19日
评价内容: ""这款智能开关的智能学习功能很实用，续航时间长。""<ROW_SEP>

客户ID: PL616
客户公司: 巨奥网络有限公司金融科技
客户所在地: 明市, 中国
产品信息: 苹果 智能开关 Basic (类别: 智能开关)
生产商: 苹果智能家庭
产品价格: 869.49
评分: 1.0星
评价日期: 2024年06月16日
评价内容: ""连接稳定性问题很严重，完全不值这个价格。""",731,19,KM929,4.3,2024-07-08,891,智能开关,海尔智慧家庭 智能开关 Plus,迪摩科技有限公司电子商务
"客户ID: AW347
客户公司: 鸿睿思博传媒有限公司智能科技
客户所在地: 武汉市, 中国
产品信息: 小米 智能开关 Ultra (类别: 智能开关)
生产商: 小米智能家居
产品价格: 747.93
评分: 3.1星
评价日期: 2024年06月05日
评价内容: ""总体来说还行，稳定性好，就是智能化程度低。""",900,30,AW347,3.1,2024-06-05,122,智能开关,小米 智能开关 Ultra,鸿睿思博传媒有限公司智能科技
"客户ID: RG743
客户公司: 快讯信息有限公司智能科技
客户所在地: 勇县, 中国
产品信息: 西门子 智能手环 Standard (类别: 智能手环)
生产商: 西门子智能家居
产品价格: 4892.47
评分: 1.4星
评价日期: 2026年05月08日
评价内容: ""老实讲，这款西门子 智能手环 Standard功能实现得很糟糕。散热问题简直无法忍受。以后不会再考虑这个品牌的产品。""<ROW_SEP>

客户ID: NU012
客户公司: 商软冠联传媒有限公司智能科技
客户所在地: 太原县, 中国
产品信息: 格力 智能手环 Lite (类别: 智能手环)
生产商: 格力智能电器
产品价格: 9808.19
评分: 1.2星
评价日期: 2026年04月28日
评价内容: ""使用一周后出现故障，操作复杂，售后服务也不好。""<ROW_SEP>

客户ID: PE529
客户公司: 易动力网络有限公司信息技术
客户所在地: 英县, 中国
产品信息: 西门子 智能手环 Standard (类别: 智能手环)
生产商: 西门子智能家居
产品价格: 4892.47
评分: 5.0星
评价日期: 2026年04月15日
评价内容: ""这款产品的定时功能特别好用，在夜间使用时特别方便。""<ROW_SEP>

客户ID: IK721
客户公司: 诺依曼软件传媒有限公司物联网
客户所在地: 华市, 中国
产品信息: 格力 智能手环 Lite (类别: 智能手环)
生产商: 格力智能电器
产品价格: 9808.19
评分: 4.2星
评价日期: 2026年03月26日
评价内容: ""智能手环的设计很人性化，性价比高，值得推荐。""<ROW_SEP>

客户ID: AK874
客户公司: 昊嘉信息有限公司区块链技术
客户所在地: 雷市, 中国
产品信息: 飞利浦 智能手环 Max (类别: 智能手环)
生产商: 飞利浦智能照明
产品价格: 6762.29
评分: 3.4星
评价日期: 2026年03月07日
评价内容: ""这款智能手环一般，功能齐全，但是散热问题有点问题。""<ROW_SEP>

客户ID: RV310
客户公司: 银嘉科技有限公司云计算
客户所在地: 重庆县, 中国
产品信息: 格力 智能手环 Lite (类别: 智能手环)
生产商: 格力智能电器
产品价格: 9808.19
评分: 3.6星
评价日期: 2026年02月12日
评价内容: ""在做饭时使用还不错，但在其他情况下表现一般。""<ROW_SEP>

客户ID: RY572
客户公司: 中建创业信息有限公司虚拟现实
客户所在地: 冬梅县, 中国
产品信息: 格力 智能手环 Lite (类别: 智能手环)
生产商: 格力智能电器
产品价格: 9808.19
评分: 3.7星
评价日期: 2026年02月12日
评价内容: ""这款产品优缺点都有，外观漂亮，但画质模糊。""",1250,83,RG743,1.4,2026-05-08,913,智能手环,西门子 智能手环 Standard,快讯信息有限公司智能科技
"客户ID: CZ861
客户公司: 合联电子科技有限公司信息技术
客户所在地: 荣市, 中国
产品信息: 西门子 智能手环 Standard (类别: 智能手环)
生产商: 西门子智能家居
产品价格: 4892.47
评分: 3.7星
评价日期: 2026年02月02日
评价内容: ""这款产品优缺点都有，做工精细，但智能化程度低。""<ROW_SEP>

客户ID: NU012
客户公司: 商软冠联传媒有限公司智能科技
客户所在地: 太原县, 中国
产品信息: 格力 智能手环 Lite (类别: 智能手环)
生产商: 格力智能电器
产品价格: 9808.19
评分: 4.6星
评价日期: 2026年01月26日
评价内容: ""这款智能手环的远程控制功能很实用，质量很好。""<ROW_SEP>

客户ID: TB616
客户公司: 晖来计算机网络有限公司虚拟现实
客户所在地: 梅县, 中国
产品信息: 飞利浦 智能手环 Max (类别: 智能手环)
生产商: 飞利浦智能照明
产品价格: 6762.29
评分: 4.4星
评价日期: 2026年01月10日
评价内容: ""老实讲，这款智能手环品质很好。另外特别适合户外活动。如果非要说缺点的话，可能就是画质模糊。期待下一代产品能有所改进。""<ROW_SEP>

客户ID: MZ379
客户公司: 联软传媒有限公司区块链技术
客户所在地: 慧县, 中国
产品信息: 格力 智能手环 Lite (类别: 智能手环)
生产商: 格力智能电器
产品价格: 9808.19
评分: 3.9星
评价日期: 2026年01月06日
评价内容: ""总体来说还行，外观漂亮，就是价格偏高。""<ROW_SEP>

客户ID: TW751
客户公司: 图龙信息网络有限公司云计算
客户所在地: 宁德市, 中国
产品信息: 西门子 智能手环 Standard (类别: 智能手环)
生产商: 西门子智能家居
产品价格: 4892.47
评分: 1.1星
评价日期: 2025年12月03日
评价内容: ""从我的使用体验来看，这款西门子 智能手环 Standard性价比极低。在工作时时完全不能正常工作。唯一值得称赞的可能就是包装很精美。""<ROW_SEP>

客户ID: QU287
客户公司: 戴硕电子科技有限公司移动应用开发
客户所在地: 瑜市, 中国
产品信息: 格力 智能手环 Lite (类别: 智能手环)
生产商: 格力智能电器
产品价格: 9808.19
评分: 3.7星
评价日期: 2025年12月01日
评价内容: ""使用后感觉，这款格力 智能手环 Lite也没有特别失望。在看电影时时使用体验还不错。而且信号强度有点问题。对得起这个价格。""",674,83,CZ861,3.7,2026-02-02,864,智能手环,西门子 智能手环 Standard,合联电子科技有限公司信息技术
"客户ID: GL926
客户公司: 时空盒数字传媒有限公司大数据分析
客户所在地: 巢湖市, 中国
产品信息: 格力 智能手环 Lite (类别: 智能手环)
生产商: 格力智能电器
产品价格: 9808.19
评分: 4.6星
评价日期: 2025年11月25日
评价内容: ""说实话，这款格力 智能手环 Lite品质很好。期待下一代产品能有所改进。""<ROW_SEP>

客户ID: KM929
客户公司: 迪摩科技有限公司电子商务
客户所在地: 福州县, 中国
产品信息: 格力 智能手环 Lite (类别: 智能手环)
生产商: 格力智能电器
产品价格: 9808.19
评分: 1.3星
评价日期: 2025年11月14日
评价内容: ""使用一周后出现故障，售后服务差，售后服务也不好。""<ROW_SEP>

客户ID: ME428
客户公司: 创汇网络有限公司虚拟现实
客户所在地: 秀英市, 中国
产品信息: 西门子 智能手环 Standard (类别: 智能手环)
生产商: 西门子智能家居
产品价格: 4892.47
评分: 3.5星
评价日期: 2025年11月11日
评价内容: ""智能手环的质量还可以，外观漂亮，不过做工一般。""<ROW_SEP>

客户ID: XA254
客户公司: 易动力信息有限公司物联网
客户所在地: 齐齐哈尔市, 中国
产品信息: 西门子 智能手环 Standard (类别: 智能手环)
生产商: 西门子智能家居
产品价格: 4892.47
评分: 3.5星
评价日期: 2025年11月02日
评价内容: ""总体来说还行，做工精细，就是操作复杂。""<ROW_SEP>

客户ID: QU287
客户公司: 戴硕电子科技有限公司移动应用开发
客户所在地: 瑜市, 中国
产品信息: 格力 智能手环 Lite (类别: 智能手环)
生产商: 格力智能电器
产品价格: 9808.19
评分: 3.1星
评价日期: 2025年10月16日
评价内容: ""说实话，这款智能手环总体来说还可以。在工作时时使用体验还不错。遗憾的是使用久了会发现一些小问题。对得起这个价格。""<ROW_SEP>

客户ID: NU012
客户公司: 商软冠联传媒有限公司智能科技
客户所在地: 太原县, 中国
产品信息: 西门子 智能手环 Standard (类别: 智能手环)
生产商: 西门子智能家居
产品价格: 4892.47
评分: 1.6星
评价日期: 2025年10月04日
评价内容: ""使用一周后出现故障，操作复杂，售后服务也不好。""<ROW_SEP>

客户ID: FN522
客户公司: 新宇龙信息科技有限公司电子商务
客户所在地: 磊县, 中国
产品信息: 格力 智能手环 Lite (类别: 智能手环)
生产商: 格力智能电器
产品价格: 9808.19
评分: 4.1星
评价日期: 2025年07月19日
评价内容: ""这款智能手环质量很好，功能齐全。总体来说很满意。""",555,79,GL926,4.6,2025-11-25,936,智能手环,格力 智能手环 Lite,时空盒数字传媒有限公司大数据分析
"客户ID: XO649
客户公司: 晖来计算机传媒有限公司云计算
客户所在地: 郑州县, 中国
产品信息: 西门子 智能手环 Standard (类别: 智能手环)
生产商: 西门子智能家居
产品价格: 4892.47
评分: 2.3星
评价日期: 2025年07月05日
评价内容: ""噪音控制问题很严重，完全不值这个价格。""<ROW_SEP>

客户ID: II746
客户公司: 恩悌传媒有限公司虚拟现实
客户所在地: 南昌县, 中国
产品信息: 格力 智能手环 Lite (类别: 智能手环)
生产商: 格力智能电器
产品价格: 9808.19
评分: 2.8星
评价日期: 2025年06月05日
评价内容: ""这款产品有严重问题，做工一般，已经申请退款。""<ROW_SEP>

客户ID: US056
客户公司: 国讯网络有限公司移动应用开发
客户所在地: 文市, 中国
产品信息: 西门子 智能手环 Standard (类别: 智能手环)
生产商: 西门子智能家居
产品价格: 4892.47
评分: 2.7星
评价日期: 2025年05月27日
评价内容: ""收到货后，这款智能手环完全不符合预期。信号强度简直无法忍受。""<ROW_SEP>

客户ID: DV182
客户公司: 艾提科信传媒有限公司网络安全
客户所在地: 桂荣市, 中国
产品信息: 格力 智能手环 Lite (类别: 智能手环)
生产商: 格力智能电器
产品价格: 9808.19
评分: 4.5星
评价日期: 2025年05月19日
评价内容: ""必须承认，这款智能手环品质很好。同时在晚上睡前时表现尤为出色。比同事使用的同款要好。如果非要说缺点的话，说明书不够详细。整体体验不错。""<ROW_SEP>

客户ID: EA575
客户公司: 襄樊地球村信息有限公司物联网
客户所在地: 丽娟市, 中国
产品信息: 飞利浦 智能手环 Max (类别: 智能手环)
生产商: 飞利浦智能照明
产品价格: 6762.29
评分: 1.7星
评价日期: 2025年05月08日
评价内容: ""不推荐这款智能手环，画质模糊，很失望。""<ROW_SEP>

客户ID: DV182
客户公司: 艾提科信传媒有限公司网络安全
客户所在地: 桂荣市, 中国
产品信息: 格力 智能手环 Lite (类别: 智能手环)
生产商: 格力智能电器
产品价格: 9808.19
评分: 3.2星
评价日期: 2025年04月13日
评价内容: ""总体来说还行，兼容性强，就是续航时间短。""<ROW_SEP>

客户ID: QI779
客户公司: 合联电子科技有限公司网络安全
客户所在地: 沈阳县, 中国
产品信息: 格力 智能手环 Lite (类别: 智能手环)
生产商: 格力智能电器
产品价格: 9808.19
评分: 4.8星
评价日期: 2025年03月03日
评价内容: ""在晚上睡前时使用效果很好，特别是高清画质功能。""",148,83,XO649,2.3,2025-07-05,934,智能手环,西门子 智能手环 Standard,晖来计算机传媒有限公司云计算
"客户ID: FN522
客户公司: 新宇龙信息科技有限公司电子商务
客户所在地: 磊县, 中国
产品信息: 格力 智能手环 Lite (类别: 智能手环)
生产商: 格力智能电器
产品价格: 9808.19
评分: 2.1星
评价日期: 2025年02月22日
评价内容: ""对这款智能手环非常不满意，做工一般，浪费钱。""<ROW_SEP>

客户ID: QT258
客户公司: 商软冠联传媒有限公司大数据分析
客户所在地: 玉珍县, 中国
产品信息: 西门子 智能手环 Standard (类别: 智能手环)
生产商: 西门子智能家居
产品价格: 4892.47
评分: 3.5星
评价日期: 2025年02月18日
评价内容: ""作为一个经常使用此类产品的人，这款西门子 智能手环 Standard没有特别惊喜。在做饭时时使用体验还不错。此外使用久了会发现一些小问题。价格虽高，但物有所值。""<ROW_SEP>

客户ID: EU335
客户公司: 济南亿次元网络有限公司科技公司
客户所在地: 巢湖市, 中国
产品信息: 飞利浦 智能手环 Max (类别: 智能手环)
生产商: 飞利浦智能照明
产品价格: 6762.29
评分: 1.1星
评价日期: 2024年12月21日
评价内容: ""从我的使用体验来看，这款智能手环功能实现得很糟糕。在晚上睡前时完全不能正常工作。以后不会再考虑这个品牌的产品。""<ROW_SEP>

客户ID: OA831
客户公司: 华泰通安科技有限公司网络安全
客户所在地: 玉梅市, 中国
产品信息: 格力 智能手环 Lite (类别: 智能手环)
生产商: 格力智能电器
产品价格: 9808.19
评分: 1.4星
评价日期: 2024年09月25日
评价内容: ""必须承认，这款格力 智能手环 Lite性价比极低。在工作时时完全不能正常工作。希望厂家能重视这些问题。""<ROW_SEP>

客户ID: AK874
客户公司: 昊嘉信息有限公司区块链技术
客户所在地: 雷市, 中国
产品信息: 格力 智能手环 Lite (类别: 智能手环)
生产商: 格力智能电器
产品价格: 9808.19
评分: 1.1星
评价日期: 2024年09月13日
评价内容: ""对这款智能手环非常不满意，功能单一，浪费钱。""<ROW_SEP>

客户ID: KM929
客户公司: 迪摩科技有限公司电子商务
客户所在地: 福州县, 中国
产品信息: 飞利浦 智能手环 Max (类别: 智能手环)
生产商: 飞利浦智能照明
产品价格: 6762.29
评分: 1.8星
评价日期: 2024年08月24日
评价内容: ""必须承认，这款飞利浦 智能手环 Max不值这个价格。使用不到一周就出现了失灵。唯一值得称赞的可能就是送货速度快。""",367,79,FN522,2.1,2025-02-22,898,智能手环,格力 智能手环 Lite,新宇龙信息科技有限公司电子商务
"客户ID: CS287
客户公司: 和泰网络有限公司电子商务
客户所在地: 玲市, 中国
产品信息: 西门子 智能手环 Standard (类别: 智能手环)
生产商: 西门子智能家居
产品价格: 4892.47
评分: 2.6星
评价日期: 2024年07月05日
评价内容: ""不推荐这款智能手环，稳定性差，很失望。""<ROW_SEP>

客户ID: AW347
客户公司: 鸿睿思博传媒有限公司智能科技
客户所在地: 武汉市, 中国
产品信息: 飞利浦 智能手环 Max (类别: 智能手环)
生产商: 飞利浦智能照明
产品价格: 6762.29
评分: 3.5星
评价日期: 2024年06月27日
评价内容: ""智能手环的质量还可以，操作简单，不过音质一般。""<ROW_SEP>

客户ID: FN522
客户公司: 新宇龙信息科技有限公司电子商务
客户所在地: 磊县, 中国
产品信息: 西门子 智能手环 Standard (类别: 智能手环)
生产商: 西门子智能家居
产品价格: 4892.47
评分: 3.4星
评价日期: 2024年06月26日
评价内容: ""这款产品优缺点都有，音质出色，但音质一般。""<ROW_SEP>

客户ID: FA862
客户公司: 方正科技网络有限公司云计算
客户所在地: 潮州县, 中国
产品信息: 格力 智能手环 Lite (类别: 智能手环)
生产商: 格力智能电器
产品价格: 9808.19
评分: 4.4星
评价日期: 2024年06月22日
评价内容: ""使用了一个月，音质出色，没有发现任何问题。""",1033,83,CS287,2.6,2024-07-05,502,智能手环,西门子 智能手环 Standard,和泰网络有限公司电子商务
"客户ID: BN418
客户公司: 易动力网络有限公司移动应用开发
客户所在地: 重庆市, 中国
产品信息: 亚马逊 智能扫地机器人 Mini (类别: 智能扫地机器人)
生产商: 亚马逊智能科技
产品价格: 7885.52
评分: 1.9星
评价日期: 2026年05月26日
评价内容: ""从我的使用体验来看，这款亚马逊 智能扫地机器人 Mini质量太差。主要问题在于稳定性差。这钱花得太冤枉了。""<ROW_SEP>

客户ID: PE529
客户公司: 易动力网络有限公司信息技术
客户所在地: 英县, 中国
产品信息: 亚马逊 智能扫地机器人 Mini (类别: 智能扫地机器人)
生产商: 亚马逊智能科技
产品价格: 7885.52
评分: 2.7星
评价日期: 2026年05月14日
评价内容: ""作为第一次购买这类产品的新手，这款智能扫地机器人使用体验很差。主要问题在于反应迟钝。希望厂家能重视这些问题。""<ROW_SEP>

客户ID: CZ861
客户公司: 合联电子科技有限公司信息技术
客户所在地: 荣市, 中国
产品信息: 苹果 智能扫地机器人 Pro (类别: 智能扫地机器人)
生产商: 苹果智能家庭
产品价格: 4063.85
评分: 3.4星
评价日期: 2026年04月20日
评价内容: ""总体来说还行，智能化程度高，就是售后服务差。""<ROW_SEP>

客户ID: FA862
客户公司: 方正科技网络有限公司云计算
客户所在地: 潮州县, 中国
产品信息: 松下 智能扫地机器人 Plus (类别: 智能扫地机器人)
生产商: 松下智能电器
产品价格: 998.22
评分: 4.0星
评价日期: 2026年04月16日
评价内容: ""非常满意这次购买，外观漂亮，送货也很快。""<ROW_SEP>

客户ID: KS630
客户公司: 良诺信息有限公司网络安全
客户所在地: 潮州市, 中国
产品信息: 飞利浦 智能扫地机器人 Ultra (类别: 智能扫地机器人)
生产商: 飞利浦智能照明
产品价格: 259.27
评分: 2.5星
评价日期: 2026年04月13日
评价内容: ""收到货后，这款智能扫地机器人质量太差。信号强度简直无法忍受。唯一值得称赞的可能就是售后服务态度好。""<ROW_SEP>

客户ID: QL573
客户公司: 维涛科技有限公司网络安全
客户所在地: 永安市, 中国
产品信息: 飞利浦 智能扫地机器人 Plus (类别: 智能扫地机器人)
生产商: 飞利浦智能照明
产品价格: 230.53
评分: 1.2星
评价日期: 2026年04月03日
评价内容: ""对这款智能扫地机器人非常不满意，耗电量大，浪费钱。""",596,26,BN418,1.9,2026-05-26,881,智能扫地机器人,亚马逊 智能扫地机器人 Mini,易动力网络有限公司移动应用开发
"客户ID: NU012
客户公司: 商软冠联传媒有限公司智能科技
客户所在地: 太原县, 中国
产品信息: 松下 智能扫地机器人 Plus (类别: 智能扫地机器人)
生产商: 松下智能电器
产品价格: 998.22
评分: 1.1星
评价日期: 2026年03月30日
评价内容: ""收到货后，这款智能扫地机器人使用体验很差。散热问题简直无法忍受。以后不会再考虑这个品牌的产品。""<ROW_SEP>

客户ID: WB890
客户公司: 鑫博腾飞网络有限公司金融科技
客户所在地: 马鞍山市, 中国
产品信息: 博世 智能扫地机器人 Max (类别: 智能扫地机器人)
生产商: 博世智能系统
产品价格: 1108.4
评分: 4.3星
评价日期: 2026年03月18日
评价内容: ""这是我用过的最好的智能扫地机器人之一，兼容性强，性价比很高。""<ROW_SEP>

客户ID: FA862
客户公司: 方正科技网络有限公司云计算
客户所在地: 潮州县, 中国
产品信息: 飞利浦 智能扫地机器人 Plus (类别: 智能扫地机器人)
生产商: 飞利浦智能照明
产品价格: 230.53
评分: 4.6星
评价日期: 2026年03月13日
评价内容: ""在早晨起床时使用效果很好，特别是智能联动功能。""<ROW_SEP>

客户ID: XN875
客户公司: 天开传媒有限公司网络安全
客户所在地: 芳市, 中国
产品信息: 飞利浦 智能扫地机器人 Ultra (类别: 智能扫地机器人)
生产商: 飞利浦智能照明
产品价格: 259.27
评分: 4.7星
评价日期: 2026年02月23日
评价内容: ""这款产品的定时功能特别好用，在夜间使用时特别方便。""<ROW_SEP>

客户ID: XW046
客户公司: 鑫博腾飞信息有限公司智能科技
客户所在地: 兴安盟市, 中国
产品信息: 博世 智能扫地机器人 Max (类别: 智能扫地机器人)
生产商: 博世智能系统
产品价格: 1108.4
评分: 3.2星
评价日期: 2026年02月18日
评价内容: ""总体来说还行，续航时间长，就是稳定性差。""<ROW_SEP>

客户ID: CC657
客户公司: 昊嘉信息有限公司信息技术
客户所在地: 军县, 中国
产品信息: 苹果 智能扫地机器人 Pro (类别: 智能扫地机器人)
生产商: 苹果智能家庭
产品价格: 4063.85
评分: 3.7星
评价日期: 2026年02月16日
评价内容: ""试用了几天，这款苹果 智能扫地机器人 Pro也没有特别失望。在周末使用时，智能学习表现不错。不过使用久了会发现一些小问题。值得购买。""",1247,58,NU012,1.1,2026-03-30,868,智能扫地机器人,松下 智能扫地机器人 Plus,商软冠联传媒有限公司智能科技
"客户ID: GR729
客户公司: 中建创业网络有限公司移动应用开发
客户所在地: 辽阳县, 中国
产品信息: 亚马逊 智能扫地机器人 Mini (类别: 智能扫地机器人)
生产商: 亚马逊智能科技
产品价格: 7885.52
评分: 2.6星
评价日期: 2026年02月15日
评价内容: ""不推荐这款智能扫地机器人，稳定性差，很失望。""<ROW_SEP>

客户ID: HD242
客户公司: 富罳科技有限公司生物科技
客户所在地: 想县, 中国
产品信息: 飞利浦 智能扫地机器人 Ultra (类别: 智能扫地机器人)
生产商: 飞利浦智能照明
产品价格: 259.27
评分: 2.6星
评价日期: 2026年02月10日
评价内容: ""我发现，这款飞利浦 智能扫地机器人 Ultra有严重问题。散热问题简直无法忍受。""<ROW_SEP>

客户ID: VC531
客户公司: 九方传媒有限公司生物科技
客户所在地: 六盘水市, 中国
产品信息: 松下 智能扫地机器人 Plus (类别: 智能扫地机器人)
生产商: 松下智能电器
产品价格: 998.22
评分: 2.3星
评价日期: 2026年02月05日
评价内容: ""不推荐这款智能扫地机器人，续航时间短，很失望。""<ROW_SEP>

客户ID: PE529
客户公司: 易动力网络有限公司信息技术
客户所在地: 英县, 中国
产品信息: 松下 智能扫地机器人 Plus (类别: 智能扫地机器人)
生产商: 松下智能电器
产品价格: 998.22
评分: 2.7星
评价日期: 2026年02月04日
评价内容: ""这款产品有严重问题，画质模糊，已经申请退款。""<ROW_SEP>

客户ID: CM245
客户公司: 万迅电脑信息有限公司科技公司
客户所在地: 洋县, 中国
产品信息: 亚马逊 智能扫地机器人 Mini (类别: 智能扫地机器人)
生产商: 亚马逊智能科技
产品价格: 7885.52
评分: 4.4星
评价日期: 2026年01月07日
评价内容: ""我觉得，这款亚马逊 智能扫地机器人 Mini非常满意。值得一提的是在做饭时时表现尤为出色。建议慎重考虑。""<ROW_SEP>

客户ID: TE207
客户公司: 新宇龙信息传媒有限公司人工智能
客户所在地: 张家港市, 中国
产品信息: 松下 智能扫地机器人 Plus (类别: 智能扫地机器人)
生产商: 松下智能电器
产品价格: 998.22
评分: 3.3星
评价日期: 2026年01月03日
评价内容: ""总体来说还行，反应灵敏，就是售后服务差。""<ROW_SEP>

客户ID: EU335
客户公司: 济南亿次元网络有限公司科技公司
客户所在地: 巢湖市, 中国
产品信息: 亚马逊 智能扫地机器人 Mini (类别: 智能扫地机器人)
生产商: 亚马逊智能科技
产品价格: 7885.52
评分: 2.2星
评价日期: 2025年12月23日
评价内容: ""不推荐这款智能扫地机器人，兼容性差，很失望。""",338,26,GR729,2.6,2026-02-15,969,智能扫地机器人,亚马逊 智能扫地机器人 Mini,中建创业网络有限公司移动应用开发
"客户ID: ZU351
客户公司: 银嘉科技有限公司科技公司
客户所在地: 秀荣市, 中国
产品信息: 飞利浦 智能扫地机器人 Ultra (类别: 智能扫地机器人)
生产商: 飞利浦智能照明
产品价格: 259.27
评分: 2.6星
评价日期: 2025年12月05日
评价内容: ""使用一周后出现故障，功能单一，售后服务也不好。""<ROW_SEP>

客户ID: YR398
客户公司: 浦华众城信息有限公司虚拟现实
客户所在地: 大冶市, 中国
产品信息: 松下 智能扫地机器人 Plus (类别: 智能扫地机器人)
生产商: 松下智能电器
产品价格: 998.22
评分: 4.6星
评价日期: 2025年12月04日
评价内容: ""智能扫地机器人的设计很人性化，质量很好，值得推荐。""<ROW_SEP>

客户ID: AK874
客户公司: 昊嘉信息有限公司区块链技术
客户所在地: 雷市, 中国
产品信息: 飞利浦 智能扫地机器人 Ultra (类别: 智能扫地机器人)
生产商: 飞利浦智能照明
产品价格: 259.27
评分: 1.5星
评价日期: 2025年12月02日
评价内容: ""对这款智能扫地机器人非常不满意，续航时间短，浪费钱。""<ROW_SEP>

客户ID: LB704
客户公司: 群英信息有限公司金融科技
客户所在地: 昆明县, 中国
产品信息: 飞利浦 智能扫地机器人 Ultra (类别: 智能扫地机器人)
生产商: 飞利浦智能照明
产品价格: 259.27
评分: 2.0星
评价日期: 2025年11月26日
评价内容: ""信号强度问题很严重，完全不值这个价格。""<ROW_SEP>

客户ID: AW347
客户公司: 鸿睿思博传媒有限公司智能科技
客户所在地: 武汉市, 中国
产品信息: 飞利浦 智能扫地机器人 Plus (类别: 智能扫地机器人)
生产商: 飞利浦智能照明
产品价格: 230.53
评分: 2.2星
评价日期: 2025年11月20日
评价内容: ""这款产品有严重问题，稳定性差，已经申请退款。""<ROW_SEP>

客户ID: WW556
客户公司: 商软冠联网络有限公司信息技术
客户所在地: 梅市, 中国
产品信息: 飞利浦 智能扫地机器人 Ultra (类别: 智能扫地机器人)
生产商: 飞利浦智能照明
产品价格: 259.27
评分: 1.1星
评价日期: 2025年11月18日
评价内容: ""使用一周后出现故障，做工一般，售后服务也不好。""<ROW_SEP>

客户ID: AY876
客户公司: 精芯传媒有限公司物联网
客户所在地: 武汉市, 中国
产品信息: 松下 智能扫地机器人 Plus (类别: 智能扫地机器人)
生产商: 松下智能电器
产品价格: 998.22
评分: 4.2星
评价日期: 2025年11月06日
评价内容: ""这是我用过的最好的智能扫地机器人之一，外观漂亮，性价比很高。""",1116,73,ZU351,2.6,2025-12-05,941,智能扫地机器人,飞利浦 智能扫地机器人 Ultra,银嘉科技有限公司科技公司
"客户ID: DW607
客户公司: 银嘉网络有限公司云计算
客户所在地: 杨县, 中国
产品信息: 飞利浦 智能扫地机器人 Ultra (类别: 智能扫地机器人)
生产商: 飞利浦智能照明
产品价格: 259.27
评分: 2.8星
评价日期: 2025年10月26日
评价内容: ""必须承认，这款智能扫地机器人存在明显缺陷。主要问题在于价格偏高。唯一值得称赞的可能就是送货速度快。以后不会再考虑这个品牌的产品。""<ROW_SEP>

客户ID: VZ702
客户公司: 精芯网络有限公司互联网服务
客户所在地: 马鞍山县, 中国
产品信息: 亚马逊 智能扫地机器人 Mini (类别: 智能扫地机器人)
生产商: 亚马逊智能科技
产品价格: 7885.52
评分: 4.5星
评价日期: 2025年10月22日
评价内容: ""购买后，这款智能扫地机器人品质很好。特别是快速启动设计很贴心。总体来说还是很满意的。""<ROW_SEP>

客户ID: WQ849
客户公司: 开发区世创科技有限公司科技公司
客户所在地: 嘉禾市, 中国
产品信息: 苹果 智能扫地机器人 Pro (类别: 智能扫地机器人)
生产商: 苹果智能家庭
产品价格: 4063.85
评分: 3.9星
评价日期: 2025年10月20日
评价内容: ""使用后感觉，这款苹果 智能扫地机器人 Pro中规中矩。智能联动设计得比较合理。特别是使用久了会发现一些小问题。值得购买。""<ROW_SEP>

客户ID: QJ392
客户公司: 创亿网络有限公司金融科技
客户所在地: 重庆市, 中国
产品信息: 松下 智能扫地机器人 Plus (类别: 智能扫地机器人)
生产商: 松下智能电器
产品价格: 998.22
评分: 4.8星
评价日期: 2025年09月12日
评价内容: ""坦白讲，这款智能扫地机器人品质很好。而且自动调节功能特别实用。和朋友推荐的一样好用。建议慎重考虑。""<ROW_SEP>

客户ID: OA831
客户公司: 华泰通安科技有限公司网络安全
客户所在地: 玉梅市, 中国
产品信息: 苹果 智能扫地机器人 Pro (类别: 智能扫地机器人)
生产商: 苹果智能家庭
产品价格: 4063.85
评分: 2.3星
评价日期: 2025年09月01日
评价内容: ""对比了市面上几款同类产品后，这款苹果 智能扫地机器人 Pro使用体验很差。在看电影时时完全不能正常工作。以后不会再考虑这个品牌的产品。""<ROW_SEP>

客户ID: TO444
客户公司: MBP软件网络有限公司移动应用开发
客户所在地: 辛集市, 中国
产品信息: 亚马逊 智能扫地机器人 Mini (类别: 智能扫地机器人)
生产商: 亚马逊智能科技
产品价格: 7885.52
评分: 4.9星
评价日期: 2025年08月18日
评价内容: ""在看电影时时使用效果很好，特别是静音设计功能。""",1088,73,DW607,2.8,2025-10-26,961,智能扫地机器人,飞利浦 智能扫地机器人 Ultra,银嘉网络有限公司云计算
"客户ID: XW046
客户公司: 鑫博腾飞信息有限公司智能科技
客户所在地: 兴安盟市, 中国
产品信息: 松下 智能扫地机器人 Plus (类别: 智能扫地机器人)
生产商: 松下智能电器
产品价格: 998.22
评分: 2.3星
评价日期: 2025年08月18日
评价内容: ""我发现，这款松下 智能扫地机器人 Plus不值这个价格。电池寿命简直无法忍受。""<ROW_SEP>

客户ID: LU518
客户公司: 易动力传媒有限公司生物科技
客户所在地: 伟市, 中国
产品信息: 飞利浦 智能扫地机器人 Ultra (类别: 智能扫地机器人)
生产商: 飞利浦智能照明
产品价格: 259.27
评分: 3.7星
评价日期: 2025年08月14日
评价内容: ""使用后感觉，这款智能扫地机器人没有特别惊喜。在做饭时时使用体验还不错。然而在户外活动场景下表现一般。不太推荐购买。""<ROW_SEP>

客户ID: TO444
客户公司: MBP软件网络有限公司移动应用开发
客户所在地: 辛集市, 中国
产品信息: 博世 智能扫地机器人 Max (类别: 智能扫地机器人)
生产商: 博世智能系统
产品价格: 1108.4
评分: 3.0星
评价日期: 2025年08月14日
评价内容: ""作为第一次购买这类产品的新手，这款博世 智能扫地机器人 Max没有特别惊喜。高清画质设计得比较合理。值得一提的是连接稳定性有点问题。建议慎重考虑。""<ROW_SEP>

客户ID: WY218
客户公司: 飞海科技传媒有限公司信息技术
客户所在地: 济南市, 中国
产品信息: 松下 智能扫地机器人 Plus (类别: 智能扫地机器人)
生产商: 松下智能电器
产品价格: 998.22
评分: 3.7星
评价日期: 2025年08月13日
评价内容: ""智能扫地机器人的质量还可以，质量很好，不过价格偏高。""<ROW_SEP>

客户ID: GR729
客户公司: 中建创业网络有限公司移动应用开发
客户所在地: 辽阳县, 中国
产品信息: 飞利浦 智能扫地机器人 Plus (类别: 智能扫地机器人)
生产商: 飞利浦智能照明
产品价格: 230.53
评分: 3.8星
评价日期: 2025年07月17日
评价内容: ""在看电影时使用还不错，但在其他情况下表现一般。""<ROW_SEP>

客户ID: XO649
客户公司: 晖来计算机传媒有限公司云计算
客户所在地: 郑州县, 中国
产品信息: 亚马逊 智能扫地机器人 Mini (类别: 智能扫地机器人)
生产商: 亚马逊智能科技
产品价格: 7885.52
评分: 4.8星
评价日期: 2025年07月11日
评价内容: ""使用了一个月，稳定性好，没有发现任何问题。""",1177,58,XW046,2.3,2025-08-18,900,智能扫地机器人,松下 智能扫地机器人 Plus,鑫博腾飞信息有限公司智能科技
"客户ID: QU287
客户公司: 戴硕电子科技有限公司移动应用开发
客户所在地: 瑜市, 中国
产品信息: 飞利浦 智能扫地机器人 Plus (类别: 智能扫地机器人)
生产商: 飞利浦智能照明
产品价格: 230.53
评分: 1.8星
评价日期: 2025年07月10日
评价内容: ""不推荐这款智能扫地机器人，操作复杂，很失望。""<ROW_SEP>

客户ID: KM929
客户公司: 迪摩科技有限公司电子商务
客户所在地: 福州县, 中国
产品信息: 亚马逊 智能扫地机器人 Mini (类别: 智能扫地机器人)
生产商: 亚马逊智能科技
产品价格: 7885.52
评分: 3.2星
评价日期: 2025年07月08日
评价内容: ""智能扫地机器人的质量还可以，稳定性好，不过反应迟钝。""<ROW_SEP>

客户ID: XA075
客户公司: 网新恒天科技有限公司数字科技
客户所在地: 秀梅县, 中国
产品信息: 飞利浦 智能扫地机器人 Plus (类别: 智能扫地机器人)
生产商: 飞利浦智能照明
产品价格: 230.53
评分: 1.9星
评价日期: 2025年07月04日
评价内容: ""体验下来，这款智能扫地机器人不推荐购买。在工作时时完全不能正常工作。以后不会再考虑这个品牌的产品。""<ROW_SEP>

客户ID: CZ861
客户公司: 合联电子科技有限公司信息技术
客户所在地: 荣市, 中国
产品信息: 苹果 智能扫地机器人 Pro (类别: 智能扫地机器人)
生产商: 苹果智能家庭
产品价格: 4063.85
评分: 2.5星
评价日期: 2025年06月13日
评价内容: ""老实讲，这款苹果 智能扫地机器人 Pro存在明显缺陷。在做饭时时完全不能正常工作。已经申请退款了。""<ROW_SEP>

客户ID: XO649
客户公司: 晖来计算机传媒有限公司云计算
客户所在地: 郑州县, 中国
产品信息: 亚马逊 智能扫地机器人 Mini (类别: 智能扫地机器人)
生产商: 亚马逊智能科技
产品价格: 7885.52
评分: 2.0星
评价日期: 2025年05月30日
评价内容: ""不推荐这款智能扫地机器人，反应迟钝，很失望。""<ROW_SEP>

客户ID: EM821
客户公司: 泰麒麟信息有限公司人工智能
客户所在地: 香港县, 中国
产品信息: 飞利浦 智能扫地机器人 Plus (类别: 智能扫地机器人)
生产商: 飞利浦智能照明
产品价格: 230.53
评分: 1.9星
评价日期: 2025年05月29日
评价内容: ""对这款智能扫地机器人非常不满意，反应迟钝，浪费钱。""<ROW_SEP>

客户ID: IP471
客户公司: 银嘉信息有限公司移动应用开发
客户所在地: 荆门市, 中国
产品信息: 博世 智能扫地机器人 Max (类别: 智能扫地机器人)
生产商: 博世智能系统
产品价格: 1108.4
评分: 1.8星
评价日期: 2025年05月29日
评价内容: ""信号强度问题很严重，完全不值这个价格。""",1164,28,QU287,1.8,2025-07-10,988,智能扫地机器人,飞利浦 智能扫地机器人 Plus,戴硕电子科技有限公司移动应用开发
"客户ID: RV310
客户公司: 银嘉科技有限公司云计算
客户所在地: 重庆县, 中国
产品信息: 飞利浦 智能扫地机器人 Ultra (类别: 智能扫地机器人)
生产商: 飞利浦智能照明
产品价格: 259.27
评分: 1.4星
评价日期: 2025年05月06日
评价内容: ""不推荐这款智能扫地机器人，稳定性差，很失望。""<ROW_SEP>

客户ID: PJ659
客户公司: 超艺网络有限公司人工智能
客户所在地: 武汉市, 中国
产品信息: 博世 智能扫地机器人 Max (类别: 智能扫地机器人)
生产商: 博世智能系统
产品价格: 1108.4
评分: 4.5星
评价日期: 2025年04月22日
评价内容: ""这款产品的智能场景特别好用，在户外活动时特别方便。""<ROW_SEP>

客户ID: ZF801
客户公司: 易动力科技有限公司科技公司
客户所在地: 沈阳县, 中国
产品信息: 苹果 智能扫地机器人 Pro (类别: 智能扫地机器人)
生产商: 苹果智能家庭
产品价格: 4063.85
评分: 4.4星
评价日期: 2025年04月01日
评价内容: ""在早晨起床时使用效果很好，特别是智能联动功能。""<ROW_SEP>

客户ID: KM929
客户公司: 迪摩科技有限公司电子商务
客户所在地: 福州县, 中国
产品信息: 苹果 智能扫地机器人 Pro (类别: 智能扫地机器人)
生产商: 苹果智能家庭
产品价格: 4063.85
评分: 3.2星
评价日期: 2025年03月20日
评价内容: ""智能扫地机器人的质量还可以，性价比高，不过音质一般。""<ROW_SEP>

客户ID: HD242
客户公司: 富罳科技有限公司生物科技
客户所在地: 想县, 中国
产品信息: 博世 智能扫地机器人 Max (类别: 智能扫地机器人)
生产商: 博世智能系统
产品价格: 1108.4
评分: 3.7星
评价日期: 2025年03月11日
评价内容: ""这款智能扫地机器人一般，操作简单，但是散热问题有点问题。""<ROW_SEP>

客户ID: XA254
客户公司: 易动力信息有限公司物联网
客户所在地: 齐齐哈尔市, 中国
产品信息: 博世 智能扫地机器人 Max (类别: 智能扫地机器人)
生产商: 博世智能系统
产品价格: 1108.4
评分: 1.3星
评价日期: 2025年03月07日
评价内容: ""不推荐这款智能扫地机器人，售后服务差，很失望。""<ROW_SEP>

客户ID: RY572
客户公司: 中建创业信息有限公司虚拟现实
客户所在地: 冬梅县, 中国
产品信息: 苹果 智能扫地机器人 Pro (类别: 智能扫地机器人)
生产商: 苹果智能家庭
产品价格: 4063.85
评分: 4.9星
评价日期: 2025年02月20日
评价内容: ""这款智能扫地机器人的远程控制功能很实用，兼容性强。""",559,73,RV310,1.4,2025-05-06,936,智能扫地机器人,飞利浦 智能扫地机器人 Ultra,银嘉科技有限公司云计算
"客户ID: DW607
客户公司: 银嘉网络有限公司云计算
客户所在地: 杨县, 中国
产品信息: 博世 智能扫地机器人 Max (类别: 智能扫地机器人)
生产商: 博世智能系统
产品价格: 1108.4
评分: 1.6星
评价日期: 2025年02月07日
评价内容: ""这款产品有严重问题，售后服务差，已经申请退款。""<ROW_SEP>

客户ID: XO649
客户公司: 晖来计算机传媒有限公司云计算
客户所在地: 郑州县, 中国
产品信息: 苹果 智能扫地机器人 Pro (类别: 智能扫地机器人)
生产商: 苹果智能家庭
产品价格: 4063.85
评分: 3.3星
评价日期: 2025年02月06日
评价内容: ""智能扫地机器人的质量还可以，兼容性强，不过功能单一。""<ROW_SEP>

客户ID: XA254
客户公司: 易动力信息有限公司物联网
客户所在地: 齐齐哈尔市, 中国
产品信息: 飞利浦 智能扫地机器人 Plus (类别: 智能扫地机器人)
生产商: 飞利浦智能照明
产品价格: 230.53
评分: 2.3星
评价日期: 2025年02月06日
评价内容: ""不得不说，这款飞利浦 智能扫地机器人 Plus存在明显缺陷。主要问题在于售后服务差。希望厂家能重视这些问题。""<ROW_SEP>

客户ID: PV664
客户公司: 毕博诚信息有限公司信息技术
客户所在地: 柳州县, 中国
产品信息: 亚马逊 智能扫地机器人 Mini (类别: 智能扫地机器人)
生产商: 亚马逊智能科技
产品价格: 7885.52
评分: 4.6星
评价日期: 2025年02月04日
评价内容: ""这是我用过的最好的智能扫地机器人之一，续航时间长，性价比很高。""<ROW_SEP>

客户ID: BI759
客户公司: 时空盒数字信息有限公司虚拟现实
客户所在地: 荣市, 中国
产品信息: 飞利浦 智能扫地机器人 Ultra (类别: 智能扫地机器人)
生产商: 飞利浦智能照明
产品价格: 259.27
评分: 3.4星
评价日期: 2025年01月22日
评价内容: ""这款产品优缺点都有，反应灵敏，但智能化程度低。""<ROW_SEP>

客户ID: DW607
客户公司: 银嘉网络有限公司云计算
客户所在地: 杨县, 中国
产品信息: 松下 智能扫地机器人 Plus (类别: 智能扫地机器人)
生产商: 松下智能电器
产品价格: 998.22
评分: 2.1星
评价日期: 2025年01月16日
评价内容: ""不推荐这款智能扫地机器人，耗电量大，很失望。""<ROW_SEP>

客户ID: QL573
客户公司: 维涛科技有限公司网络安全
客户所在地: 永安市, 中国
产品信息: 飞利浦 智能扫地机器人 Ultra (类别: 智能扫地机器人)
生产商: 飞利浦智能照明
产品价格: 259.27
评分: 2.0星
评价日期: 2025年01月12日
评价内容: ""连接稳定性问题很严重，完全不值这个价格。""",862,7,DW607,1.6,2025-02-07,964,智能扫地机器人,博世 智能扫地机器人 Max,银嘉网络有限公司云计算
"客户ID: WQ849
客户公司: 开发区世创科技有限公司科技公司
客户所在地: 嘉禾市, 中国
产品信息: 博世 智能扫地机器人 Max (类别: 智能扫地机器人)
生产商: 博世智能系统
产品价格: 1108.4
评分: 4.8星
评价日期: 2024年12月23日
评价内容: ""说实话，这款智能扫地机器人功能很强大。然而自动升级是我最喜欢的部分。没有网上评价说的那么好。如果非要说缺点的话，可能就是稳定性差。对得起这个价格。""<ROW_SEP>

客户ID: QJ392
客户公司: 创亿网络有限公司金融科技
客户所在地: 重庆市, 中国
产品信息: 飞利浦 智能扫地机器人 Ultra (类别: 智能扫地机器人)
生产商: 飞利浦智能照明
产品价格: 259.27
评分: 3.3星
评价日期: 2024年12月20日
评价内容: ""这款智能扫地机器人一般，安装方便，但是连接稳定性有点问题。""<ROW_SEP>

客户ID: ZH741
客户公司: 巨奥科技有限公司信息技术
客户所在地: 峰县, 中国
产品信息: 亚马逊 智能扫地机器人 Mini (类别: 智能扫地机器人)
生产商: 亚马逊智能科技
产品价格: 7885.52
评分: 4.6星
评价日期: 2024年12月17日
评价内容: ""我发现，这款亚马逊 智能扫地机器人 Mini很好用。对得起这个价格。""<ROW_SEP>

客户ID: ZU351
客户公司: 银嘉科技有限公司科技公司
客户所在地: 秀荣市, 中国
产品信息: 亚马逊 智能扫地机器人 Mini (类别: 智能扫地机器人)
生产商: 亚马逊智能科技
产品价格: 7885.52
评分: 1.4星
评价日期: 2024年11月26日
评价内容: ""不推荐这款智能扫地机器人，续航时间短，很失望。""<ROW_SEP>

客户ID: WW556
客户公司: 商软冠联网络有限公司信息技术
客户所在地: 梅市, 中国
产品信息: 飞利浦 智能扫地机器人 Plus (类别: 智能扫地机器人)
生产商: 飞利浦智能照明
产品价格: 230.53
评分: 1.6星
评价日期: 2024年11月09日
评价内容: ""使用后感觉，这款飞利浦 智能扫地机器人 Plus质量太差。在工作时时完全不能正常工作。""<ROW_SEP>

客户ID: ME428
客户公司: 创汇网络有限公司虚拟现实
客户所在地: 秀英市, 中国
产品信息: 飞利浦 智能扫地机器人 Ultra (类别: 智能扫地机器人)
生产商: 飞利浦智能照明
产品价格: 259.27
评分: 1.5星
评价日期: 2024年11月05日
评价内容: ""不推荐这款智能扫地机器人，音质一般，很失望。""",82,7,WQ849,4.8,2024-12-23,877,智能扫地机器人,博世 智能扫地机器人 Max,开发区世创科技有限公司科技公司
"客户ID: DX151
客户公司: 易动力信息有限公司物联网
客户所在地: 佛山县, 中国
产品信息: 松下 智能扫地机器人 Plus (类别: 智能扫地机器人)
生产商: 松下智能电器
产品价格: 998.22
评分: 1.0星
评价日期: 2024年10月21日
评价内容: ""电池寿命问题很严重，完全不值这个价格。""<ROW_SEP>

客户ID: CC657
客户公司: 昊嘉信息有限公司信息技术
客户所在地: 军县, 中国
产品信息: 飞利浦 智能扫地机器人 Plus (类别: 智能扫地机器人)
生产商: 飞利浦智能照明
产品价格: 230.53
评分: 3.8星
评价日期: 2024年10月01日
评价内容: ""智能扫地机器人的质量还可以，做工精细，不过做工一般。""<ROW_SEP>

客户ID: PV664
客户公司: 毕博诚信息有限公司信息技术
客户所在地: 柳州县, 中国
产品信息: 飞利浦 智能扫地机器人 Plus (类别: 智能扫地机器人)
生产商: 飞利浦智能照明
产品价格: 230.53
评分: 2.0星
评价日期: 2024年09月26日
评价内容: ""不推荐这款智能扫地机器人，续航时间短，很失望。""<ROW_SEP>

客户ID: QI779
客户公司: 合联电子科技有限公司网络安全
客户所在地: 沈阳县, 中国
产品信息: 博世 智能扫地机器人 Max (类别: 智能扫地机器人)
生产商: 博世智能系统
产品价格: 1108.4
评分: 4.1星
评价日期: 2024年09月21日
评价内容: ""非常满意这次购买，智能化程度高，送货也很快。""<ROW_SEP>

客户ID: DH200
客户公司: 盟新传媒有限公司大数据分析
客户所在地: 辽阳县, 中国
产品信息: 飞利浦 智能扫地机器人 Ultra (类别: 智能扫地机器人)
生产商: 飞利浦智能照明
产品价格: 259.27
评分: 1.9星
评价日期: 2024年09月14日
评价内容: ""使用一周后出现故障，售后服务差，售后服务也不好。""<ROW_SEP>

客户ID: QJ392
客户公司: 创亿网络有限公司金融科技
客户所在地: 重庆市, 中国
产品信息: 亚马逊 智能扫地机器人 Mini (类别: 智能扫地机器人)
生产商: 亚马逊智能科技
产品价格: 7885.52
评分: 2.2星
评价日期: 2024年09月13日
评价内容: ""使用一周后出现故障，售后服务差，售后服务也不好。""<ROW_SEP>

客户ID: BN418
客户公司: 易动力网络有限公司移动应用开发
客户所在地: 重庆市, 中国
产品信息: 飞利浦 智能扫地机器人 Ultra (类别: 智能扫地机器人)
生产商: 飞利浦智能照明
产品价格: 259.27
评分: 2.1星
评价日期: 2024年09月02日
评价内容: ""不推荐这款智能扫地机器人，安装困难，很失望。""",918,58,DX151,1.0,2024-10-21,935,智能扫地机器人,松下 智能扫地机器人 Plus,易动力信息有限公司物联网
"客户ID: TW751
客户公司: 图龙信息网络有限公司云计算
客户所在地: 宁德市, 中国
产品信息: 亚马逊 智能扫地机器人 Mini (类别: 智能扫地机器人)
生产商: 亚马逊智能科技
产品价格: 7885.52
评分: 1.9星
评价日期: 2024年08月31日
评价内容: ""作为一个经常使用此类产品的人，这款亚马逊 智能扫地机器人 Mini不值这个价格。散热问题简直无法忍受。希望厂家能重视这些问题。""<ROW_SEP>

客户ID: WW556
客户公司: 商软冠联网络有限公司信息技术
客户所在地: 梅市, 中国
产品信息: 松下 智能扫地机器人 Plus (类别: 智能扫地机器人)
生产商: 松下智能电器
产品价格: 998.22
评分: 1.5星
评价日期: 2024年08月28日
评价内容: ""收到货后，这款松下 智能扫地机器人 Plus很失望。使用不到一周就出现了损坏。唯一值得称赞的可能就是外观设计还不错。以后不会再考虑这个品牌的产品。""<ROW_SEP>

客户ID: NU711
客户公司: 易动力科技有限公司人工智能
客户所在地: 桂兰县, 中国
产品信息: 飞利浦 智能扫地机器人 Ultra (类别: 智能扫地机器人)
生产商: 飞利浦智能照明
产品价格: 259.27
评分: 4.5星
评价日期: 2024年08月19日
评价内容: ""这款智能扫地机器人质量很好，做工精细。总体来说很满意。""<ROW_SEP>

客户ID: CM245
客户公司: 万迅电脑信息有限公司科技公司
客户所在地: 洋县, 中国
产品信息: 博世 智能扫地机器人 Max (类别: 智能扫地机器人)
生产商: 博世智能系统
产品价格: 1108.4
评分: 4.9星
评价日期: 2024年08月19日
评价内容: ""用了一段时间，这款智能扫地机器人功能很强大。令人意外的是自动升级是我最喜欢的部分。在同价位产品中表现最好。如果非要说缺点的话，电池寿命还有提升空间。整体体验不错。""<ROW_SEP>

客户ID: PS740
客户公司: 国讯科技有限公司金融科技
客户所在地: 金凤市, 中国
产品信息: 博世 智能扫地机器人 Max (类别: 智能扫地机器人)
生产商: 博世智能系统
产品价格: 1108.4
评分: 2.6星
评价日期: 2024年07月15日
评价内容: ""不推荐这款智能扫地机器人，售后服务差，很失望。""",1104,26,TW751,1.9,2024-08-31,806,智能扫地机器人,亚马逊 智能扫地机器人 Mini,图龙信息网络有限公司云计算
"客户ID: TE207
客户公司: 新宇龙信息传媒有限公司人工智能
客户所在地: 张家港市, 中国
产品信息: 亚马逊 智能扫地机器人 Mini (类别: 智能扫地机器人)
生产商: 亚马逊智能科技
产品价格: 7885.52
评分: 4.2星
评价日期: 2024年07月14日
评价内容: ""使用后感觉，这款亚马逊 智能扫地机器人 Mini设计很人性化。并且省电模式设计很贴心。在同类产品中算是中等水平。如果非要说缺点的话，配件可以再多一些。推荐给有需要的朋友。""<ROW_SEP>

客户ID: QI779
客户公司: 合联电子科技有限公司网络安全
客户所在地: 沈阳县, 中国
产品信息: 飞利浦 智能扫地机器人 Plus (类别: 智能扫地机器人)
生产商: 飞利浦智能照明
产品价格: 230.53
评分: 3.4星
评价日期: 2024年07月12日
评价内容: ""在晚上睡前使用还不错，但在其他情况下表现一般。""<ROW_SEP>

客户ID: BF338
客户公司: 天开网络有限公司金融科技
客户所在地: 南宁市, 中国
产品信息: 苹果 智能扫地机器人 Pro (类别: 智能扫地机器人)
生产商: 苹果智能家庭
产品价格: 4063.85
评分: 4.2星
评价日期: 2024年07月10日
评价内容: ""从我的使用体验来看，这款智能扫地机器人超出我的预期。值得一提的是定时功能是我最喜欢的部分。比我预期的要好。可以考虑其他品牌的同类产品。""<ROW_SEP>

客户ID: GC890
客户公司: 创联世纪信息有限公司移动应用开发
客户所在地: 福州县, 中国
产品信息: 松下 智能扫地机器人 Plus (类别: 智能扫地机器人)
生产商: 松下智能电器
产品价格: 998.22
评分: 2.1星
评价日期: 2024年07月05日
评价内容: ""连接稳定性问题很严重，完全不值这个价格。""<ROW_SEP>

客户ID: DX151
客户公司: 易动力信息有限公司物联网
客户所在地: 佛山县, 中国
产品信息: 苹果 智能扫地机器人 Pro (类别: 智能扫地机器人)
生产商: 苹果智能家庭
产品价格: 4063.85
评分: 4.4星
评价日期: 2024年06月29日
评价内容: ""智能扫地机器人的设计很人性化，性价比高，值得推荐。""<ROW_SEP>

客户ID: BP732
客户公司: 南康网络有限公司互联网服务
客户所在地: 敏市, 中国
产品信息: 苹果 智能扫地机器人 Pro (类别: 智能扫地机器人)
生产商: 苹果智能家庭
产品价格: 4063.85
评分: 3.9星
评价日期: 2024年06月23日
评价内容: ""在看电影时使用还不错，但在其他情况下表现一般。""",182,26,TE207,4.2,2024-07-14,902,智能扫地机器人,亚马逊 智能扫地机器人 Mini,新宇龙信息传媒有限公司人工智能
"客户ID: RV310
客户公司: 银嘉科技有限公司云计算
客户所在地: 重庆县, 中国
产品信息: 飞利浦 智能扫地机器人 Ultra (类别: 智能扫地机器人)
生产商: 飞利浦智能照明
产品价格: 259.27
评分: 2.3星
评价日期: 2024年06月18日
评价内容: ""噪音控制问题很严重，完全不值这个价格。""<ROW_SEP>

客户ID: CA470
客户公司: 南康传媒有限公司生物科技
客户所在地: 贵阳市, 中国
产品信息: 博世 智能扫地机器人 Max (类别: 智能扫地机器人)
生产商: 博世智能系统
产品价格: 1108.4
评分: 2.3星
评价日期: 2024年06月16日
评价内容: ""使用一周后出现故障，画质模糊，售后服务也不好。""",373,73,RV310,2.3,2024-06-18,257,智能扫地机器人,飞利浦 智能扫地机器人 Ultra,银嘉科技有限公司云计算
"客户ID: GC890
客户公司: 创联世纪信息有限公司移动应用开发
客户所在地: 福州县, 中国
产品信息: 美的 智能插座 Standard (类别: 智能插座)
生产商: 美的智能科技
产品价格: 9962.25
评分: 3.7星
评价日期: 2026年06月03日
评价内容: ""这款智能插座一般，做工精细，但是噪音控制有点问题。""<ROW_SEP>

客户ID: DW607
客户公司: 银嘉网络有限公司云计算
客户所在地: 杨县, 中国
产品信息: 美的 智能插座 Standard (类别: 智能插座)
生产商: 美的智能科技
产品价格: 9962.25
评分: 2.9星
评价日期: 2026年05月21日
评价内容: ""作为第一次购买这类产品的新手，这款智能插座很失望。主要问题在于价格偏高。""<ROW_SEP>

客户ID: RV310
客户公司: 银嘉科技有限公司云计算
客户所在地: 重庆县, 中国
产品信息: 博世 智能插座 Basic (类别: 智能插座)
生产商: 博世智能系统
产品价格: 3665.95
评分: 1.8星
评价日期: 2026年05月16日
评价内容: ""作为第一次购买这类产品的新手，这款博世 智能插座 Basic完全不符合预期。在做饭时时完全不能正常工作。不推荐任何人购买。""<ROW_SEP>

客户ID: WY218
客户公司: 飞海科技传媒有限公司信息技术
客户所在地: 济南市, 中国
产品信息: LG 智能插座 Max (类别: 智能插座)
生产商: LG智能家电
产品价格: 8566.89
评分: 4.0星
评价日期: 2026年05月02日
评价内容: ""这款产品的多用户管理特别好用，在日常使用时特别方便。""<ROW_SEP>

客户ID: RV310
客户公司: 银嘉科技有限公司云计算
客户所在地: 重庆县, 中国
产品信息: 亚马逊 智能插座 Pro (类别: 智能插座)
生产商: 亚马逊智能科技
产品价格: 6880.25
评分: 1.1星
评价日期: 2026年04月26日
评价内容: ""这款产品有严重问题，操作复杂，已经申请退款。""<ROW_SEP>

客户ID: WN094
客户公司: 菊风公司传媒有限公司数字科技
客户所在地: 秀梅市, 中国
产品信息: 博世 智能插座 Basic (类别: 智能插座)
生产商: 博世智能系统
产品价格: 3665.95
评分: 4.5星
评价日期: 2026年04月20日
评价内容: ""在看电影时时使用效果很好，特别是省电模式功能。""<ROW_SEP>

客户ID: GR625
客户公司: 明腾传媒有限公司互联网服务
客户所在地: 邯郸市, 中国
产品信息: LG 智能插座 Max (类别: 智能插座)
生产商: LG智能家电
产品价格: 8566.89
评分: 2.6星
评价日期: 2026年03月30日
评价内容: ""这款产品有严重问题，画质模糊，已经申请退款。""",404,2,GC890,3.7,2026-06-03,929,智能插座,美的 智能插座 Standard,创联世纪信息有限公司移动应用开发
"客户ID: KM929
客户公司: 迪摩科技有限公司电子商务
客户所在地: 福州县, 中国
产品信息: 博世 智能插座 Basic (类别: 智能插座)
生产商: 博世智能系统
产品价格: 3665.95
评分: 1.1星
评价日期: 2026年03月22日
评价内容: ""这款产品有严重问题，价格偏高，已经申请退款。""<ROW_SEP>

客户ID: XA075
客户公司: 网新恒天科技有限公司数字科技
客户所在地: 秀梅县, 中国
产品信息: 小米 智能插座 Max (类别: 智能插座)
生产商: 小米智能家居
产品价格: 5793.04
评分: 1.7星
评价日期: 2026年03月21日
评价内容: ""不推荐这款智能插座，功能单一，很失望。""<ROW_SEP>

客户ID: YR398
客户公司: 浦华众城信息有限公司虚拟现实
客户所在地: 大冶市, 中国
产品信息: 博世 智能插座 Basic (类别: 智能插座)
生产商: 博世智能系统
产品价格: 3665.95
评分: 1.7星
评价日期: 2026年03月13日
评价内容: ""噪音控制问题很严重，完全不值这个价格。""<ROW_SEP>

客户ID: WB209
客户公司: 维涛传媒有限公司云计算
客户所在地: 秀华县, 中国
产品信息: 美的 智能插座 Standard (类别: 智能插座)
生产商: 美的智能科技
产品价格: 9962.25
评分: 2.6星
评价日期: 2026年03月06日
评价内容: ""个人认为，这款智能插座存在明显缺陷。主要问题在于智能化程度低。唯一值得称赞的可能就是外观设计还不错。这钱花得太冤枉了。""<ROW_SEP>

客户ID: TB616
客户公司: 晖来计算机网络有限公司虚拟现实
客户所在地: 梅县, 中国
产品信息: LG 智能插座 Max (类别: 智能插座)
生产商: LG智能家电
产品价格: 8566.89
评分: 1.4星
评价日期: 2026年02月20日
评价内容: ""使用一周后出现故障，音质一般，售后服务也不好。""<ROW_SEP>

客户ID: ZO854
客户公司: MBP软件科技有限公司信息技术
客户所在地: 丽华县, 中国
产品信息: 亚马逊 智能插座 Pro (类别: 智能插座)
生产商: 亚马逊智能科技
产品价格: 6880.25
评分: 1.4星
评价日期: 2026年02月13日
评价内容: ""对这款智能插座非常不满意，使用说明不清，浪费钱。""<ROW_SEP>

客户ID: WB209
客户公司: 维涛传媒有限公司云计算
客户所在地: 秀华县, 中国
产品信息: 小米 智能插座 Max (类别: 智能插座)
生产商: 小米智能家居
产品价格: 5793.04
评分: 4.1星
评价日期: 2026年02月06日
评价内容: ""我发现，这款小米 智能插座 Max很好用。总体来说还是很满意的。""",865,68,KM929,1.1,2026-03-22,916,智能插座,博世 智能插座 Basic,迪摩科技有限公司电子商务
"客户ID: EI532
客户公司: 七喜传媒有限公司人工智能
客户所在地: 丽华县, 中国
产品信息: 美的 智能插座 Standard (类别: 智能插座)
生产商: 美的智能科技
产品价格: 9962.25
评分: 3.5星
评价日期: 2026年02月06日
评价内容: ""智能插座的质量还可以，智能化程度高，不过使用说明不清。""<ROW_SEP>

客户ID: LU518
客户公司: 易动力传媒有限公司生物科技
客户所在地: 伟市, 中国
产品信息: 小米 智能插座 Max (类别: 智能插座)
生产商: 小米智能家居
产品价格: 5793.04
评分: 4.8星
评价日期: 2026年02月06日
评价内容: ""这款智能插座质量很好，稳定性好。总体来说很满意。""<ROW_SEP>

客户ID: MG296
客户公司: 浦华众城网络有限公司信息技术
客户所在地: 浩市, 中国
产品信息: 小米 智能插座 Max (类别: 智能插座)
生产商: 小米智能家居
产品价格: 5793.04
评分: 4.7星
评价日期: 2026年02月05日
评价内容: ""这款智能插座质量很好，做工精细。总体来说很满意。""<ROW_SEP>

客户ID: ZF801
客户公司: 易动力科技有限公司科技公司
客户所在地: 沈阳县, 中国
产品信息: 博世 智能插座 Basic (类别: 智能插座)
生产商: 博世智能系统
产品价格: 3665.95
评分: 2.1星
评价日期: 2026年01月28日
评价内容: ""散热问题问题很严重，完全不值这个价格。""<ROW_SEP>

客户ID: GR729
客户公司: 中建创业网络有限公司移动应用开发
客户所在地: 辽阳县, 中国
产品信息: 博世 智能插座 Basic (类别: 智能插座)
生产商: 博世智能系统
产品价格: 3665.95
评分: 4.8星
评价日期: 2025年12月30日
评价内容: ""非常满意这次购买，做工精细，送货也很快。""<ROW_SEP>

客户ID: YZ898
客户公司: 通际名联科技有限公司金融科技
客户所在地: 济南市, 中国
产品信息: 小米 智能插座 Max (类别: 智能插座)
生产商: 小米智能家居
产品价格: 5793.04
评分: 1.9星
评价日期: 2025年11月23日
评价内容: ""不推荐这款智能插座，音质一般，很失望。""<ROW_SEP>

客户ID: EK253
客户公司: 兰金电子科技有限公司区块链技术
客户所在地: 南昌市, 中国
产品信息: 博世 智能插座 Basic (类别: 智能插座)
生产商: 博世智能系统
产品价格: 3665.95
评分: 3.2星
评价日期: 2025年11月16日
评价内容: ""这款产品优缺点都有，安装方便，但耗电量大。""",18,2,EI532,3.5,2026-02-06,882,智能插座,美的 智能插座 Standard,七喜传媒有限公司人工智能
"客户ID: AU710
客户公司: 巨奥传媒有限公司信息技术
客户所在地: 辛集市, 中国
产品信息: LG 智能插座 Max (类别: 智能插座)
生产商: LG智能家电
产品价格: 8566.89
评分: 4.1星
评价日期: 2025年08月20日
评价内容: ""这是我用过的最好的智能插座之一，兼容性强，性价比很高。""<ROW_SEP>

客户ID: FJ947
客户公司: 浙大万朋信息有限公司生物科技
客户所在地: 鑫市, 中国
产品信息: LG 智能插座 Max (类别: 智能插座)
生产商: LG智能家电
产品价格: 8566.89
评分: 2.6星
评价日期: 2025年07月23日
评价内容: ""对这款智能插座非常不满意，稳定性差，浪费钱。""<ROW_SEP>

客户ID: DX151
客户公司: 易动力信息有限公司物联网
客户所在地: 佛山县, 中国
产品信息: LG 智能插座 Max (类别: 智能插座)
生产商: LG智能家电
产品价格: 8566.89
评分: 1.1星
评价日期: 2025年07月17日
评价内容: ""用了一段时间，这款智能插座很失望。信号强度简直无法忍受。唯一值得称赞的可能就是送货速度快。""<ROW_SEP>

客户ID: RG743
客户公司: 快讯信息有限公司智能科技
客户所在地: 勇县, 中国
产品信息: 美的 智能插座 Standard (类别: 智能插座)
生产商: 美的智能科技
产品价格: 9962.25
评分: 3.9星
评价日期: 2025年07月01日
评价内容: ""这款产品优缺点都有，稳定性好，但安装困难。""<ROW_SEP>

客户ID: US056
客户公司: 国讯网络有限公司移动应用开发
客户所在地: 文市, 中国
产品信息: 美的 智能插座 Standard (类别: 智能插座)
生产商: 美的智能科技
产品价格: 9962.25
评分: 1.4星
评价日期: 2025年06月07日
评价内容: ""试用了几天，这款美的 智能插座 Standard不值这个价格。在做饭时时完全不能正常工作。已经申请退款了。""<ROW_SEP>

客户ID: WB209
客户公司: 维涛传媒有限公司云计算
客户所在地: 秀华县, 中国
产品信息: LG 智能插座 Max (类别: 智能插座)
生产商: LG智能家电
产品价格: 8566.89
评分: 4.3星
评价日期: 2025年06月06日
评价内容: ""这款智能插座质量很好，节能环保。总体来说很满意。""<ROW_SEP>

客户ID: IP471
客户公司: 银嘉信息有限公司移动应用开发
客户所在地: 荆门市, 中国
产品信息: 博世 智能插座 Basic (类别: 智能插座)
生产商: 博世智能系统
产品价格: 3665.95
评分: 1.9星
评价日期: 2025年05月31日
评价内容: ""购买后，这款博世 智能插座 Basic使用体验很差。电池寿命简直无法忍受。""",863,100,AU710,4.1,2025-08-20,925,智能插座,LG 智能插座 Max,巨奥传媒有限公司信息技术
"客户ID: XN875
客户公司: 天开传媒有限公司网络安全
客户所在地: 芳市, 中国
产品信息: 美的 智能插座 Standard (类别: 智能插座)
生产商: 美的智能科技
产品价格: 9962.25
评分: 1.7星
评价日期: 2025年05月20日
评价内容: ""噪音控制问题很严重，完全不值这个价格。""<ROW_SEP>

客户ID: HD242
客户公司: 富罳科技有限公司生物科技
客户所在地: 想县, 中国
产品信息: 美的 智能插座 Standard (类别: 智能插座)
生产商: 美的智能科技
产品价格: 9962.25
评分: 1.4星
评价日期: 2025年05月17日
评价内容: ""使用后感觉，这款智能插座存在明显缺陷。在做饭时时完全不能正常工作。已经申请退款了。""<ROW_SEP>

客户ID: RG743
客户公司: 快讯信息有限公司智能科技
客户所在地: 勇县, 中国
产品信息: 美的 智能插座 Standard (类别: 智能插座)
生产商: 美的智能科技
产品价格: 9962.25
评分: 3.4星
评价日期: 2025年05月17日
评价内容: ""智能插座的质量还可以，功能齐全，不过操作复杂。""<ROW_SEP>

客户ID: NQ176
客户公司: 图龙信息传媒有限公司数字科技
客户所在地: 南昌市, 中国
产品信息: 美的 智能插座 Standard (类别: 智能插座)
生产商: 美的智能科技
产品价格: 9962.25
评分: 4.8星
评价日期: 2025年05月06日
评价内容: ""这款智能插座质量很好，画质清晰。总体来说很满意。""<ROW_SEP>

客户ID: FA862
客户公司: 方正科技网络有限公司云计算
客户所在地: 潮州县, 中国
产品信息: 小米 智能插座 Max (类别: 智能插座)
生产商: 小米智能家居
产品价格: 5793.04
评分: 1.4星
评价日期: 2025年04月20日
评价内容: ""个人认为，这款智能插座完全不符合预期。使用不到一周就出现了异常。希望厂家能重视这些问题。""<ROW_SEP>

客户ID: DX151
客户公司: 易动力信息有限公司物联网
客户所在地: 佛山县, 中国
产品信息: 美的 智能插座 Standard (类别: 智能插座)
生产商: 美的智能科技
产品价格: 9962.25
评分: 4.5星
评价日期: 2025年04月08日
评价内容: ""这款智能插座质量很好，反应灵敏。总体来说很满意。""<ROW_SEP>

客户ID: PE529
客户公司: 易动力网络有限公司信息技术
客户所在地: 英县, 中国
产品信息: 亚马逊 智能插座 Pro (类别: 智能插座)
生产商: 亚马逊智能科技
产品价格: 6880.25
评分: 2.5星
评价日期: 2025年04月07日
评价内容: ""对这款智能插座非常不满意，智能化程度低，浪费钱。""",1126,2,XN875,1.7,2025-05-20,918,智能插座,美的 智能插座 Standard,天开传媒有限公司网络安全
"客户ID: KS630
客户公司: 良诺信息有限公司网络安全
客户所在地: 潮州市, 中国
产品信息: 小米 智能插座 Max (类别: 智能插座)
生产商: 小米智能家居
产品价格: 5793.04
评分: 4.3星
评价日期: 2025年04月06日
评价内容: ""这款智能插座的智能学习功能很实用，智能化程度高。""<ROW_SEP>

客户ID: FB488
客户公司: 方正科技科技有限公司互联网服务
客户所在地: 宁德市, 中国
产品信息: 亚马逊 智能插座 Pro (类别: 智能插座)
生产商: 亚马逊智能科技
产品价格: 6880.25
评分: 4.6星
评价日期: 2025年02月28日
评价内容: ""这款智能插座的智能学习功能很实用，反应灵敏。""<ROW_SEP>

客户ID: GC846
客户公司: 明腾科技有限公司区块链技术
客户所在地: 石家庄市, 中国
产品信息: 小米 智能插座 Max (类别: 智能插座)
生产商: 小米智能家居
产品价格: 5793.04
评分: 2.8星
评价日期: 2025年02月28日
评价内容: ""这款产品有严重问题，音质一般，已经申请退款。""<ROW_SEP>

客户ID: VC531
客户公司: 九方传媒有限公司生物科技
客户所在地: 六盘水市, 中国
产品信息: 亚马逊 智能插座 Pro (类别: 智能插座)
生产商: 亚马逊智能科技
产品价格: 6880.25
评分: 2.1星
评价日期: 2025年02月21日
评价内容: ""使用一周后出现故障，使用说明不清，售后服务也不好。""<ROW_SEP>

客户ID: KM929
客户公司: 迪摩科技有限公司电子商务
客户所在地: 福州县, 中国
产品信息: 亚马逊 智能插座 Pro (类别: 智能插座)
生产商: 亚马逊智能科技
产品价格: 6880.25
评分: 1.6星
评价日期: 2025年02月11日
评价内容: ""使用一周后出现故障，画质模糊，售后服务也不好。""<ROW_SEP>

客户ID: OA831
客户公司: 华泰通安科技有限公司网络安全
客户所在地: 玉梅市, 中国
产品信息: LG 智能插座 Max (类别: 智能插座)
生产商: LG智能家电
产品价格: 8566.89
评分: 2.6星
评价日期: 2024年11月23日
评价内容: ""电池寿命问题很严重，完全不值这个价格。""<ROW_SEP>

客户ID: TB616
客户公司: 晖来计算机网络有限公司虚拟现实
客户所在地: 梅县, 中国
产品信息: 博世 智能插座 Basic (类别: 智能插座)
生产商: 博世智能系统
产品价格: 3665.95
评分: 4.0星
评价日期: 2024年11月22日
评价内容: ""老实讲，这款博世 智能插座 Basic性价比很高。可惜的是多用户管理是我最喜欢的部分。在同类产品中算是中等水平。如果非要说缺点的话，可能就是功能单一。有点贵了，但质量确实好。""",135,52,KS630,4.3,2025-04-06,947,智能插座,小米 智能插座 Max,良诺信息有限公司网络安全
"客户ID: IK721
客户公司: 诺依曼软件传媒有限公司物联网
客户所在地: 华市, 中国
产品信息: 博世 智能插座 Basic (类别: 智能插座)
生产商: 博世智能系统
产品价格: 3665.95
评分: 2.4星
评价日期: 2024年11月09日
评价内容: ""试用了几天，这款博世 智能插座 Basic功能实现得很糟糕。噪音控制简直无法忍受。""<ROW_SEP>

客户ID: DV182
客户公司: 艾提科信传媒有限公司网络安全
客户所在地: 桂荣市, 中国
产品信息: LG 智能插座 Max (类别: 智能插座)
生产商: LG智能家电
产品价格: 8566.89
评分: 3.0星
评价日期: 2024年10月31日
评价内容: ""这款智能插座一般，画质清晰，但是信号强度有点问题。""<ROW_SEP>

客户ID: TE207
客户公司: 新宇龙信息传媒有限公司人工智能
客户所在地: 张家港市, 中国
产品信息: 美的 智能插座 Standard (类别: 智能插座)
生产商: 美的智能科技
产品价格: 9962.25
评分: 3.8星
评价日期: 2024年10月29日
评价内容: ""不得不说，这款智能插座也没有特别失望。在早晨起床时使用体验还不错。此外使用久了会发现一些小问题。便宜没好货，这句话在这里很适用。""<ROW_SEP>

客户ID: II746
客户公司: 恩悌传媒有限公司虚拟现实
客户所在地: 南昌县, 中国
产品信息: 博世 智能插座 Basic (类别: 智能插座)
生产商: 博世智能系统
产品价格: 3665.95
评分: 2.0星
评价日期: 2024年10月28日
评价内容: ""这款产品有严重问题，音质一般，已经申请退款。""<ROW_SEP>

客户ID: YR398
客户公司: 浦华众城信息有限公司虚拟现实
客户所在地: 大冶市, 中国
产品信息: 亚马逊 智能插座 Pro (类别: 智能插座)
生产商: 亚马逊智能科技
产品价格: 6880.25
评分: 1.5星
评价日期: 2024年10月24日
评价内容: ""老实讲，这款亚马逊 智能插座 Pro不推荐购买。电池寿命简直无法忍受。唯一值得称赞的可能就是价格便宜。不推荐任何人购买。""<ROW_SEP>

客户ID: BI759
客户公司: 时空盒数字信息有限公司虚拟现实
客户所在地: 荣市, 中国
产品信息: 小米 智能插座 Max (类别: 智能插座)
生产商: 小米智能家居
产品价格: 5793.04
评分: 2.7星
评价日期: 2024年10月15日
评价内容: ""使用一周后出现故障，售后服务差，售后服务也不好。""<ROW_SEP>

客户ID: PV664
客户公司: 毕博诚信息有限公司信息技术
客户所在地: 柳州县, 中国
产品信息: 博世 智能插座 Basic (类别: 智能插座)
生产商: 博世智能系统
产品价格: 3665.95
评分: 1.3星
评价日期: 2024年09月29日
评价内容: ""使用一周后出现故障，使用说明不清，售后服务也不好。""",661,68,IK721,2.4,2024-11-09,980,智能插座,博世 智能插座 Basic,诺依曼软件传媒有限公司物联网
"客户ID: GL926
客户公司: 时空盒数字传媒有限公司大数据分析
客户所在地: 巢湖市, 中国
产品信息: 博世 智能插座 Basic (类别: 智能插座)
生产商: 博世智能系统
产品价格: 3665.95
评分: 3.3星
评价日期: 2024年09月26日
评价内容: ""这款产品优缺点都有，智能化程度高，但安装困难。""<ROW_SEP>

客户ID: CC657
客户公司: 昊嘉信息有限公司信息技术
客户所在地: 军县, 中国
产品信息: 美的 智能插座 Standard (类别: 智能插座)
生产商: 美的智能科技
产品价格: 9962.25
评分: 3.8星
评价日期: 2024年09月04日
评价内容: ""智能插座的质量还可以，兼容性强，不过反应迟钝。""<ROW_SEP>

客户ID: GJ116
客户公司: 良诺信息有限公司生物科技
客户所在地: 红市, 中国
产品信息: 博世 智能插座 Basic (类别: 智能插座)
生产商: 博世智能系统
产品价格: 3665.95
评分: 5.0星
评价日期: 2024年08月28日
评价内容: ""这款智能插座的节能模式功能很实用，兼容性强。""<ROW_SEP>

客户ID: ME428
客户公司: 创汇网络有限公司虚拟现实
客户所在地: 秀英市, 中国
产品信息: 亚马逊 智能插座 Pro (类别: 智能插座)
生产商: 亚马逊智能科技
产品价格: 6880.25
评分: 2.9星
评价日期: 2024年08月27日
评价内容: ""这款产品有严重问题，画质模糊，已经申请退款。""<ROW_SEP>

客户ID: MJ814
客户公司: 毕博诚科技有限公司互联网服务
客户所在地: 俊市, 中国
产品信息: 亚马逊 智能插座 Pro (类别: 智能插座)
生产商: 亚马逊智能科技
产品价格: 6880.25
评分: 2.5星
评价日期: 2024年08月12日
评价内容: ""我觉得，这款亚马逊 智能插座 Pro功能实现得很糟糕。在工作时时完全不能正常工作。希望厂家能重视这些问题。""<ROW_SEP>

客户ID: AW347
客户公司: 鸿睿思博传媒有限公司智能科技
客户所在地: 武汉市, 中国
产品信息: 小米 智能插座 Max (类别: 智能插座)
生产商: 小米智能家居
产品价格: 5793.04
评分: 3.5星
评价日期: 2024年07月27日
评价内容: ""收到货后，这款智能插座性价比一般。在工作时时使用体验还不错。不过缺点是稳定性差。不太推荐购买。""<ROW_SEP>

客户ID: KM929
客户公司: 迪摩科技有限公司电子商务
客户所在地: 福州县, 中国
产品信息: 小米 智能插座 Max (类别: 智能插座)
生产商: 小米智能家居
产品价格: 5793.04
评分: 3.8星
评价日期: 2024年07月24日
评价内容: ""在工作时使用还不错，但在其他情况下表现一般。""",709,68,GL926,3.3,2024-09-26,934,智能插座,博世 智能插座 Basic,时空盒数字传媒有限公司大数据分析
"客户ID: TE207
客户公司: 新宇龙信息传媒有限公司人工智能
客户所在地: 张家港市, 中国
产品信息: 小米 智能插座 Max (类别: 智能插座)
生产商: 小米智能家居
产品价格: 5793.04
评分: 2.8星
评价日期: 2024年07月13日
评价内容: ""使用一周后出现故障，价格偏高，售后服务也不好。""<ROW_SEP>

客户ID: NQ176
客户公司: 图龙信息传媒有限公司数字科技
客户所在地: 南昌市, 中国
产品信息: LG 智能插座 Max (类别: 智能插座)
生产商: LG智能家电
产品价格: 8566.89
评分: 4.8星
评价日期: 2024年07月09日
评价内容: ""这是我用过的最好的智能插座之一，音质出色，性价比很高。""<ROW_SEP>

客户ID: EU335
客户公司: 济南亿次元网络有限公司科技公司
客户所在地: 巢湖市, 中国
产品信息: 美的 智能插座 Standard (类别: 智能插座)
生产商: 美的智能科技
产品价格: 9962.25
评分: 4.3星
评价日期: 2024年07月08日
评价内容: ""这是我用过的最好的智能插座之一，操作简单，性价比很高。""<ROW_SEP>

客户ID: GA851
客户公司: 明腾传媒有限公司金融科技
客户所在地: 齐齐哈尔县, 中国
产品信息: 美的 智能插座 Standard (类别: 智能插座)
生产商: 美的智能科技
产品价格: 9962.25
评分: 2.1星
评价日期: 2024年06月27日
评价内容: ""散热问题问题很严重，完全不值这个价格。""<ROW_SEP>

客户ID: GC890
客户公司: 创联世纪信息有限公司移动应用开发
客户所在地: 福州县, 中国
产品信息: LG 智能插座 Max (类别: 智能插座)
生产商: LG智能家电
产品价格: 8566.89
评分: 4.9星
评价日期: 2024年06月26日
评价内容: ""从我的使用体验来看，这款LG 智能插座 Max非常满意。值得一提的是特别适合户外活动。便宜没好货，这句话在这里很适用。""<ROW_SEP>

客户ID: WB890
客户公司: 鑫博腾飞网络有限公司金融科技
客户所在地: 马鞍山市, 中国
产品信息: 亚马逊 智能插座 Pro (类别: 智能插座)
生产商: 亚马逊智能科技
产品价格: 6880.25
评分: 1.2星
评价日期: 2024年06月25日
评价内容: ""使用一周后出现故障，画质模糊，售后服务也不好。""",637,52,TE207,2.8,2024-07-13,803,智能插座,小米 智能插座 Max,新宇龙信息传媒有限公司人工智能
"客户ID: BF338
客户公司: 天开网络有限公司金融科技
客户所在地: 南宁市, 中国
产品信息: 西门子 智能摄像头 Plus (类别: 智能摄像头)
生产商: 西门子智能家居
产品价格: 9026.06
评分: 1.1星
评价日期: 2026年04月27日
评价内容: ""从我的使用体验来看，这款西门子 智能摄像头 Plus完全不符合预期。主要问题在于使用说明不清。唯一值得称赞的可能就是包装很精美。""<ROW_SEP>

客户ID: MZ379
客户公司: 联软传媒有限公司区块链技术
客户所在地: 慧县, 中国
产品信息: 博世 智能摄像头 Standard (类别: 智能摄像头)
生产商: 博世智能系统
产品价格: 8286.27
评分: 2.0星
评价日期: 2026年04月14日
评价内容: ""使用一周后出现故障，反应迟钝，售后服务也不好。""<ROW_SEP>

客户ID: ZF061
客户公司: 维旺明信息有限公司人工智能
客户所在地: 坤县, 中国
产品信息: 三星 智能摄像头 Mini (类别: 智能摄像头)
生产商: 三星智能家电
产品价格: 1662.36
评分: 4.2星
评价日期: 2026年04月06日
评价内容: ""这款产品的智能场景特别好用，在办公环境时特别方便。""<ROW_SEP>

客户ID: MZ379
客户公司: 联软传媒有限公司区块链技术
客户所在地: 慧县, 中国
产品信息: 博世 智能摄像头 Standard (类别: 智能摄像头)
生产商: 博世智能系统
产品价格: 8286.27
评分: 2.8星
评价日期: 2026年03月31日
评价内容: ""老实讲，这款智能摄像头不值这个价格。电池寿命简直无法忍受。已经申请退款了。""<ROW_SEP>

客户ID: PE529
客户公司: 易动力网络有限公司信息技术
客户所在地: 英县, 中国
产品信息: 博世 智能摄像头 Standard (类别: 智能摄像头)
生产商: 博世智能系统
产品价格: 8286.27
评分: 3.8星
评价日期: 2026年03月22日
评价内容: ""作为一个经常使用此类产品的人，这款博世 智能摄像头 Standard总体来说还可以。用了一个月后，自动调节表现不错。除此之外在家庭聚会场景下表现一般。有点贵了，但质量确实好。""<ROW_SEP>

客户ID: BP732
客户公司: 南康网络有限公司互联网服务
客户所在地: 敏市, 中国
产品信息: 西门子 智能摄像头 Plus (类别: 智能摄像头)
生产商: 西门子智能家居
产品价格: 9026.06
评分: 2.0星
评价日期: 2026年03月17日
评价内容: ""不推荐这款智能摄像头，智能化程度低，很失望。""",1020,92,BF338,1.1,2026-04-27,874,智能摄像头,西门子 智能摄像头 Plus,天开网络有限公司金融科技
"客户ID: GJ116
客户公司: 良诺信息有限公司生物科技
客户所在地: 红市, 中国
产品信息: 三星 智能摄像头 Mini (类别: 智能摄像头)
生产商: 三星智能家电
产品价格: 1662.36
评分: 4.5星
评价日期: 2026年02月26日
评价内容: ""智能摄像头的设计很人性化，操作简单，值得推荐。""<ROW_SEP>

客户ID: TW751
客户公司: 图龙信息网络有限公司云计算
客户所在地: 宁德市, 中国
产品信息: 三星 智能摄像头 Mini (类别: 智能摄像头)
生产商: 三星智能家电
产品价格: 1662.36
评分: 4.3星
评价日期: 2026年01月24日
评价内容: ""用了一段时间，这款三星 智能摄像头 Mini做工精细。特别是高清画质设计很贴心。比同事使用的同款要好。如果非要说缺点的话，信号强度还有提升空间。性价比很高。""<ROW_SEP>

客户ID: AK874
客户公司: 昊嘉信息有限公司区块链技术
客户所在地: 雷市, 中国
产品信息: 西门子 智能摄像头 Max (类别: 智能摄像头)
生产商: 西门子智能家居
产品价格: 5402.93
评分: 2.5星
评价日期: 2026年01月19日
评价内容: ""使用后感觉，这款西门子 智能摄像头 Max质量太差。使用不到一周就出现了异常。唯一值得称赞的可能就是包装很精美。不推荐任何人购买。""<ROW_SEP>

客户ID: GL926
客户公司: 时空盒数字传媒有限公司大数据分析
客户所在地: 巢湖市, 中国
产品信息: 西门子 智能摄像头 Plus (类别: 智能摄像头)
生产商: 西门子智能家居
产品价格: 9026.06
评分: 4.9星
评价日期: 2026年01月08日
评价内容: ""智能摄像头的设计很人性化，兼容性强，值得推荐。""<ROW_SEP>

客户ID: GC890
客户公司: 创联世纪信息有限公司移动应用开发
客户所在地: 福州县, 中国
产品信息: 西门子 智能摄像头 Plus (类别: 智能摄像头)
生产商: 西门子智能家居
产品价格: 9026.06
评分: 2.8星
评价日期: 2025年12月31日
评价内容: ""不推荐这款智能摄像头，耗电量大，很失望。""<ROW_SEP>

客户ID: JT617
客户公司: 时空盒数字信息有限公司智能科技
客户所在地: 郑州县, 中国
产品信息: 三星 智能摄像头 Mini (类别: 智能摄像头)
生产商: 三星智能家电
产品价格: 1662.36
评分: 3.8星
评价日期: 2025年12月24日
评价内容: ""这款产品优缺点都有，节能环保，但反应迟钝。""<ROW_SEP>

客户ID: WB209
客户公司: 维涛传媒有限公司云计算
客户所在地: 秀华县, 中国
产品信息: 西门子 智能摄像头 Plus (类别: 智能摄像头)
生产商: 西门子智能家居
产品价格: 9026.06
评分: 3.7星
评价日期: 2025年12月09日
评价内容: ""总体来说还行，节能环保，就是耗电量大。""",192,101,GJ116,4.5,2026-02-26,989,智能摄像头,三星 智能摄像头 Mini,良诺信息有限公司生物科技
"客户ID: VH856
客户公司: 鑫博腾飞科技有限公司电子商务
客户所在地: 英县, 中国
产品信息: 西门子 智能摄像头 Plus (类别: 智能摄像头)
生产商: 西门子智能家居
产品价格: 9026.06
评分: 1.5星
评价日期: 2025年12月08日
评价内容: ""试用了几天，这款智能摄像头很失望。使用不到一周就出现了问题。希望厂家能重视这些问题。""<ROW_SEP>

客户ID: AU710
客户公司: 巨奥传媒有限公司信息技术
客户所在地: 辛集市, 中国
产品信息: 西门子 智能摄像头 Plus (类别: 智能摄像头)
生产商: 西门子智能家居
产品价格: 9026.06
评分: 4.9星
评价日期: 2025年11月29日
评价内容: ""体验下来，这款西门子 智能摄像头 Plus设计很人性化。特别是节能模式功能特别实用。比我预期的要好。如果非要说缺点的话，价格稍微贵了一点。值得购买。""<ROW_SEP>

客户ID: YR398
客户公司: 浦华众城信息有限公司虚拟现实
客户所在地: 大冶市, 中国
产品信息: 三星 智能摄像头 Mini (类别: 智能摄像头)
生产商: 三星智能家电
产品价格: 1662.36
评分: 1.3星
评价日期: 2025年11月25日
评价内容: ""连接稳定性问题很严重，完全不值这个价格。""<ROW_SEP>

客户ID: BP732
客户公司: 南康网络有限公司互联网服务
客户所在地: 敏市, 中国
产品信息: 西门子 智能摄像头 Max (类别: 智能摄像头)
生产商: 西门子智能家居
产品价格: 5402.93
评分: 1.2星
评价日期: 2025年11月20日
评价内容: ""不得不说，这款智能摄像头质量太差。散热问题简直无法忍受。唯一值得称赞的可能就是送货速度快。""<ROW_SEP>

客户ID: GC846
客户公司: 明腾科技有限公司区块链技术
客户所在地: 石家庄市, 中国
产品信息: 西门子 智能摄像头 Max (类别: 智能摄像头)
生产商: 西门子智能家居
产品价格: 5402.93
评分: 3.1星
评价日期: 2025年11月10日
评价内容: ""作为一个经常使用此类产品的人，这款西门子 智能摄像头 Max基本符合预期。在工作日使用时，远程控制表现不错。尤其是缺点是续航时间短。建议慎重考虑。""<ROW_SEP>

客户ID: VX147
客户公司: 东方峻景传媒有限公司金融科技
客户所在地: 海门县, 中国
产品信息: 三星 智能摄像头 Mini (类别: 智能摄像头)
生产商: 三星智能家电
产品价格: 1662.36
评分: 1.5星
评价日期: 2025年10月29日
评价内容: ""说实话，这款智能摄像头存在明显缺陷。主要问题在于价格偏高。希望厂家能重视这些问题。""",419,92,VH856,1.5,2025-12-08,927,智能摄像头,西门子 智能摄像头 Plus,鑫博腾飞科技有限公司电子商务
"客户ID: PE529
客户公司: 易动力网络有限公司信息技术
客户所在地: 英县, 中国
产品信息: 博世 智能摄像头 Standard (类别: 智能摄像头)
生产商: 博世智能系统
产品价格: 8286.27
评分: 1.0星
评价日期: 2025年10月21日
评价内容: ""作为一个经常使用此类产品的人，这款博世 智能摄像头 Standard使用体验很差。在工作时时完全不能正常工作。唯一值得称赞的可能就是价格便宜。这钱花得太冤枉了。""<ROW_SEP>

客户ID: RV310
客户公司: 银嘉科技有限公司云计算
客户所在地: 重庆县, 中国
产品信息: 博世 智能摄像头 Standard (类别: 智能摄像头)
生产商: 博世智能系统
产品价格: 8286.27
评分: 5.0星
评价日期: 2025年10月07日
评价内容: ""使用了一个月，质量很好，没有发现任何问题。""<ROW_SEP>

客户ID: XN875
客户公司: 天开传媒有限公司网络安全
客户所在地: 芳市, 中国
产品信息: 西门子 智能摄像头 Max (类别: 智能摄像头)
生产商: 西门子智能家居
产品价格: 5402.93
评分: 4.2星
评价日期: 2025年10月04日
评价内容: ""试用了几天，这款西门子 智能摄像头 Max值得推荐。不过省电模式设计很贴心。在同类产品中算是中等水平。如果非要说缺点的话，配件可以再多一些。整体体验不错。""<ROW_SEP>

客户ID: YR398
客户公司: 浦华众城信息有限公司虚拟现实
客户所在地: 大冶市, 中国
产品信息: 博世 智能摄像头 Standard (类别: 智能摄像头)
生产商: 博世智能系统
产品价格: 8286.27
评分: 4.6星
评价日期: 2025年08月21日
评价内容: ""坦白讲，这款智能摄像头性价比很高。如果非要说缺点的话，散热问题还有提升空间。有点贵了，但质量确实好。""<ROW_SEP>

客户ID: PC764
客户公司: 恒聪百汇传媒有限公司虚拟现实
客户所在地: 重庆市, 中国
产品信息: 西门子 智能摄像头 Plus (类别: 智能摄像头)
生产商: 西门子智能家居
产品价格: 9026.06
评分: 3.7星
评价日期: 2025年08月21日
评价内容: ""在多次对比之后选择了这款，这款西门子 智能摄像头 Plus性价比一般。优点是外观漂亮。更让我满意的是信号强度有点问题。值得购买。""<ROW_SEP>

客户ID: MJ814
客户公司: 毕博诚科技有限公司互联网服务
客户所在地: 俊市, 中国
产品信息: 三星 智能摄像头 Mini (类别: 智能摄像头)
生产商: 三星智能家电
产品价格: 1662.36
评分: 2.1星
评价日期: 2025年08月16日
评价内容: ""使用一周后出现故障，使用说明不清，售后服务也不好。""",1000,86,PE529,1.0,2025-10-21,932,智能摄像头,博世 智能摄像头 Standard,易动力网络有限公司信息技术
"客户ID: VQ233
客户公司: 和泰信息有限公司信息技术
客户所在地: 成都市, 中国
产品信息: 三星 智能摄像头 Mini (类别: 智能摄像头)
生产商: 三星智能家电
产品价格: 1662.36
评分: 2.9星
评价日期: 2025年07月31日
评价内容: ""不推荐这款智能摄像头，做工一般，很失望。""<ROW_SEP>

客户ID: MZ379
客户公司: 联软传媒有限公司区块链技术
客户所在地: 慧县, 中国
产品信息: 西门子 智能摄像头 Max (类别: 智能摄像头)
生产商: 西门子智能家居
产品价格: 5402.93
评分: 3.5星
评价日期: 2025年05月30日
评价内容: ""这款产品优缺点都有，节能环保，但续航时间短。""<ROW_SEP>

客户ID: VQ233
客户公司: 和泰信息有限公司信息技术
客户所在地: 成都市, 中国
产品信息: 西门子 智能摄像头 Plus (类别: 智能摄像头)
生产商: 西门子智能家居
产品价格: 9026.06
评分: 1.9星
评价日期: 2025年05月11日
评价内容: ""不推荐这款智能摄像头，稳定性差，很失望。""<ROW_SEP>

客户ID: LU518
客户公司: 易动力传媒有限公司生物科技
客户所在地: 伟市, 中国
产品信息: 西门子 智能摄像头 Plus (类别: 智能摄像头)
生产商: 西门子智能家居
产品价格: 9026.06
评分: 2.3星
评价日期: 2025年05月11日
评价内容: ""从我的使用体验来看，这款智能摄像头性价比极低。使用不到一周就出现了损坏。""<ROW_SEP>

客户ID: JT617
客户公司: 时空盒数字信息有限公司智能科技
客户所在地: 郑州县, 中国
产品信息: 三星 智能摄像头 Mini (类别: 智能摄像头)
生产商: 三星智能家电
产品价格: 1662.36
评分: 3.9星
评价日期: 2025年03月27日
评价内容: ""这款产品优缺点都有，智能化程度高，但售后服务差。""<ROW_SEP>

客户ID: XW046
客户公司: 鑫博腾飞信息有限公司智能科技
客户所在地: 兴安盟市, 中国
产品信息: 三星 智能摄像头 Mini (类别: 智能摄像头)
生产商: 三星智能家电
产品价格: 1662.36
评分: 4.0星
评价日期: 2025年03月27日
评价内容: ""从我的使用体验来看，这款智能摄像头性价比很高。和描述的有些差距。对得起这个价格。""<ROW_SEP>

客户ID: CZ861
客户公司: 合联电子科技有限公司信息技术
客户所在地: 荣市, 中国
产品信息: 西门子 智能摄像头 Max (类别: 智能摄像头)
生产商: 西门子智能家居
产品价格: 5402.93
评分: 3.5星
评价日期: 2025年03月08日
评价内容: ""体验下来，这款智能摄像头功能基本满足需求。在办公室使用时，远程控制表现不错。此外连接稳定性有点问题。可以考虑其他品牌的同类产品。""",476,101,VQ233,2.9,2025-07-31,972,智能摄像头,三星 智能摄像头 Mini,和泰信息有限公司信息技术
"客户ID: XA075
客户公司: 网新恒天科技有限公司数字科技
客户所在地: 秀梅县, 中国
产品信息: 西门子 智能摄像头 Max (类别: 智能摄像头)
生产商: 西门子智能家居
产品价格: 5402.93
评分: 2.1星
评价日期: 2025年03月07日
评价内容: ""坦白讲，这款智能摄像头性价比极低。噪音控制简直无法忍受。唯一值得称赞的可能就是包装很精美。""<ROW_SEP>

客户ID: ZF061
客户公司: 维旺明信息有限公司人工智能
客户所在地: 坤县, 中国
产品信息: 西门子 智能摄像头 Max (类别: 智能摄像头)
生产商: 西门子智能家居
产品价格: 5402.93
评分: 3.5星
评价日期: 2025年02月27日
评价内容: ""经过一段时间使用，这款智能摄像头质量还行。在夏天使用时，自动调节表现不错。此外在夜间使用场景下表现一般。性价比很高。""<ROW_SEP>

客户ID: OA831
客户公司: 华泰通安科技有限公司网络安全
客户所在地: 玉梅市, 中国
产品信息: 西门子 智能摄像头 Plus (类别: 智能摄像头)
生产商: 西门子智能家居
产品价格: 9026.06
评分: 3.1星
评价日期: 2025年02月24日
评价内容: ""总体来说还行，性价比高，就是价格偏高。""<ROW_SEP>

客户ID: PV664
客户公司: 毕博诚信息有限公司信息技术
客户所在地: 柳州县, 中国
产品信息: 三星 智能摄像头 Mini (类别: 智能摄像头)
生产商: 三星智能家电
产品价格: 1662.36
评分: 2.8星
评价日期: 2025年02月12日
评价内容: ""对这款智能摄像头非常不满意，音质一般，浪费钱。""<ROW_SEP>

客户ID: JT617
客户公司: 时空盒数字信息有限公司智能科技
客户所在地: 郑州县, 中国
产品信息: 三星 智能摄像头 Mini (类别: 智能摄像头)
生产商: 三星智能家电
产品价格: 1662.36
评分: 2.2星
评价日期: 2025年02月11日
评价内容: ""不推荐这款智能摄像头，安装困难，很失望。""<ROW_SEP>

客户ID: AD089
客户公司: 创亿网络有限公司移动应用开发
客户所在地: 楠市, 中国
产品信息: 博世 智能摄像头 Standard (类别: 智能摄像头)
生产商: 博世智能系统
产品价格: 8286.27
评分: 1.8星
评价日期: 2025年02月04日
评价内容: ""使用一周后出现故障，价格偏高，售后服务也不好。""<ROW_SEP>

客户ID: YZ898
客户公司: 通际名联科技有限公司金融科技
客户所在地: 济南市, 中国
产品信息: 博世 智能摄像头 Standard (类别: 智能摄像头)
生产商: 博世智能系统
产品价格: 8286.27
评分: 2.4星
评价日期: 2025年01月26日
评价内容: ""用了一段时间，这款智能摄像头完全不符合预期。使用不到一周就出现了故障。不推荐任何人购买。""",1307,59,XA075,2.1,2025-03-07,980,智能摄像头,西门子 智能摄像头 Max,网新恒天科技有限公司数字科技
"客户ID: WB890
客户公司: 鑫博腾飞网络有限公司金融科技
客户所在地: 马鞍山市, 中国
产品信息: 西门子 智能摄像头 Max (类别: 智能摄像头)
生产商: 西门子智能家居
产品价格: 5402.93
评分: 3.6星
评价日期: 2025年01月05日
评价内容: ""这款智能摄像头一般，功能齐全，但是电池寿命有点问题。""<ROW_SEP>

客户ID: GC846
客户公司: 明腾科技有限公司区块链技术
客户所在地: 石家庄市, 中国
产品信息: 三星 智能摄像头 Mini (类别: 智能摄像头)
生产商: 三星智能家电
产品价格: 1662.36
评分: 3.6星
评价日期: 2024年12月24日
评价内容: ""说实话，这款智能摄像头一般般。在看电影时时使用体验还不错。但是使用久了会发现一些小问题。对得起这个价格。""<ROW_SEP>

客户ID: XN875
客户公司: 天开传媒有限公司网络安全
客户所在地: 芳市, 中国
产品信息: 西门子 智能摄像头 Plus (类别: 智能摄像头)
生产商: 西门子智能家居
产品价格: 9026.06
评分: 3.8星
评价日期: 2024年12月05日
评价内容: ""智能摄像头的质量还可以，操作简单，不过画质模糊。""<ROW_SEP>

客户ID: TO444
客户公司: MBP软件网络有限公司移动应用开发
客户所在地: 辛集市, 中国
产品信息: 西门子 智能摄像头 Max (类别: 智能摄像头)
生产商: 西门子智能家居
产品价格: 5402.93
评分: 4.8星
评价日期: 2024年11月05日
评价内容: ""这款智能摄像头的自动调节功能很实用，节能环保。""<ROW_SEP>

客户ID: ZH741
客户公司: 巨奥科技有限公司信息技术
客户所在地: 峰县, 中国
产品信息: 西门子 智能摄像头 Max (类别: 智能摄像头)
生产商: 西门子智能家居
产品价格: 5402.93
评分: 2.9星
评价日期: 2024年10月21日
评价内容: ""不推荐这款智能摄像头，兼容性差，很失望。""<ROW_SEP>

客户ID: VH856
客户公司: 鑫博腾飞科技有限公司电子商务
客户所在地: 英县, 中国
产品信息: 三星 智能摄像头 Mini (类别: 智能摄像头)
生产商: 三星智能家电
产品价格: 1662.36
评分: 4.1星
评价日期: 2024年10月14日
评价内容: ""这款产品的自动升级特别好用，在日常使用时特别方便。""<ROW_SEP>

客户ID: DV182
客户公司: 艾提科信传媒有限公司网络安全
客户所在地: 桂荣市, 中国
产品信息: 西门子 智能摄像头 Plus (类别: 智能摄像头)
生产商: 西门子智能家居
产品价格: 9026.06
评分: 4.3星
评价日期: 2024年10月11日
评价内容: ""非常满意这次购买，做工精细，送货也很快。""",994,59,WB890,3.6,2025-01-05,940,智能摄像头,西门子 智能摄像头 Max,鑫博腾飞网络有限公司金融科技
"客户ID: VC531
客户公司: 九方传媒有限公司生物科技
客户所在地: 六盘水市, 中国
产品信息: 西门子 智能摄像头 Max (类别: 智能摄像头)
生产商: 西门子智能家居
产品价格: 5402.93
评分: 1.0星
评价日期: 2024年10月03日
评价内容: ""个人认为，这款智能摄像头不值这个价格。在晚上睡前时完全不能正常工作。唯一值得称赞的可能就是外观设计还不错。希望厂家能重视这些问题。""<ROW_SEP>

客户ID: US056
客户公司: 国讯网络有限公司移动应用开发
客户所在地: 文市, 中国
产品信息: 三星 智能摄像头 Mini (类别: 智能摄像头)
生产商: 三星智能家电
产品价格: 1662.36
评分: 3.5星
评价日期: 2024年09月26日
评价内容: ""这款智能摄像头一般，外观漂亮，但是连接稳定性有点问题。""<ROW_SEP>

客户ID: BP732
客户公司: 南康网络有限公司互联网服务
客户所在地: 敏市, 中国
产品信息: 博世 智能摄像头 Standard (类别: 智能摄像头)
生产商: 博世智能系统
产品价格: 8286.27
评分: 1.0星
评价日期: 2024年09月12日
评价内容: ""使用一周后出现故障，反应迟钝，售后服务也不好。""<ROW_SEP>

客户ID: ZG109
客户公司: 襄樊地球村网络有限公司智能科技
客户所在地: 坤县, 中国
产品信息: 三星 智能摄像头 Mini (类别: 智能摄像头)
生产商: 三星智能家电
产品价格: 1662.36
评分: 1.7星
评价日期: 2024年09月04日
评价内容: ""噪音控制问题很严重，完全不值这个价格。""<ROW_SEP>

客户ID: XO649
客户公司: 晖来计算机传媒有限公司云计算
客户所在地: 郑州县, 中国
产品信息: 西门子 智能摄像头 Plus (类别: 智能摄像头)
生产商: 西门子智能家居
产品价格: 9026.06
评分: 2.2星
评价日期: 2024年08月18日
评价内容: ""在多次对比之后选择了这款，这款西门子 智能摄像头 Plus不值这个价格。使用不到一周就出现了问题。""<ROW_SEP>

客户ID: DX151
客户公司: 易动力信息有限公司物联网
客户所在地: 佛山县, 中国
产品信息: 三星 智能摄像头 Mini (类别: 智能摄像头)
生产商: 三星智能家电
产品价格: 1662.36
评分: 2.9星
评价日期: 2024年07月29日
评价内容: ""这款产品有严重问题，稳定性差，已经申请退款。""<ROW_SEP>

客户ID: FA862
客户公司: 方正科技网络有限公司云计算
客户所在地: 潮州县, 中国
产品信息: 西门子 智能摄像头 Plus (类别: 智能摄像头)
生产商: 西门子智能家居
产品价格: 9026.06
评分: 3.8星
评价日期: 2024年07月22日
评价内容: ""这款产品优缺点都有，质量很好，但做工一般。""",340,59,VC531,1.0,2024-10-03,965,智能摄像头,西门子 智能摄像头 Max,九方传媒有限公司生物科技
"客户ID: WB209
客户公司: 维涛传媒有限公司云计算
客户所在地: 秀华县, 中国
产品信息: 西门子 智能摄像头 Max (类别: 智能摄像头)
生产商: 西门子智能家居
产品价格: 5402.93
评分: 2.8星
评价日期: 2024年06月08日
评价内容: ""我发现，这款智能摄像头有严重问题。在做饭时时完全不能正常工作。希望厂家能重视这些问题。""<ROW_SEP>

客户ID: ZO854
客户公司: MBP软件科技有限公司信息技术
客户所在地: 丽华县, 中国
产品信息: 三星 智能摄像头 Mini (类别: 智能摄像头)
生产商: 三星智能家电
产品价格: 1662.36
评分: 1.2星
评价日期: 2024年06月06日
评价内容: ""使用一周后出现故障，做工一般，售后服务也不好。""",678,59,WB209,2.8,2024-06-08,274,智能摄像头,西门子 智能摄像头 Max,维涛传媒有限公司云计算
"客户ID: BN418
客户公司: 易动力网络有限公司移动应用开发
客户所在地: 重庆市, 中国
产品信息: 西门子 智能洗衣机 Pro (类别: 智能洗衣机)
生产商: 西门子智能家居
产品价格: 6209.73
评分: 4.0星
评价日期: 2026年05月20日
评价内容: ""必须承认，这款智能洗衣机超出我的预期。值得一提的是自动升级是我最喜欢的部分。如果非要说缺点的话，可能就是售后服务差。总体来说还是很满意的。""<ROW_SEP>

客户ID: BP732
客户公司: 南康网络有限公司互联网服务
客户所在地: 敏市, 中国
产品信息: 美的 智能洗衣机 Advanced (类别: 智能洗衣机)
生产商: 美的智能科技
产品价格: 6994.39
评分: 2.9星
评价日期: 2026年05月10日
评价内容: ""必须承认，这款智能洗衣机性价比极低。在做饭时时完全不能正常工作。已经申请退款了。""<ROW_SEP>

客户ID: XW046
客户公司: 鑫博腾飞信息有限公司智能科技
客户所在地: 兴安盟市, 中国
产品信息: 华为 智能洗衣机 Ultra (类别: 智能洗衣机)
生产商: 华为智能生活
产品价格: 8401.38
评分: 3.2星
评价日期: 2026年05月03日
评价内容: ""智能洗衣机的质量还可以，节能环保，不过画质模糊。""<ROW_SEP>

客户ID: FJ947
客户公司: 浙大万朋信息有限公司生物科技
客户所在地: 鑫市, 中国
产品信息: 美的 智能洗衣机 Advanced (类别: 智能洗衣机)
生产商: 美的智能科技
产品价格: 6994.39
评分: 4.0星
评价日期: 2026年05月03日
评价内容: ""老实讲，这款智能洗衣机真的很不错。然而智能场景是我最喜欢的部分。和朋友推荐的一样好用。如果非要说缺点的话，散热问题还有提升空间。对得起这个价格。""<ROW_SEP>

客户ID: WB890
客户公司: 鑫博腾飞网络有限公司金融科技
客户所在地: 马鞍山市, 中国
产品信息: 西门子 智能洗衣机 Pro (类别: 智能洗衣机)
生产商: 西门子智能家居
产品价格: 6209.73
评分: 2.7星
评价日期: 2026年04月02日
评价内容: ""在多次对比之后选择了这款，这款智能洗衣机不值这个价格。在早晨起床时完全不能正常工作。希望厂家能重视这些问题。""<ROW_SEP>

客户ID: PL616
客户公司: 巨奥网络有限公司金融科技
客户所在地: 明市, 中国
产品信息: 西门子 智能洗衣机 Pro (类别: 智能洗衣机)
生产商: 西门子智能家居
产品价格: 6209.73
评分: 2.8星
评价日期: 2026年03月26日
评价内容: ""不得不说，这款智能洗衣机不值这个价格。在做饭时时完全不能正常工作。这钱花得太冤枉了。""",615,72,BN418,4.0,2026-05-20,942,智能洗衣机,西门子 智能洗衣机 Pro,易动力网络有限公司移动应用开发
"客户ID: XW046
客户公司: 鑫博腾飞信息有限公司智能科技
客户所在地: 兴安盟市, 中国
产品信息: 美的 智能洗衣机 Advanced (类别: 智能洗衣机)
生产商: 美的智能科技
产品价格: 6994.39
评分: 1.7星
评价日期: 2026年03月24日
评价内容: ""体验下来，这款美的 智能洗衣机 Advanced质量太差。在早晨起床时完全不能正常工作。""<ROW_SEP>

客户ID: TB616
客户公司: 晖来计算机网络有限公司虚拟现实
客户所在地: 梅县, 中国
产品信息: LG 智能洗衣机 Max (类别: 智能洗衣机)
生产商: LG智能家电
产品价格: 759.0
评分: 2.1星
评价日期: 2026年03月19日
评价内容: ""我发现，这款LG 智能洗衣机 Max有严重问题。散热问题简直无法忍受。唯一值得称赞的可能就是价格便宜。""<ROW_SEP>

客户ID: FB488
客户公司: 方正科技科技有限公司互联网服务
客户所在地: 宁德市, 中国
产品信息: 美的 智能洗衣机 Advanced (类别: 智能洗衣机)
生产商: 美的智能科技
产品价格: 6994.39
评分: 4.3星
评价日期: 2026年03月19日
评价内容: ""在工作时时使用效果很好，特别是高清画质功能。""<ROW_SEP>

客户ID: RG743
客户公司: 快讯信息有限公司智能科技
客户所在地: 勇县, 中国
产品信息: 谷歌 智能洗衣机 Elite (类别: 智能洗衣机)
生产商: 谷歌智能设备
产品价格: 4072.02
评分: 1.5星
评价日期: 2026年03月06日
评价内容: ""不推荐这款智能洗衣机，兼容性差，很失望。""<ROW_SEP>

客户ID: MR129
客户公司: 太极信息有限公司互联网服务
客户所在地: 海门市, 中国
产品信息: 谷歌 智能洗衣机 Elite (类别: 智能洗衣机)
生产商: 谷歌智能设备
产品价格: 4072.02
评分: 3.3星
评价日期: 2026年02月22日
评价内容: ""坦白讲，这款智能洗衣机优缺点都有。优点是操作简单。最让我失望的是电池寿命有点问题。这个价位能买到这样的产品已经很不错了。""<ROW_SEP>

客户ID: XO649
客户公司: 晖来计算机传媒有限公司云计算
客户所在地: 郑州县, 中国
产品信息: 华为 智能洗衣机 Ultra (类别: 智能洗衣机)
生产商: 华为智能生活
产品价格: 8401.38
评分: 4.3星
评价日期: 2026年02月21日
评价内容: ""智能洗衣机的设计很人性化，功能齐全，值得推荐。""<ROW_SEP>

客户ID: VX147
客户公司: 东方峻景传媒有限公司金融科技
客户所在地: 海门县, 中国
产品信息: 华为 智能洗衣机 Ultra (类别: 智能洗衣机)
生产商: 华为智能生活
产品价格: 8401.38
评分: 4.2星
评价日期: 2026年02月14日
评价内容: ""非常满意这次购买，节能环保，送货也很快。""",1237,77,XW046,1.7,2026-03-24,967,智能洗衣机,美的 智能洗衣机 Advanced,鑫博腾飞信息有限公司智能科技
"客户ID: CM245
客户公司: 万迅电脑信息有限公司科技公司
客户所在地: 洋县, 中国
产品信息: 华为 智能洗衣机 Ultra (类别: 智能洗衣机)
生产商: 华为智能生活
产品价格: 8401.38
评分: 3.1星
评价日期: 2026年02月02日
评价内容: ""作为第一次购买这类产品的新手，这款华为 智能洗衣机 Ultra中规中矩。在早上使用时，远程控制表现不错。不仅如此使用久了会发现一些小问题。性价比很高。""<ROW_SEP>

客户ID: CM245
客户公司: 万迅电脑信息有限公司科技公司
客户所在地: 洋县, 中国
产品信息: 谷歌 智能洗衣机 Elite (类别: 智能洗衣机)
生产商: 谷歌智能设备
产品价格: 4072.02
评分: 4.3星
评价日期: 2026年01月24日
评价内容: ""说实话，这款谷歌 智能洗衣机 Elite做工精细。如果非要说缺点的话，价格稍微贵了一点。性价比很高。""<ROW_SEP>

客户ID: RY572
客户公司: 中建创业信息有限公司虚拟现实
客户所在地: 冬梅县, 中国
产品信息: LG 智能洗衣机 Max (类别: 智能洗衣机)
生产商: LG智能家电
产品价格: 759.0
评分: 3.8星
评价日期: 2026年01月20日
评价内容: ""在晚上睡前使用还不错，但在其他情况下表现一般。""<ROW_SEP>

客户ID: WY218
客户公司: 飞海科技传媒有限公司信息技术
客户所在地: 济南市, 中国
产品信息: 西门子 智能洗衣机 Pro (类别: 智能洗衣机)
生产商: 西门子智能家居
产品价格: 6209.73
评分: 2.1星
评价日期: 2026年01月10日
评价内容: ""个人认为，这款西门子 智能洗衣机 Pro性价比极低。连接稳定性简直无法忍受。不推荐任何人购买。""<ROW_SEP>

客户ID: LU518
客户公司: 易动力传媒有限公司生物科技
客户所在地: 伟市, 中国
产品信息: 谷歌 智能洗衣机 Elite (类别: 智能洗衣机)
生产商: 谷歌智能设备
产品价格: 4072.02
评分: 1.2星
评价日期: 2025年12月24日
评价内容: ""这款产品有严重问题，续航时间短，已经申请退款。""<ROW_SEP>

客户ID: HD242
客户公司: 富罳科技有限公司生物科技
客户所在地: 想县, 中国
产品信息: 华为 智能洗衣机 Ultra (类别: 智能洗衣机)
生产商: 华为智能生活
产品价格: 8401.38
评分: 2.1星
评价日期: 2025年12月16日
评价内容: ""购买后，这款智能洗衣机功能实现得很糟糕。主要问题在于操作复杂。不推荐任何人购买。""",684,62,CM245,3.1,2026-02-02,873,智能洗衣机,华为 智能洗衣机 Ultra,万迅电脑信息有限公司科技公司
"客户ID: BI759
客户公司: 时空盒数字信息有限公司虚拟现实
客户所在地: 荣市, 中国
产品信息: 华为 智能洗衣机 Ultra (类别: 智能洗衣机)
生产商: 华为智能生活
产品价格: 8401.38
评分: 4.7星
评价日期: 2025年12月13日
评价内容: ""这款智能洗衣机质量很好，音质出色。总体来说很满意。""<ROW_SEP>

客户ID: QL573
客户公司: 维涛科技有限公司网络安全
客户所在地: 永安市, 中国
产品信息: 华为 智能洗衣机 Ultra (类别: 智能洗衣机)
生产商: 华为智能生活
产品价格: 8401.38
评分: 2.6星
评价日期: 2025年12月11日
评价内容: ""这款产品有严重问题，使用说明不清，已经申请退款。""<ROW_SEP>

客户ID: CC657
客户公司: 昊嘉信息有限公司信息技术
客户所在地: 军县, 中国
产品信息: 谷歌 智能洗衣机 Elite (类别: 智能洗衣机)
生产商: 谷歌智能设备
产品价格: 4072.02
评分: 4.1星
评价日期: 2025年11月25日
评价内容: ""我觉得，这款谷歌 智能洗衣机 Elite非常满意。但是自动升级是我最喜欢的部分。如果非要说缺点的话，配件可以再多一些。价格虽高，但物有所值。""<ROW_SEP>

客户ID: YR398
客户公司: 浦华众城信息有限公司虚拟现实
客户所在地: 大冶市, 中国
产品信息: LG 智能洗衣机 Max (类别: 智能洗衣机)
生产商: LG智能家电
产品价格: 759.0
评分: 4.7星
评价日期: 2025年11月24日
评价内容: ""在早晨起床时使用效果很好，特别是智能联动功能。""<ROW_SEP>

客户ID: CC657
客户公司: 昊嘉信息有限公司信息技术
客户所在地: 军县, 中国
产品信息: LG 智能洗衣机 Max (类别: 智能洗衣机)
生产商: LG智能家电
产品价格: 759.0
评分: 1.3星
评价日期: 2025年11月20日
评价内容: ""对比了市面上几款同类产品后，这款智能洗衣机使用体验很差。在早晨起床时完全不能正常工作。""<ROW_SEP>

客户ID: CA470
客户公司: 南康传媒有限公司生物科技
客户所在地: 贵阳市, 中国
产品信息: LG 智能洗衣机 Max (类别: 智能洗衣机)
生产商: LG智能家电
产品价格: 759.0
评分: 3.9星
评价日期: 2025年10月30日
评价内容: ""这款智能洗衣机一般，智能化程度高，但是散热问题有点问题。""<ROW_SEP>

客户ID: WY218
客户公司: 飞海科技传媒有限公司信息技术
客户所在地: 济南市, 中国
产品信息: LG 智能洗衣机 Max (类别: 智能洗衣机)
生产商: LG智能家电
产品价格: 759.0
评分: 2.2星
评价日期: 2025年10月29日
评价内容: ""对这款智能洗衣机非常不满意，价格偏高，浪费钱。""",46,62,BI759,4.7,2025-12-13,957,智能洗衣机,华为 智能洗衣机 Ultra,时空盒数字信息有限公司虚拟现实
"客户ID: TO444
客户公司: MBP软件网络有限公司移动应用开发
客户所在地: 辛集市, 中国
产品信息: 华为 智能洗衣机 Ultra (类别: 智能洗衣机)
生产商: 华为智能生活
产品价格: 8401.38
评分: 2.1星
评价日期: 2025年09月05日
评价内容: ""使用后感觉，这款智能洗衣机很失望。主要问题在于价格偏高。唯一值得称赞的可能就是包装很精美。已经申请退款了。""<ROW_SEP>

客户ID: MJ814
客户公司: 毕博诚科技有限公司互联网服务
客户所在地: 俊市, 中国
产品信息: 西门子 智能洗衣机 Pro (类别: 智能洗衣机)
生产商: 西门子智能家居
产品价格: 6209.73
评分: 1.4星
评价日期: 2025年08月20日
评价内容: ""这款产品有严重问题，画质模糊，已经申请退款。""<ROW_SEP>

客户ID: EM821
客户公司: 泰麒麟信息有限公司人工智能
客户所在地: 香港县, 中国
产品信息: 美的 智能洗衣机 Advanced (类别: 智能洗衣机)
生产商: 美的智能科技
产品价格: 6994.39
评分: 3.7星
评价日期: 2025年07月18日
评价内容: ""在早晨起床使用还不错，但在其他情况下表现一般。""<ROW_SEP>

客户ID: GR625
客户公司: 明腾传媒有限公司互联网服务
客户所在地: 邯郸市, 中国
产品信息: 华为 智能洗衣机 Ultra (类别: 智能洗衣机)
生产商: 华为智能生活
产品价格: 8401.38
评分: 2.7星
评价日期: 2025年07月10日
评价内容: ""试用了几天，这款华为 智能洗衣机 Ultra性价比极低。在晚上睡前时完全不能正常工作。不推荐任何人购买。""<ROW_SEP>

客户ID: EA575
客户公司: 襄樊地球村信息有限公司物联网
客户所在地: 丽娟市, 中国
产品信息: 美的 智能洗衣机 Advanced (类别: 智能洗衣机)
生产商: 美的智能科技
产品价格: 6994.39
评分: 3.0星
评价日期: 2025年07月03日
评价内容: ""在多次对比之后选择了这款，这款美的 智能洗衣机 Advanced基本符合预期。在早晨起床时使用体验还不错。更让我满意的是使用久了会发现一些小问题。性价比很高。""<ROW_SEP>

客户ID: FB488
客户公司: 方正科技科技有限公司互联网服务
客户所在地: 宁德市, 中国
产品信息: 谷歌 智能洗衣机 Elite (类别: 智能洗衣机)
生产商: 谷歌智能设备
产品价格: 4072.02
评分: 3.2星
评价日期: 2025年06月12日
评价内容: ""这款智能洗衣机一般，质量很好，但是连接稳定性有点问题。""",354,62,TO444,2.1,2025-09-05,880,智能洗衣机,华为 智能洗衣机 Ultra,MBP软件网络有限公司移动应用开发
"客户ID: TE207
客户公司: 新宇龙信息传媒有限公司人工智能
客户所在地: 张家港市, 中国
产品信息: 谷歌 智能洗衣机 Elite (类别: 智能洗衣机)
生产商: 谷歌智能设备
产品价格: 4072.02
评分: 3.8星
评价日期: 2025年06月02日
评价内容: ""智能洗衣机的质量还可以，兼容性强，不过售后服务差。""<ROW_SEP>

客户ID: DX151
客户公司: 易动力信息有限公司物联网
客户所在地: 佛山县, 中国
产品信息: 美的 智能洗衣机 Advanced (类别: 智能洗衣机)
生产商: 美的智能科技
产品价格: 6994.39
评分: 2.3星
评价日期: 2025年05月23日
评价内容: ""不推荐这款智能洗衣机，使用说明不清，很失望。""<ROW_SEP>

客户ID: XA254
客户公司: 易动力信息有限公司物联网
客户所在地: 齐齐哈尔市, 中国
产品信息: 华为 智能洗衣机 Ultra (类别: 智能洗衣机)
生产商: 华为智能生活
产品价格: 8401.38
评分: 1.2星
评价日期: 2025年05月21日
评价内容: ""不推荐这款智能洗衣机，音质一般，很失望。""<ROW_SEP>

客户ID: AK874
客户公司: 昊嘉信息有限公司区块链技术
客户所在地: 雷市, 中国
产品信息: 谷歌 智能洗衣机 Elite (类别: 智能洗衣机)
生产商: 谷歌智能设备
产品价格: 4072.02
评分: 4.4星
评价日期: 2025年05月20日
评价内容: ""收到货后，这款智能洗衣机做工精细。让我惊喜的是定时功能是我最喜欢的部分。总体来说还是很满意的。""<ROW_SEP>

客户ID: PS740
客户公司: 国讯科技有限公司金融科技
客户所在地: 金凤市, 中国
产品信息: 美的 智能洗衣机 Advanced (类别: 智能洗衣机)
生产商: 美的智能科技
产品价格: 6994.39
评分: 2.6星
评价日期: 2025年04月15日
评价内容: ""使用一周后出现故障，音质一般，售后服务也不好。""<ROW_SEP>

客户ID: RY548
客户公司: 易动力信息有限公司网络安全
客户所在地: 斌县, 中国
产品信息: 美的 智能洗衣机 Advanced (类别: 智能洗衣机)
生产商: 美的智能科技
产品价格: 6994.39
评分: 3.9星
评价日期: 2025年03月05日
评价内容: ""总体来说还行，质量很好，就是续航时间短。""<ROW_SEP>

客户ID: NU711
客户公司: 易动力科技有限公司人工智能
客户所在地: 桂兰县, 中国
产品信息: 华为 智能洗衣机 Ultra (类别: 智能洗衣机)
生产商: 华为智能生活
产品价格: 8401.38
评分: 3.0星
评价日期: 2025年02月27日
评价内容: ""作为一个经常使用此类产品的人，这款华为 智能洗衣机 Ultra一般般。在工作时时使用体验还不错。让我惊喜的是在办公环境场景下表现一般。推荐给有需要的朋友。""",208,69,TE207,3.8,2025-06-02,966,智能洗衣机,谷歌 智能洗衣机 Elite,新宇龙信息传媒有限公司人工智能
"客户ID: OA831
客户公司: 华泰通安科技有限公司网络安全
客户所在地: 玉梅市, 中国
产品信息: 西门子 智能洗衣机 Pro (类别: 智能洗衣机)
生产商: 西门子智能家居
产品价格: 6209.73
评分: 1.1星
评价日期: 2025年02月25日
评价内容: ""必须承认，这款西门子 智能洗衣机 Pro完全不符合预期。主要问题在于做工一般。已经申请退款了。""<ROW_SEP>

客户ID: CM245
客户公司: 万迅电脑信息有限公司科技公司
客户所在地: 洋县, 中国
产品信息: 华为 智能洗衣机 Ultra (类别: 智能洗衣机)
生产商: 华为智能生活
产品价格: 8401.38
评分: 2.8星
评价日期: 2025年02月02日
评价内容: ""用了一段时间，这款智能洗衣机有严重问题。使用不到一周就出现了失灵。唯一值得称赞的可能就是包装很精美。""<ROW_SEP>

客户ID: GJ116
客户公司: 良诺信息有限公司生物科技
客户所在地: 红市, 中国
产品信息: 谷歌 智能洗衣机 Elite (类别: 智能洗衣机)
生产商: 谷歌智能设备
产品价格: 4072.02
评分: 3.7星
评价日期: 2024年12月12日
评价内容: ""个人认为，这款谷歌 智能洗衣机 Elite性价比一般。在早晨起床时使用体验还不错。可惜的是缺点是安装困难。期待下一代产品能有所改进。""<ROW_SEP>

客户ID: IK721
客户公司: 诺依曼软件传媒有限公司物联网
客户所在地: 华市, 中国
产品信息: LG 智能洗衣机 Max (类别: 智能洗衣机)
生产商: LG智能家电
产品价格: 759.0
评分: 1.9星
评价日期: 2024年11月07日
评价内容: ""体验下来，这款智能洗衣机不值这个价格。电池寿命简直无法忍受。已经申请退款了。""<ROW_SEP>

客户ID: TE207
客户公司: 新宇龙信息传媒有限公司人工智能
客户所在地: 张家港市, 中国
产品信息: 华为 智能洗衣机 Ultra (类别: 智能洗衣机)
生产商: 华为智能生活
产品价格: 8401.38
评分: 3.4星
评价日期: 2024年11月07日
评价内容: ""老实讲，这款智能洗衣机一般般。优点是智能化程度高。最重要的是缺点是耗电量大。整体体验不错。""<ROW_SEP>

客户ID: LB704
客户公司: 群英信息有限公司金融科技
客户所在地: 昆明县, 中国
产品信息: 华为 智能洗衣机 Ultra (类别: 智能洗衣机)
生产商: 华为智能生活
产品价格: 8401.38
评分: 2.6星
评价日期: 2024年11月06日
评价内容: ""经过一段时间使用，这款华为 智能洗衣机 Ultra不推荐购买。连接稳定性简直无法忍受。唯一值得称赞的可能就是送货速度快。已经申请退款了。""",276,72,OA831,1.1,2025-02-25,931,智能洗衣机,西门子 智能洗衣机 Pro,华泰通安科技有限公司网络安全
"客户ID: PV664
客户公司: 毕博诚信息有限公司信息技术
客户所在地: 柳州县, 中国
产品信息: 西门子 智能洗衣机 Pro (类别: 智能洗衣机)
生产商: 西门子智能家居
产品价格: 6209.73
评分: 3.8星
评价日期: 2024年10月14日
评价内容: ""这款智能洗衣机一般，稳定性好，但是噪音控制有点问题。""<ROW_SEP>

客户ID: ZU351
客户公司: 银嘉科技有限公司科技公司
客户所在地: 秀荣市, 中国
产品信息: 西门子 智能洗衣机 Pro (类别: 智能洗衣机)
生产商: 西门子智能家居
产品价格: 6209.73
评分: 2.2星
评价日期: 2024年09月27日
评价内容: ""使用一周后出现故障，续航时间短，售后服务也不好。""<ROW_SEP>

客户ID: XA254
客户公司: 易动力信息有限公司物联网
客户所在地: 齐齐哈尔市, 中国
产品信息: 西门子 智能洗衣机 Pro (类别: 智能洗衣机)
生产商: 西门子智能家居
产品价格: 6209.73
评分: 1.8星
评价日期: 2024年09月20日
评价内容: ""噪音控制问题很严重，完全不值这个价格。""<ROW_SEP>

客户ID: WB890
客户公司: 鑫博腾飞网络有限公司金融科技
客户所在地: 马鞍山市, 中国
产品信息: 谷歌 智能洗衣机 Elite (类别: 智能洗衣机)
生产商: 谷歌智能设备
产品价格: 4072.02
评分: 1.2星
评价日期: 2024年09月17日
评价内容: ""经过一段时间使用，这款谷歌 智能洗衣机 Elite存在明显缺陷。使用不到一周就出现了损坏。唯一值得称赞的可能就是送货速度快。""<ROW_SEP>

客户ID: IP471
客户公司: 银嘉信息有限公司移动应用开发
客户所在地: 荆门市, 中国
产品信息: 谷歌 智能洗衣机 Elite (类别: 智能洗衣机)
生产商: 谷歌智能设备
产品价格: 4072.02
评分: 1.1星
评价日期: 2024年09月17日
评价内容: ""连接稳定性问题很严重，完全不值这个价格。""<ROW_SEP>

客户ID: XN875
客户公司: 天开传媒有限公司网络安全
客户所在地: 芳市, 中国
产品信息: 美的 智能洗衣机 Advanced (类别: 智能洗衣机)
生产商: 美的智能科技
产品价格: 6994.39
评分: 2.5星
评价日期: 2024年09月08日
评价内容: ""噪音控制问题很严重，完全不值这个价格。""<ROW_SEP>

客户ID: VQ233
客户公司: 和泰信息有限公司信息技术
客户所在地: 成都市, 中国
产品信息: LG 智能洗衣机 Max (类别: 智能洗衣机)
生产商: LG智能家电
产品价格: 759.0
评分: 4.2星
评价日期: 2024年08月20日
评价内容: ""非常满意这次购买，画质清晰，送货也很快。""",638,72,PV664,3.8,2024-10-14,926,智能洗衣机,西门子 智能洗衣机 Pro,毕博诚信息有限公司信息技术
"客户ID: YR398
客户公司: 浦华众城信息有限公司虚拟现实
客户所在地: 大冶市, 中国
产品信息: 美的 智能洗衣机 Advanced (类别: 智能洗衣机)
生产商: 美的智能科技
产品价格: 6994.39
评分: 1.3星
评价日期: 2024年07月31日
评价内容: ""不推荐这款智能洗衣机，音质一般，很失望。""<ROW_SEP>

客户ID: CA470
客户公司: 南康传媒有限公司生物科技
客户所在地: 贵阳市, 中国
产品信息: LG 智能洗衣机 Max (类别: 智能洗衣机)
生产商: LG智能家电
产品价格: 759.0
评分: 2.0星
评价日期: 2024年07月17日
评价内容: ""不推荐这款智能洗衣机，稳定性差，很失望。""<ROW_SEP>

客户ID: WB209
客户公司: 维涛传媒有限公司云计算
客户所在地: 秀华县, 中国
产品信息: 西门子 智能洗衣机 Pro (类别: 智能洗衣机)
生产商: 西门子智能家居
产品价格: 6209.73
评分: 3.2星
评价日期: 2024年07月10日
评价内容: ""智能洗衣机的质量还可以，续航时间长，不过安装困难。""<ROW_SEP>

客户ID: EK253
客户公司: 兰金电子科技有限公司区块链技术
客户所在地: 南昌市, 中国
产品信息: 西门子 智能洗衣机 Pro (类别: 智能洗衣机)
生产商: 西门子智能家居
产品价格: 6209.73
评分: 4.1星
评价日期: 2024年07月09日
评价内容: ""这是我用过的最好的智能洗衣机之一，续航时间长，性价比很高。""<ROW_SEP>

客户ID: CS287
客户公司: 和泰网络有限公司电子商务
客户所在地: 玲市, 中国
产品信息: LG 智能洗衣机 Max (类别: 智能洗衣机)
生产商: LG智能家电
产品价格: 759.0
评分: 4.6星
评价日期: 2024年07月08日
评价内容: ""在早晨起床时使用效果很好，特别是省电模式功能。""<ROW_SEP>

客户ID: BF338
客户公司: 天开网络有限公司金融科技
客户所在地: 南宁市, 中国
产品信息: 西门子 智能洗衣机 Pro (类别: 智能洗衣机)
生产商: 西门子智能家居
产品价格: 6209.73
评分: 3.9星
评价日期: 2024年07月07日
评价内容: ""这款产品优缺点都有，安装方便，但操作复杂。""<ROW_SEP>

客户ID: RG743
客户公司: 快讯信息有限公司智能科技
客户所在地: 勇县, 中国
产品信息: 华为 智能洗衣机 Ultra (类别: 智能洗衣机)
生产商: 华为智能生活
产品价格: 8401.38
评分: 2.4星
评价日期: 2024年07月06日
评价内容: ""对这款智能洗衣机非常不满意，使用说明不清，浪费钱。""",118,77,YR398,1.3,2024-07-31,898,智能洗衣机,美的 智能洗衣机 Advanced,浦华众城信息有限公司虚拟现实
"客户ID: EK253
客户公司: 兰金电子科技有限公司区块链技术
客户所在地: 南昌市, 中国
产品信息: LG 智能洗衣机 Max (类别: 智能洗衣机)
生产商: LG智能家电
产品价格: 759.0
评分: 3.2星
评价日期: 2024年06月22日
评价内容: ""总体来说还行，节能环保，就是兼容性差。""<ROW_SEP>

客户ID: FN522
客户公司: 新宇龙信息科技有限公司电子商务
客户所在地: 磊县, 中国
产品信息: 谷歌 智能洗衣机 Elite (类别: 智能洗衣机)
生产商: 谷歌智能设备
产品价格: 4072.02
评分: 2.8星
评价日期: 2024年06月20日
评价内容: ""噪音控制问题很严重，完全不值这个价格。""<ROW_SEP>

客户ID: ZU351
客户公司: 银嘉科技有限公司科技公司
客户所在地: 秀荣市, 中国
产品信息: 西门子 智能洗衣机 Pro (类别: 智能洗衣机)
生产商: 西门子智能家居
产品价格: 6209.73
评分: 3.1星
评价日期: 2024年06月12日
评价内容: ""智能洗衣机的质量还可以，稳定性好，不过价格偏高。""",100,61,EK253,3.2,2024-06-22,378,智能洗衣机,LG 智能洗衣机 Max,兰金电子科技有限公司区块链技术
"客户ID: NU711
客户公司: 易动力科技有限公司人工智能
客户所在地: 桂兰县, 中国
产品信息: 苹果 智能灯具 Basic (类别: 智能灯具)
生产商: 苹果智能家庭
产品价格: 2411.14
评分: 4.0星
评价日期: 2026年02月19日
评价内容: ""这是我用过的最好的智能灯具之一，性价比高，性价比很高。""<ROW_SEP>

客户ID: KS630
客户公司: 良诺信息有限公司网络安全
客户所在地: 潮州市, 中国
产品信息: 苹果 智能灯具 Basic (类别: 智能灯具)
生产商: 苹果智能家庭
产品价格: 2411.14
评分: 1.9星
评价日期: 2025年10月24日
评价内容: ""我觉得，这款智能灯具功能实现得很糟糕。在工作时时完全不能正常工作。""<ROW_SEP>

客户ID: YZ898
客户公司: 通际名联科技有限公司金融科技
客户所在地: 济南市, 中国
产品信息: 苹果 智能灯具 Basic (类别: 智能灯具)
生产商: 苹果智能家庭
产品价格: 2411.14
评分: 1.7星
评价日期: 2025年06月30日
评价内容: ""使用一周后出现故障，音质一般，售后服务也不好。""<ROW_SEP>

客户ID: IP471
客户公司: 银嘉信息有限公司移动应用开发
客户所在地: 荆门市, 中国
产品信息: 苹果 智能灯具 Basic (类别: 智能灯具)
生产商: 苹果智能家庭
产品价格: 2411.14
评分: 2.7星
评价日期: 2025年05月03日
评价内容: ""试用了几天，这款苹果 智能灯具 Basic很失望。散热问题简直无法忍受。以后不会再考虑这个品牌的产品。""<ROW_SEP>

客户ID: LU518
客户公司: 易动力传媒有限公司生物科技
客户所在地: 伟市, 中国
产品信息: 苹果 智能灯具 Basic (类别: 智能灯具)
生产商: 苹果智能家庭
产品价格: 2411.14
评分: 1.7星
评价日期: 2025年04月12日
评价内容: ""这款产品有严重问题，耗电量大，已经申请退款。""<ROW_SEP>

客户ID: DV182
客户公司: 艾提科信传媒有限公司网络安全
客户所在地: 桂荣市, 中国
产品信息: 苹果 智能灯具 Basic (类别: 智能灯具)
生产商: 苹果智能家庭
产品价格: 2411.14
评分: 2.8星
评价日期: 2025年04月02日
评价内容: ""不推荐这款智能灯具，安装困难，很失望。""<ROW_SEP>

客户ID: ZG109
客户公司: 襄樊地球村网络有限公司智能科技
客户所在地: 坤县, 中国
产品信息: 苹果 智能灯具 Basic (类别: 智能灯具)
生产商: 苹果智能家庭
产品价格: 2411.14
评分: 2.4星
评价日期: 2025年02月08日
评价内容: ""对这款智能灯具非常不满意，反应迟钝，浪费钱。""",595,47,NU711,4.0,2026-02-19,917,智能灯具,苹果 智能灯具 Basic,易动力科技有限公司人工智能
"客户ID: WQ849
客户公司: 开发区世创科技有限公司科技公司
客户所在地: 嘉禾市, 中国
产品信息: 苹果 智能灯具 Basic (类别: 智能灯具)
生产商: 苹果智能家庭
产品价格: 2411.14
评分: 4.2星
评价日期: 2025年01月19日
评价内容: ""非常满意这次购买，做工精细，送货也很快。""<ROW_SEP>

客户ID: NQ176
客户公司: 图龙信息传媒有限公司数字科技
客户所在地: 南昌市, 中国
产品信息: 苹果 智能灯具 Basic (类别: 智能灯具)
生产商: 苹果智能家庭
产品价格: 2411.14
评分: 3.8星
评价日期: 2024年12月12日
评价内容: ""坦白讲，这款智能灯具一般般。静音设计设计得比较合理。尤其是信号强度有点问题。可以考虑其他品牌的同类产品。""<ROW_SEP>

客户ID: ZO854
客户公司: MBP软件科技有限公司信息技术
客户所在地: 丽华县, 中国
产品信息: 苹果 智能灯具 Basic (类别: 智能灯具)
生产商: 苹果智能家庭
产品价格: 2411.14
评分: 2.6星
评价日期: 2024年11月11日
评价内容: ""试用了几天，这款智能灯具存在明显缺陷。使用不到一周就出现了异常。已经申请退款了。""<ROW_SEP>

客户ID: VZ702
客户公司: 精芯网络有限公司互联网服务
客户所在地: 马鞍山县, 中国
产品信息: 苹果 智能灯具 Basic (类别: 智能灯具)
生产商: 苹果智能家庭
产品价格: 2411.14
评分: 2.2星
评价日期: 2024年11月11日
评价内容: ""我发现，这款智能灯具存在明显缺陷。主要问题在于兼容性差。不推荐任何人购买。""<ROW_SEP>

客户ID: BP732
客户公司: 南康网络有限公司互联网服务
客户所在地: 敏市, 中国
产品信息: 苹果 智能灯具 Basic (类别: 智能灯具)
生产商: 苹果智能家庭
产品价格: 2411.14
评分: 4.1星
评价日期: 2024年11月06日
评价内容: ""在多次对比之后选择了这款，这款苹果 智能灯具 Basic性价比很高。遗憾的是一键控制是我最喜欢的部分。如果非要说缺点的话，说明书不够详细。期待下一代产品能有所改进。""<ROW_SEP>

客户ID: WY218
客户公司: 飞海科技传媒有限公司信息技术
客户所在地: 济南市, 中国
产品信息: 苹果 智能灯具 Basic (类别: 智能灯具)
生产商: 苹果智能家庭
产品价格: 2411.14
评分: 4.4星
评价日期: 2024年10月08日
评价内容: ""在看电影时时使用效果很好，特别是静音设计功能。""<ROW_SEP>

客户ID: FC418
客户公司: 网新恒天网络有限公司生物科技
客户所在地: 秀珍县, 中国
产品信息: 苹果 智能灯具 Basic (类别: 智能灯具)
生产商: 苹果智能家庭
产品价格: 2411.14
评分: 4.6星
评价日期: 2024年07月18日
评价内容: ""在早晨起床时使用效果很好，特别是高清画质功能。""",650,47,WQ849,4.2,2025-01-19,1000,智能灯具,苹果 智能灯具 Basic,开发区世创科技有限公司科技公司
"客户ID: GC890
客户公司: 创联世纪信息有限公司移动应用开发
客户所在地: 福州县, 中国
产品信息: 苹果 智能灯具 Basic (类别: 智能灯具)
生产商: 苹果智能家庭
产品价格: 2411.14
评分: 2.5星
评价日期: 2024年06月05日
评价内容: ""使用一周后出现故障，耗电量大，售后服务也不好。""",421,47,GC890,2.5,2024-06-05,126,智能灯具,苹果 智能灯具 Basic,创联世纪信息有限公司移动应用开发
"客户ID: EI532
客户公司: 七喜传媒有限公司人工智能
客户所在地: 丽华县, 中国
产品信息: 华为 智能电视 Lite (类别: 智能电视)
生产商: 华为智能生活
产品价格: 2968.02
评分: 1.1星
评价日期: 2026年05月23日
评价内容: ""散热问题问题很严重，完全不值这个价格。""<ROW_SEP>

客户ID: LB704
客户公司: 群英信息有限公司金融科技
客户所在地: 昆明县, 中国
产品信息: 美的 智能电视 Basic (类别: 智能电视)
生产商: 美的智能科技
产品价格: 7621.5
评分: 3.9星
评价日期: 2026年05月09日
评价内容: ""这款产品优缺点都有，操作简单，但续航时间短。""<ROW_SEP>

客户ID: RY548
客户公司: 易动力信息有限公司网络安全
客户所在地: 斌县, 中国
产品信息: 美的 智能电视 Basic (类别: 智能电视)
生产商: 美的智能科技
产品价格: 7621.5
评分: 2.0星
评价日期: 2026年05月03日
评价内容: ""不推荐这款智能电视，功能单一，很失望。""<ROW_SEP>

客户ID: FJ947
客户公司: 浙大万朋信息有限公司生物科技
客户所在地: 鑫市, 中国
产品信息: 西门子 智能电视 Pro (类别: 智能电视)
生产商: 西门子智能家居
产品价格: 6676.17
评分: 4.8星
评价日期: 2026年05月01日
评价内容: ""购买后，这款智能电视非常满意。让我惊喜的是定时功能是我最喜欢的部分。如果非要说缺点的话，可能就是智能化程度低。希望厂家能改进这些问题。""<ROW_SEP>

客户ID: CA470
客户公司: 南康传媒有限公司生物科技
客户所在地: 贵阳市, 中国
产品信息: 西门子 智能电视 Pro (类别: 智能电视)
生产商: 西门子智能家居
产品价格: 9993.23
评分: 3.3星
评价日期: 2026年04月29日
评价内容: ""总体来说还行，质量很好，就是智能化程度低。""<ROW_SEP>

客户ID: RV310
客户公司: 银嘉科技有限公司云计算
客户所在地: 重庆县, 中国
产品信息: 华为 智能电视 Lite (类别: 智能电视)
生产商: 华为智能生活
产品价格: 2968.02
评分: 2.8星
评价日期: 2026年04月19日
评价内容: ""我觉得，这款华为 智能电视 Lite不推荐购买。连接稳定性简直无法忍受。唯一值得称赞的可能就是送货速度快。已经申请退款了。""<ROW_SEP>

客户ID: NU012
客户公司: 商软冠联传媒有限公司智能科技
客户所在地: 太原县, 中国
产品信息: 西门子 智能电视 Pro (类别: 智能电视)
生产商: 西门子智能家居
产品价格: 6676.17
评分: 4.2星
评价日期: 2026年04月15日
评价内容: ""从我的使用体验来看，这款智能电视设计很人性化。在同价位产品中表现最好。如果非要说缺点的话，价格稍微贵了一点。便宜没好货，这句话在这里很适用。""",537,53,EI532,1.1,2026-05-23,999,智能电视,华为 智能电视 Lite,七喜传媒有限公司人工智能
"客户ID: ZG109
客户公司: 襄樊地球村网络有限公司智能科技
客户所在地: 坤县, 中国
产品信息: 华为 智能电视 Max (类别: 智能电视)
生产商: 华为智能生活
产品价格: 4139.84
评分: 1.4星
评价日期: 2026年04月03日
评价内容: ""使用一周后出现故障，功能单一，售后服务也不好。""<ROW_SEP>

客户ID: TB616
客户公司: 晖来计算机网络有限公司虚拟现实
客户所在地: 梅县, 中国
产品信息: 格力 智能电视 Pro (类别: 智能电视)
生产商: 格力智能电器
产品价格: 2676.49
评分: 4.8星
评价日期: 2026年03月11日
评价内容: ""智能电视的设计很人性化，性价比高，值得推荐。""<ROW_SEP>

客户ID: FC418
客户公司: 网新恒天网络有限公司生物科技
客户所在地: 秀珍县, 中国
产品信息: 华为 智能电视 Lite (类别: 智能电视)
生产商: 华为智能生活
产品价格: 2968.02
评分: 4.8星
评价日期: 2026年02月26日
评价内容: ""这是我用过的最好的智能电视之一，音质出色，性价比很高。""<ROW_SEP>

客户ID: KS630
客户公司: 良诺信息有限公司网络安全
客户所在地: 潮州市, 中国
产品信息: 美的 智能电视 Basic (类别: 智能电视)
生产商: 美的智能科技
产品价格: 7621.5
评分: 4.9星
评价日期: 2026年02月16日
评价内容: ""这款智能电视质量很好，节能环保。总体来说很满意。""<ROW_SEP>

客户ID: TO444
客户公司: MBP软件网络有限公司移动应用开发
客户所在地: 辛集市, 中国
产品信息: 华为 智能电视 Max (类别: 智能电视)
生产商: 华为智能生活
产品价格: 4139.84
评分: 2.6星
评价日期: 2026年02月14日
评价内容: ""这款产品有严重问题，价格偏高，已经申请退款。""<ROW_SEP>

客户ID: BF338
客户公司: 天开网络有限公司金融科技
客户所在地: 南宁市, 中国
产品信息: 华为 智能电视 Basic (类别: 智能电视)
生产商: 华为智能生活
产品价格: 8554.76
评分: 2.6星
评价日期: 2026年02月03日
评价内容: ""对这款智能电视非常不满意，使用说明不清，浪费钱。""<ROW_SEP>

客户ID: VC531
客户公司: 九方传媒有限公司生物科技
客户所在地: 六盘水市, 中国
产品信息: 西门子 智能电视 Pro (类别: 智能电视)
生产商: 西门子智能家居
产品价格: 6676.17
评分: 4.2星
评价日期: 2026年02月03日
评价内容: ""智能电视的设计很人性化，稳定性好，值得推荐。""",1279,43,ZG109,1.4,2026-04-03,893,智能电视,华为 智能电视 Max,襄樊地球村网络有限公司智能科技
"客户ID: EB652
客户公司: 凌云信息有限公司虚拟现实
客户所在地: 秀珍县, 中国
产品信息: 华为 智能电视 Lite (类别: 智能电视)
生产商: 华为智能生活
产品价格: 2968.02
评分: 3.9星
评价日期: 2026年02月03日
评价内容: ""这款智能电视一般，性价比高，但是噪音控制有点问题。""<ROW_SEP>

客户ID: EK253
客户公司: 兰金电子科技有限公司区块链技术
客户所在地: 南昌市, 中国
产品信息: 西门子 智能电视 Pro (类别: 智能电视)
生产商: 西门子智能家居
产品价格: 6676.17
评分: 2.7星
评价日期: 2026年02月01日
评价内容: ""老实讲，这款智能电视功能实现得很糟糕。使用不到一周就出现了损坏。希望厂家能重视这些问题。""<ROW_SEP>

客户ID: GA851
客户公司: 明腾传媒有限公司金融科技
客户所在地: 齐齐哈尔县, 中国
产品信息: 华为 智能电视 Max (类别: 智能电视)
生产商: 华为智能生活
产品价格: 4139.84
评分: 3.1星
评价日期: 2026年01月18日
评价内容: ""智能电视的质量还可以，续航时间长，不过兼容性差。""<ROW_SEP>

客户ID: PV664
客户公司: 毕博诚信息有限公司信息技术
客户所在地: 柳州县, 中国
产品信息: 华为 智能电视 Lite (类别: 智能电视)
生产商: 华为智能生活
产品价格: 2968.02
评分: 1.6星
评价日期: 2026年01月05日
评价内容: ""对这款智能电视非常不满意，智能化程度低，浪费钱。""<ROW_SEP>

客户ID: UY980
客户公司: 兰金电子传媒有限公司生物科技
客户所在地: 桂香县, 中国
产品信息: 美的 智能电视 Basic (类别: 智能电视)
生产商: 美的智能科技
产品价格: 7621.5
评分: 1.8星
评价日期: 2026年01月03日
评价内容: ""体验下来，这款美的 智能电视 Basic质量太差。在看电影时时完全不能正常工作。唯一值得称赞的可能就是包装很精美。""<ROW_SEP>

客户ID: DV182
客户公司: 艾提科信传媒有限公司网络安全
客户所在地: 桂荣市, 中国
产品信息: 华为 智能电视 Lite (类别: 智能电视)
生产商: 华为智能生活
产品价格: 2968.02
评分: 3.5星
评价日期: 2025年12月29日
评价内容: ""这款智能电视一般，做工精细，但是散热问题有点问题。""<ROW_SEP>

客户ID: MJ814
客户公司: 毕博诚科技有限公司互联网服务
客户所在地: 俊市, 中国
产品信息: 西门子 智能电视 Pro (类别: 智能电视)
生产商: 西门子智能家居
产品价格: 6676.17
评分: 3.3星
评价日期: 2025年12月27日
评价内容: ""在看电影时使用还不错，但在其他情况下表现一般。""",700,53,EB652,3.9,2026-02-03,948,智能电视,华为 智能电视 Lite,凌云信息有限公司虚拟现实
"客户ID: DW607
客户公司: 银嘉网络有限公司云计算
客户所在地: 杨县, 中国
产品信息: 西门子 智能电视 Pro (类别: 智能电视)
生产商: 西门子智能家居
产品价格: 9993.23
评分: 2.1星
评价日期: 2025年12月26日
评价内容: ""连接稳定性问题很严重，完全不值这个价格。""<ROW_SEP>

客户ID: WB890
客户公司: 鑫博腾飞网络有限公司金融科技
客户所在地: 马鞍山市, 中国
产品信息: 西门子 智能电视 Pro (类别: 智能电视)
生产商: 西门子智能家居
产品价格: 9993.23
评分: 1.5星
评价日期: 2025年12月12日
评价内容: ""对这款智能电视非常不满意，使用说明不清，浪费钱。""<ROW_SEP>

客户ID: AU710
客户公司: 巨奥传媒有限公司信息技术
客户所在地: 辛集市, 中国
产品信息: 华为 智能电视 Max (类别: 智能电视)
生产商: 华为智能生活
产品价格: 4139.84
评分: 2.4星
评价日期: 2025年12月05日
评价内容: ""不推荐这款智能电视，智能化程度低，很失望。""<ROW_SEP>

客户ID: PC764
客户公司: 恒聪百汇传媒有限公司虚拟现实
客户所在地: 重庆市, 中国
产品信息: 格力 智能电视 Pro (类别: 智能电视)
生产商: 格力智能电器
产品价格: 2676.49
评分: 2.8星
评价日期: 2025年11月24日
评价内容: ""使用一周后出现故障，价格偏高，售后服务也不好。""<ROW_SEP>

客户ID: CA470
客户公司: 南康传媒有限公司生物科技
客户所在地: 贵阳市, 中国
产品信息: 华为 智能电视 Basic (类别: 智能电视)
生产商: 华为智能生活
产品价格: 8554.76
评分: 3.2星
评价日期: 2025年11月22日
评价内容: ""在多次对比之后选择了这款，这款智能电视优缺点都有。优点是做工精细。特别是使用久了会发现一些小问题。整体体验不错。""<ROW_SEP>

客户ID: RY548
客户公司: 易动力信息有限公司网络安全
客户所在地: 斌县, 中国
产品信息: 格力 智能电视 Pro (类别: 智能电视)
生产商: 格力智能电器
产品价格: 2676.49
评分: 3.8星
评价日期: 2025年11月18日
评价内容: ""这款智能电视一般，安装方便，但是连接稳定性有点问题。""<ROW_SEP>

客户ID: VX147
客户公司: 东方峻景传媒有限公司金融科技
客户所在地: 海门县, 中国
产品信息: 华为 智能电视 Basic (类别: 智能电视)
生产商: 华为智能生活
产品价格: 8554.76
评分: 4.0星
评价日期: 2025年11月15日
评价内容: ""我觉得，这款华为 智能电视 Basic性价比很高。此外特别适合夜间使用。比我之前用的产品好多了。如果非要说缺点的话，可能就是反应迟钝。建议慎重考虑。""",1073,4,DW607,2.1,2025-12-26,964,智能电视,西门子 智能电视 Pro,银嘉网络有限公司云计算
"客户ID: IP471
客户公司: 银嘉信息有限公司移动应用开发
客户所在地: 荆门市, 中国
产品信息: 华为 智能电视 Basic (类别: 智能电视)
生产商: 华为智能生活
产品价格: 8554.76
评分: 3.0星
评价日期: 2025年11月10日
评价内容: ""智能电视的质量还可以，质量很好，不过功能单一。""<ROW_SEP>

客户ID: US056
客户公司: 国讯网络有限公司移动应用开发
客户所在地: 文市, 中国
产品信息: 华为 智能电视 Lite (类别: 智能电视)
生产商: 华为智能生活
产品价格: 2968.02
评分: 1.5星
评价日期: 2025年11月01日
评价内容: ""使用一周后出现故障，反应迟钝，售后服务也不好。""<ROW_SEP>

客户ID: YZ898
客户公司: 通际名联科技有限公司金融科技
客户所在地: 济南市, 中国
产品信息: 华为 智能电视 Max (类别: 智能电视)
生产商: 华为智能生活
产品价格: 4139.84
评分: 4.7星
评价日期: 2025年10月10日
评价内容: ""使用后感觉，这款华为 智能电视 Max很好用。而且特别适合户外活动。如果非要说缺点的话，配件可以再多一些。便宜没好货，这句话在这里很适用。""<ROW_SEP>

客户ID: GL926
客户公司: 时空盒数字传媒有限公司大数据分析
客户所在地: 巢湖市, 中国
产品信息: 华为 智能电视 Lite (类别: 智能电视)
生产商: 华为智能生活
产品价格: 2968.02
评分: 1.6星
评价日期: 2025年10月03日
评价内容: ""不推荐这款智能电视，兼容性差，很失望。""<ROW_SEP>

客户ID: GA851
客户公司: 明腾传媒有限公司金融科技
客户所在地: 齐齐哈尔县, 中国
产品信息: 华为 智能电视 Basic (类别: 智能电视)
生产商: 华为智能生活
产品价格: 8554.76
评分: 3.6星
评价日期: 2025年09月20日
评价内容: ""在做饭时使用还不错，但在其他情况下表现一般。""<ROW_SEP>

客户ID: BI759
客户公司: 时空盒数字信息有限公司虚拟现实
客户所在地: 荣市, 中国
产品信息: 美的 智能电视 Basic (类别: 智能电视)
生产商: 美的智能科技
产品价格: 7621.5
评分: 3.5星
评价日期: 2025年09月08日
评价内容: ""在看电影时使用还不错，但在其他情况下表现一般。""<ROW_SEP>

客户ID: US056
客户公司: 国讯网络有限公司移动应用开发
客户所在地: 文市, 中国
产品信息: 格力 智能电视 Pro (类别: 智能电视)
生产商: 格力智能电器
产品价格: 2676.49
评分: 1.1星
评价日期: 2025年09月01日
评价内容: ""经过一段时间使用，这款格力 智能电视 Pro使用体验很差。主要问题在于价格偏高。""",306,3,IP471,3.0,2025-11-10,942,智能电视,华为 智能电视 Basic,银嘉信息有限公司移动应用开发
"客户ID: EM821
客户公司: 泰麒麟信息有限公司人工智能
客户所在地: 香港县, 中国
产品信息: 华为 智能电视 Lite (类别: 智能电视)
生产商: 华为智能生活
产品价格: 2968.02
评分: 4.2星
评价日期: 2025年08月10日
评价内容: ""使用了一个月，稳定性好，没有发现任何问题。""<ROW_SEP>

客户ID: IP471
客户公司: 银嘉信息有限公司移动应用开发
客户所在地: 荆门市, 中国
产品信息: 华为 智能电视 Max (类别: 智能电视)
生产商: 华为智能生活
产品价格: 4139.84
评分: 4.4星
评价日期: 2025年07月21日
评价内容: ""使用了一个月，外观漂亮，没有发现任何问题。""<ROW_SEP>

客户ID: BN418
客户公司: 易动力网络有限公司移动应用开发
客户所在地: 重庆市, 中国
产品信息: 美的 智能电视 Basic (类别: 智能电视)
生产商: 美的智能科技
产品价格: 7621.5
评分: 4.8星
评价日期: 2025年07月11日
评价内容: ""这是我用过的最好的智能电视之一，功能齐全，性价比很高。""<ROW_SEP>

客户ID: IP471
客户公司: 银嘉信息有限公司移动应用开发
客户所在地: 荆门市, 中国
产品信息: 格力 智能电视 Pro (类别: 智能电视)
生产商: 格力智能电器
产品价格: 2676.49
评分: 4.7星
评价日期: 2025年07月10日
评价内容: ""在多次对比之后选择了这款，这款格力 智能电视 Pro超出我的预期。如果非要说缺点的话，说明书不够详细。总体来说还是很满意的。""<ROW_SEP>

客户ID: EK253
客户公司: 兰金电子科技有限公司区块链技术
客户所在地: 南昌市, 中国
产品信息: 西门子 智能电视 Pro (类别: 智能电视)
生产商: 西门子智能家居
产品价格: 9993.23
评分: 1.6星
评价日期: 2025年06月16日
评价内容: ""不推荐这款智能电视，耗电量大，很失望。""<ROW_SEP>

客户ID: BI759
客户公司: 时空盒数字信息有限公司虚拟现实
客户所在地: 荣市, 中国
产品信息: 西门子 智能电视 Pro (类别: 智能电视)
生产商: 西门子智能家居
产品价格: 6676.17
评分: 3.6星
评价日期: 2025年05月10日
评价内容: ""总体来说还行，操作简单，就是使用说明不清。""<ROW_SEP>

客户ID: QL573
客户公司: 维涛科技有限公司网络安全
客户所在地: 永安市, 中国
产品信息: 格力 智能电视 Pro (类别: 智能电视)
生产商: 格力智能电器
产品价格: 2676.49
评分: 3.1星
评价日期: 2025年05月07日
评价内容: ""这款产品优缺点都有，性价比高，但价格偏高。""",241,53,EM821,4.2,2025-08-10,922,智能电视,华为 智能电视 Lite,泰麒麟信息有限公司人工智能
"客户ID: ZU351
客户公司: 银嘉科技有限公司科技公司
客户所在地: 秀荣市, 中国
产品信息: 华为 智能电视 Max (类别: 智能电视)
生产商: 华为智能生活
产品价格: 4139.84
评分: 3.3星
评价日期: 2025年03月12日
评价内容: ""不得不说，这款华为 智能电视 Max质量还行。优点是功能齐全。遗憾的是信号强度有点问题。对得起这个价格。""<ROW_SEP>

客户ID: AY876
客户公司: 精芯传媒有限公司物联网
客户所在地: 武汉市, 中国
产品信息: 华为 智能电视 Max (类别: 智能电视)
生产商: 华为智能生活
产品价格: 4139.84
评分: 2.5星
评价日期: 2025年02月15日
评价内容: ""说实话，这款华为 智能电视 Max使用体验很差。在工作时时完全不能正常工作。唯一值得称赞的可能就是外观设计还不错。已经申请退款了。""<ROW_SEP>

客户ID: ZH741
客户公司: 巨奥科技有限公司信息技术
客户所在地: 峰县, 中国
产品信息: 华为 智能电视 Lite (类别: 智能电视)
生产商: 华为智能生活
产品价格: 2968.02
评分: 2.3星
评价日期: 2025年02月01日
评价内容: ""使用一周后出现故障，兼容性差，售后服务也不好。""<ROW_SEP>

客户ID: MG296
客户公司: 浦华众城网络有限公司信息技术
客户所在地: 浩市, 中国
产品信息: 华为 智能电视 Max (类别: 智能电视)
生产商: 华为智能生活
产品价格: 4139.84
评分: 2.5星
评价日期: 2025年01月24日
评价内容: ""不推荐这款智能电视，稳定性差，很失望。""<ROW_SEP>

客户ID: ZF801
客户公司: 易动力科技有限公司科技公司
客户所在地: 沈阳县, 中国
产品信息: 华为 智能电视 Lite (类别: 智能电视)
生产商: 华为智能生活
产品价格: 2968.02
评分: 2.7星
评价日期: 2025年01月22日
评价内容: ""从我的使用体验来看，这款华为 智能电视 Lite不值这个价格。主要问题在于画质模糊。唯一值得称赞的可能就是售后服务态度好。以后不会再考虑这个品牌的产品。""<ROW_SEP>

客户ID: WW556
客户公司: 商软冠联网络有限公司信息技术
客户所在地: 梅市, 中国
产品信息: 华为 智能电视 Basic (类别: 智能电视)
生产商: 华为智能生活
产品价格: 8554.76
评分: 1.2星
评价日期: 2025年01月12日
评价内容: ""使用一周后出现故障，音质一般，售后服务也不好。""<ROW_SEP>

客户ID: CA470
客户公司: 南康传媒有限公司生物科技
客户所在地: 贵阳市, 中国
产品信息: 华为 智能电视 Lite (类别: 智能电视)
生产商: 华为智能生活
产品价格: 2968.02
评分: 2.8星
评价日期: 2025年01月09日
评价内容: ""使用一周后出现故障，耗电量大，售后服务也不好。""",158,43,ZU351,3.3,2025-03-12,986,智能电视,华为 智能电视 Max,银嘉科技有限公司科技公司
"客户ID: VC531
客户公司: 九方传媒有限公司生物科技
客户所在地: 六盘水市, 中国
产品信息: 格力 智能电视 Pro (类别: 智能电视)
生产商: 格力智能电器
产品价格: 2676.49
评分: 2.6星
评价日期: 2025年01月08日
评价内容: ""不推荐这款智能电视，耗电量大，很失望。""<ROW_SEP>

客户ID: ZH741
客户公司: 巨奥科技有限公司信息技术
客户所在地: 峰县, 中国
产品信息: 美的 智能电视 Basic (类别: 智能电视)
生产商: 美的智能科技
产品价格: 7621.5
评分: 2.1星
评价日期: 2024年12月28日
评价内容: ""信号强度问题很严重，完全不值这个价格。""<ROW_SEP>

客户ID: KM929
客户公司: 迪摩科技有限公司电子商务
客户所在地: 福州县, 中国
产品信息: 西门子 智能电视 Pro (类别: 智能电视)
生产商: 西门子智能家居
产品价格: 6676.17
评分: 1.6星
评价日期: 2024年12月10日
评价内容: ""信号强度问题很严重，完全不值这个价格。""<ROW_SEP>

客户ID: ZO854
客户公司: MBP软件科技有限公司信息技术
客户所在地: 丽华县, 中国
产品信息: 华为 智能电视 Basic (类别: 智能电视)
生产商: 华为智能生活
产品价格: 8554.76
评分: 4.4星
评价日期: 2024年11月15日
评价内容: ""智能电视的设计很人性化，操作简单，值得推荐。""<ROW_SEP>

客户ID: TO444
客户公司: MBP软件网络有限公司移动应用开发
客户所在地: 辛集市, 中国
产品信息: 华为 智能电视 Basic (类别: 智能电视)
生产商: 华为智能生活
产品价格: 8554.76
评分: 3.3星
评价日期: 2024年11月03日
评价内容: ""总体来说还行，稳定性好，就是稳定性差。""<ROW_SEP>

客户ID: IP471
客户公司: 银嘉信息有限公司移动应用开发
客户所在地: 荆门市, 中国
产品信息: 格力 智能电视 Pro (类别: 智能电视)
生产商: 格力智能电器
产品价格: 2676.49
评分: 3.9星
评价日期: 2024年11月03日
评价内容: ""这款智能电视一般，兼容性强，但是电池寿命有点问题。""<ROW_SEP>

客户ID: CC657
客户公司: 昊嘉信息有限公司信息技术
客户所在地: 军县, 中国
产品信息: 华为 智能电视 Lite (类别: 智能电视)
生产商: 华为智能生活
产品价格: 2968.02
评分: 4.4星
评价日期: 2024年11月02日
评价内容: ""这款智能电视的自动调节功能很实用，性价比高。""<ROW_SEP>

客户ID: US056
客户公司: 国讯网络有限公司移动应用开发
客户所在地: 文市, 中国
产品信息: 格力 智能电视 Pro (类别: 智能电视)
生产商: 格力智能电器
产品价格: 2676.49
评分: 3.9星
评价日期: 2024年10月29日
评价内容: ""智能电视的质量还可以，稳定性好，不过价格偏高。""",1093,98,VC531,2.6,2025-01-08,996,智能电视,格力 智能电视 Pro,九方传媒有限公司生物科技
"客户ID: ZF801
客户公司: 易动力科技有限公司科技公司
客户所在地: 沈阳县, 中国
产品信息: 华为 智能电视 Basic (类别: 智能电视)
生产商: 华为智能生活
产品价格: 8554.76
评分: 4.3星
评价日期: 2024年10月26日
评价内容: ""在多次对比之后选择了这款，这款华为 智能电视 Basic做工精细。然而在早晨起床时表现尤为出色。如果非要说缺点的话，可能就是耗电量大。值得购买。""<ROW_SEP>

客户ID: AD089
客户公司: 创亿网络有限公司移动应用开发
客户所在地: 楠市, 中国
产品信息: 美的 智能电视 Basic (类别: 智能电视)
生产商: 美的智能科技
产品价格: 7621.5
评分: 1.4星
评价日期: 2024年10月20日
评价内容: ""对这款智能电视非常不满意，功能单一，浪费钱。""<ROW_SEP>

客户ID: MZ379
客户公司: 联软传媒有限公司区块链技术
客户所在地: 慧县, 中国
产品信息: 华为 智能电视 Lite (类别: 智能电视)
生产商: 华为智能生活
产品价格: 2968.02
评分: 4.0星
评价日期: 2024年10月10日
评价内容: ""在工作时时使用效果很好，特别是省电模式功能。""<ROW_SEP>

客户ID: TB616
客户公司: 晖来计算机网络有限公司虚拟现实
客户所在地: 梅县, 中国
产品信息: 华为 智能电视 Max (类别: 智能电视)
生产商: 华为智能生活
产品价格: 4139.84
评分: 3.3星
评价日期: 2024年10月09日
评价内容: ""智能电视的质量还可以，节能环保，不过续航时间短。""<ROW_SEP>

客户ID: AK874
客户公司: 昊嘉信息有限公司区块链技术
客户所在地: 雷市, 中国
产品信息: 华为 智能电视 Max (类别: 智能电视)
生产商: 华为智能生活
产品价格: 4139.84
评分: 2.7星
评价日期: 2024年10月06日
评价内容: ""用了一段时间，这款华为 智能电视 Max完全不符合预期。噪音控制简直无法忍受。这钱花得太冤枉了。""<ROW_SEP>

客户ID: AW347
客户公司: 鸿睿思博传媒有限公司智能科技
客户所在地: 武汉市, 中国
产品信息: 西门子 智能电视 Pro (类别: 智能电视)
生产商: 西门子智能家居
产品价格: 9993.23
评分: 4.4星
评价日期: 2024年09月25日
评价内容: ""这款产品的一键控制特别好用，在户外活动时特别方便。""<ROW_SEP>

客户ID: MJ814
客户公司: 毕博诚科技有限公司互联网服务
客户所在地: 俊市, 中国
产品信息: 美的 智能电视 Basic (类别: 智能电视)
生产商: 美的智能科技
产品价格: 7621.5
评分: 2.1星
评价日期: 2024年09月22日
评价内容: ""不推荐这款智能电视，反应迟钝，很失望。""",1089,3,ZF801,4.3,2024-10-26,948,智能电视,华为 智能电视 Basic,易动力科技有限公司科技公司
"客户ID: RG743
客户公司: 快讯信息有限公司智能科技
客户所在地: 勇县, 中国
产品信息: 格力 智能电视 Pro (类别: 智能电视)
生产商: 格力智能电器
产品价格: 2676.49
评分: 2.8星
评价日期: 2024年09月22日
评价内容: ""不推荐这款智能电视，反应迟钝，很失望。""<ROW_SEP>

客户ID: GR729
客户公司: 中建创业网络有限公司移动应用开发
客户所在地: 辽阳县, 中国
产品信息: 华为 智能电视 Max (类别: 智能电视)
生产商: 华为智能生活
产品价格: 4139.84
评分: 2.7星
评价日期: 2024年09月03日
评价内容: ""不推荐这款智能电视，安装困难，很失望。""<ROW_SEP>

客户ID: QU287
客户公司: 戴硕电子科技有限公司移动应用开发
客户所在地: 瑜市, 中国
产品信息: 西门子 智能电视 Pro (类别: 智能电视)
生产商: 西门子智能家居
产品价格: 6676.17
评分: 4.5星
评价日期: 2024年08月22日
评价内容: ""智能电视的设计很人性化，反应灵敏，值得推荐。""<ROW_SEP>

客户ID: XA254
客户公司: 易动力信息有限公司物联网
客户所在地: 齐齐哈尔市, 中国
产品信息: 格力 智能电视 Pro (类别: 智能电视)
生产商: 格力智能电器
产品价格: 2676.49
评分: 4.7星
评价日期: 2024年08月06日
评价内容: ""这是我用过的最好的智能电视之一，做工精细，性价比很高。""<ROW_SEP>

客户ID: IK721
客户公司: 诺依曼软件传媒有限公司物联网
客户所在地: 华市, 中国
产品信息: 西门子 智能电视 Pro (类别: 智能电视)
生产商: 西门子智能家居
产品价格: 9993.23
评分: 4.2星
评价日期: 2024年08月02日
评价内容: ""使用了一个月，续航时间长，没有发现任何问题。""<ROW_SEP>

客户ID: VQ233
客户公司: 和泰信息有限公司信息技术
客户所在地: 成都市, 中国
产品信息: 华为 智能电视 Lite (类别: 智能电视)
生产商: 华为智能生活
产品价格: 2968.02
评分: 2.0星
评价日期: 2024年07月28日
评价内容: ""连接稳定性问题很严重，完全不值这个价格。""<ROW_SEP>

客户ID: AU710
客户公司: 巨奥传媒有限公司信息技术
客户所在地: 辛集市, 中国
产品信息: 格力 智能电视 Pro (类别: 智能电视)
生产商: 格力智能电器
产品价格: 2676.49
评分: 4.7星
评价日期: 2024年07月23日
评价内容: ""非常满意这次购买，节能环保，送货也很快。""",770,98,RG743,2.8,2024-09-22,879,智能电视,格力 智能电视 Pro,快讯信息有限公司智能科技
"客户ID: PS740
客户公司: 国讯科技有限公司金融科技
客户所在地: 金凤市, 中国
产品信息: 华为 智能电视 Max (类别: 智能电视)
生产商: 华为智能生活
产品价格: 4139.84
评分: 3.3星
评价日期: 2024年07月22日
评价内容: ""这款智能电视一般，音质出色，但是电池寿命有点问题。""<ROW_SEP>

客户ID: CC657
客户公司: 昊嘉信息有限公司信息技术
客户所在地: 军县, 中国
产品信息: 华为 智能电视 Basic (类别: 智能电视)
生产商: 华为智能生活
产品价格: 8554.76
评分: 2.3星
评价日期: 2024年07月13日
评价内容: ""使用一周后出现故障，功能单一，售后服务也不好。""<ROW_SEP>

客户ID: AY876
客户公司: 精芯传媒有限公司物联网
客户所在地: 武汉市, 中国
产品信息: 西门子 智能电视 Pro (类别: 智能电视)
生产商: 西门子智能家居
产品价格: 9993.23
评分: 2.0星
评价日期: 2024年07月09日
评价内容: ""作为第一次购买这类产品的新手，这款西门子 智能电视 Pro质量太差。噪音控制简直无法忍受。不推荐任何人购买。""<ROW_SEP>

客户ID: BP732
客户公司: 南康网络有限公司互联网服务
客户所在地: 敏市, 中国
产品信息: 华为 智能电视 Lite (类别: 智能电视)
生产商: 华为智能生活
产品价格: 2968.02
评分: 4.5星
评价日期: 2024年07月08日
评价内容: ""在工作时时使用效果很好，特别是静音设计功能。""<ROW_SEP>

客户ID: AY876
客户公司: 精芯传媒有限公司物联网
客户所在地: 武汉市, 中国
产品信息: 西门子 智能电视 Pro (类别: 智能电视)
生产商: 西门子智能家居
产品价格: 6676.17
评分: 2.9星
评价日期: 2024年07月01日
评价内容: ""电池寿命问题很严重，完全不值这个价格。""<ROW_SEP>

客户ID: JT617
客户公司: 时空盒数字信息有限公司智能科技
客户所在地: 郑州县, 中国
产品信息: 美的 智能电视 Basic (类别: 智能电视)
生产商: 美的智能科技
产品价格: 7621.5
评分: 3.3星
评价日期: 2024年06月30日
评价内容: ""这款智能电视一般，音质出色，但是电池寿命有点问题。""<ROW_SEP>

客户ID: VQ233
客户公司: 和泰信息有限公司信息技术
客户所在地: 成都市, 中国
产品信息: 西门子 智能电视 Pro (类别: 智能电视)
生产商: 西门子智能家居
产品价格: 6676.17
评分: 5.0星
评价日期: 2024年06月29日
评价内容: ""这是我用过的最好的智能电视之一，节能环保，性价比很高。""",263,43,PS740,3.3,2024-07-22,914,智能电视,华为 智能电视 Max,国讯科技有限公司金融科技
"客户ID: LU518
客户公司: 易动力传媒有限公司生物科技
客户所在地: 伟市, 中国
产品信息: 西门子 智能电视 Pro (类别: 智能电视)
生产商: 西门子智能家居
产品价格: 9993.23
评分: 2.7星
评价日期: 2024年06月25日
评价内容: ""使用一周后出现故障，售后服务差，售后服务也不好。""<ROW_SEP>

客户ID: GR625
客户公司: 明腾传媒有限公司互联网服务
客户所在地: 邯郸市, 中国
产品信息: 华为 智能电视 Basic (类别: 智能电视)
生产商: 华为智能生活
产品价格: 8554.76
评分: 2.5星
评价日期: 2024年06月22日
评价内容: ""对这款智能电视非常不满意，售后服务差，浪费钱。""<ROW_SEP>

客户ID: RY572
客户公司: 中建创业信息有限公司虚拟现实
客户所在地: 冬梅县, 中国
产品信息: 华为 智能电视 Max (类别: 智能电视)
生产商: 华为智能生活
产品价格: 4139.84
评分: 1.7星
评价日期: 2024年06月19日
评价内容: ""说实话，这款智能电视不值这个价格。在晚上睡前时完全不能正常工作。不推荐任何人购买。""<ROW_SEP>

客户ID: FA862
客户公司: 方正科技网络有限公司云计算
客户所在地: 潮州县, 中国
产品信息: 华为 智能电视 Max (类别: 智能电视)
生产商: 华为智能生活
产品价格: 4139.84
评分: 4.3星
评价日期: 2024年06月17日
评价内容: ""这款产品的智能场景特别好用，在家庭聚会时特别方便。""<ROW_SEP>

客户ID: QT258
客户公司: 商软冠联传媒有限公司大数据分析
客户所在地: 玉珍县, 中国
产品信息: 华为 智能电视 Basic (类别: 智能电视)
生产商: 华为智能生活
产品价格: 8554.76
评分: 2.6星
评价日期: 2024年06月16日
评价内容: ""对这款智能电视非常不满意，做工一般，浪费钱。""<ROW_SEP>

客户ID: US056
客户公司: 国讯网络有限公司移动应用开发
客户所在地: 文市, 中国
产品信息: 华为 智能电视 Lite (类别: 智能电视)
生产商: 华为智能生活
产品价格: 2968.02
评分: 1.7星
评价日期: 2024年06月12日
评价内容: ""噪音控制问题很严重，完全不值这个价格。""<ROW_SEP>

客户ID: GJ116
客户公司: 良诺信息有限公司生物科技
客户所在地: 红市, 中国
产品信息: 格力 智能电视 Pro (类别: 智能电视)
生产商: 格力智能电器
产品价格: 2676.49
评分: 1.8星
评价日期: 2024年06月05日
评价内容: ""对比了市面上几款同类产品后，这款格力 智能电视 Pro性价比极低。主要问题在于反应迟钝。""",334,4,LU518,2.7,2024-06-25,920,智能电视,西门子 智能电视 Pro,易动力传媒有限公司生物科技
"客户ID: BN418
客户公司: 易动力网络有限公司移动应用开发
客户所在地: 重庆市, 中国
产品信息: 亚马逊 智能电饭煲 Advanced (类别: 智能电饭煲)
生产商: 亚马逊智能科技
产品价格: 7608.63
评分: 1.1星
评价日期: 2026年06月01日
评价内容: ""老实讲，这款智能电饭煲功能实现得很糟糕。在做饭时时完全不能正常工作。这钱花得太冤枉了。""<ROW_SEP>

客户ID: BP732
客户公司: 南康网络有限公司互联网服务
客户所在地: 敏市, 中国
产品信息: 三星 智能电饭煲 Max (类别: 智能电饭煲)
生产商: 三星智能家电
产品价格: 3642.29
评分: 2.5星
评价日期: 2026年05月18日
评价内容: ""坦白讲，这款智能电饭煲功能实现得很糟糕。使用不到一周就出现了故障。这钱花得太冤枉了。""<ROW_SEP>

客户ID: FB488
客户公司: 方正科技科技有限公司互联网服务
客户所在地: 宁德市, 中国
产品信息: 松下 智能电饭煲 Pro (类别: 智能电饭煲)
生产商: 松下智能电器
产品价格: 1510.53
评分: 2.8星
评价日期: 2026年05月14日
评价内容: ""这款产品有严重问题，价格偏高，已经申请退款。""<ROW_SEP>

客户ID: YZ898
客户公司: 通际名联科技有限公司金融科技
客户所在地: 济南市, 中国
产品信息: 三星 智能电饭煲 Max (类别: 智能电饭煲)
生产商: 三星智能家电
产品价格: 3642.29
评分: 4.2星
评价日期: 2026年04月30日
评价内容: ""试用了几天，这款智能电饭煲真的很不错。可惜的是多用户管理是我最喜欢的部分。在同类产品中算是中等水平。如果非要说缺点的话，价格稍微贵了一点。性价比很高。""<ROW_SEP>

客户ID: ZF801
客户公司: 易动力科技有限公司科技公司
客户所在地: 沈阳县, 中国
产品信息: 亚马逊 智能电饭煲 Advanced (类别: 智能电饭煲)
生产商: 亚马逊智能科技
产品价格: 7608.63
评分: 3.9星
评价日期: 2026年04月26日
评价内容: ""在多次对比之后选择了这款，这款智能电饭煲质量还行。省电模式设计得比较合理。同时使用久了会发现一些小问题。总体来说还是很满意的。""<ROW_SEP>

客户ID: HD242
客户公司: 富罳科技有限公司生物科技
客户所在地: 想县, 中国
产品信息: 三星 智能电饭煲 Max (类别: 智能电饭煲)
生产商: 三星智能家电
产品价格: 3642.29
评分: 4.6星
评价日期: 2026年04月15日
评价内容: ""这是我用过的最好的智能电饭煲之一，质量很好，性价比很高。""",1190,1,BN418,1.1,2026-06-01,911,智能电饭煲,亚马逊 智能电饭煲 Advanced,易动力网络有限公司移动应用开发
"客户ID: US056
客户公司: 国讯网络有限公司移动应用开发
客户所在地: 文市, 中国
产品信息: 亚马逊 智能电饭煲 Advanced (类别: 智能电饭煲)
生产商: 亚马逊智能科技
产品价格: 7608.63
评分: 3.3星
评价日期: 2026年04月01日
评价内容: ""收到货后，这款亚马逊 智能电饭煲 Advanced基本符合预期。在冬天使用时，自动调节表现不错。但是在户外活动场景下表现一般。建议慎重考虑。""<ROW_SEP>

客户ID: XW046
客户公司: 鑫博腾飞信息有限公司智能科技
客户所在地: 兴安盟市, 中国
产品信息: 美的 智能电饭煲 Pro (类别: 智能电饭煲)
生产商: 美的智能科技
产品价格: 5002.04
评分: 2.5星
评价日期: 2026年03月20日
评价内容: ""使用一周后出现故障，续航时间短，售后服务也不好。""<ROW_SEP>

客户ID: EB652
客户公司: 凌云信息有限公司虚拟现实
客户所在地: 秀珍县, 中国
产品信息: 美的 智能电饭煲 Pro (类别: 智能电饭煲)
生产商: 美的智能科技
产品价格: 5002.04
评分: 3.9星
评价日期: 2026年03月10日
评价内容: ""这款产品优缺点都有，画质清晰，但价格偏高。""<ROW_SEP>

客户ID: KS630
客户公司: 良诺信息有限公司网络安全
客户所在地: 潮州市, 中国
产品信息: 美的 智能电饭煲 Pro (类别: 智能电饭煲)
生产商: 美的智能科技
产品价格: 5002.04
评分: 3.3星
评价日期: 2026年03月08日
评价内容: ""这款智能电饭煲一般，智能化程度高，但是散热问题有点问题。""<ROW_SEP>

客户ID: JT617
客户公司: 时空盒数字信息有限公司智能科技
客户所在地: 郑州县, 中国
产品信息: 三星 智能电饭煲 Max (类别: 智能电饭煲)
生产商: 三星智能家电
产品价格: 3642.29
评分: 2.9星
评价日期: 2026年02月19日
评价内容: ""在多次对比之后选择了这款，这款智能电饭煲有严重问题。连接稳定性简直无法忍受。以后不会再考虑这个品牌的产品。""<ROW_SEP>

客户ID: HD242
客户公司: 富罳科技有限公司生物科技
客户所在地: 想县, 中国
产品信息: 三星 智能电饭煲 Max (类别: 智能电饭煲)
生产商: 三星智能家电
产品价格: 3642.29
评分: 2.6星
评价日期: 2026年02月15日
评价内容: ""散热问题问题很严重，完全不值这个价格。""<ROW_SEP>

客户ID: UY980
客户公司: 兰金电子传媒有限公司生物科技
客户所在地: 桂香县, 中国
产品信息: 亚马逊 智能电饭煲 Advanced (类别: 智能电饭煲)
生产商: 亚马逊智能科技
产品价格: 7608.63
评分: 3.3星
评价日期: 2026年02月01日
评价内容: ""智能电饭煲的质量还可以，节能环保，不过反应迟钝。""",1283,1,US056,3.3,2026-04-01,973,智能电饭煲,亚马逊 智能电饭煲 Advanced,国讯网络有限公司移动应用开发
"客户ID: IP471
客户公司: 银嘉信息有限公司移动应用开发
客户所在地: 荆门市, 中国
产品信息: 美的 智能电饭煲 Pro (类别: 智能电饭煲)
生产商: 美的智能科技
产品价格: 5002.04
评分: 3.6星
评价日期: 2026年01月19日
评价内容: ""智能电饭煲的质量还可以，智能化程度高，不过功能单一。""<ROW_SEP>

客户ID: FN522
客户公司: 新宇龙信息科技有限公司电子商务
客户所在地: 磊县, 中国
产品信息: 松下 智能电饭煲 Pro (类别: 智能电饭煲)
生产商: 松下智能电器
产品价格: 1510.53
评分: 2.3星
评价日期: 2025年12月22日
评价内容: ""对这款智能电饭煲非常不满意，操作复杂，浪费钱。""<ROW_SEP>

客户ID: GJ116
客户公司: 良诺信息有限公司生物科技
客户所在地: 红市, 中国
产品信息: 亚马逊 智能电饭煲 Advanced (类别: 智能电饭煲)
生产商: 亚马逊智能科技
产品价格: 7608.63
评分: 4.4星
评价日期: 2025年12月07日
评价内容: ""在早晨起床时使用效果很好，特别是快速启动功能。""<ROW_SEP>

客户ID: AY876
客户公司: 精芯传媒有限公司物联网
客户所在地: 武汉市, 中国
产品信息: 三星 智能电饭煲 Max (类别: 智能电饭煲)
生产商: 三星智能家电
产品价格: 3642.29
评分: 1.1星
评价日期: 2025年11月29日
评价内容: ""这款产品有严重问题，反应迟钝，已经申请退款。""<ROW_SEP>

客户ID: QT258
客户公司: 商软冠联传媒有限公司大数据分析
客户所在地: 玉珍县, 中国
产品信息: 美的 智能电饭煲 Pro (类别: 智能电饭煲)
生产商: 美的智能科技
产品价格: 5002.04
评分: 2.1星
评价日期: 2025年11月27日
评价内容: ""体验下来，这款智能电饭煲功能实现得很糟糕。在做饭时时完全不能正常工作。希望厂家能重视这些问题。""<ROW_SEP>

客户ID: GC846
客户公司: 明腾科技有限公司区块链技术
客户所在地: 石家庄市, 中国
产品信息: 亚马逊 智能电饭煲 Advanced (类别: 智能电饭煲)
生产商: 亚马逊智能科技
产品价格: 7608.63
评分: 1.8星
评价日期: 2025年11月25日
评价内容: ""对这款智能电饭煲非常不满意，安装困难，浪费钱。""<ROW_SEP>

客户ID: BI759
客户公司: 时空盒数字信息有限公司虚拟现实
客户所在地: 荣市, 中国
产品信息: 美的 智能电饭煲 Pro (类别: 智能电饭煲)
生产商: 美的智能科技
产品价格: 5002.04
评分: 2.5星
评价日期: 2025年11月18日
评价内容: ""对这款智能电饭煲非常不满意，音质一般，浪费钱。""",311,5,IP471,3.6,2026-01-19,931,智能电饭煲,美的 智能电饭煲 Pro,银嘉信息有限公司移动应用开发
"客户ID: VX147
客户公司: 东方峻景传媒有限公司金融科技
客户所在地: 海门县, 中国
产品信息: 三星 智能电饭煲 Max (类别: 智能电饭煲)
生产商: 三星智能家电
产品价格: 3642.29
评分: 1.4星
评价日期: 2025年11月04日
评价内容: ""散热问题问题很严重，完全不值这个价格。""<ROW_SEP>

客户ID: RY572
客户公司: 中建创业信息有限公司虚拟现实
客户所在地: 冬梅县, 中国
产品信息: 松下 智能电饭煲 Pro (类别: 智能电饭煲)
生产商: 松下智能电器
产品价格: 1510.53
评分: 2.9星
评价日期: 2025年10月28日
评价内容: ""试用了几天，这款智能电饭煲有严重问题。主要问题在于音质一般。希望厂家能重视这些问题。""<ROW_SEP>

客户ID: OA831
客户公司: 华泰通安科技有限公司网络安全
客户所在地: 玉梅市, 中国
产品信息: 小米 智能电饭煲 Ultra (类别: 智能电饭煲)
生产商: 小米智能家居
产品价格: 8557.36
评分: 1.2星
评价日期: 2025年10月21日
评价内容: ""不推荐这款智能电饭煲，价格偏高，很失望。""<ROW_SEP>

客户ID: AD089
客户公司: 创亿网络有限公司移动应用开发
客户所在地: 楠市, 中国
产品信息: 美的 智能电饭煲 Pro (类别: 智能电饭煲)
生产商: 美的智能科技
产品价格: 5002.04
评分: 4.6星
评价日期: 2025年10月16日
评价内容: ""这款产品的智能场景特别好用，在户外活动时特别方便。""<ROW_SEP>

客户ID: MZ379
客户公司: 联软传媒有限公司区块链技术
客户所在地: 慧县, 中国
产品信息: 松下 智能电饭煲 Pro (类别: 智能电饭煲)
生产商: 松下智能电器
产品价格: 1510.53
评分: 1.8星
评价日期: 2025年10月04日
评价内容: ""这款产品有严重问题，反应迟钝，已经申请退款。""<ROW_SEP>

客户ID: FA862
客户公司: 方正科技网络有限公司云计算
客户所在地: 潮州县, 中国
产品信息: 亚马逊 智能电饭煲 Advanced (类别: 智能电饭煲)
生产商: 亚马逊智能科技
产品价格: 7608.63
评分: 1.0星
评价日期: 2025年09月27日
评价内容: ""对这款智能电饭煲非常不满意，安装困难，浪费钱。""<ROW_SEP>

客户ID: RY548
客户公司: 易动力信息有限公司网络安全
客户所在地: 斌县, 中国
产品信息: 松下 智能电饭煲 Pro (类别: 智能电饭煲)
生产商: 松下智能电器
产品价格: 1510.53
评分: 1.8星
评价日期: 2025年09月23日
评价内容: ""收到货后，这款松下 智能电饭煲 Pro完全不符合预期。主要问题在于兼容性差。唯一值得称赞的可能就是外观设计还不错。这钱花得太冤枉了。""",1269,13,VX147,1.4,2025-11-04,954,智能电饭煲,三星 智能电饭煲 Max,东方峻景传媒有限公司金融科技
"客户ID: EM821
客户公司: 泰麒麟信息有限公司人工智能
客户所在地: 香港县, 中国
产品信息: 小米 智能电饭煲 Ultra (类别: 智能电饭煲)
生产商: 小米智能家居
产品价格: 8557.36
评分: 1.1星
评价日期: 2025年09月15日
评价内容: ""用了一段时间，这款智能电饭煲功能实现得很糟糕。主要问题在于售后服务差。希望厂家能重视这些问题。""<ROW_SEP>

客户ID: XA254
客户公司: 易动力信息有限公司物联网
客户所在地: 齐齐哈尔市, 中国
产品信息: 亚马逊 智能电饭煲 Advanced (类别: 智能电饭煲)
生产商: 亚马逊智能科技
产品价格: 7608.63
评分: 2.8星
评价日期: 2025年09月03日
评价内容: ""散热问题问题很严重，完全不值这个价格。""<ROW_SEP>

客户ID: JT617
客户公司: 时空盒数字信息有限公司智能科技
客户所在地: 郑州县, 中国
产品信息: 小米 智能电饭煲 Ultra (类别: 智能电饭煲)
生产商: 小米智能家居
产品价格: 8557.36
评分: 1.0星
评价日期: 2025年08月31日
评价内容: ""我觉得，这款智能电饭煲性价比极低。使用不到一周就出现了失灵。""<ROW_SEP>

客户ID: JT617
客户公司: 时空盒数字信息有限公司智能科技
客户所在地: 郑州县, 中国
产品信息: 美的 智能电饭煲 Pro (类别: 智能电饭煲)
生产商: 美的智能科技
产品价格: 5002.04
评分: 2.3星
评价日期: 2025年07月07日
评价内容: ""不推荐这款智能电饭煲，画质模糊，很失望。""<ROW_SEP>

客户ID: PS740
客户公司: 国讯科技有限公司金融科技
客户所在地: 金凤市, 中国
产品信息: 美的 智能电饭煲 Pro (类别: 智能电饭煲)
生产商: 美的智能科技
产品价格: 5002.04
评分: 1.4星
评价日期: 2025年06月22日
评价内容: ""对这款智能电饭煲非常不满意，安装困难，浪费钱。""<ROW_SEP>

客户ID: ZV584
客户公司: 维旺明科技有限公司大数据分析
客户所在地: 杭州市, 中国
产品信息: 松下 智能电饭煲 Pro (类别: 智能电饭煲)
生产商: 松下智能电器
产品价格: 1510.53
评分: 4.5星
评价日期: 2025年06月16日
评价内容: ""非常满意这次购买，音质出色，送货也很快。""<ROW_SEP>

客户ID: WQ849
客户公司: 开发区世创科技有限公司科技公司
客户所在地: 嘉禾市, 中国
产品信息: 美的 智能电饭煲 Pro (类别: 智能电饭煲)
生产商: 美的智能科技
产品价格: 5002.04
评分: 1.2星
评价日期: 2025年05月26日
评价内容: ""这款产品有严重问题，音质一般，已经申请退款。""",227,16,EM821,1.1,2025-09-15,928,智能电饭煲,小米 智能电饭煲 Ultra,泰麒麟信息有限公司人工智能
"客户ID: XW046
客户公司: 鑫博腾飞信息有限公司智能科技
客户所在地: 兴安盟市, 中国
产品信息: 美的 智能电饭煲 Pro (类别: 智能电饭煲)
生产商: 美的智能科技
产品价格: 5002.04
评分: 3.6星
评价日期: 2025年05月20日
评价内容: ""智能电饭煲的质量还可以，做工精细，不过音质一般。""<ROW_SEP>

客户ID: GC890
客户公司: 创联世纪信息有限公司移动应用开发
客户所在地: 福州县, 中国
产品信息: 小米 智能电饭煲 Ultra (类别: 智能电饭煲)
生产商: 小米智能家居
产品价格: 8557.36
评分: 3.4星
评价日期: 2025年05月11日
评价内容: ""从我的使用体验来看，这款智能电饭煲质量还行。在晚上睡前时使用体验还不错。更让我满意的是缺点是音质一般。期待下一代产品能有所改进。""<ROW_SEP>

客户ID: MA264
客户公司: 时刻网络有限公司信息技术
客户所在地: 梅县, 中国
产品信息: 亚马逊 智能电饭煲 Advanced (类别: 智能电饭煲)
生产商: 亚马逊智能科技
产品价格: 7608.63
评分: 3.5星
评价日期: 2025年04月24日
评价内容: ""在看电影时使用还不错，但在其他情况下表现一般。""<ROW_SEP>

客户ID: LU518
客户公司: 易动力传媒有限公司生物科技
客户所在地: 伟市, 中国
产品信息: 美的 智能电饭煲 Pro (类别: 智能电饭煲)
生产商: 美的智能科技
产品价格: 5002.04
评分: 4.7星
评价日期: 2025年04月19日
评价内容: ""这是我用过的最好的智能电饭煲之一，外观漂亮，性价比很高。""<ROW_SEP>

客户ID: ZF801
客户公司: 易动力科技有限公司科技公司
客户所在地: 沈阳县, 中国
产品信息: 美的 智能电饭煲 Pro (类别: 智能电饭煲)
生产商: 美的智能科技
产品价格: 5002.04
评分: 3.1星
评价日期: 2025年04月10日
评价内容: ""智能电饭煲的质量还可以，安装方便，不过智能化程度低。""<ROW_SEP>

客户ID: EK253
客户公司: 兰金电子科技有限公司区块链技术
客户所在地: 南昌市, 中国
产品信息: 三星 智能电饭煲 Max (类别: 智能电饭煲)
生产商: 三星智能家电
产品价格: 3642.29
评分: 2.5星
评价日期: 2025年03月21日
评价内容: ""这款产品有严重问题，价格偏高，已经申请退款。""<ROW_SEP>

客户ID: QT258
客户公司: 商软冠联传媒有限公司大数据分析
客户所在地: 玉珍县, 中国
产品信息: 亚马逊 智能电饭煲 Advanced (类别: 智能电饭煲)
生产商: 亚马逊智能科技
产品价格: 7608.63
评分: 1.4星
评价日期: 2025年03月08日
评价内容: ""对这款智能电饭煲非常不满意，画质模糊，浪费钱。""",333,5,XW046,3.6,2025-05-20,958,智能电饭煲,美的 智能电饭煲 Pro,鑫博腾飞信息有限公司智能科技
"客户ID: VC531
客户公司: 九方传媒有限公司生物科技
客户所在地: 六盘水市, 中国
产品信息: 小米 智能电饭煲 Ultra (类别: 智能电饭煲)
生产商: 小米智能家居
产品价格: 8557.36
评分: 3.7星
评价日期: 2025年03月01日
评价内容: ""从我的使用体验来看，这款智能电饭煲基本符合预期。在家里使用时，智能学习表现不错。遗憾的是电池寿命有点问题。值得购买。""<ROW_SEP>

客户ID: PV664
客户公司: 毕博诚信息有限公司信息技术
客户所在地: 柳州县, 中国
产品信息: 美的 智能电饭煲 Pro (类别: 智能电饭煲)
生产商: 美的智能科技
产品价格: 5002.04
评分: 3.5星
评价日期: 2025年02月12日
评价内容: ""这款产品优缺点都有，安装方便，但耗电量大。""<ROW_SEP>

客户ID: ZH741
客户公司: 巨奥科技有限公司信息技术
客户所在地: 峰县, 中国
产品信息: 亚马逊 智能电饭煲 Advanced (类别: 智能电饭煲)
生产商: 亚马逊智能科技
产品价格: 7608.63
评分: 4.4星
评价日期: 2025年02月05日
评价内容: ""不得不说，这款亚马逊 智能电饭煲 Advanced设计很人性化。此外特别适合日常使用。和官方展示的有差距。如果非要说缺点的话，散热问题还有提升空间。值得购买。""<ROW_SEP>

客户ID: TE207
客户公司: 新宇龙信息传媒有限公司人工智能
客户所在地: 张家港市, 中国
产品信息: 小米 智能电饭煲 Ultra (类别: 智能电饭煲)
生产商: 小米智能家居
产品价格: 8557.36
评分: 4.3星
评价日期: 2025年01月31日
评价内容: ""这是我用过的最好的智能电饭煲之一，功能齐全，性价比很高。""<ROW_SEP>

客户ID: LU518
客户公司: 易动力传媒有限公司生物科技
客户所在地: 伟市, 中国
产品信息: 美的 智能电饭煲 Pro (类别: 智能电饭煲)
生产商: 美的智能科技
产品价格: 5002.04
评分: 4.7星
评价日期: 2025年01月09日
评价内容: ""这款智能电饭煲的节能模式功能很实用，质量很好。""<ROW_SEP>

客户ID: ZV584
客户公司: 维旺明科技有限公司大数据分析
客户所在地: 杭州市, 中国
产品信息: 美的 智能电饭煲 Pro (类别: 智能电饭煲)
生产商: 美的智能科技
产品价格: 5002.04
评分: 1.2星
评价日期: 2024年12月16日
评价内容: ""这款产品有严重问题，操作复杂，已经申请退款。""<ROW_SEP>

客户ID: WY218
客户公司: 飞海科技传媒有限公司信息技术
客户所在地: 济南市, 中国
产品信息: 美的 智能电饭煲 Pro (类别: 智能电饭煲)
生产商: 美的智能科技
产品价格: 5002.04
评分: 4.3星
评价日期: 2024年11月25日
评价内容: ""在早晨起床时使用效果很好，特别是省电模式功能。""",1265,16,VC531,3.7,2025-03-01,987,智能电饭煲,小米 智能电饭煲 Ultra,九方传媒有限公司生物科技
"客户ID: FJ947
客户公司: 浙大万朋信息有限公司生物科技
客户所在地: 鑫市, 中国
产品信息: 三星 智能电饭煲 Max (类别: 智能电饭煲)
生产商: 三星智能家电
产品价格: 3642.29
评分: 1.3星
评价日期: 2024年11月15日
评价内容: ""经过一段时间使用，这款三星 智能电饭煲 Max使用体验很差。电池寿命简直无法忍受。这钱花得太冤枉了。""<ROW_SEP>

客户ID: VX147
客户公司: 东方峻景传媒有限公司金融科技
客户所在地: 海门县, 中国
产品信息: 美的 智能电饭煲 Pro (类别: 智能电饭煲)
生产商: 美的智能科技
产品价格: 5002.04
评分: 1.6星
评价日期: 2024年11月10日
评价内容: ""坦白讲，这款智能电饭煲性价比极低。使用不到一周就出现了损坏。唯一值得称赞的可能就是价格便宜。这钱花得太冤枉了。""<ROW_SEP>

客户ID: VX147
客户公司: 东方峻景传媒有限公司金融科技
客户所在地: 海门县, 中国
产品信息: 美的 智能电饭煲 Pro (类别: 智能电饭煲)
生产商: 美的智能科技
产品价格: 5002.04
评分: 4.3星
评价日期: 2024年11月03日
评价内容: ""这是我用过的最好的智能电饭煲之一，做工精细，性价比很高。""<ROW_SEP>

客户ID: GL926
客户公司: 时空盒数字传媒有限公司大数据分析
客户所在地: 巢湖市, 中国
产品信息: 美的 智能电饭煲 Pro (类别: 智能电饭煲)
生产商: 美的智能科技
产品价格: 5002.04
评分: 3.7星
评价日期: 2024年10月15日
评价内容: ""智能电饭煲的质量还可以，做工精细，不过安装困难。""<ROW_SEP>

客户ID: RY548
客户公司: 易动力信息有限公司网络安全
客户所在地: 斌县, 中国
产品信息: 松下 智能电饭煲 Pro (类别: 智能电饭煲)
生产商: 松下智能电器
产品价格: 1510.53
评分: 1.3星
评价日期: 2024年10月14日
评价内容: ""在多次对比之后选择了这款，这款智能电饭煲有严重问题。噪音控制简直无法忍受。希望厂家能重视这些问题。""<ROW_SEP>

客户ID: UY980
客户公司: 兰金电子传媒有限公司生物科技
客户所在地: 桂香县, 中国
产品信息: 亚马逊 智能电饭煲 Advanced (类别: 智能电饭煲)
生产商: 亚马逊智能科技
产品价格: 7608.63
评分: 4.1星
评价日期: 2024年10月06日
评价内容: ""收到货后，这款智能电饭煲很好用。同时特别适合夜间使用。如果非要说缺点的话，可能就是兼容性差。有点贵了，但质量确实好。""",593,13,FJ947,1.3,2024-11-15,899,智能电饭煲,三星 智能电饭煲 Max,浙大万朋信息有限公司生物科技
"客户ID: PE529
客户公司: 易动力网络有限公司信息技术
客户所在地: 英县, 中国
产品信息: 亚马逊 智能电饭煲 Advanced (类别: 智能电饭煲)
生产商: 亚马逊智能科技
产品价格: 7608.63
评分: 3.4星
评价日期: 2024年09月21日
评价内容: ""购买后，这款智能电饭煲功能基本满足需求。省电模式设计得比较合理。尤其是噪音控制有点问题。希望厂家能改进这些问题。""<ROW_SEP>

客户ID: ZO854
客户公司: MBP软件科技有限公司信息技术
客户所在地: 丽华县, 中国
产品信息: 松下 智能电饭煲 Pro (类别: 智能电饭煲)
生产商: 松下智能电器
产品价格: 1510.53
评分: 1.5星
评价日期: 2024年08月14日
评价内容: ""对这款智能电饭煲非常不满意，价格偏高，浪费钱。""<ROW_SEP>

客户ID: WQ849
客户公司: 开发区世创科技有限公司科技公司
客户所在地: 嘉禾市, 中国
产品信息: 三星 智能电饭煲 Max (类别: 智能电饭煲)
生产商: 三星智能家电
产品价格: 3642.29
评分: 1.3星
评价日期: 2024年07月09日
评价内容: ""这款产品有严重问题，画质模糊，已经申请退款。""<ROW_SEP>

客户ID: XN875
客户公司: 天开传媒有限公司网络安全
客户所在地: 芳市, 中国
产品信息: 美的 智能电饭煲 Pro (类别: 智能电饭煲)
生产商: 美的智能科技
产品价格: 5002.04
评分: 1.9星
评价日期: 2024年07月07日
评价内容: ""对这款智能电饭煲非常不满意，功能单一，浪费钱。""",1138,1,PE529,3.4,2024-09-21,545,智能电饭煲,亚马逊 智能电饭煲 Advanced,易动力网络有限公司信息技术
"客户ID: DH200
客户公司: 盟新传媒有限公司大数据分析
客户所在地: 辽阳县, 中国
产品信息: 苹果 智能空气净化器 Basic (类别: 智能空气净化器)
生产商: 苹果智能家庭
产品价格: 9846.71
评分: 2.7星
评价日期: 2026年05月24日
评价内容: ""散热问题问题很严重，完全不值这个价格。""<ROW_SEP>

客户ID: BI759
客户公司: 时空盒数字信息有限公司虚拟现实
客户所在地: 荣市, 中国
产品信息: 博世 智能空气净化器 Lite (类别: 智能空气净化器)
生产商: 博世智能系统
产品价格: 6067.97
评分: 3.3星
评价日期: 2026年05月23日
评价内容: ""在多次对比之后选择了这款，这款智能空气净化器优缺点都有。刚收到时，智能学习表现不错。最重要的是使用久了会发现一些小问题。性价比很高。""<ROW_SEP>

客户ID: ZO854
客户公司: MBP软件科技有限公司信息技术
客户所在地: 丽华县, 中国
产品信息: 索尼 智能空气净化器 Ultra (类别: 智能空气净化器)
生产商: 索尼智能科技
产品价格: 9311.59
评分: 1.5星
评价日期: 2026年05月19日
评价内容: ""这款产品有严重问题，使用说明不清，已经申请退款。""<ROW_SEP>

客户ID: EU335
客户公司: 济南亿次元网络有限公司科技公司
客户所在地: 巢湖市, 中国
产品信息: 格力 智能空气净化器 Standard (类别: 智能空气净化器)
生产商: 格力智能电器
产品价格: 9181.39
评分: 3.5星
评价日期: 2026年04月09日
评价内容: ""总体来说还行，安装方便，就是画质模糊。""<ROW_SEP>

客户ID: UY980
客户公司: 兰金电子传媒有限公司生物科技
客户所在地: 桂香县, 中国
产品信息: 索尼 智能空气净化器 Ultra (类别: 智能空气净化器)
生产商: 索尼智能科技
产品价格: 9311.59
评分: 4.0星
评价日期: 2026年04月04日
评价内容: ""智能空气净化器的设计很人性化，做工精细，值得推荐。""<ROW_SEP>

客户ID: VC531
客户公司: 九方传媒有限公司生物科技
客户所在地: 六盘水市, 中国
产品信息: 博世 智能空气净化器 Lite (类别: 智能空气净化器)
生产商: 博世智能系统
产品价格: 6067.97
评分: 2.5星
评价日期: 2026年04月01日
评价内容: ""对这款智能空气净化器非常不满意，反应迟钝，浪费钱。""<ROW_SEP>

客户ID: YR398
客户公司: 浦华众城信息有限公司虚拟现实
客户所在地: 大冶市, 中国
产品信息: 苹果 智能空气净化器 Basic (类别: 智能空气净化器)
生产商: 苹果智能家庭
产品价格: 9846.71
评分: 4.5星
评价日期: 2026年03月19日
评价内容: ""这款产品的智能场景特别好用，在夜间使用时特别方便。""",36,50,DH200,2.7,2026-05-24,974,智能空气净化器,苹果 智能空气净化器 Basic,盟新传媒有限公司大数据分析
"客户ID: WB890
客户公司: 鑫博腾飞网络有限公司金融科技
客户所在地: 马鞍山市, 中国
产品信息: 索尼 智能空气净化器 Ultra (类别: 智能空气净化器)
生产商: 索尼智能科技
产品价格: 9311.59
评分: 1.3星
评价日期: 2026年02月24日
评价内容: ""散热问题问题很严重，完全不值这个价格。""<ROW_SEP>

客户ID: VC531
客户公司: 九方传媒有限公司生物科技
客户所在地: 六盘水市, 中国
产品信息: 海尔智慧家庭 智能空气净化器 Basic (类别: 智能空气净化器)
生产商: 海尔智慧家庭
产品价格: 5495.06
评分: 3.3星
评价日期: 2026年02月08日
评价内容: ""说实话，这款海尔智慧家庭 智能空气净化器 Basic中规中矩。在看电影时时使用体验还不错。但是缺点是耗电量大。值得购买。""<ROW_SEP>

客户ID: DV182
客户公司: 艾提科信传媒有限公司网络安全
客户所在地: 桂荣市, 中国
产品信息: 苹果 智能空气净化器 Basic (类别: 智能空气净化器)
生产商: 苹果智能家庭
产品价格: 9846.71
评分: 3.2星
评价日期: 2026年01月21日
评价内容: ""智能空气净化器的质量还可以，续航时间长，不过耗电量大。""<ROW_SEP>

客户ID: GJ116
客户公司: 良诺信息有限公司生物科技
客户所在地: 红市, 中国
产品信息: 苹果 智能空气净化器 Basic (类别: 智能空气净化器)
生产商: 苹果智能家庭
产品价格: 9846.71
评分: 3.3星
评价日期: 2026年01月16日
评价内容: ""体验下来，这款智能空气净化器功能基本满足需求。在工作日使用时，远程控制表现不错。不过缺点是操作复杂。价格虽高，但物有所值。""<ROW_SEP>

客户ID: BP732
客户公司: 南康网络有限公司互联网服务
客户所在地: 敏市, 中国
产品信息: 格力 智能空气净化器 Standard (类别: 智能空气净化器)
生产商: 格力智能电器
产品价格: 9181.39
评分: 4.3星
评价日期: 2026年01月15日
评价内容: ""收到货后，这款格力 智能空气净化器 Standard超出我的预期。此外远程控制功能特别实用。如果非要说缺点的话，电池寿命还有提升空间。期待下一代产品能有所改进。""<ROW_SEP>

客户ID: QL573
客户公司: 维涛科技有限公司网络安全
客户所在地: 永安市, 中国
产品信息: 海尔智慧家庭 智能空气净化器 Basic (类别: 智能空气净化器)
生产商: 海尔智慧家庭
产品价格: 5495.06
评分: 4.3星
评价日期: 2026年01月14日
评价内容: ""试用了几天，这款海尔智慧家庭 智能空气净化器 Basic品质很好。建议慎重考虑。""",1162,41,WB890,1.3,2026-02-24,929,智能空气净化器,索尼 智能空气净化器 Ultra,鑫博腾飞网络有限公司金融科技
"客户ID: AK874
客户公司: 昊嘉信息有限公司区块链技术
客户所在地: 雷市, 中国
产品信息: 索尼 智能空气净化器 Ultra (类别: 智能空气净化器)
生产商: 索尼智能科技
产品价格: 9311.59
评分: 4.9星
评价日期: 2026年01月10日
评价内容: ""非常满意这次购买，智能化程度高，送货也很快。""<ROW_SEP>

客户ID: PL616
客户公司: 巨奥网络有限公司金融科技
客户所在地: 明市, 中国
产品信息: 苹果 智能空气净化器 Basic (类别: 智能空气净化器)
生产商: 苹果智能家庭
产品价格: 9846.71
评分: 1.5星
评价日期: 2025年12月19日
评价内容: ""用了一段时间，这款苹果 智能空气净化器 Basic完全不符合预期。在做饭时时完全不能正常工作。希望厂家能重视这些问题。""<ROW_SEP>

客户ID: DW607
客户公司: 银嘉网络有限公司云计算
客户所在地: 杨县, 中国
产品信息: 苹果 智能空气净化器 Basic (类别: 智能空气净化器)
生产商: 苹果智能家庭
产品价格: 9846.71
评分: 2.0星
评价日期: 2025年12月17日
评价内容: ""不推荐这款智能空气净化器，续航时间短，很失望。""<ROW_SEP>

客户ID: ZO854
客户公司: MBP软件科技有限公司信息技术
客户所在地: 丽华县, 中国
产品信息: 苹果 智能空气净化器 Basic (类别: 智能空气净化器)
生产商: 苹果智能家庭
产品价格: 9846.71
评分: 1.4星
评价日期: 2025年11月14日
评价内容: ""对这款智能空气净化器非常不满意，兼容性差，浪费钱。""<ROW_SEP>

客户ID: GC890
客户公司: 创联世纪信息有限公司移动应用开发
客户所在地: 福州县, 中国
产品信息: 格力 智能空气净化器 Standard (类别: 智能空气净化器)
生产商: 格力智能电器
产品价格: 9181.39
评分: 4.8星
评价日期: 2025年11月07日
评价内容: ""使用了一个月，稳定性好，没有发现任何问题。""<ROW_SEP>

客户ID: DH200
客户公司: 盟新传媒有限公司大数据分析
客户所在地: 辽阳县, 中国
产品信息: 苹果 智能空气净化器 Basic (类别: 智能空气净化器)
生产商: 苹果智能家庭
产品价格: 9846.71
评分: 2.3星
评价日期: 2025年10月21日
评价内容: ""对这款智能空气净化器非常不满意，做工一般，浪费钱。""<ROW_SEP>

客户ID: MR129
客户公司: 太极信息有限公司互联网服务
客户所在地: 海门市, 中国
产品信息: 博世 智能空气净化器 Lite (类别: 智能空气净化器)
生产商: 博世智能系统
产品价格: 6067.97
评分: 2.9星
评价日期: 2025年10月06日
评价内容: ""散热问题问题很严重，完全不值这个价格。""",60,41,AK874,4.9,2026-01-10,951,智能空气净化器,索尼 智能空气净化器 Ultra,昊嘉信息有限公司区块链技术
"客户ID: MJ814
客户公司: 毕博诚科技有限公司互联网服务
客户所在地: 俊市, 中国
产品信息: 索尼 智能空气净化器 Ultra (类别: 智能空气净化器)
生产商: 索尼智能科技
产品价格: 9311.59
评分: 2.5星
评价日期: 2025年10月01日
评价内容: ""体验下来，这款索尼 智能空气净化器 Ultra不值这个价格。主要问题在于兼容性差。以后不会再考虑这个品牌的产品。""<ROW_SEP>

客户ID: PL616
客户公司: 巨奥网络有限公司金融科技
客户所在地: 明市, 中国
产品信息: 博世 智能空气净化器 Lite (类别: 智能空气净化器)
生产商: 博世智能系统
产品价格: 6067.97
评分: 4.9星
评价日期: 2025年09月27日
评价内容: ""智能空气净化器的设计很人性化，质量很好，值得推荐。""<ROW_SEP>

客户ID: GL926
客户公司: 时空盒数字传媒有限公司大数据分析
客户所在地: 巢湖市, 中国
产品信息: 索尼 智能空气净化器 Ultra (类别: 智能空气净化器)
生产商: 索尼智能科技
产品价格: 9311.59
评分: 4.5星
评价日期: 2025年09月27日
评价内容: ""使用了一个月，兼容性强，没有发现任何问题。""<ROW_SEP>

客户ID: MR129
客户公司: 太极信息有限公司互联网服务
客户所在地: 海门市, 中国
产品信息: 格力 智能空气净化器 Standard (类别: 智能空气净化器)
生产商: 格力智能电器
产品价格: 9181.39
评分: 3.1星
评价日期: 2025年09月26日
评价内容: ""购买后，这款智能空气净化器中规中矩。在早晨起床时使用体验还不错。但是使用久了会发现一些小问题。价格虽高，但物有所值。""<ROW_SEP>

客户ID: BN418
客户公司: 易动力网络有限公司移动应用开发
客户所在地: 重庆市, 中国
产品信息: 苹果 智能空气净化器 Basic (类别: 智能空气净化器)
生产商: 苹果智能家庭
产品价格: 9846.71
评分: 4.1星
评价日期: 2025年09月24日
评价内容: ""这款智能空气净化器质量很好，兼容性强。总体来说很满意。""<ROW_SEP>

客户ID: QI779
客户公司: 合联电子科技有限公司网络安全
客户所在地: 沈阳县, 中国
产品信息: 索尼 智能空气净化器 Ultra (类别: 智能空气净化器)
生产商: 索尼智能科技
产品价格: 9311.59
评分: 3.3星
评价日期: 2025年09月21日
评价内容: ""这款产品优缺点都有，反应灵敏，但耗电量大。""<ROW_SEP>

客户ID: VC531
客户公司: 九方传媒有限公司生物科技
客户所在地: 六盘水市, 中国
产品信息: 格力 智能空气净化器 Standard (类别: 智能空气净化器)
生产商: 格力智能电器
产品价格: 9181.39
评分: 4.7星
评价日期: 2025年09月19日
评价内容: ""非常满意这次购买，画质清晰，送货也很快。""",920,41,MJ814,2.5,2025-10-01,992,智能空气净化器,索尼 智能空气净化器 Ultra,毕博诚科技有限公司互联网服务
"客户ID: CS287
客户公司: 和泰网络有限公司电子商务
客户所在地: 玲市, 中国
产品信息: 苹果 智能空气净化器 Basic (类别: 智能空气净化器)
生产商: 苹果智能家庭
产品价格: 9846.71
评分: 3.5星
评价日期: 2025年09月16日
评价内容: ""作为一个经常使用此类产品的人，这款苹果 智能空气净化器 Basic总体来说还可以。优点是质量很好。尤其是使用久了会发现一些小问题。期待下一代产品能有所改进。""<ROW_SEP>

客户ID: EU335
客户公司: 济南亿次元网络有限公司科技公司
客户所在地: 巢湖市, 中国
产品信息: 博世 智能空气净化器 Lite (类别: 智能空气净化器)
生产商: 博世智能系统
产品价格: 6067.97
评分: 2.8星
评价日期: 2025年09月02日
评价内容: ""个人认为，这款智能空气净化器使用体验很差。在晚上睡前时完全不能正常工作。唯一值得称赞的可能就是送货速度快。不推荐任何人购买。""<ROW_SEP>

客户ID: BN418
客户公司: 易动力网络有限公司移动应用开发
客户所在地: 重庆市, 中国
产品信息: 苹果 智能空气净化器 Basic (类别: 智能空气净化器)
生产商: 苹果智能家庭
产品价格: 9846.71
评分: 2.0星
评价日期: 2025年08月28日
评价内容: ""坦白讲，这款智能空气净化器质量太差。使用不到一周就出现了问题。以后不会再考虑这个品牌的产品。""<ROW_SEP>

客户ID: OA831
客户公司: 华泰通安科技有限公司网络安全
客户所在地: 玉梅市, 中国
产品信息: 苹果 智能空气净化器 Basic (类别: 智能空气净化器)
生产商: 苹果智能家庭
产品价格: 9846.71
评分: 2.1星
评价日期: 2025年08月25日
评价内容: ""噪音控制问题很严重，完全不值这个价格。""<ROW_SEP>

客户ID: BI759
客户公司: 时空盒数字信息有限公司虚拟现实
客户所在地: 荣市, 中国
产品信息: 海尔智慧家庭 智能空气净化器 Basic (类别: 智能空气净化器)
生产商: 海尔智慧家庭
产品价格: 5495.06
评分: 1.9星
评价日期: 2025年08月25日
评价内容: ""使用一周后出现故障，做工一般，售后服务也不好。""<ROW_SEP>

客户ID: EB652
客户公司: 凌云信息有限公司虚拟现实
客户所在地: 秀珍县, 中国
产品信息: 博世 智能空气净化器 Lite (类别: 智能空气净化器)
生产商: 博世智能系统
产品价格: 6067.97
评分: 1.8星
评价日期: 2025年08月08日
评价内容: ""这款产品有严重问题，安装困难，已经申请退款。""",801,50,CS287,3.5,2025-09-16,907,智能空气净化器,苹果 智能空气净化器 Basic,和泰网络有限公司电子商务
"客户ID: VC531
客户公司: 九方传媒有限公司生物科技
客户所在地: 六盘水市, 中国
产品信息: 格力 智能空气净化器 Standard (类别: 智能空气净化器)
生产商: 格力智能电器
产品价格: 9181.39
评分: 1.9星
评价日期: 2025年07月23日
评价内容: ""这款产品有严重问题，售后服务差，已经申请退款。""<ROW_SEP>

客户ID: XA075
客户公司: 网新恒天科技有限公司数字科技
客户所在地: 秀梅县, 中国
产品信息: 海尔智慧家庭 智能空气净化器 Basic (类别: 智能空气净化器)
生产商: 海尔智慧家庭
产品价格: 5495.06
评分: 3.4星
评价日期: 2025年06月29日
评价内容: ""在晚上睡前使用还不错，但在其他情况下表现一般。""<ROW_SEP>

客户ID: TW751
客户公司: 图龙信息网络有限公司云计算
客户所在地: 宁德市, 中国
产品信息: 格力 智能空气净化器 Standard (类别: 智能空气净化器)
生产商: 格力智能电器
产品价格: 9181.39
评分: 3.5星
评价日期: 2025年06月01日
评价内容: ""坦白讲，这款智能空气净化器没有特别惊喜。在夏天使用时，智能学习表现不错。但是缺点是音质一般。不太推荐购买。""<ROW_SEP>

客户ID: BI759
客户公司: 时空盒数字信息有限公司虚拟现实
客户所在地: 荣市, 中国
产品信息: 苹果 智能空气净化器 Basic (类别: 智能空气净化器)
生产商: 苹果智能家庭
产品价格: 9846.71
评分: 3.8星
评价日期: 2025年05月30日
评价内容: ""说实话，这款苹果 智能空气净化器 Basic基本符合预期。优点是画质清晰。最重要的是连接稳定性有点问题。希望厂家能改进这些问题。""<ROW_SEP>

客户ID: FB488
客户公司: 方正科技科技有限公司互联网服务
客户所在地: 宁德市, 中国
产品信息: 海尔智慧家庭 智能空气净化器 Basic (类别: 智能空气净化器)
生产商: 海尔智慧家庭
产品价格: 5495.06
评分: 2.0星
评价日期: 2025年05月18日
评价内容: ""不推荐这款智能空气净化器，兼容性差，很失望。""<ROW_SEP>

客户ID: WN094
客户公司: 菊风公司传媒有限公司数字科技
客户所在地: 秀梅市, 中国
产品信息: 博世 智能空气净化器 Lite (类别: 智能空气净化器)
生产商: 博世智能系统
产品价格: 6067.97
评分: 1.3星
评价日期: 2025年05月09日
评价内容: ""对这款智能空气净化器非常不满意，音质一般，浪费钱。""",386,12,VC531,1.9,2025-07-23,873,智能空气净化器,格力 智能空气净化器 Standard,九方传媒有限公司生物科技
"客户ID: WY218
客户公司: 飞海科技传媒有限公司信息技术
客户所在地: 济南市, 中国
产品信息: 索尼 智能空气净化器 Ultra (类别: 智能空气净化器)
生产商: 索尼智能科技
产品价格: 9311.59
评分: 4.7星
评价日期: 2025年05月05日
评价内容: ""坦白讲，这款智能空气净化器真的很不错。此外智能联动设计很贴心。没有网上评价说的那么好。总体来说还是很满意的。""<ROW_SEP>

客户ID: VH856
客户公司: 鑫博腾飞科技有限公司电子商务
客户所在地: 英县, 中国
产品信息: 苹果 智能空气净化器 Basic (类别: 智能空气净化器)
生产商: 苹果智能家庭
产品价格: 9846.71
评分: 2.6星
评价日期: 2025年05月03日
评价内容: ""在多次对比之后选择了这款，这款智能空气净化器存在明显缺陷。噪音控制简直无法忍受。希望厂家能重视这些问题。""<ROW_SEP>

客户ID: TB616
客户公司: 晖来计算机网络有限公司虚拟现实
客户所在地: 梅县, 中国
产品信息: 苹果 智能空气净化器 Basic (类别: 智能空气净化器)
生产商: 苹果智能家庭
产品价格: 9846.71
评分: 1.4星
评价日期: 2025年02月15日
评价内容: ""噪音控制问题很严重，完全不值这个价格。""<ROW_SEP>

客户ID: QU287
客户公司: 戴硕电子科技有限公司移动应用开发
客户所在地: 瑜市, 中国
产品信息: 博世 智能空气净化器 Lite (类别: 智能空气净化器)
生产商: 博世智能系统
产品价格: 6067.97
评分: 3.0星
评价日期: 2025年01月31日
评价内容: ""总体来说还行，画质清晰，就是安装困难。""<ROW_SEP>

客户ID: EB652
客户公司: 凌云信息有限公司虚拟现实
客户所在地: 秀珍县, 中国
产品信息: 索尼 智能空气净化器 Ultra (类别: 智能空气净化器)
生产商: 索尼智能科技
产品价格: 9311.59
评分: 4.6星
评价日期: 2025年01月25日
评价内容: ""这款智能空气净化器质量很好，智能化程度高。总体来说很满意。""<ROW_SEP>

客户ID: QL573
客户公司: 维涛科技有限公司网络安全
客户所在地: 永安市, 中国
产品信息: 索尼 智能空气净化器 Ultra (类别: 智能空气净化器)
生产商: 索尼智能科技
产品价格: 9311.59
评分: 3.9星
评价日期: 2025年01月22日
评价内容: ""购买后，这款索尼 智能空气净化器 Ultra优缺点都有。优点是画质清晰。不仅如此连接稳定性有点问题。价格虽高，但物有所值。""",558,41,WY218,4.7,2025-05-05,886,智能空气净化器,索尼 智能空气净化器 Ultra,飞海科技传媒有限公司信息技术
"客户ID: MR129
客户公司: 太极信息有限公司互联网服务
客户所在地: 海门市, 中国
产品信息: 海尔智慧家庭 智能空气净化器 Basic (类别: 智能空气净化器)
生产商: 海尔智慧家庭
产品价格: 5495.06
评分: 4.7星
评价日期: 2025年01月01日
评价内容: ""这款产品的一键控制特别好用，在日常使用时特别方便。""<ROW_SEP>

客户ID: NU012
客户公司: 商软冠联传媒有限公司智能科技
客户所在地: 太原县, 中国
产品信息: 格力 智能空气净化器 Standard (类别: 智能空气净化器)
生产商: 格力智能电器
产品价格: 9181.39
评分: 1.4星
评价日期: 2024年12月29日
评价内容: ""电池寿命问题很严重，完全不值这个价格。""<ROW_SEP>

客户ID: WN094
客户公司: 菊风公司传媒有限公司数字科技
客户所在地: 秀梅市, 中国
产品信息: 海尔智慧家庭 智能空气净化器 Basic (类别: 智能空气净化器)
生产商: 海尔智慧家庭
产品价格: 5495.06
评分: 3.2星
评价日期: 2024年12月03日
评价内容: ""这款产品优缺点都有，性价比高，但智能化程度低。""<ROW_SEP>

客户ID: KS630
客户公司: 良诺信息有限公司网络安全
客户所在地: 潮州市, 中国
产品信息: 苹果 智能空气净化器 Basic (类别: 智能空气净化器)
生产商: 苹果智能家庭
产品价格: 9846.71
评分: 3.2星
评价日期: 2024年11月30日
评价内容: ""这款智能空气净化器一般，外观漂亮，但是连接稳定性有点问题。""<ROW_SEP>

客户ID: GR625
客户公司: 明腾传媒有限公司互联网服务
客户所在地: 邯郸市, 中国
产品信息: 索尼 智能空气净化器 Ultra (类别: 智能空气净化器)
生产商: 索尼智能科技
产品价格: 9311.59
评分: 4.5星
评价日期: 2024年11月12日
评价内容: ""非常满意这次购买，外观漂亮，送货也很快。""<ROW_SEP>

客户ID: WW556
客户公司: 商软冠联网络有限公司信息技术
客户所在地: 梅市, 中国
产品信息: 苹果 智能空气净化器 Basic (类别: 智能空气净化器)
生产商: 苹果智能家庭
产品价格: 9846.71
评分: 3.2星
评价日期: 2024年11月08日
评价内容: ""这款产品优缺点都有，兼容性强，但续航时间短。""<ROW_SEP>

客户ID: EB652
客户公司: 凌云信息有限公司虚拟现实
客户所在地: 秀珍县, 中国
产品信息: 博世 智能空气净化器 Lite (类别: 智能空气净化器)
生产商: 博世智能系统
产品价格: 6067.97
评分: 2.3星
评价日期: 2024年11月04日
评价内容: ""在多次对比之后选择了这款，这款博世 智能空气净化器 Lite有严重问题。主要问题在于耗电量大。希望厂家能重视这些问题。""",342,6,MR129,4.7,2025-01-01,966,智能空气净化器,海尔智慧家庭 智能空气净化器 Basic,太极信息有限公司互联网服务
"客户ID: MZ379
客户公司: 联软传媒有限公司区块链技术
客户所在地: 慧县, 中国
产品信息: 格力 智能空气净化器 Standard (类别: 智能空气净化器)
生产商: 格力智能电器
产品价格: 9181.39
评分: 4.5星
评价日期: 2024年10月31日
评价内容: ""这款产品的一键控制特别好用，在户外活动时特别方便。""<ROW_SEP>

客户ID: US056
客户公司: 国讯网络有限公司移动应用开发
客户所在地: 文市, 中国
产品信息: 格力 智能空气净化器 Standard (类别: 智能空气净化器)
生产商: 格力智能电器
产品价格: 9181.39
评分: 4.0星
评价日期: 2024年10月01日
评价内容: ""使用了一个月，音质出色，没有发现任何问题。""<ROW_SEP>

客户ID: RG743
客户公司: 快讯信息有限公司智能科技
客户所在地: 勇县, 中国
产品信息: 博世 智能空气净化器 Lite (类别: 智能空气净化器)
生产商: 博世智能系统
产品价格: 6067.97
评分: 2.9星
评价日期: 2024年09月29日
评价内容: ""这款产品有严重问题，使用说明不清，已经申请退款。""<ROW_SEP>

客户ID: XN875
客户公司: 天开传媒有限公司网络安全
客户所在地: 芳市, 中国
产品信息: 索尼 智能空气净化器 Ultra (类别: 智能空气净化器)
生产商: 索尼智能科技
产品价格: 9311.59
评分: 4.9星
评价日期: 2024年08月27日
评价内容: ""这是我用过的最好的智能空气净化器之一，操作简单，性价比很高。""<ROW_SEP>

客户ID: GC846
客户公司: 明腾科技有限公司区块链技术
客户所在地: 石家庄市, 中国
产品信息: 苹果 智能空气净化器 Basic (类别: 智能空气净化器)
生产商: 苹果智能家庭
产品价格: 9846.71
评分: 4.5星
评价日期: 2024年08月13日
评价内容: ""非常满意这次购买，功能齐全，送货也很快。""<ROW_SEP>

客户ID: DV182
客户公司: 艾提科信传媒有限公司网络安全
客户所在地: 桂荣市, 中国
产品信息: 海尔智慧家庭 智能空气净化器 Basic (类别: 智能空气净化器)
生产商: 海尔智慧家庭
产品价格: 5495.06
评分: 2.5星
评价日期: 2024年08月08日
评价内容: ""用了一段时间，这款海尔智慧家庭 智能空气净化器 Basic功能实现得很糟糕。在看电影时时完全不能正常工作。唯一值得称赞的可能就是外观设计还不错。""<ROW_SEP>

客户ID: NU711
客户公司: 易动力科技有限公司人工智能
客户所在地: 桂兰县, 中国
产品信息: 海尔智慧家庭 智能空气净化器 Basic (类别: 智能空气净化器)
生产商: 海尔智慧家庭
产品价格: 5495.06
评分: 1.5星
评价日期: 2024年07月25日
评价内容: ""使用一周后出现故障，智能化程度低，售后服务也不好。""",127,12,MZ379,4.5,2024-10-31,982,智能空气净化器,格力 智能空气净化器 Standard,联软传媒有限公司区块链技术
"客户ID: XO649
客户公司: 晖来计算机传媒有限公司云计算
客户所在地: 郑州县, 中国
产品信息: 苹果 智能空气净化器 Basic (类别: 智能空气净化器)
生产商: 苹果智能家庭
产品价格: 9846.71
评分: 4.0星
评价日期: 2024年07月23日
评价内容: ""坦白讲，这款苹果 智能空气净化器 Basic品质很好。和描述的有些差距。如果非要说缺点的话，可能就是续航时间短。整体体验不错。""<ROW_SEP>

客户ID: VC531
客户公司: 九方传媒有限公司生物科技
客户所在地: 六盘水市, 中国
产品信息: 海尔智慧家庭 智能空气净化器 Basic (类别: 智能空气净化器)
生产商: 海尔智慧家庭
产品价格: 5495.06
评分: 3.5星
评价日期: 2024年06月16日
评价内容: ""这款智能空气净化器一般，外观漂亮，但是信号强度有点问题。""",746,50,XO649,4.0,2024-07-23,306,智能空气净化器,苹果 智能空气净化器 Basic,晖来计算机传媒有限公司云计算
"客户ID: IP471
客户公司: 银嘉信息有限公司移动应用开发
客户所在地: 荆门市, 中国
产品信息: 小米 智能空调 Elite (类别: 智能空调)
生产商: 小米智能家居
产品价格: 7690.31
评分: 2.9星
评价日期: 2026年05月07日
评价内容: ""这款产品有严重问题，稳定性差，已经申请退款。""<ROW_SEP>

客户ID: VH856
客户公司: 鑫博腾飞科技有限公司电子商务
客户所在地: 英县, 中国
产品信息: 博世 智能空调 Lite (类别: 智能空调)
生产商: 博世智能系统
产品价格: 9160.39
评分: 2.7星
评价日期: 2026年05月02日
评价内容: ""说实话，这款博世 智能空调 Lite不推荐购买。主要问题在于安装困难。""<ROW_SEP>

客户ID: EM821
客户公司: 泰麒麟信息有限公司人工智能
客户所在地: 香港县, 中国
产品信息: 博世 智能空调 Lite (类别: 智能空调)
生产商: 博世智能系统
产品价格: 8865.13
评分: 3.7星
评价日期: 2026年04月30日
评价内容: ""这款产品优缺点都有，续航时间长，但稳定性差。""<ROW_SEP>

客户ID: ZO854
客户公司: MBP软件科技有限公司信息技术
客户所在地: 丽华县, 中国
产品信息: 小米 智能空调 Elite (类别: 智能空调)
生产商: 小米智能家居
产品价格: 7690.31
评分: 1.2星
评价日期: 2026年04月27日
评价内容: ""不推荐这款智能空调，反应迟钝，很失望。""<ROW_SEP>

客户ID: FC418
客户公司: 网新恒天网络有限公司生物科技
客户所在地: 秀珍县, 中国
产品信息: 小米 智能空调 Elite (类别: 智能空调)
生产商: 小米智能家居
产品价格: 7690.31
评分: 3.2星
评价日期: 2026年04月07日
评价内容: ""从我的使用体验来看，这款小米 智能空调 Elite中规中矩。优点是外观漂亮。让我惊喜的是在日常使用场景下表现一般。可以考虑其他品牌的同类产品。""<ROW_SEP>

客户ID: VC531
客户公司: 九方传媒有限公司生物科技
客户所在地: 六盘水市, 中国
产品信息: 西门子 智能空调 Basic (类别: 智能空调)
生产商: 西门子智能家居
产品价格: 6493.01
评分: 4.4星
评价日期: 2026年03月29日
评价内容: ""这款智能空调的远程控制功能很实用，画质清晰。""<ROW_SEP>

客户ID: GJ116
客户公司: 良诺信息有限公司生物科技
客户所在地: 红市, 中国
产品信息: 小米 智能空调 Elite (类别: 智能空调)
生产商: 小米智能家居
产品价格: 7690.31
评分: 3.3星
评价日期: 2026年03月16日
评价内容: ""智能空调的质量还可以，性价比高，不过画质模糊。""",737,44,IP471,2.9,2026-05-07,929,智能空调,小米 智能空调 Elite,银嘉信息有限公司移动应用开发
"客户ID: PL616
客户公司: 巨奥网络有限公司金融科技
客户所在地: 明市, 中国
产品信息: 博世 智能空调 Lite (类别: 智能空调)
生产商: 博世智能系统
产品价格: 8865.13
评分: 4.2星
评价日期: 2026年03月15日
评价内容: ""这是我用过的最好的智能空调之一，性价比高，性价比很高。""<ROW_SEP>

客户ID: EI532
客户公司: 七喜传媒有限公司人工智能
客户所在地: 丽华县, 中国
产品信息: 博世 智能空调 Lite (类别: 智能空调)
生产商: 博世智能系统
产品价格: 8865.13
评分: 3.0星
评价日期: 2026年03月03日
评价内容: ""坦白讲，这款智能空调功能基本满足需求。优点是兼容性强。可惜的是使用久了会发现一些小问题。值得购买。""<ROW_SEP>

客户ID: XO649
客户公司: 晖来计算机传媒有限公司云计算
客户所在地: 郑州县, 中国
产品信息: 小米 智能空调 Elite (类别: 智能空调)
生产商: 小米智能家居
产品价格: 7690.31
评分: 1.3星
评价日期: 2026年02月26日
评价内容: ""这款产品有严重问题，反应迟钝，已经申请退款。""<ROW_SEP>

客户ID: GJ116
客户公司: 良诺信息有限公司生物科技
客户所在地: 红市, 中国
产品信息: 博世 智能空调 Lite (类别: 智能空调)
生产商: 博世智能系统
产品价格: 8865.13
评分: 3.2星
评价日期: 2026年02月23日
评价内容: ""在晚上睡前使用还不错，但在其他情况下表现一般。""<ROW_SEP>

客户ID: XO649
客户公司: 晖来计算机传媒有限公司云计算
客户所在地: 郑州县, 中国
产品信息: 亚马逊 智能空调 Standard (类别: 智能空调)
生产商: 亚马逊智能科技
产品价格: 9247.38
评分: 3.4星
评价日期: 2026年02月16日
评价内容: ""智能空调的质量还可以，性价比高，不过操作复杂。""<ROW_SEP>

客户ID: II746
客户公司: 恩悌传媒有限公司虚拟现实
客户所在地: 南昌县, 中国
产品信息: 西门子 智能空调 Basic (类别: 智能空调)
生产商: 西门子智能家居
产品价格: 6493.01
评分: 4.0星
评价日期: 2026年02月02日
评价内容: ""老实讲，这款西门子 智能空调 Basic功能很强大。最让我失望的是在做饭时时表现尤为出色。如果非要说缺点的话，可能就是续航时间短。希望厂家能改进这些问题。""<ROW_SEP>

客户ID: ME428
客户公司: 创汇网络有限公司虚拟现实
客户所在地: 秀英市, 中国
产品信息: 亚马逊 智能空调 Standard (类别: 智能空调)
生产商: 亚马逊智能科技
产品价格: 9247.38
评分: 2.6星
评价日期: 2026年01月28日
评价内容: ""使用后感觉，这款智能空调不推荐购买。在看电影时时完全不能正常工作。不推荐任何人购买。""",259,96,PL616,4.2,2026-03-15,982,智能空调,博世 智能空调 Lite,巨奥网络有限公司金融科技
"客户ID: OA831
客户公司: 华泰通安科技有限公司网络安全
客户所在地: 玉梅市, 中国
产品信息: 博世 智能空调 Lite (类别: 智能空调)
生产商: 博世智能系统
产品价格: 8865.13
评分: 4.2星
评价日期: 2026年01月18日
评价内容: ""这款智能空调质量很好，安装方便。总体来说很满意。""<ROW_SEP>

客户ID: GJ116
客户公司: 良诺信息有限公司生物科技
客户所在地: 红市, 中国
产品信息: 博世 智能空调 Lite (类别: 智能空调)
生产商: 博世智能系统
产品价格: 8865.13
评分: 4.3星
评价日期: 2026年01月18日
评价内容: ""这款产品的多用户管理特别好用，在日常使用时特别方便。""<ROW_SEP>

客户ID: BI759
客户公司: 时空盒数字信息有限公司虚拟现实
客户所在地: 荣市, 中国
产品信息: 小米 智能空调 Elite (类别: 智能空调)
生产商: 小米智能家居
产品价格: 7690.31
评分: 4.4星
评价日期: 2026年01月15日
评价内容: ""在做饭时时使用效果很好，特别是快速启动功能。""<ROW_SEP>

客户ID: CS287
客户公司: 和泰网络有限公司电子商务
客户所在地: 玲市, 中国
产品信息: 小米 智能空调 Elite (类别: 智能空调)
生产商: 小米智能家居
产品价格: 7690.31
评分: 3.7星
评价日期: 2026年01月06日
评价内容: ""这款智能空调一般，安装方便，但是散热问题有点问题。""<ROW_SEP>

客户ID: PE529
客户公司: 易动力网络有限公司信息技术
客户所在地: 英县, 中国
产品信息: 西门子 智能空调 Basic (类别: 智能空调)
生产商: 西门子智能家居
产品价格: 6493.01
评分: 3.2星
评价日期: 2026年01月02日
评价内容: ""这款产品优缺点都有，做工精细，但反应迟钝。""<ROW_SEP>

客户ID: ME428
客户公司: 创汇网络有限公司虚拟现实
客户所在地: 秀英市, 中国
产品信息: 博世 智能空调 Lite (类别: 智能空调)
生产商: 博世智能系统
产品价格: 9160.39
评分: 5.0星
评价日期: 2025年12月10日
评价内容: ""这款产品的多用户管理特别好用，在日常使用时特别方便。""<ROW_SEP>

客户ID: XA075
客户公司: 网新恒天科技有限公司数字科技
客户所在地: 秀梅县, 中国
产品信息: 西门子 智能空调 Basic (类别: 智能空调)
生产商: 西门子智能家居
产品价格: 6493.01
评分: 2.1星
评价日期: 2025年11月24日
评价内容: ""老实讲，这款西门子 智能空调 Basic性价比极低。使用不到一周就出现了故障。唯一值得称赞的可能就是售后服务态度好。不推荐任何人购买。""",5,96,OA831,4.2,2026-01-18,930,智能空调,博世 智能空调 Lite,华泰通安科技有限公司网络安全
"客户ID: GJ116
客户公司: 良诺信息有限公司生物科技
客户所在地: 红市, 中国
产品信息: 西门子 智能空调 Basic (类别: 智能空调)
生产商: 西门子智能家居
产品价格: 6493.01
评分: 1.4星
评价日期: 2025年11月24日
评价内容: ""使用后感觉，这款西门子 智能空调 Basic不值这个价格。在看电影时时完全不能正常工作。唯一值得称赞的可能就是包装很精美。以后不会再考虑这个品牌的产品。""<ROW_SEP>

客户ID: MG296
客户公司: 浦华众城网络有限公司信息技术
客户所在地: 浩市, 中国
产品信息: 亚马逊 智能空调 Standard (类别: 智能空调)
生产商: 亚马逊智能科技
产品价格: 9247.38
评分: 1.6星
评价日期: 2025年11月17日
评价内容: ""使用一周后出现故障，稳定性差，售后服务也不好。""<ROW_SEP>

客户ID: EB652
客户公司: 凌云信息有限公司虚拟现实
客户所在地: 秀珍县, 中国
产品信息: 亚马逊 智能空调 Standard (类别: 智能空调)
生产商: 亚马逊智能科技
产品价格: 9247.38
评分: 2.5星
评价日期: 2025年10月26日
评价内容: ""这款产品有严重问题，售后服务差，已经申请退款。""<ROW_SEP>

客户ID: DV182
客户公司: 艾提科信传媒有限公司网络安全
客户所在地: 桂荣市, 中国
产品信息: 西门子 智能空调 Basic (类别: 智能空调)
生产商: 西门子智能家居
产品价格: 6493.01
评分: 1.7星
评价日期: 2025年10月06日
评价内容: ""不推荐这款智能空调，操作复杂，很失望。""<ROW_SEP>

客户ID: KS630
客户公司: 良诺信息有限公司网络安全
客户所在地: 潮州市, 中国
产品信息: 亚马逊 智能空调 Standard (类别: 智能空调)
生产商: 亚马逊智能科技
产品价格: 9247.38
评分: 5.0星
评价日期: 2025年10月03日
评价内容: ""这是我用过的最好的智能空调之一，续航时间长，性价比很高。""<ROW_SEP>

客户ID: QU287
客户公司: 戴硕电子科技有限公司移动应用开发
客户所在地: 瑜市, 中国
产品信息: 博世 智能空调 Lite (类别: 智能空调)
生产商: 博世智能系统
产品价格: 8865.13
评分: 2.8星
评价日期: 2025年09月23日
评价内容: ""对这款智能空调非常不满意，耗电量大，浪费钱。""<ROW_SEP>

客户ID: AY876
客户公司: 精芯传媒有限公司物联网
客户所在地: 武汉市, 中国
产品信息: 博世 智能空调 Lite (类别: 智能空调)
生产商: 博世智能系统
产品价格: 8865.13
评分: 1.8星
评价日期: 2025年09月18日
评价内容: ""收到货后，这款博世 智能空调 Lite功能实现得很糟糕。在晚上睡前时完全不能正常工作。""",716,65,GJ116,1.4,2025-11-24,954,智能空调,西门子 智能空调 Basic,良诺信息有限公司生物科技
"客户ID: ZF061
客户公司: 维旺明信息有限公司人工智能
客户所在地: 坤县, 中国
产品信息: 小米 智能空调 Elite (类别: 智能空调)
生产商: 小米智能家居
产品价格: 7690.31
评分: 1.7星
评价日期: 2025年09月12日
评价内容: ""这款产品有严重问题，安装困难，已经申请退款。""<ROW_SEP>

客户ID: DH200
客户公司: 盟新传媒有限公司大数据分析
客户所在地: 辽阳县, 中国
产品信息: 亚马逊 智能空调 Standard (类别: 智能空调)
生产商: 亚马逊智能科技
产品价格: 9247.38
评分: 4.4星
评价日期: 2025年09月10日
评价内容: ""智能空调的设计很人性化，安装方便，值得推荐。""<ROW_SEP>

客户ID: AK874
客户公司: 昊嘉信息有限公司区块链技术
客户所在地: 雷市, 中国
产品信息: 小米 智能空调 Elite (类别: 智能空调)
生产商: 小米智能家居
产品价格: 7690.31
评分: 1.7星
评价日期: 2025年08月24日
评价内容: ""连接稳定性问题很严重，完全不值这个价格。""<ROW_SEP>

客户ID: QJ392
客户公司: 创亿网络有限公司金融科技
客户所在地: 重庆市, 中国
产品信息: 亚马逊 智能空调 Standard (类别: 智能空调)
生产商: 亚马逊智能科技
产品价格: 9247.38
评分: 2.6星
评价日期: 2025年07月15日
评价内容: ""使用一周后出现故障，价格偏高，售后服务也不好。""<ROW_SEP>

客户ID: GR729
客户公司: 中建创业网络有限公司移动应用开发
客户所在地: 辽阳县, 中国
产品信息: 小米 智能空调 Elite (类别: 智能空调)
生产商: 小米智能家居
产品价格: 7690.31
评分: 2.6星
评价日期: 2025年07月11日
评价内容: ""散热问题问题很严重，完全不值这个价格。""<ROW_SEP>

客户ID: AD089
客户公司: 创亿网络有限公司移动应用开发
客户所在地: 楠市, 中国
产品信息: 西门子 智能空调 Basic (类别: 智能空调)
生产商: 西门子智能家居
产品价格: 6493.01
评分: 4.2星
评价日期: 2025年07月11日
评价内容: ""经过一段时间使用，这款西门子 智能空调 Basic功能很强大。尤其是在看电影时时表现尤为出色。这个价位能买到这样的产品已经很不错了。""<ROW_SEP>

客户ID: KS630
客户公司: 良诺信息有限公司网络安全
客户所在地: 潮州市, 中国
产品信息: 博世 智能空调 Lite (类别: 智能空调)
生产商: 博世智能系统
产品价格: 9160.39
评分: 2.9星
评价日期: 2025年07月05日
评价内容: ""对这款智能空调非常不满意，安装困难，浪费钱。""",894,44,ZF061,1.7,2025-09-12,917,智能空调,小米 智能空调 Elite,维旺明信息有限公司人工智能
"客户ID: YZ898
客户公司: 通际名联科技有限公司金融科技
客户所在地: 济南市, 中国
产品信息: 小米 智能空调 Elite (类别: 智能空调)
生产商: 小米智能家居
产品价格: 7690.31
评分: 2.7星
评价日期: 2025年06月09日
评价内容: ""从我的使用体验来看，这款小米 智能空调 Elite性价比极低。使用不到一周就出现了故障。已经申请退款了。""<ROW_SEP>

客户ID: RV310
客户公司: 银嘉科技有限公司云计算
客户所在地: 重庆县, 中国
产品信息: 博世 智能空调 Lite (类别: 智能空调)
生产商: 博世智能系统
产品价格: 8865.13
评分: 2.5星
评价日期: 2025年06月03日
评价内容: ""信号强度问题很严重，完全不值这个价格。""<ROW_SEP>

客户ID: BW289
客户公司: 海创网络有限公司生物科技
客户所在地: 汕尾县, 中国
产品信息: 博世 智能空调 Lite (类别: 智能空调)
生产商: 博世智能系统
产品价格: 8865.13
评分: 1.6星
评价日期: 2025年05月28日
评价内容: ""不得不说，这款博世 智能空调 Lite不值这个价格。主要问题在于操作复杂。唯一值得称赞的可能就是售后服务态度好。这钱花得太冤枉了。""<ROW_SEP>

客户ID: YZ898
客户公司: 通际名联科技有限公司金融科技
客户所在地: 济南市, 中国
产品信息: 小米 智能空调 Elite (类别: 智能空调)
生产商: 小米智能家居
产品价格: 7690.31
评分: 1.5星
评价日期: 2025年05月20日
评价内容: ""对这款智能空调非常不满意，安装困难，浪费钱。""<ROW_SEP>

客户ID: YR398
客户公司: 浦华众城信息有限公司虚拟现实
客户所在地: 大冶市, 中国
产品信息: 西门子 智能空调 Basic (类别: 智能空调)
生产商: 西门子智能家居
产品价格: 6493.01
评分: 3.2星
评价日期: 2025年05月08日
评价内容: ""购买后，这款西门子 智能空调 Basic质量还行。优点是反应灵敏。不仅如此在办公环境场景下表现一般。性价比很高。""<ROW_SEP>

客户ID: BN418
客户公司: 易动力网络有限公司移动应用开发
客户所在地: 重庆市, 中国
产品信息: 博世 智能空调 Lite (类别: 智能空调)
生产商: 博世智能系统
产品价格: 8865.13
评分: 3.1星
评价日期: 2025年05月03日
评价内容: ""总体来说还行，功能齐全，就是智能化程度低。""<ROW_SEP>

客户ID: QJ392
客户公司: 创亿网络有限公司金融科技
客户所在地: 重庆市, 中国
产品信息: 亚马逊 智能空调 Standard (类别: 智能空调)
生产商: 亚马逊智能科技
产品价格: 9247.38
评分: 3.3星
评价日期: 2025年04月29日
评价内容: ""总体来说还行，安装方便，就是兼容性差。""",1096,44,YZ898,2.7,2025-06-09,966,智能空调,小米 智能空调 Elite,通际名联科技有限公司金融科技
"客户ID: NU711
客户公司: 易动力科技有限公司人工智能
客户所在地: 桂兰县, 中国
产品信息: 博世 智能空调 Lite (类别: 智能空调)
生产商: 博世智能系统
产品价格: 8865.13
评分: 5.0星
评价日期: 2025年04月28日
评价内容: ""非常满意这次购买，智能化程度高，送货也很快。""<ROW_SEP>

客户ID: VQ233
客户公司: 和泰信息有限公司信息技术
客户所在地: 成都市, 中国
产品信息: 西门子 智能空调 Basic (类别: 智能空调)
生产商: 西门子智能家居
产品价格: 6493.01
评分: 1.2星
评价日期: 2025年04月24日
评价内容: ""在多次对比之后选择了这款，这款西门子 智能空调 Basic有严重问题。使用不到一周就出现了问题。唯一值得称赞的可能就是包装很精美。以后不会再考虑这个品牌的产品。""<ROW_SEP>

客户ID: ZO854
客户公司: MBP软件科技有限公司信息技术
客户所在地: 丽华县, 中国
产品信息: 亚马逊 智能空调 Standard (类别: 智能空调)
生产商: 亚马逊智能科技
产品价格: 9247.38
评分: 1.8星
评价日期: 2025年04月23日
评价内容: ""使用一周后出现故障，功能单一，售后服务也不好。""<ROW_SEP>

客户ID: EA575
客户公司: 襄樊地球村信息有限公司物联网
客户所在地: 丽娟市, 中国
产品信息: 博世 智能空调 Lite (类别: 智能空调)
生产商: 博世智能系统
产品价格: 8865.13
评分: 4.0星
评价日期: 2025年04月02日
评价内容: ""在晚上睡前时使用效果很好，特别是省电模式功能。""<ROW_SEP>

客户ID: FJ947
客户公司: 浙大万朋信息有限公司生物科技
客户所在地: 鑫市, 中国
产品信息: 博世 智能空调 Lite (类别: 智能空调)
生产商: 博世智能系统
产品价格: 8865.13
评分: 3.8星
评价日期: 2025年03月12日
评价内容: ""总体来说还行，智能化程度高，就是智能化程度低。""<ROW_SEP>

客户ID: KS630
客户公司: 良诺信息有限公司网络安全
客户所在地: 潮州市, 中国
产品信息: 小米 智能空调 Elite (类别: 智能空调)
生产商: 小米智能家居
产品价格: 7690.31
评分: 3.6星
评价日期: 2025年03月08日
评价内容: ""经过一段时间使用，这款小米 智能空调 Elite基本符合预期。快速启动设计得比较合理。最让我失望的是使用久了会发现一些小问题。不太推荐购买。""<ROW_SEP>

客户ID: VZ702
客户公司: 精芯网络有限公司互联网服务
客户所在地: 马鞍山县, 中国
产品信息: 小米 智能空调 Elite (类别: 智能空调)
生产商: 小米智能家居
产品价格: 7690.31
评分: 3.0星
评价日期: 2025年03月06日
评价内容: ""智能空调的质量还可以，音质出色，不过使用说明不清。""",1288,96,NU711,5.0,2025-04-28,982,智能空调,博世 智能空调 Lite,易动力科技有限公司人工智能
"客户ID: QU287
客户公司: 戴硕电子科技有限公司移动应用开发
客户所在地: 瑜市, 中国
产品信息: 小米 智能空调 Elite (类别: 智能空调)
生产商: 小米智能家居
产品价格: 7690.31
评分: 4.2星
评价日期: 2025年03月01日
评价内容: ""使用后感觉，这款智能空调设计很人性化。而且自动升级是我最喜欢的部分。如果非要说缺点的话，说明书不够详细。推荐给有需要的朋友。""<ROW_SEP>

客户ID: GL926
客户公司: 时空盒数字传媒有限公司大数据分析
客户所在地: 巢湖市, 中国
产品信息: 博世 智能空调 Lite (类别: 智能空调)
生产商: 博世智能系统
产品价格: 8865.13
评分: 2.0星
评价日期: 2025年02月28日
评价内容: ""这款产品有严重问题，做工一般，已经申请退款。""<ROW_SEP>

客户ID: BW289
客户公司: 海创网络有限公司生物科技
客户所在地: 汕尾县, 中国
产品信息: 小米 智能空调 Elite (类别: 智能空调)
生产商: 小米智能家居
产品价格: 7690.31
评分: 1.1星
评价日期: 2025年02月28日
评价内容: ""使用一周后出现故障，智能化程度低，售后服务也不好。""<ROW_SEP>

客户ID: EU335
客户公司: 济南亿次元网络有限公司科技公司
客户所在地: 巢湖市, 中国
产品信息: 西门子 智能空调 Basic (类别: 智能空调)
生产商: 西门子智能家居
产品价格: 6493.01
评分: 1.9星
评价日期: 2025年02月21日
评价内容: ""对这款智能空调非常不满意，智能化程度低，浪费钱。""<ROW_SEP>

客户ID: XW046
客户公司: 鑫博腾飞信息有限公司智能科技
客户所在地: 兴安盟市, 中国
产品信息: 小米 智能空调 Elite (类别: 智能空调)
生产商: 小米智能家居
产品价格: 7690.31
评分: 2.2星
评价日期: 2025年01月18日
评价内容: ""不推荐这款智能空调，续航时间短，很失望。""<ROW_SEP>

客户ID: EU335
客户公司: 济南亿次元网络有限公司科技公司
客户所在地: 巢湖市, 中国
产品信息: 博世 智能空调 Lite (类别: 智能空调)
生产商: 博世智能系统
产品价格: 9160.39
评分: 1.3星
评价日期: 2024年12月06日
评价内容: ""对这款智能空调非常不满意，反应迟钝，浪费钱。""<ROW_SEP>

客户ID: QL573
客户公司: 维涛科技有限公司网络安全
客户所在地: 永安市, 中国
产品信息: 小米 智能空调 Elite (类别: 智能空调)
生产商: 小米智能家居
产品价格: 7690.31
评分: 2.7星
评价日期: 2024年10月27日
评价内容: ""对这款智能空调非常不满意，功能单一，浪费钱。""",706,44,QU287,4.2,2025-03-01,932,智能空调,小米 智能空调 Elite,戴硕电子科技有限公司移动应用开发
"客户ID: VZ702
客户公司: 精芯网络有限公司互联网服务
客户所在地: 马鞍山县, 中国
产品信息: 亚马逊 智能空调 Standard (类别: 智能空调)
生产商: 亚马逊智能科技
产品价格: 9247.38
评分: 4.3星
评价日期: 2024年10月04日
评价内容: ""这款智能空调的自动调节功能很实用，续航时间长。""<ROW_SEP>

客户ID: BN418
客户公司: 易动力网络有限公司移动应用开发
客户所在地: 重庆市, 中国
产品信息: 亚马逊 智能空调 Standard (类别: 智能空调)
生产商: 亚马逊智能科技
产品价格: 9247.38
评分: 1.7星
评价日期: 2024年09月17日
评价内容: ""对这款智能空调非常不满意，稳定性差，浪费钱。""<ROW_SEP>

客户ID: VZ702
客户公司: 精芯网络有限公司互联网服务
客户所在地: 马鞍山县, 中国
产品信息: 小米 智能空调 Elite (类别: 智能空调)
生产商: 小米智能家居
产品价格: 7690.31
评分: 2.5星
评价日期: 2024年09月09日
评价内容: ""说实话，这款智能空调使用体验很差。使用不到一周就出现了异常。不推荐任何人购买。""<ROW_SEP>

客户ID: WB209
客户公司: 维涛传媒有限公司云计算
客户所在地: 秀华县, 中国
产品信息: 亚马逊 智能空调 Standard (类别: 智能空调)
生产商: 亚马逊智能科技
产品价格: 9247.38
评分: 2.7星
评价日期: 2024年08月17日
评价内容: ""使用一周后出现故障，画质模糊，售后服务也不好。""<ROW_SEP>

客户ID: AY876
客户公司: 精芯传媒有限公司物联网
客户所在地: 武汉市, 中国
产品信息: 亚马逊 智能空调 Standard (类别: 智能空调)
生产商: 亚马逊智能科技
产品价格: 9247.38
评分: 4.4星
评价日期: 2024年08月04日
评价内容: ""这款智能空调质量很好，外观漂亮。总体来说很满意。""<ROW_SEP>

客户ID: AY876
客户公司: 精芯传媒有限公司物联网
客户所在地: 武汉市, 中国
产品信息: 博世 智能空调 Lite (类别: 智能空调)
生产商: 博世智能系统
产品价格: 9160.39
评分: 1.8星
评价日期: 2024年08月03日
评价内容: ""这款产品有严重问题，做工一般，已经申请退款。""<ROW_SEP>

客户ID: KS630
客户公司: 良诺信息有限公司网络安全
客户所在地: 潮州市, 中国
产品信息: 博世 智能空调 Lite (类别: 智能空调)
生产商: 博世智能系统
产品价格: 9160.39
评分: 1.4星
评价日期: 2024年07月17日
评价内容: ""对这款智能空调非常不满意，安装困难，浪费钱。""",1011,75,VZ702,4.3,2024-10-04,904,智能空调,亚马逊 智能空调 Standard,精芯网络有限公司互联网服务
"客户ID: BI759
客户公司: 时空盒数字信息有限公司虚拟现实
客户所在地: 荣市, 中国
产品信息: 博世 智能空调 Lite (类别: 智能空调)
生产商: 博世智能系统
产品价格: 8865.13
评分: 4.2星
评价日期: 2024年06月18日
评价内容: ""试用了几天，这款博世 智能空调 Lite性价比很高。不仅如此快速启动设计很贴心。希望厂家能改进这些问题。""<ROW_SEP>

客户ID: DH200
客户公司: 盟新传媒有限公司大数据分析
客户所在地: 辽阳县, 中国
产品信息: 小米 智能空调 Elite (类别: 智能空调)
生产商: 小米智能家居
产品价格: 7690.31
评分: 2.4星
评价日期: 2024年06月12日
评价内容: ""老实讲，这款小米 智能空调 Elite存在明显缺陷。信号强度简直无法忍受。不推荐任何人购买。""<ROW_SEP>

客户ID: CM245
客户公司: 万迅电脑信息有限公司科技公司
客户所在地: 洋县, 中国
产品信息: 博世 智能空调 Lite (类别: 智能空调)
生产商: 博世智能系统
产品价格: 9160.39
评分: 3.1星
评价日期: 2024年06月12日
评价内容: ""从我的使用体验来看，这款智能空调性价比一般。静音设计设计得比较合理。而且缺点是兼容性差。整体体验不错。""<ROW_SEP>

客户ID: LU518
客户公司: 易动力传媒有限公司生物科技
客户所在地: 伟市, 中国
产品信息: 小米 智能空调 Elite (类别: 智能空调)
生产商: 小米智能家居
产品价格: 7690.31
评分: 3.6星
评价日期: 2024年06月11日
评价内容: ""智能空调的质量还可以，外观漂亮，不过智能化程度低。""<ROW_SEP>

客户ID: GJ116
客户公司: 良诺信息有限公司生物科技
客户所在地: 红市, 中国
产品信息: 博世 智能空调 Lite (类别: 智能空调)
生产商: 博世智能系统
产品价格: 8865.13
评分: 1.7星
评价日期: 2024年06月07日
评价内容: ""连接稳定性问题很严重，完全不值这个价格。""<ROW_SEP>

客户ID: RG743
客户公司: 快讯信息有限公司智能科技
客户所在地: 勇县, 中国
产品信息: 亚马逊 智能空调 Standard (类别: 智能空调)
生产商: 亚马逊智能科技
产品价格: 9247.38
评分: 4.0星
评价日期: 2024年06月06日
评价内容: ""智能空调的设计很人性化，反应灵敏，值得推荐。""",290,96,BI759,4.2,2024-06-18,823,智能空调,博世 智能空调 Lite,时空盒数字信息有限公司虚拟现实
"客户ID: GJ116
客户公司: 良诺信息有限公司生物科技
客户所在地: 红市, 中国
产品信息: 美的 智能窗帘 Max (类别: 智能窗帘)
生产商: 美的智能科技
产品价格: 1836.78
评分: 3.8星
评价日期: 2026年06月03日
评价内容: ""对比了市面上几款同类产品后，这款智能窗帘一般般。在晚上睡前时使用体验还不错。而且电池寿命有点问题。可以考虑其他品牌的同类产品。""<ROW_SEP>

客户ID: LB704
客户公司: 群英信息有限公司金融科技
客户所在地: 昆明县, 中国
产品信息: 松下 智能窗帘 Lite (类别: 智能窗帘)
生产商: 松下智能电器
产品价格: 2277.79
评分: 4.2星
评价日期: 2026年05月30日
评价内容: ""这款智能窗帘的自动调节功能很实用，功能齐全。""<ROW_SEP>

客户ID: ZO854
客户公司: MBP软件科技有限公司信息技术
客户所在地: 丽华县, 中国
产品信息: 三星 智能窗帘 Basic (类别: 智能窗帘)
生产商: 三星智能家电
产品价格: 9678.27
评分: 4.5星
评价日期: 2026年05月19日
评价内容: ""智能窗帘的设计很人性化，功能齐全，值得推荐。""<ROW_SEP>

客户ID: AU710
客户公司: 巨奥传媒有限公司信息技术
客户所在地: 辛集市, 中国
产品信息: 三星 智能窗帘 Basic (类别: 智能窗帘)
生产商: 三星智能家电
产品价格: 9678.27
评分: 3.9星
评价日期: 2026年05月06日
评价内容: ""这款智能窗帘一般，做工精细，但是电池寿命有点问题。""<ROW_SEP>

客户ID: RY572
客户公司: 中建创业信息有限公司虚拟现实
客户所在地: 冬梅县, 中国
产品信息: 华为 智能窗帘 Basic (类别: 智能窗帘)
生产商: 华为智能生活
产品价格: 2259.63
评分: 2.7星
评价日期: 2026年05月06日
评价内容: ""使用一周后出现故障，音质一般，售后服务也不好。""<ROW_SEP>

客户ID: GR729
客户公司: 中建创业网络有限公司移动应用开发
客户所在地: 辽阳县, 中国
产品信息: 松下 智能窗帘 Lite (类别: 智能窗帘)
生产商: 松下智能电器
产品价格: 2277.79
评分: 3.4星
评价日期: 2026年05月04日
评价内容: ""总体来说还行，反应灵敏，就是安装困难。""<ROW_SEP>

客户ID: WW556
客户公司: 商软冠联网络有限公司信息技术
客户所在地: 梅市, 中国
产品信息: 华为 智能窗帘 Basic (类别: 智能窗帘)
生产商: 华为智能生活
产品价格: 2259.63
评分: 1.2星
评价日期: 2026年04月28日
评价内容: ""对比了市面上几款同类产品后，这款华为 智能窗帘 Basic功能实现得很糟糕。使用不到一周就出现了故障。唯一值得称赞的可能就是包装很精美。以后不会再考虑这个品牌的产品。""",1095,10,GJ116,3.8,2026-06-03,975,智能窗帘,美的 智能窗帘 Max,良诺信息有限公司生物科技
"客户ID: PE529
客户公司: 易动力网络有限公司信息技术
客户所在地: 英县, 中国
产品信息: 华为 智能窗帘 Basic (类别: 智能窗帘)
生产商: 华为智能生活
产品价格: 2259.63
评分: 3.9星
评价日期: 2026年04月23日
评价内容: ""老实讲，这款智能窗帘性价比一般。优点是反应灵敏。令人意外的是电池寿命有点问题。期待下一代产品能有所改进。""<ROW_SEP>

客户ID: DV182
客户公司: 艾提科信传媒有限公司网络安全
客户所在地: 桂荣市, 中国
产品信息: 华为 智能窗帘 Basic (类别: 智能窗帘)
生产商: 华为智能生活
产品价格: 2259.63
评分: 3.0星
评价日期: 2026年04月21日
评价内容: ""坦白讲，这款华为 智能窗帘 Basic没有特别惊喜。在晚上睡前时使用体验还不错。最重要的是使用久了会发现一些小问题。整体体验不错。""<ROW_SEP>

客户ID: YZ898
客户公司: 通际名联科技有限公司金融科技
客户所在地: 济南市, 中国
产品信息: 三星 智能窗帘 Standard (类别: 智能窗帘)
生产商: 三星智能家电
产品价格: 2559.17
评分: 2.6星
评价日期: 2026年04月19日
评价内容: ""不推荐这款智能窗帘，续航时间短，很失望。""<ROW_SEP>

客户ID: VZ702
客户公司: 精芯网络有限公司互联网服务
客户所在地: 马鞍山县, 中国
产品信息: 华为 智能窗帘 Basic (类别: 智能窗帘)
生产商: 华为智能生活
产品价格: 2259.63
评分: 4.9星
评价日期: 2026年04月13日
评价内容: ""这款智能窗帘的语音识别功能很实用，智能化程度高。""<ROW_SEP>

客户ID: PV664
客户公司: 毕博诚信息有限公司信息技术
客户所在地: 柳州县, 中国
产品信息: 华为 智能窗帘 Basic (类别: 智能窗帘)
生产商: 华为智能生活
产品价格: 2259.63
评分: 1.7星
评价日期: 2026年04月10日
评价内容: ""我发现，这款华为 智能窗帘 Basic存在明显缺陷。主要问题在于续航时间短。以后不会再考虑这个品牌的产品。""<ROW_SEP>

客户ID: RV310
客户公司: 银嘉科技有限公司云计算
客户所在地: 重庆县, 中国
产品信息: 华为 智能窗帘 Basic (类别: 智能窗帘)
生产商: 华为智能生活
产品价格: 2259.63
评分: 2.8星
评价日期: 2026年03月16日
评价内容: ""说实话，这款华为 智能窗帘 Basic完全不符合预期。散热问题简直无法忍受。唯一值得称赞的可能就是送货速度快。""<ROW_SEP>

客户ID: KS630
客户公司: 良诺信息有限公司网络安全
客户所在地: 潮州市, 中国
产品信息: 松下 智能窗帘 Advanced (类别: 智能窗帘)
生产商: 松下智能电器
产品价格: 7412.19
评分: 3.2星
评价日期: 2026年03月14日
评价内容: ""智能窗帘的质量还可以，节能环保，不过价格偏高。""",88,60,PE529,3.9,2026-04-23,997,智能窗帘,华为 智能窗帘 Basic,易动力网络有限公司信息技术
"客户ID: CM245
客户公司: 万迅电脑信息有限公司科技公司
客户所在地: 洋县, 中国
产品信息: 松下 智能窗帘 Advanced (类别: 智能窗帘)
生产商: 松下智能电器
产品价格: 7412.19
评分: 1.8星
评价日期: 2026年02月27日
评价内容: ""说实话，这款智能窗帘质量太差。在做饭时时完全不能正常工作。唯一值得称赞的可能就是价格便宜。希望厂家能重视这些问题。""<ROW_SEP>

客户ID: RY572
客户公司: 中建创业信息有限公司虚拟现实
客户所在地: 冬梅县, 中国
产品信息: 三星 智能窗帘 Basic (类别: 智能窗帘)
生产商: 三星智能家电
产品价格: 9678.27
评分: 2.2星
评价日期: 2026年02月05日
评价内容: ""从我的使用体验来看，这款三星 智能窗帘 Basic使用体验很差。散热问题简直无法忍受。这钱花得太冤枉了。""<ROW_SEP>

客户ID: KS630
客户公司: 良诺信息有限公司网络安全
客户所在地: 潮州市, 中国
产品信息: 三星 智能窗帘 Basic (类别: 智能窗帘)
生产商: 三星智能家电
产品价格: 9678.27
评分: 2.3星
评价日期: 2026年02月04日
评价内容: ""使用一周后出现故障，售后服务差，售后服务也不好。""<ROW_SEP>

客户ID: XO649
客户公司: 晖来计算机传媒有限公司云计算
客户所在地: 郑州县, 中国
产品信息: 松下 智能窗帘 Lite (类别: 智能窗帘)
生产商: 松下智能电器
产品价格: 2277.79
评分: 4.4星
评价日期: 2026年01月13日
评价内容: ""在多次对比之后选择了这款，这款智能窗帘功能很强大。同时静音设计设计很贴心。比我预期的要好。如果非要说缺点的话，可能就是售后服务差。这个价位能买到这样的产品已经很不错了。""<ROW_SEP>

客户ID: WB890
客户公司: 鑫博腾飞网络有限公司金融科技
客户所在地: 马鞍山市, 中国
产品信息: 三星 智能窗帘 Basic (类别: 智能窗帘)
生产商: 三星智能家电
产品价格: 9678.27
评分: 1.4星
评价日期: 2025年11月16日
评价内容: ""对这款智能窗帘非常不满意，售后服务差，浪费钱。""<ROW_SEP>

客户ID: RG743
客户公司: 快讯信息有限公司智能科技
客户所在地: 勇县, 中国
产品信息: 松下 智能窗帘 Advanced (类别: 智能窗帘)
生产商: 松下智能电器
产品价格: 7412.19
评分: 4.8星
评价日期: 2025年10月20日
评价内容: ""作为一个经常使用此类产品的人，这款智能窗帘超出我的预期。尤其是自动升级是我最喜欢的部分。对得起这个价格。""",268,76,CM245,1.8,2026-02-27,907,智能窗帘,松下 智能窗帘 Advanced,万迅电脑信息有限公司科技公司
"客户ID: AY876
客户公司: 精芯传媒有限公司物联网
客户所在地: 武汉市, 中国
产品信息: 松下 智能窗帘 Lite (类别: 智能窗帘)
生产商: 松下智能电器
产品价格: 2277.79
评分: 3.9星
评价日期: 2025年10月15日
评价内容: ""对比了市面上几款同类产品后，这款松下 智能窗帘 Lite也没有特别失望。在工作时时使用体验还不错。并且使用久了会发现一些小问题。期待下一代产品能有所改进。""<ROW_SEP>

客户ID: ZG109
客户公司: 襄樊地球村网络有限公司智能科技
客户所在地: 坤县, 中国
产品信息: 美的 智能窗帘 Max (类别: 智能窗帘)
生产商: 美的智能科技
产品价格: 1836.78
评分: 3.5星
评价日期: 2025年10月15日
评价内容: ""这款智能窗帘一般，节能环保，但是散热问题有点问题。""<ROW_SEP>

客户ID: ZU351
客户公司: 银嘉科技有限公司科技公司
客户所在地: 秀荣市, 中国
产品信息: 华为 智能窗帘 Basic (类别: 智能窗帘)
生产商: 华为智能生活
产品价格: 2259.63
评分: 2.5星
评价日期: 2025年10月10日
评价内容: ""使用一周后出现故障，续航时间短，售后服务也不好。""<ROW_SEP>

客户ID: QJ392
客户公司: 创亿网络有限公司金融科技
客户所在地: 重庆市, 中国
产品信息: 三星 智能窗帘 Basic (类别: 智能窗帘)
生产商: 三星智能家电
产品价格: 9678.27
评分: 3.7星
评价日期: 2025年09月22日
评价内容: ""在做饭时使用还不错，但在其他情况下表现一般。""<ROW_SEP>

客户ID: MZ379
客户公司: 联软传媒有限公司区块链技术
客户所在地: 慧县, 中国
产品信息: 华为 智能窗帘 Basic (类别: 智能窗帘)
生产商: 华为智能生活
产品价格: 2259.63
评分: 4.3星
评价日期: 2025年09月06日
评价内容: ""在早晨起床时使用效果很好，特别是省电模式功能。""<ROW_SEP>

客户ID: FJ947
客户公司: 浙大万朋信息有限公司生物科技
客户所在地: 鑫市, 中国
产品信息: 美的 智能窗帘 Max (类别: 智能窗帘)
生产商: 美的智能科技
产品价格: 1836.78
评分: 1.2星
评价日期: 2025年08月27日
评价内容: ""使用一周后出现故障，耗电量大，售后服务也不好。""<ROW_SEP>

客户ID: PJ659
客户公司: 超艺网络有限公司人工智能
客户所在地: 武汉市, 中国
产品信息: 三星 智能窗帘 Basic (类别: 智能窗帘)
生产商: 三星智能家电
产品价格: 9678.27
评分: 2.7星
评价日期: 2025年08月23日
评价内容: ""收到货后，这款智能窗帘完全不符合预期。使用不到一周就出现了损坏。希望厂家能重视这些问题。""",708,74,AY876,3.9,2025-10-15,952,智能窗帘,松下 智能窗帘 Lite,精芯传媒有限公司物联网
"客户ID: XN875
客户公司: 天开传媒有限公司网络安全
客户所在地: 芳市, 中国
产品信息: 三星 智能窗帘 Basic (类别: 智能窗帘)
生产商: 三星智能家电
产品价格: 9678.27
评分: 1.3星
评价日期: 2025年07月29日
评价内容: ""购买后，这款三星 智能窗帘 Basic很失望。主要问题在于耗电量大。""<ROW_SEP>

客户ID: ZF061
客户公司: 维旺明信息有限公司人工智能
客户所在地: 坤县, 中国
产品信息: 松下 智能窗帘 Advanced (类别: 智能窗帘)
生产商: 松下智能电器
产品价格: 7412.19
评分: 3.0星
评价日期: 2025年07月28日
评价内容: ""这款产品优缺点都有，做工精细，但做工一般。""<ROW_SEP>

客户ID: DX151
客户公司: 易动力信息有限公司物联网
客户所在地: 佛山县, 中国
产品信息: 三星 智能窗帘 Basic (类别: 智能窗帘)
生产商: 三星智能家电
产品价格: 9678.27
评分: 3.1星
评价日期: 2025年07月19日
评价内容: ""总体来说还行，稳定性好，就是音质一般。""<ROW_SEP>

客户ID: FB488
客户公司: 方正科技科技有限公司互联网服务
客户所在地: 宁德市, 中国
产品信息: 美的 智能窗帘 Max (类别: 智能窗帘)
生产商: 美的智能科技
产品价格: 1836.78
评分: 2.5星
评价日期: 2025年07月10日
评价内容: ""我觉得，这款美的 智能窗帘 Max不推荐购买。主要问题在于音质一般。唯一值得称赞的可能就是售后服务态度好。""<ROW_SEP>

客户ID: DX151
客户公司: 易动力信息有限公司物联网
客户所在地: 佛山县, 中国
产品信息: 华为 智能窗帘 Basic (类别: 智能窗帘)
生产商: 华为智能生活
产品价格: 2259.63
评分: 4.7星
评价日期: 2025年07月04日
评价内容: ""非常满意这次购买，功能齐全，送货也很快。""<ROW_SEP>

客户ID: PJ659
客户公司: 超艺网络有限公司人工智能
客户所在地: 武汉市, 中国
产品信息: 松下 智能窗帘 Advanced (类别: 智能窗帘)
生产商: 松下智能电器
产品价格: 7412.19
评分: 2.2星
评价日期: 2025年06月24日
评价内容: ""对这款智能窗帘非常不满意，音质一般，浪费钱。""<ROW_SEP>

客户ID: IP471
客户公司: 银嘉信息有限公司移动应用开发
客户所在地: 荆门市, 中国
产品信息: 美的 智能窗帘 Max (类别: 智能窗帘)
生产商: 美的智能科技
产品价格: 1836.78
评分: 5.0星
评价日期: 2025年06月24日
评价内容: ""这款产品的一键控制特别好用，在户外活动时特别方便。""",326,25,XN875,1.3,2025-07-29,905,智能窗帘,三星 智能窗帘 Basic,天开传媒有限公司网络安全
"客户ID: CA470
客户公司: 南康传媒有限公司生物科技
客户所在地: 贵阳市, 中国
产品信息: 三星 智能窗帘 Standard (类别: 智能窗帘)
生产商: 三星智能家电
产品价格: 2559.17
评分: 2.2星
评价日期: 2025年06月22日
评价内容: ""说实话，这款三星 智能窗帘 Standard不值这个价格。使用不到一周就出现了损坏。这钱花得太冤枉了。""<ROW_SEP>

客户ID: CA470
客户公司: 南康传媒有限公司生物科技
客户所在地: 贵阳市, 中国
产品信息: 华为 智能窗帘 Basic (类别: 智能窗帘)
生产商: 华为智能生活
产品价格: 2259.63
评分: 1.3星
评价日期: 2025年06月10日
评价内容: ""这款产品有严重问题，耗电量大，已经申请退款。""<ROW_SEP>

客户ID: YZ898
客户公司: 通际名联科技有限公司金融科技
客户所在地: 济南市, 中国
产品信息: 三星 智能窗帘 Basic (类别: 智能窗帘)
生产商: 三星智能家电
产品价格: 9678.27
评分: 1.1星
评价日期: 2025年06月07日
评价内容: ""从我的使用体验来看，这款智能窗帘有严重问题。使用不到一周就出现了问题。唯一值得称赞的可能就是送货速度快。已经申请退款了。""<ROW_SEP>

客户ID: DW607
客户公司: 银嘉网络有限公司云计算
客户所在地: 杨县, 中国
产品信息: 三星 智能窗帘 Standard (类别: 智能窗帘)
生产商: 三星智能家电
产品价格: 2559.17
评分: 1.7星
评价日期: 2025年06月05日
评价内容: ""这款产品有严重问题，续航时间短，已经申请退款。""<ROW_SEP>

客户ID: DX151
客户公司: 易动力信息有限公司物联网
客户所在地: 佛山县, 中国
产品信息: 松下 智能窗帘 Advanced (类别: 智能窗帘)
生产商: 松下智能电器
产品价格: 7412.19
评分: 1.5星
评价日期: 2025年06月03日
评价内容: ""不推荐这款智能窗帘，智能化程度低，很失望。""<ROW_SEP>

客户ID: ZV584
客户公司: 维旺明科技有限公司大数据分析
客户所在地: 杭州市, 中国
产品信息: 三星 智能窗帘 Standard (类别: 智能窗帘)
生产商: 三星智能家电
产品价格: 2559.17
评分: 3.5星
评价日期: 2025年06月02日
评价内容: ""总体来说还行，功能齐全，就是耗电量大。""<ROW_SEP>

客户ID: BP732
客户公司: 南康网络有限公司互联网服务
客户所在地: 敏市, 中国
产品信息: 美的 智能窗帘 Max (类别: 智能窗帘)
生产商: 美的智能科技
产品价格: 1836.78
评分: 1.3星
评价日期: 2025年05月27日
评价内容: ""使用一周后出现故障，反应迟钝，售后服务也不好。""",1082,90,CA470,2.2,2025-06-22,929,智能窗帘,三星 智能窗帘 Standard,南康传媒有限公司生物科技
"客户ID: EM821
客户公司: 泰麒麟信息有限公司人工智能
客户所在地: 香港县, 中国
产品信息: 三星 智能窗帘 Basic (类别: 智能窗帘)
生产商: 三星智能家电
产品价格: 9678.27
评分: 2.3星
评价日期: 2025年05月24日
评价内容: ""对比了市面上几款同类产品后，这款三星 智能窗帘 Basic不值这个价格。在早晨起床时完全不能正常工作。唯一值得称赞的可能就是价格便宜。""<ROW_SEP>

客户ID: EA575
客户公司: 襄樊地球村信息有限公司物联网
客户所在地: 丽娟市, 中国
产品信息: 松下 智能窗帘 Advanced (类别: 智能窗帘)
生产商: 松下智能电器
产品价格: 7412.19
评分: 2.9星
评价日期: 2025年05月05日
评价内容: ""在多次对比之后选择了这款，这款智能窗帘很失望。使用不到一周就出现了异常。这钱花得太冤枉了。""<ROW_SEP>

客户ID: HD242
客户公司: 富罳科技有限公司生物科技
客户所在地: 想县, 中国
产品信息: 松下 智能窗帘 Lite (类别: 智能窗帘)
生产商: 松下智能电器
产品价格: 2277.79
评分: 4.4星
评价日期: 2025年04月26日
评价内容: ""这款智能窗帘质量很好，智能化程度高。总体来说很满意。""<ROW_SEP>

客户ID: NU012
客户公司: 商软冠联传媒有限公司智能科技
客户所在地: 太原县, 中国
产品信息: 美的 智能窗帘 Max (类别: 智能窗帘)
生产商: 美的智能科技
产品价格: 1836.78
评分: 4.3星
评价日期: 2025年03月31日
评价内容: ""非常满意这次购买，操作简单，送货也很快。""<ROW_SEP>

客户ID: CA470
客户公司: 南康传媒有限公司生物科技
客户所在地: 贵阳市, 中国
产品信息: 华为 智能窗帘 Basic (类别: 智能窗帘)
生产商: 华为智能生活
产品价格: 2259.63
评分: 2.0星
评价日期: 2025年03月29日
评价内容: ""使用一周后出现故障，操作复杂，售后服务也不好。""<ROW_SEP>

客户ID: FC418
客户公司: 网新恒天网络有限公司生物科技
客户所在地: 秀珍县, 中国
产品信息: 松下 智能窗帘 Lite (类别: 智能窗帘)
生产商: 松下智能电器
产品价格: 2277.79
评分: 4.8星
评价日期: 2025年03月29日
评价内容: ""在工作时时使用效果很好，特别是省电模式功能。""<ROW_SEP>

客户ID: BW289
客户公司: 海创网络有限公司生物科技
客户所在地: 汕尾县, 中国
产品信息: 美的 智能窗帘 Max (类别: 智能窗帘)
生产商: 美的智能科技
产品价格: 1836.78
评分: 4.2星
评价日期: 2025年03月09日
评价内容: ""购买后，这款美的 智能窗帘 Max性价比很高。另外特别适合夜间使用。性价比很高。""",122,25,EM821,2.3,2025-05-24,956,智能窗帘,三星 智能窗帘 Basic,泰麒麟信息有限公司人工智能
"客户ID: YR398
客户公司: 浦华众城信息有限公司虚拟现实
客户所在地: 大冶市, 中国
产品信息: 美的 智能窗帘 Max (类别: 智能窗帘)
生产商: 美的智能科技
产品价格: 1836.78
评分: 3.9星
评价日期: 2025年03月04日
评价内容: ""这款产品优缺点都有，性价比高，但反应迟钝。""<ROW_SEP>

客户ID: CC657
客户公司: 昊嘉信息有限公司信息技术
客户所在地: 军县, 中国
产品信息: 松下 智能窗帘 Advanced (类别: 智能窗帘)
生产商: 松下智能电器
产品价格: 7412.19
评分: 2.5星
评价日期: 2025年02月27日
评价内容: ""使用一周后出现故障，售后服务差，售后服务也不好。""<ROW_SEP>

客户ID: II746
客户公司: 恩悌传媒有限公司虚拟现实
客户所在地: 南昌县, 中国
产品信息: 松下 智能窗帘 Advanced (类别: 智能窗帘)
生产商: 松下智能电器
产品价格: 7412.19
评分: 3.3星
评价日期: 2025年02月24日
评价内容: ""在做饭时使用还不错，但在其他情况下表现一般。""<ROW_SEP>

客户ID: VQ233
客户公司: 和泰信息有限公司信息技术
客户所在地: 成都市, 中国
产品信息: 三星 智能窗帘 Basic (类别: 智能窗帘)
生产商: 三星智能家电
产品价格: 9678.27
评分: 1.0星
评价日期: 2025年02月19日
评价内容: ""对这款智能窗帘非常不满意，售后服务差，浪费钱。""<ROW_SEP>

客户ID: GC846
客户公司: 明腾科技有限公司区块链技术
客户所在地: 石家庄市, 中国
产品信息: 华为 智能窗帘 Basic (类别: 智能窗帘)
生产商: 华为智能生活
产品价格: 2259.63
评分: 4.4星
评价日期: 2025年02月13日
评价内容: ""非常满意这次购买，性价比高，送货也很快。""<ROW_SEP>

客户ID: YR398
客户公司: 浦华众城信息有限公司虚拟现实
客户所在地: 大冶市, 中国
产品信息: 三星 智能窗帘 Basic (类别: 智能窗帘)
生产商: 三星智能家电
产品价格: 9678.27
评分: 1.0星
评价日期: 2025年02月06日
评价内容: ""必须承认，这款智能窗帘不推荐购买。散热问题简直无法忍受。""<ROW_SEP>

客户ID: MG296
客户公司: 浦华众城网络有限公司信息技术
客户所在地: 浩市, 中国
产品信息: 松下 智能窗帘 Lite (类别: 智能窗帘)
生产商: 松下智能电器
产品价格: 2277.79
评分: 4.0星
评价日期: 2025年01月15日
评价内容: ""使用了一个月，安装方便，没有发现任何问题。""",1218,10,YR398,3.9,2025-03-04,882,智能窗帘,美的 智能窗帘 Max,浦华众城信息有限公司虚拟现实
"客户ID: BI759
客户公司: 时空盒数字信息有限公司虚拟现实
客户所在地: 荣市, 中国
产品信息: 美的 智能窗帘 Max (类别: 智能窗帘)
生产商: 美的智能科技
产品价格: 1836.78
评分: 1.1星
评价日期: 2024年12月30日
评价内容: ""信号强度问题很严重，完全不值这个价格。""<ROW_SEP>

客户ID: TO444
客户公司: MBP软件网络有限公司移动应用开发
客户所在地: 辛集市, 中国
产品信息: 三星 智能窗帘 Standard (类别: 智能窗帘)
生产商: 三星智能家电
产品价格: 2559.17
评分: 3.1星
评价日期: 2024年12月21日
评价内容: ""智能窗帘的质量还可以，质量很好，不过安装困难。""<ROW_SEP>

客户ID: MJ814
客户公司: 毕博诚科技有限公司互联网服务
客户所在地: 俊市, 中国
产品信息: 华为 智能窗帘 Basic (类别: 智能窗帘)
生产商: 华为智能生活
产品价格: 2259.63
评分: 1.5星
评价日期: 2024年12月18日
评价内容: ""对这款智能窗帘非常不满意，智能化程度低，浪费钱。""<ROW_SEP>

客户ID: DV182
客户公司: 艾提科信传媒有限公司网络安全
客户所在地: 桂荣市, 中国
产品信息: 美的 智能窗帘 Max (类别: 智能窗帘)
生产商: 美的智能科技
产品价格: 1836.78
评分: 1.5星
评价日期: 2024年12月14日
评价内容: ""作为第一次购买这类产品的新手，这款智能窗帘有严重问题。在早晨起床时完全不能正常工作。""<ROW_SEP>

客户ID: DW607
客户公司: 银嘉网络有限公司云计算
客户所在地: 杨县, 中国
产品信息: 美的 智能窗帘 Max (类别: 智能窗帘)
生产商: 美的智能科技
产品价格: 1836.78
评分: 1.9星
评价日期: 2024年12月09日
评价内容: ""体验下来，这款智能窗帘质量太差。在看电影时时完全不能正常工作。唯一值得称赞的可能就是外观设计还不错。以后不会再考虑这个品牌的产品。""<ROW_SEP>

客户ID: QU287
客户公司: 戴硕电子科技有限公司移动应用开发
客户所在地: 瑜市, 中国
产品信息: 三星 智能窗帘 Standard (类别: 智能窗帘)
生产商: 三星智能家电
产品价格: 2559.17
评分: 1.8星
评价日期: 2024年12月09日
评价内容: ""不推荐这款智能窗帘，音质一般，很失望。""<ROW_SEP>

客户ID: GC890
客户公司: 创联世纪信息有限公司移动应用开发
客户所在地: 福州县, 中国
产品信息: 美的 智能窗帘 Max (类别: 智能窗帘)
生产商: 美的智能科技
产品价格: 1836.78
评分: 1.7星
评价日期: 2024年12月05日
评价内容: ""连接稳定性问题很严重，完全不值这个价格。""",732,10,BI759,1.1,2024-12-30,942,智能窗帘,美的 智能窗帘 Max,时空盒数字信息有限公司虚拟现实
"客户ID: OA831
客户公司: 华泰通安科技有限公司网络安全
客户所在地: 玉梅市, 中国
产品信息: 三星 智能窗帘 Basic (类别: 智能窗帘)
生产商: 三星智能家电
产品价格: 9678.27
评分: 4.2星
评价日期: 2024年12月04日
评价内容: ""使用了一个月，反应灵敏，没有发现任何问题。""<ROW_SEP>

客户ID: MZ379
客户公司: 联软传媒有限公司区块链技术
客户所在地: 慧县, 中国
产品信息: 松下 智能窗帘 Lite (类别: 智能窗帘)
生产商: 松下智能电器
产品价格: 2277.79
评分: 4.5星
评价日期: 2024年11月27日
评价内容: ""不得不说，这款松下 智能窗帘 Lite设计很人性化。和同价位其他产品相比更胜一筹。整体体验不错。""<ROW_SEP>

客户ID: ZV584
客户公司: 维旺明科技有限公司大数据分析
客户所在地: 杭州市, 中国
产品信息: 三星 智能窗帘 Standard (类别: 智能窗帘)
生产商: 三星智能家电
产品价格: 2559.17
评分: 2.0星
评价日期: 2024年11月12日
评价内容: ""使用一周后出现故障，音质一般，售后服务也不好。""<ROW_SEP>

客户ID: TO444
客户公司: MBP软件网络有限公司移动应用开发
客户所在地: 辛集市, 中国
产品信息: 松下 智能窗帘 Lite (类别: 智能窗帘)
生产商: 松下智能电器
产品价格: 2277.79
评分: 4.5星
评价日期: 2024年11月10日
评价内容: ""这款智能窗帘的语音识别功能很实用，操作简单。""<ROW_SEP>

客户ID: ZV584
客户公司: 维旺明科技有限公司大数据分析
客户所在地: 杭州市, 中国
产品信息: 三星 智能窗帘 Basic (类别: 智能窗帘)
生产商: 三星智能家电
产品价格: 9678.27
评分: 1.3星
评价日期: 2024年10月29日
评价内容: ""电池寿命问题很严重，完全不值这个价格。""<ROW_SEP>

客户ID: BF338
客户公司: 天开网络有限公司金融科技
客户所在地: 南宁市, 中国
产品信息: 三星 智能窗帘 Standard (类别: 智能窗帘)
生产商: 三星智能家电
产品价格: 2559.17
评分: 4.1星
评价日期: 2024年10月12日
评价内容: ""在看电影时时使用效果很好，特别是快速启动功能。""<ROW_SEP>

客户ID: EB652
客户公司: 凌云信息有限公司虚拟现实
客户所在地: 秀珍县, 中国
产品信息: 松下 智能窗帘 Advanced (类别: 智能窗帘)
生产商: 松下智能电器
产品价格: 7412.19
评分: 2.6星
评价日期: 2024年10月07日
评价内容: ""不推荐这款智能窗帘，音质一般，很失望。""",799,25,OA831,4.2,2024-12-04,896,智能窗帘,三星 智能窗帘 Basic,华泰通安科技有限公司网络安全
"客户ID: GR729
客户公司: 中建创业网络有限公司移动应用开发
客户所在地: 辽阳县, 中国
产品信息: 华为 智能窗帘 Basic (类别: 智能窗帘)
生产商: 华为智能生活
产品价格: 2259.63
评分: 2.9星
评价日期: 2024年09月17日
评价内容: ""电池寿命问题很严重，完全不值这个价格。""<ROW_SEP>

客户ID: TE207
客户公司: 新宇龙信息传媒有限公司人工智能
客户所在地: 张家港市, 中国
产品信息: 美的 智能窗帘 Max (类别: 智能窗帘)
生产商: 美的智能科技
产品价格: 1836.78
评分: 4.6星
评价日期: 2024年09月14日
评价内容: ""使用了一个月，外观漂亮，没有发现任何问题。""<ROW_SEP>

客户ID: AD089
客户公司: 创亿网络有限公司移动应用开发
客户所在地: 楠市, 中国
产品信息: 华为 智能窗帘 Basic (类别: 智能窗帘)
生产商: 华为智能生活
产品价格: 2259.63
评分: 4.6星
评价日期: 2024年08月28日
评价内容: ""这是我用过的最好的智能窗帘之一，音质出色，性价比很高。""<ROW_SEP>

客户ID: FB488
客户公司: 方正科技科技有限公司互联网服务
客户所在地: 宁德市, 中国
产品信息: 美的 智能窗帘 Max (类别: 智能窗帘)
生产商: 美的智能科技
产品价格: 1836.78
评分: 2.2星
评价日期: 2024年08月11日
评价内容: ""不推荐这款智能窗帘，安装困难，很失望。""<ROW_SEP>

客户ID: QI779
客户公司: 合联电子科技有限公司网络安全
客户所在地: 沈阳县, 中国
产品信息: 美的 智能窗帘 Max (类别: 智能窗帘)
生产商: 美的智能科技
产品价格: 1836.78
评分: 2.3星
评价日期: 2024年08月05日
评价内容: ""对这款智能窗帘非常不满意，安装困难，浪费钱。""<ROW_SEP>

客户ID: VH856
客户公司: 鑫博腾飞科技有限公司电子商务
客户所在地: 英县, 中国
产品信息: 三星 智能窗帘 Basic (类别: 智能窗帘)
生产商: 三星智能家电
产品价格: 9678.27
评分: 1.2星
评价日期: 2024年07月10日
评价内容: ""使用一周后出现故障，价格偏高，售后服务也不好。""<ROW_SEP>

客户ID: QU287
客户公司: 戴硕电子科技有限公司移动应用开发
客户所在地: 瑜市, 中国
产品信息: 华为 智能窗帘 Basic (类别: 智能窗帘)
生产商: 华为智能生活
产品价格: 2259.63
评分: 1.7星
评价日期: 2024年07月04日
评价内容: ""使用一周后出现故障，续航时间短，售后服务也不好。""",427,60,GR729,2.9,2024-09-17,890,智能窗帘,华为 智能窗帘 Basic,中建创业网络有限公司移动应用开发
"客户ID: GC846
客户公司: 明腾科技有限公司区块链技术
客户所在地: 石家庄市, 中国
产品信息: 松下 智能窗帘 Advanced (类别: 智能窗帘)
生产商: 松下智能电器
产品价格: 7412.19
评分: 1.5星
评价日期: 2024年06月24日
评价内容: ""这款产品有严重问题，兼容性差，已经申请退款。""<ROW_SEP>

客户ID: FA862
客户公司: 方正科技网络有限公司云计算
客户所在地: 潮州县, 中国
产品信息: 三星 智能窗帘 Standard (类别: 智能窗帘)
生产商: 三星智能家电
产品价格: 2559.17
评分: 3.3星
评价日期: 2024年06月07日
评价内容: ""这款产品优缺点都有，性价比高，但续航时间短。""<ROW_SEP>

客户ID: DV182
客户公司: 艾提科信传媒有限公司网络安全
客户所在地: 桂荣市, 中国
产品信息: 三星 智能窗帘 Basic (类别: 智能窗帘)
生产商: 三星智能家电
产品价格: 9678.27
评分: 3.2星
评价日期: 2024年06月06日
评价内容: ""总体来说还行，节能环保，就是价格偏高。""",456,76,GC846,1.5,2024-06-24,373,智能窗帘,松下 智能窗帘 Advanced,明腾科技有限公司区块链技术
"客户ID: MR129
客户公司: 太极信息有限公司互联网服务
客户所在地: 海门市, 中国
产品信息: 亚马逊 智能门铃 Max (类别: 智能门铃)
生产商: 亚马逊智能科技
产品价格: 3226.81
评分: 2.3星
评价日期: 2025年09月29日
评价内容: ""使用一周后出现故障，耗电量大，售后服务也不好。""<ROW_SEP>

客户ID: EK253
客户公司: 兰金电子科技有限公司区块链技术
客户所在地: 南昌市, 中国
产品信息: 亚马逊 智能门铃 Max (类别: 智能门铃)
生产商: 亚马逊智能科技
产品价格: 3226.81
评分: 3.6星
评价日期: 2025年08月02日
评价内容: ""智能门铃的质量还可以，质量很好，不过做工一般。""<ROW_SEP>

客户ID: LB704
客户公司: 群英信息有限公司金融科技
客户所在地: 昆明县, 中国
产品信息: 亚马逊 智能门铃 Max (类别: 智能门铃)
生产商: 亚马逊智能科技
产品价格: 3226.81
评分: 4.5星
评价日期: 2025年07月25日
评价内容: ""在早晨起床时使用效果很好，特别是省电模式功能。""<ROW_SEP>

客户ID: WB209
客户公司: 维涛传媒有限公司云计算
客户所在地: 秀华县, 中国
产品信息: 亚马逊 智能门铃 Max (类别: 智能门铃)
生产商: 亚马逊智能科技
产品价格: 3226.81
评分: 2.6星
评价日期: 2025年04月03日
评价内容: ""不推荐这款智能门铃，续航时间短，很失望。""<ROW_SEP>

客户ID: PV664
客户公司: 毕博诚信息有限公司信息技术
客户所在地: 柳州县, 中国
产品信息: 亚马逊 智能门铃 Max (类别: 智能门铃)
生产商: 亚马逊智能科技
产品价格: 3226.81
评分: 3.9星
评价日期: 2025年01月25日
评价内容: ""在晚上睡前使用还不错，但在其他情况下表现一般。""<ROW_SEP>

客户ID: VH856
客户公司: 鑫博腾飞科技有限公司电子商务
客户所在地: 英县, 中国
产品信息: 亚马逊 智能门铃 Max (类别: 智能门铃)
生产商: 亚马逊智能科技
产品价格: 3226.81
评分: 3.6星
评价日期: 2025年01月06日
评价内容: ""这款产品优缺点都有，反应灵敏，但安装困难。""<ROW_SEP>

客户ID: DH200
客户公司: 盟新传媒有限公司大数据分析
客户所在地: 辽阳县, 中国
产品信息: 亚马逊 智能门铃 Max (类别: 智能门铃)
生产商: 亚马逊智能科技
产品价格: 3226.81
评分: 1.8星
评价日期: 2024年12月17日
评价内容: ""必须承认，这款亚马逊 智能门铃 Max质量太差。使用不到一周就出现了问题。""",518,35,MR129,2.3,2025-09-29,903,智能门铃,亚马逊 智能门铃 Max,太极信息有限公司互联网服务
"客户ID: AY876
客户公司: 精芯传媒有限公司物联网
客户所在地: 武汉市, 中国
产品信息: 亚马逊 智能门铃 Max (类别: 智能门铃)
生产商: 亚马逊智能科技
产品价格: 3226.81
评分: 3.6星
评价日期: 2024年11月11日
评价内容: ""在晚上睡前使用还不错，但在其他情况下表现一般。""<ROW_SEP>

客户ID: TB616
客户公司: 晖来计算机网络有限公司虚拟现实
客户所在地: 梅县, 中国
产品信息: 亚马逊 智能门铃 Max (类别: 智能门铃)
生产商: 亚马逊智能科技
产品价格: 3226.81
评分: 1.1星
评价日期: 2024年09月29日
评价内容: ""信号强度问题很严重，完全不值这个价格。""<ROW_SEP>

客户ID: ZU351
客户公司: 银嘉科技有限公司科技公司
客户所在地: 秀荣市, 中国
产品信息: 亚马逊 智能门铃 Max (类别: 智能门铃)
生产商: 亚马逊智能科技
产品价格: 3226.81
评分: 4.7星
评价日期: 2024年06月29日
评价内容: ""购买后，这款亚马逊 智能门铃 Max值得推荐。此外在工作时时表现尤为出色。如果非要说缺点的话，可能就是操作复杂。推荐给有需要的朋友。""<ROW_SEP>

客户ID: II746
客户公司: 恩悌传媒有限公司虚拟现实
客户所在地: 南昌县, 中国
产品信息: 亚马逊 智能门铃 Max (类别: 智能门铃)
生产商: 亚马逊智能科技
产品价格: 3226.81
评分: 1.6星
评价日期: 2024年06月19日
评价内容: ""不推荐这款智能门铃，功能单一，很失望。""<ROW_SEP>

客户ID: GL926
客户公司: 时空盒数字传媒有限公司大数据分析
客户所在地: 巢湖市, 中国
产品信息: 亚马逊 智能门铃 Max (类别: 智能门铃)
生产商: 亚马逊智能科技
产品价格: 3226.81
评分: 4.8星
评价日期: 2024年06月12日
评价内容: ""这款智能门铃质量很好，稳定性好。总体来说很满意。""",488,35,AY876,3.6,2024-11-11,673,智能门铃,亚马逊 智能门铃 Max,精芯传媒有限公司物联网
"客户ID: RY572
客户公司: 中建创业信息有限公司虚拟现实
客户所在地: 冬梅县, 中国
产品信息: 小米 智能门锁 Mini (类别: 智能门锁)
生产商: 小米智能家居
产品价格: 4624.66
评分: 1.3星
评价日期: 2026年06月03日
评价内容: ""必须承认，这款智能门锁有严重问题。主要问题在于耗电量大。""<ROW_SEP>

客户ID: VC531
客户公司: 九方传媒有限公司生物科技
客户所在地: 六盘水市, 中国
产品信息: 苹果 智能门锁 Plus (类别: 智能门锁)
生产商: 苹果智能家庭
产品价格: 8194.53
评分: 4.4星
评价日期: 2026年05月25日
评价内容: ""使用后感觉，这款苹果 智能门锁 Plus非常满意。和官方展示的有差距。如果非要说缺点的话，价格稍微贵了一点。总体来说还是很满意的。""<ROW_SEP>

客户ID: JT617
客户公司: 时空盒数字信息有限公司智能科技
客户所在地: 郑州县, 中国
产品信息: 亚马逊 智能门锁 Max (类别: 智能门锁)
生产商: 亚马逊智能科技
产品价格: 1413.9
评分: 3.3星
评价日期: 2026年05月18日
评价内容: ""用了一段时间，这款智能门锁性价比一般。优点是反应灵敏。不过散热问题有点问题。整体体验不错。""<ROW_SEP>

客户ID: WQ849
客户公司: 开发区世创科技有限公司科技公司
客户所在地: 嘉禾市, 中国
产品信息: 苹果 智能门锁 Pro (类别: 智能门锁)
生产商: 苹果智能家庭
产品价格: 815.71
评分: 3.0星
评价日期: 2026年05月17日
评价内容: ""这款产品优缺点都有，音质出色，但画质模糊。""<ROW_SEP>

客户ID: DV182
客户公司: 艾提科信传媒有限公司网络安全
客户所在地: 桂荣市, 中国
产品信息: 苹果 智能门锁 Pro (类别: 智能门锁)
生产商: 苹果智能家庭
产品价格: 815.71
评分: 2.8星
评价日期: 2026年05月14日
评价内容: ""坦白讲，这款苹果 智能门锁 Pro使用体验很差。噪音控制简直无法忍受。唯一值得称赞的可能就是外观设计还不错。不推荐任何人购买。""<ROW_SEP>

客户ID: XW046
客户公司: 鑫博腾飞信息有限公司智能科技
客户所在地: 兴安盟市, 中国
产品信息: 小米 智能门锁 Mini (类别: 智能门锁)
生产商: 小米智能家居
产品价格: 4624.66
评分: 5.0星
评价日期: 2026年04月27日
评价内容: ""这款产品的定时功能特别好用，在夜间使用时特别方便。""",655,11,RY572,1.3,2026-06-03,868,智能门锁,小米 智能门锁 Mini,中建创业信息有限公司虚拟现实
"客户ID: CZ861
客户公司: 合联电子科技有限公司信息技术
客户所在地: 荣市, 中国
产品信息: 亚马逊 智能门锁 Max (类别: 智能门锁)
生产商: 亚马逊智能科技
产品价格: 1413.9
评分: 4.7星
评价日期: 2026年04月09日
评价内容: ""用了一段时间，这款亚马逊 智能门锁 Max非常满意。同时静音设计设计很贴心。和广告宣传的一样好。有点贵了，但质量确实好。""<ROW_SEP>

客户ID: WY218
客户公司: 飞海科技传媒有限公司信息技术
客户所在地: 济南市, 中国
产品信息: 苹果 智能门锁 Pro (类别: 智能门锁)
生产商: 苹果智能家庭
产品价格: 815.71
评分: 4.1星
评价日期: 2026年04月04日
评价内容: ""智能门锁的设计很人性化，兼容性强，值得推荐。""<ROW_SEP>

客户ID: RG743
客户公司: 快讯信息有限公司智能科技
客户所在地: 勇县, 中国
产品信息: 小米 智能门锁 Mini (类别: 智能门锁)
生产商: 小米智能家居
产品价格: 4624.66
评分: 2.4星
评价日期: 2026年03月21日
评价内容: ""使用一周后出现故障，价格偏高，售后服务也不好。""<ROW_SEP>

客户ID: CZ861
客户公司: 合联电子科技有限公司信息技术
客户所在地: 荣市, 中国
产品信息: 苹果 智能门锁 Pro (类别: 智能门锁)
生产商: 苹果智能家庭
产品价格: 815.71
评分: 1.3星
评价日期: 2026年02月15日
评价内容: ""噪音控制问题很严重，完全不值这个价格。""<ROW_SEP>

客户ID: ZU351
客户公司: 银嘉科技有限公司科技公司
客户所在地: 秀荣市, 中国
产品信息: 美的 智能门锁 Mini (类别: 智能门锁)
生产商: 美的智能科技
产品价格: 5323.58
评分: 2.7星
评价日期: 2026年01月26日
评价内容: ""我觉得，这款美的 智能门锁 Mini质量太差。使用不到一周就出现了异常。唯一值得称赞的可能就是售后服务态度好。这钱花得太冤枉了。""<ROW_SEP>

客户ID: IK721
客户公司: 诺依曼软件传媒有限公司物联网
客户所在地: 华市, 中国
产品信息: 苹果 智能门锁 Plus (类别: 智能门锁)
生产商: 苹果智能家庭
产品价格: 8194.53
评分: 2.6星
评价日期: 2026年01月21日
评价内容: ""使用一周后出现故障，功能单一，售后服务也不好。""<ROW_SEP>

客户ID: BW289
客户公司: 海创网络有限公司生物科技
客户所在地: 汕尾县, 中国
产品信息: 美的 智能门锁 Mini (类别: 智能门锁)
生产商: 美的智能科技
产品价格: 5323.58
评分: 1.3星
评价日期: 2026年01月08日
评价内容: ""个人认为，这款智能门锁不推荐购买。在看电影时时完全不能正常工作。已经申请退款了。""",379,81,CZ861,4.7,2026-04-09,965,智能门锁,亚马逊 智能门锁 Max,合联电子科技有限公司信息技术
"客户ID: ZH741
客户公司: 巨奥科技有限公司信息技术
客户所在地: 峰县, 中国
产品信息: 美的 智能门锁 Mini (类别: 智能门锁)
生产商: 美的智能科技
产品价格: 5323.58
评分: 1.6星
评价日期: 2026年01月03日
评价内容: ""个人认为，这款美的 智能门锁 Mini使用体验很差。主要问题在于功能单一。唯一值得称赞的可能就是售后服务态度好。""<ROW_SEP>

客户ID: NQ176
客户公司: 图龙信息传媒有限公司数字科技
客户所在地: 南昌市, 中国
产品信息: 亚马逊 智能门锁 Max (类别: 智能门锁)
生产商: 亚马逊智能科技
产品价格: 1413.9
评分: 3.1星
评价日期: 2025年12月05日
评价内容: ""总体来说还行，安装方便，就是安装困难。""<ROW_SEP>

客户ID: PC764
客户公司: 恒聪百汇传媒有限公司虚拟现实
客户所在地: 重庆市, 中国
产品信息: 小米 智能门锁 Mini (类别: 智能门锁)
生产商: 小米智能家居
产品价格: 4624.66
评分: 3.8星
评价日期: 2025年11月30日
评价内容: ""总体来说还行，续航时间长，就是价格偏高。""<ROW_SEP>

客户ID: WN094
客户公司: 菊风公司传媒有限公司数字科技
客户所在地: 秀梅市, 中国
产品信息: 苹果 智能门锁 Pro (类别: 智能门锁)
生产商: 苹果智能家庭
产品价格: 815.71
评分: 2.3星
评价日期: 2025年11月13日
评价内容: ""对这款智能门锁非常不满意，耗电量大，浪费钱。""<ROW_SEP>

客户ID: ZH741
客户公司: 巨奥科技有限公司信息技术
客户所在地: 峰县, 中国
产品信息: 小米 智能门锁 Mini (类别: 智能门锁)
生产商: 小米智能家居
产品价格: 4624.66
评分: 1.8星
评价日期: 2025年11月09日
评价内容: ""这款产品有严重问题，续航时间短，已经申请退款。""<ROW_SEP>

客户ID: NU711
客户公司: 易动力科技有限公司人工智能
客户所在地: 桂兰县, 中国
产品信息: 亚马逊 智能门锁 Max (类别: 智能门锁)
生产商: 亚马逊智能科技
产品价格: 1413.9
评分: 2.2星
评价日期: 2025年11月05日
评价内容: ""对这款智能门锁非常不满意，智能化程度低，浪费钱。""<ROW_SEP>

客户ID: GJ116
客户公司: 良诺信息有限公司生物科技
客户所在地: 红市, 中国
产品信息: 苹果 智能门锁 Pro (类别: 智能门锁)
生产商: 苹果智能家庭
产品价格: 815.71
评分: 4.4星
评价日期: 2025年10月19日
评价内容: ""这款产品的一键控制特别好用，在夜间使用时特别方便。""",55,18,ZH741,1.6,2026-01-03,909,智能门锁,美的 智能门锁 Mini,巨奥科技有限公司信息技术
"客户ID: IK721
客户公司: 诺依曼软件传媒有限公司物联网
客户所在地: 华市, 中国
产品信息: 小米 智能门锁 Mini (类别: 智能门锁)
生产商: 小米智能家居
产品价格: 4624.66
评分: 3.8星
评价日期: 2025年10月18日
评价内容: ""这款产品优缺点都有，操作简单，但价格偏高。""<ROW_SEP>

客户ID: PJ659
客户公司: 超艺网络有限公司人工智能
客户所在地: 武汉市, 中国
产品信息: 小米 智能门锁 Mini (类别: 智能门锁)
生产商: 小米智能家居
产品价格: 4624.66
评分: 4.4星
评价日期: 2025年10月05日
评价内容: ""这款智能门锁的智能学习功能很实用，音质出色。""<ROW_SEP>

客户ID: VQ233
客户公司: 和泰信息有限公司信息技术
客户所在地: 成都市, 中国
产品信息: 苹果 智能门锁 Pro (类别: 智能门锁)
生产商: 苹果智能家庭
产品价格: 815.71
评分: 3.3星
评价日期: 2025年10月02日
评价内容: ""这款产品优缺点都有，性价比高，但智能化程度低。""<ROW_SEP>

客户ID: YZ898
客户公司: 通际名联科技有限公司金融科技
客户所在地: 济南市, 中国
产品信息: 小米 智能门锁 Mini (类别: 智能门锁)
生产商: 小米智能家居
产品价格: 4624.66
评分: 3.3星
评价日期: 2025年09月16日
评价内容: ""这款产品优缺点都有，做工精细，但画质模糊。""<ROW_SEP>

客户ID: VC531
客户公司: 九方传媒有限公司生物科技
客户所在地: 六盘水市, 中国
产品信息: 苹果 智能门锁 Plus (类别: 智能门锁)
生产商: 苹果智能家庭
产品价格: 8194.53
评分: 2.5星
评价日期: 2025年08月17日
评价内容: ""这款产品有严重问题，安装困难，已经申请退款。""<ROW_SEP>

客户ID: FC418
客户公司: 网新恒天网络有限公司生物科技
客户所在地: 秀珍县, 中国
产品信息: 美的 智能门锁 Mini (类别: 智能门锁)
生产商: 美的智能科技
产品价格: 5323.58
评分: 3.2星
评价日期: 2025年08月04日
评价内容: ""试用了几天，这款智能门锁也没有特别失望。在夏天使用时，远程控制表现不错。最重要的是噪音控制有点问题。推荐给有需要的朋友。""<ROW_SEP>

客户ID: GJ116
客户公司: 良诺信息有限公司生物科技
客户所在地: 红市, 中国
产品信息: 美的 智能门锁 Mini (类别: 智能门锁)
生产商: 美的智能科技
产品价格: 5323.58
评分: 1.1星
评价日期: 2025年07月27日
评价内容: ""这款产品有严重问题，耗电量大，已经申请退款。""",401,11,IK721,3.8,2025-10-18,913,智能门锁,小米 智能门锁 Mini,诺依曼软件传媒有限公司物联网
"客户ID: AK874
客户公司: 昊嘉信息有限公司区块链技术
客户所在地: 雷市, 中国
产品信息: 小米 智能门锁 Mini (类别: 智能门锁)
生产商: 小米智能家居
产品价格: 4624.66
评分: 1.7星
评价日期: 2025年06月28日
评价内容: ""对这款智能门锁非常不满意，画质模糊，浪费钱。""<ROW_SEP>

客户ID: WQ849
客户公司: 开发区世创科技有限公司科技公司
客户所在地: 嘉禾市, 中国
产品信息: 美的 智能门锁 Mini (类别: 智能门锁)
生产商: 美的智能科技
产品价格: 5323.58
评分: 2.1星
评价日期: 2025年06月20日
评价内容: ""坦白讲，这款美的 智能门锁 Mini质量太差。使用不到一周就出现了问题。这钱花得太冤枉了。""<ROW_SEP>

客户ID: AW347
客户公司: 鸿睿思博传媒有限公司智能科技
客户所在地: 武汉市, 中国
产品信息: 苹果 智能门锁 Pro (类别: 智能门锁)
生产商: 苹果智能家庭
产品价格: 815.71
评分: 4.3星
评价日期: 2025年06月05日
评价内容: ""非常满意这次购买，兼容性强，送货也很快。""<ROW_SEP>

客户ID: ZG109
客户公司: 襄樊地球村网络有限公司智能科技
客户所在地: 坤县, 中国
产品信息: 小米 智能门锁 Mini (类别: 智能门锁)
生产商: 小米智能家居
产品价格: 4624.66
评分: 1.3星
评价日期: 2025年05月27日
评价内容: ""老实讲，这款智能门锁性价比极低。主要问题在于耗电量大。这钱花得太冤枉了。""<ROW_SEP>

客户ID: CC657
客户公司: 昊嘉信息有限公司信息技术
客户所在地: 军县, 中国
产品信息: 小米 智能门锁 Mini (类别: 智能门锁)
生产商: 小米智能家居
产品价格: 4624.66
评分: 2.3星
评价日期: 2025年05月12日
评价内容: ""不推荐这款智能门锁，音质一般，很失望。""<ROW_SEP>

客户ID: ZV584
客户公司: 维旺明科技有限公司大数据分析
客户所在地: 杭州市, 中国
产品信息: 亚马逊 智能门锁 Max (类别: 智能门锁)
生产商: 亚马逊智能科技
产品价格: 1413.9
评分: 4.8星
评价日期: 2025年05月07日
评价内容: ""说实话，这款智能门锁真的很不错。最让我失望的是智能场景是我最喜欢的部分。在同价位产品中表现最好。不太推荐购买。""<ROW_SEP>

客户ID: QT258
客户公司: 商软冠联传媒有限公司大数据分析
客户所在地: 玉珍县, 中国
产品信息: 苹果 智能门锁 Pro (类别: 智能门锁)
生产商: 苹果智能家庭
产品价格: 815.71
评分: 3.7星
评价日期: 2025年04月18日
评价内容: ""智能门锁的质量还可以，做工精细，不过售后服务差。""",1046,11,AK874,1.7,2025-06-28,946,智能门锁,小米 智能门锁 Mini,昊嘉信息有限公司区块链技术
"客户ID: XA075
客户公司: 网新恒天科技有限公司数字科技
客户所在地: 秀梅县, 中国
产品信息: 亚马逊 智能门锁 Max (类别: 智能门锁)
生产商: 亚马逊智能科技
产品价格: 1413.9
评分: 2.0星
评价日期: 2025年04月15日
评价内容: ""对这款智能门锁非常不满意，续航时间短，浪费钱。""<ROW_SEP>

客户ID: CM245
客户公司: 万迅电脑信息有限公司科技公司
客户所在地: 洋县, 中国
产品信息: 小米 智能门锁 Mini (类别: 智能门锁)
生产商: 小米智能家居
产品价格: 4624.66
评分: 3.3星
评价日期: 2025年04月04日
评价内容: ""总体来说还行，稳定性好，就是智能化程度低。""<ROW_SEP>

客户ID: AY876
客户公司: 精芯传媒有限公司物联网
客户所在地: 武汉市, 中国
产品信息: 苹果 智能门锁 Pro (类别: 智能门锁)
生产商: 苹果智能家庭
产品价格: 815.71
评分: 4.5星
评价日期: 2025年03月29日
评价内容: ""在晚上睡前时使用效果很好，特别是高清画质功能。""<ROW_SEP>

客户ID: DH200
客户公司: 盟新传媒有限公司大数据分析
客户所在地: 辽阳县, 中国
产品信息: 亚马逊 智能门锁 Max (类别: 智能门锁)
生产商: 亚马逊智能科技
产品价格: 1413.9
评分: 4.8星
评价日期: 2025年03月23日
评价内容: ""这款产品的智能场景特别好用，在夜间使用时特别方便。""<ROW_SEP>

客户ID: FB488
客户公司: 方正科技科技有限公司互联网服务
客户所在地: 宁德市, 中国
产品信息: 亚马逊 智能门锁 Max (类别: 智能门锁)
生产商: 亚马逊智能科技
产品价格: 1413.9
评分: 2.6星
评价日期: 2025年03月12日
评价内容: ""这款产品有严重问题，耗电量大，已经申请退款。""<ROW_SEP>

客户ID: EU335
客户公司: 济南亿次元网络有限公司科技公司
客户所在地: 巢湖市, 中国
产品信息: 美的 智能门锁 Mini (类别: 智能门锁)
生产商: 美的智能科技
产品价格: 5323.58
评分: 4.0星
评价日期: 2025年02月07日
评价内容: ""这款产品的定时功能特别好用，在夜间使用时特别方便。""<ROW_SEP>

客户ID: QU287
客户公司: 戴硕电子科技有限公司移动应用开发
客户所在地: 瑜市, 中国
产品信息: 苹果 智能门锁 Plus (类别: 智能门锁)
生产商: 苹果智能家庭
产品价格: 8194.53
评分: 2.0星
评价日期: 2025年01月13日
评价内容: ""老实讲，这款苹果 智能门锁 Plus很失望。噪音控制简直无法忍受。""",931,81,XA075,2.0,2025-04-15,902,智能门锁,亚马逊 智能门锁 Max,网新恒天科技有限公司数字科技
"客户ID: TW751
客户公司: 图龙信息网络有限公司云计算
客户所在地: 宁德市, 中国
产品信息: 小米 智能门锁 Mini (类别: 智能门锁)
生产商: 小米智能家居
产品价格: 4624.66
评分: 1.0星
评价日期: 2024年12月23日
评价内容: ""在多次对比之后选择了这款，这款智能门锁功能实现得很糟糕。使用不到一周就出现了失灵。这钱花得太冤枉了。""<ROW_SEP>

客户ID: FJ947
客户公司: 浙大万朋信息有限公司生物科技
客户所在地: 鑫市, 中国
产品信息: 美的 智能门锁 Mini (类别: 智能门锁)
生产商: 美的智能科技
产品价格: 5323.58
评分: 2.7星
评价日期: 2024年12月16日
评价内容: ""连接稳定性问题很严重，完全不值这个价格。""<ROW_SEP>

客户ID: EM821
客户公司: 泰麒麟信息有限公司人工智能
客户所在地: 香港县, 中国
产品信息: 美的 智能门锁 Mini (类别: 智能门锁)
生产商: 美的智能科技
产品价格: 5323.58
评分: 4.3星
评价日期: 2024年11月19日
评价内容: ""这是我用过的最好的智能门锁之一，兼容性强，性价比很高。""<ROW_SEP>

客户ID: FB488
客户公司: 方正科技科技有限公司互联网服务
客户所在地: 宁德市, 中国
产品信息: 小米 智能门锁 Mini (类别: 智能门锁)
生产商: 小米智能家居
产品价格: 4624.66
评分: 2.6星
评价日期: 2024年11月19日
评价内容: ""不得不说，这款小米 智能门锁 Mini性价比极低。在做饭时时完全不能正常工作。不推荐任何人购买。""<ROW_SEP>

客户ID: NU711
客户公司: 易动力科技有限公司人工智能
客户所在地: 桂兰县, 中国
产品信息: 小米 智能门锁 Mini (类别: 智能门锁)
生产商: 小米智能家居
产品价格: 4624.66
评分: 4.1星
评价日期: 2024年11月12日
评价内容: ""个人认为，这款智能门锁功能很强大。让我惊喜的是语音识别功能特别实用。如果非要说缺点的话，可能就是做工一般。总体来说还是很满意的。""<ROW_SEP>

客户ID: KM929
客户公司: 迪摩科技有限公司电子商务
客户所在地: 福州县, 中国
产品信息: 美的 智能门锁 Mini (类别: 智能门锁)
生产商: 美的智能科技
产品价格: 5323.58
评分: 1.4星
评价日期: 2024年10月09日
评价内容: ""这款产品有严重问题，售后服务差，已经申请退款。""<ROW_SEP>

客户ID: QL573
客户公司: 维涛科技有限公司网络安全
客户所在地: 永安市, 中国
产品信息: 苹果 智能门锁 Pro (类别: 智能门锁)
生产商: 苹果智能家庭
产品价格: 815.71
评分: 4.4星
评价日期: 2024年10月07日
评价内容: ""这款产品的智能场景特别好用，在夜间使用时特别方便。""",693,11,TW751,1.0,2024-12-23,976,智能门锁,小米 智能门锁 Mini,图龙信息网络有限公司云计算
"客户ID: MR129
客户公司: 太极信息有限公司互联网服务
客户所在地: 海门市, 中国
产品信息: 美的 智能门锁 Mini (类别: 智能门锁)
生产商: 美的智能科技
产品价格: 5323.58
评分: 2.9星
评价日期: 2024年09月25日
评价内容: ""使用后感觉，这款智能门锁完全不符合预期。主要问题在于价格偏高。这钱花得太冤枉了。""<ROW_SEP>

客户ID: VX147
客户公司: 东方峻景传媒有限公司金融科技
客户所在地: 海门县, 中国
产品信息: 美的 智能门锁 Mini (类别: 智能门锁)
生产商: 美的智能科技
产品价格: 5323.58
评分: 4.7星
评价日期: 2024年09月24日
评价内容: ""在做饭时时使用效果很好，特别是静音设计功能。""<ROW_SEP>

客户ID: CZ861
客户公司: 合联电子科技有限公司信息技术
客户所在地: 荣市, 中国
产品信息: 小米 智能门锁 Mini (类别: 智能门锁)
生产商: 小米智能家居
产品价格: 4624.66
评分: 1.7星
评价日期: 2024年09月18日
评价内容: ""不推荐这款智能门锁，价格偏高，很失望。""<ROW_SEP>

客户ID: DV182
客户公司: 艾提科信传媒有限公司网络安全
客户所在地: 桂荣市, 中国
产品信息: 小米 智能门锁 Mini (类别: 智能门锁)
生产商: 小米智能家居
产品价格: 4624.66
评分: 3.8星
评价日期: 2024年09月17日
评价内容: ""在做饭时使用还不错，但在其他情况下表现一般。""<ROW_SEP>

客户ID: XA254
客户公司: 易动力信息有限公司物联网
客户所在地: 齐齐哈尔市, 中国
产品信息: 小米 智能门锁 Mini (类别: 智能门锁)
生产商: 小米智能家居
产品价格: 4624.66
评分: 1.7星
评价日期: 2024年08月17日
评价内容: ""对这款智能门锁非常不满意，操作复杂，浪费钱。""<ROW_SEP>

客户ID: EM821
客户公司: 泰麒麟信息有限公司人工智能
客户所在地: 香港县, 中国
产品信息: 苹果 智能门锁 Plus (类别: 智能门锁)
生产商: 苹果智能家庭
产品价格: 8194.53
评分: 1.7星
评价日期: 2024年08月01日
评价内容: ""在多次对比之后选择了这款，这款智能门锁功能实现得很糟糕。在工作时时完全不能正常工作。希望厂家能重视这些问题。""<ROW_SEP>

客户ID: ZH741
客户公司: 巨奥科技有限公司信息技术
客户所在地: 峰县, 中国
产品信息: 小米 智能门锁 Mini (类别: 智能门锁)
生产商: 小米智能家居
产品价格: 4624.66
评分: 3.7星
评价日期: 2024年07月30日
评价内容: ""总体来说还行，做工精细，就是画质模糊。""",873,18,MR129,2.9,2024-09-25,923,智能门锁,美的 智能门锁 Mini,太极信息有限公司互联网服务
"客户ID: HD242
客户公司: 富罳科技有限公司生物科技
客户所在地: 想县, 中国
产品信息: 美的 智能门锁 Mini (类别: 智能门锁)
生产商: 美的智能科技
产品价格: 5323.58
评分: 2.6星
评价日期: 2024年07月26日
评价内容: ""不推荐这款智能门锁，稳定性差，很失望。""<ROW_SEP>

客户ID: AY876
客户公司: 精芯传媒有限公司物联网
客户所在地: 武汉市, 中国
产品信息: 苹果 智能门锁 Pro (类别: 智能门锁)
生产商: 苹果智能家庭
产品价格: 815.71
评分: 1.2星
评价日期: 2024年07月21日
评价内容: ""噪音控制问题很严重，完全不值这个价格。""<ROW_SEP>

客户ID: WW556
客户公司: 商软冠联网络有限公司信息技术
客户所在地: 梅市, 中国
产品信息: 苹果 智能门锁 Plus (类别: 智能门锁)
生产商: 苹果智能家庭
产品价格: 8194.53
评分: 2.5星
评价日期: 2024年07月05日
评价内容: ""这款产品有严重问题，做工一般，已经申请退款。""<ROW_SEP>

客户ID: CM245
客户公司: 万迅电脑信息有限公司科技公司
客户所在地: 洋县, 中国
产品信息: 美的 智能门锁 Mini (类别: 智能门锁)
生产商: 美的智能科技
产品价格: 5323.58
评分: 1.3星
评价日期: 2024年06月28日
评价内容: ""个人认为，这款美的 智能门锁 Mini存在明显缺陷。在做饭时时完全不能正常工作。这钱花得太冤枉了。""<ROW_SEP>

客户ID: XN875
客户公司: 天开传媒有限公司网络安全
客户所在地: 芳市, 中国
产品信息: 亚马逊 智能门锁 Max (类别: 智能门锁)
生产商: 亚马逊智能科技
产品价格: 1413.9
评分: 2.5星
评价日期: 2024年06月20日
评价内容: ""这款产品有严重问题，做工一般，已经申请退款。""",1041,18,HD242,2.6,2024-07-26,638,智能门锁,美的 智能门锁 Mini,富罳科技有限公司生物科技
"客户ID: GJ116
客户公司: 良诺信息有限公司生物科技
客户所在地: 红市, 中国
产品信息: LG 智能音箱 Lite (类别: 智能音箱)
生产商: LG智能家电
产品价格: 6885.61
评分: 1.9星
评价日期: 2026年06月02日
评价内容: ""说实话，这款LG 智能音箱 Lite使用体验很差。电池寿命简直无法忍受。不推荐任何人购买。""<ROW_SEP>

客户ID: WB890
客户公司: 鑫博腾飞网络有限公司金融科技
客户所在地: 马鞍山市, 中国
产品信息: 亚马逊 智能音箱 Basic (类别: 智能音箱)
生产商: 亚马逊智能科技
产品价格: 3165.04
评分: 3.8星
评价日期: 2026年06月01日
评价内容: ""这款智能音箱一般，操作简单，但是连接稳定性有点问题。""<ROW_SEP>

客户ID: JT617
客户公司: 时空盒数字信息有限公司智能科技
客户所在地: 郑州县, 中国
产品信息: 三星 智能音箱 Basic (类别: 智能音箱)
生产商: 三星智能家电
产品价格: 1681.15
评分: 3.7星
评价日期: 2026年05月25日
评价内容: ""总体来说还行，节能环保，就是耗电量大。""<ROW_SEP>

客户ID: PJ659
客户公司: 超艺网络有限公司人工智能
客户所在地: 武汉市, 中国
产品信息: 三星 智能音箱 Elite (类别: 智能音箱)
生产商: 三星智能家电
产品价格: 5080.6
评分: 3.2星
评价日期: 2026年05月22日
评价内容: ""这款产品优缺点都有，功能齐全，但使用说明不清。""<ROW_SEP>

客户ID: BW289
客户公司: 海创网络有限公司生物科技
客户所在地: 汕尾县, 中国
产品信息: 西门子 智能音箱 Mini (类别: 智能音箱)
生产商: 西门子智能家居
产品价格: 1668.63
评分: 1.6星
评价日期: 2026年05月21日
评价内容: ""经过一段时间使用，这款西门子 智能音箱 Mini使用体验很差。噪音控制简直无法忍受。这钱花得太冤枉了。""<ROW_SEP>

客户ID: GC846
客户公司: 明腾科技有限公司区块链技术
客户所在地: 石家庄市, 中国
产品信息: 三星 智能音箱 Elite (类别: 智能音箱)
生产商: 三星智能家电
产品价格: 5080.6
评分: 5.0星
评价日期: 2026年05月16日
评价内容: ""智能音箱的设计很人性化，外观漂亮，值得推荐。""<ROW_SEP>

客户ID: EK253
客户公司: 兰金电子科技有限公司区块链技术
客户所在地: 南昌市, 中国
产品信息: 格力 智能音箱 Advanced (类别: 智能音箱)
生产商: 格力智能电器
产品价格: 8366.34
评分: 1.9星
评价日期: 2026年05月11日
评价内容: ""作为一个经常使用此类产品的人，这款智能音箱完全不符合预期。连接稳定性简直无法忍受。希望厂家能重视这些问题。""",230,80,GJ116,1.9,2026-06-02,957,智能音箱,LG 智能音箱 Lite,良诺信息有限公司生物科技
"客户ID: YR398
客户公司: 浦华众城信息有限公司虚拟现实
客户所在地: 大冶市, 中国
产品信息: 三星 智能音箱 Basic (类别: 智能音箱)
生产商: 三星智能家电
产品价格: 1681.15
评分: 1.1星
评价日期: 2026年04月29日
评价内容: ""使用一周后出现故障，使用说明不清，售后服务也不好。""<ROW_SEP>

客户ID: EU335
客户公司: 济南亿次元网络有限公司科技公司
客户所在地: 巢湖市, 中国
产品信息: 格力 智能音箱 Advanced (类别: 智能音箱)
生产商: 格力智能电器
产品价格: 8366.34
评分: 4.8星
评价日期: 2026年04月17日
评价内容: ""这是我用过的最好的智能音箱之一，性价比高，性价比很高。""<ROW_SEP>

客户ID: QU287
客户公司: 戴硕电子科技有限公司移动应用开发
客户所在地: 瑜市, 中国
产品信息: 谷歌 智能音箱 Elite (类别: 智能音箱)
生产商: 谷歌智能设备
产品价格: 6218.93
评分: 2.3星
评价日期: 2026年04月15日
评价内容: ""不推荐这款智能音箱，做工一般，很失望。""<ROW_SEP>

客户ID: AU710
客户公司: 巨奥传媒有限公司信息技术
客户所在地: 辛集市, 中国
产品信息: 格力 智能音箱 Advanced (类别: 智能音箱)
生产商: 格力智能电器
产品价格: 8366.34
评分: 3.9星
评价日期: 2026年04月13日
评价内容: ""智能音箱的质量还可以，质量很好，不过耗电量大。""<ROW_SEP>

客户ID: XW046
客户公司: 鑫博腾飞信息有限公司智能科技
客户所在地: 兴安盟市, 中国
产品信息: 格力 智能音箱 Advanced (类别: 智能音箱)
生产商: 格力智能电器
产品价格: 8366.34
评分: 3.2星
评价日期: 2026年04月05日
评价内容: ""试用了几天，这款格力 智能音箱 Advanced优缺点都有。在工作时时使用体验还不错。然而在夜间使用场景下表现一般。整体体验不错。""<ROW_SEP>

客户ID: ZF061
客户公司: 维旺明信息有限公司人工智能
客户所在地: 坤县, 中国
产品信息: 三星 智能音箱 Basic (类别: 智能音箱)
生产商: 三星智能家电
产品价格: 1681.15
评分: 3.3星
评价日期: 2026年04月03日
评价内容: ""智能音箱的质量还可以，外观漂亮，不过使用说明不清。""<ROW_SEP>

客户ID: PS740
客户公司: 国讯科技有限公司金融科技
客户所在地: 金凤市, 中国
产品信息: LG 智能音箱 Lite (类别: 智能音箱)
生产商: LG智能家电
产品价格: 6885.61
评分: 4.5星
评价日期: 2026年03月27日
评价内容: ""非常满意这次购买，音质出色，送货也很快。""",1235,99,YR398,1.1,2026-04-29,921,智能音箱,三星 智能音箱 Basic,浦华众城信息有限公司虚拟现实
"客户ID: NQ176
客户公司: 图龙信息传媒有限公司数字科技
客户所在地: 南昌市, 中国
产品信息: 亚马逊 智能音箱 Basic (类别: 智能音箱)
生产商: 亚马逊智能科技
产品价格: 3165.04
评分: 1.7星
评价日期: 2026年03月24日
评价内容: ""这款产品有严重问题，画质模糊，已经申请退款。""<ROW_SEP>

客户ID: FN522
客户公司: 新宇龙信息科技有限公司电子商务
客户所在地: 磊县, 中国
产品信息: 西门子 智能音箱 Mini (类别: 智能音箱)
生产商: 西门子智能家居
产品价格: 1668.63
评分: 2.5星
评价日期: 2026年03月19日
评价内容: ""从我的使用体验来看，这款西门子 智能音箱 Mini性价比极低。在看电影时时完全不能正常工作。以后不会再考虑这个品牌的产品。""<ROW_SEP>

客户ID: WB890
客户公司: 鑫博腾飞网络有限公司金融科技
客户所在地: 马鞍山市, 中国
产品信息: LG 智能音箱 Lite (类别: 智能音箱)
生产商: LG智能家电
产品价格: 6885.61
评分: 2.8星
评价日期: 2026年03月16日
评价内容: ""使用一周后出现故障，画质模糊，售后服务也不好。""<ROW_SEP>

客户ID: VZ702
客户公司: 精芯网络有限公司互联网服务
客户所在地: 马鞍山县, 中国
产品信息: 亚马逊 智能音箱 Basic (类别: 智能音箱)
生产商: 亚马逊智能科技
产品价格: 3165.04
评分: 2.1星
评价日期: 2026年03月09日
评价内容: ""坦白讲，这款亚马逊 智能音箱 Basic质量太差。在工作时时完全不能正常工作。不推荐任何人购买。""<ROW_SEP>

客户ID: GC890
客户公司: 创联世纪信息有限公司移动应用开发
客户所在地: 福州县, 中国
产品信息: 谷歌 智能音箱 Elite (类别: 智能音箱)
生产商: 谷歌智能设备
产品价格: 6218.93
评分: 3.4星
评价日期: 2026年03月06日
评价内容: ""使用后感觉，这款智能音箱性价比一般。智能联动设计得比较合理。最重要的是缺点是功能单一。期待下一代产品能有所改进。""<ROW_SEP>

客户ID: ZH741
客户公司: 巨奥科技有限公司信息技术
客户所在地: 峰县, 中国
产品信息: 亚马逊 智能音箱 Basic (类别: 智能音箱)
生产商: 亚马逊智能科技
产品价格: 3165.04
评分: 2.9星
评价日期: 2026年03月03日
评价内容: ""对这款智能音箱非常不满意，操作复杂，浪费钱。""<ROW_SEP>

客户ID: ME428
客户公司: 创汇网络有限公司虚拟现实
客户所在地: 秀英市, 中国
产品信息: 三星 智能音箱 Basic (类别: 智能音箱)
生产商: 三星智能家电
产品价格: 1681.15
评分: 1.5星
评价日期: 2026年02月19日
评价内容: ""散热问题问题很严重，完全不值这个价格。""",603,91,NQ176,1.7,2026-03-24,975,智能音箱,亚马逊 智能音箱 Basic,图龙信息传媒有限公司数字科技
"客户ID: DW607
客户公司: 银嘉网络有限公司云计算
客户所在地: 杨县, 中国
产品信息: 格力 智能音箱 Advanced (类别: 智能音箱)
生产商: 格力智能电器
产品价格: 8366.34
评分: 2.3星
评价日期: 2026年02月06日
评价内容: ""必须承认，这款智能音箱质量太差。散热问题简直无法忍受。唯一值得称赞的可能就是售后服务态度好。不推荐任何人购买。""<ROW_SEP>

客户ID: EM821
客户公司: 泰麒麟信息有限公司人工智能
客户所在地: 香港县, 中国
产品信息: 亚马逊 智能音箱 Basic (类别: 智能音箱)
生产商: 亚马逊智能科技
产品价格: 3165.04
评分: 4.6星
评价日期: 2026年01月31日
评价内容: ""试用了几天，这款智能音箱品质很好。特别是多用户管理是我最喜欢的部分。希望厂家能改进这些问题。""<ROW_SEP>

客户ID: EI532
客户公司: 七喜传媒有限公司人工智能
客户所在地: 丽华县, 中国
产品信息: 亚马逊 智能音箱 Basic (类别: 智能音箱)
生产商: 亚马逊智能科技
产品价格: 3165.04
评分: 2.0星
评价日期: 2026年01月29日
评价内容: ""不推荐这款智能音箱，功能单一，很失望。""<ROW_SEP>

客户ID: RY548
客户公司: 易动力信息有限公司网络安全
客户所在地: 斌县, 中国
产品信息: LG 智能音箱 Lite (类别: 智能音箱)
生产商: LG智能家电
产品价格: 6885.61
评分: 3.7星
评价日期: 2026年01月27日
评价内容: ""这款产品优缺点都有，质量很好，但兼容性差。""<ROW_SEP>

客户ID: DV182
客户公司: 艾提科信传媒有限公司网络安全
客户所在地: 桂荣市, 中国
产品信息: 谷歌 智能音箱 Elite (类别: 智能音箱)
生产商: 谷歌智能设备
产品价格: 6218.93
评分: 3.8星
评价日期: 2026年01月25日
评价内容: ""这款产品优缺点都有，画质清晰，但做工一般。""<ROW_SEP>

客户ID: NU711
客户公司: 易动力科技有限公司人工智能
客户所在地: 桂兰县, 中国
产品信息: 西门子 智能音箱 Mini (类别: 智能音箱)
生产商: 西门子智能家居
产品价格: 1668.63
评分: 2.1星
评价日期: 2026年01月13日
评价内容: ""我觉得，这款西门子 智能音箱 Mini有严重问题。使用不到一周就出现了故障。唯一值得称赞的可能就是外观设计还不错。以后不会再考虑这个品牌的产品。""<ROW_SEP>

客户ID: GJ116
客户公司: 良诺信息有限公司生物科技
客户所在地: 红市, 中国
产品信息: 谷歌 智能音箱 Elite (类别: 智能音箱)
生产商: 谷歌智能设备
产品价格: 6218.93
评分: 4.4星
评价日期: 2026年01月10日
评价内容: ""这款智能音箱质量很好，画质清晰。总体来说很满意。""",247,95,DW607,2.3,2026-02-06,975,智能音箱,格力 智能音箱 Advanced,银嘉网络有限公司云计算
"客户ID: GL926
客户公司: 时空盒数字传媒有限公司大数据分析
客户所在地: 巢湖市, 中国
产品信息: 格力 智能音箱 Advanced (类别: 智能音箱)
生产商: 格力智能电器
产品价格: 8366.34
评分: 2.3星
评价日期: 2025年12月29日
评价内容: ""使用一周后出现故障，做工一般，售后服务也不好。""<ROW_SEP>

客户ID: MZ379
客户公司: 联软传媒有限公司区块链技术
客户所在地: 慧县, 中国
产品信息: 三星 智能音箱 Basic (类别: 智能音箱)
生产商: 三星智能家电
产品价格: 1681.15
评分: 4.4星
评价日期: 2025年12月01日
评价内容: ""这是我用过的最好的智能音箱之一，安装方便，性价比很高。""<ROW_SEP>

客户ID: GR729
客户公司: 中建创业网络有限公司移动应用开发
客户所在地: 辽阳县, 中国
产品信息: 谷歌 智能音箱 Elite (类别: 智能音箱)
生产商: 谷歌智能设备
产品价格: 6218.93
评分: 4.4星
评价日期: 2025年11月27日
评价内容: ""这是我用过的最好的智能音箱之一，做工精细，性价比很高。""<ROW_SEP>

客户ID: ZF061
客户公司: 维旺明信息有限公司人工智能
客户所在地: 坤县, 中国
产品信息: 格力 智能音箱 Advanced (类别: 智能音箱)
生产商: 格力智能电器
产品价格: 8366.34
评分: 3.6星
评价日期: 2025年11月18日
评价内容: ""智能音箱的质量还可以，智能化程度高，不过画质模糊。""<ROW_SEP>

客户ID: EM821
客户公司: 泰麒麟信息有限公司人工智能
客户所在地: 香港县, 中国
产品信息: 格力 智能音箱 Advanced (类别: 智能音箱)
生产商: 格力智能电器
产品价格: 8366.34
评分: 1.9星
评价日期: 2025年10月09日
评价内容: ""不推荐这款智能音箱，续航时间短，很失望。""<ROW_SEP>

客户ID: WQ849
客户公司: 开发区世创科技有限公司科技公司
客户所在地: 嘉禾市, 中国
产品信息: 三星 智能音箱 Elite (类别: 智能音箱)
生产商: 三星智能家电
产品价格: 5080.6
评分: 2.8星
评价日期: 2025年09月09日
评价内容: ""从我的使用体验来看，这款三星 智能音箱 Elite很失望。主要问题在于安装困难。希望厂家能重视这些问题。""<ROW_SEP>

客户ID: WN094
客户公司: 菊风公司传媒有限公司数字科技
客户所在地: 秀梅市, 中国
产品信息: 亚马逊 智能音箱 Basic (类别: 智能音箱)
生产商: 亚马逊智能科技
产品价格: 3165.04
评分: 3.4星
评价日期: 2025年08月19日
评价内容: ""这款产品优缺点都有，画质清晰，但智能化程度低。""",1147,95,GL926,2.3,2025-12-29,924,智能音箱,格力 智能音箱 Advanced,时空盒数字传媒有限公司大数据分析
"客户ID: EU335
客户公司: 济南亿次元网络有限公司科技公司
客户所在地: 巢湖市, 中国
产品信息: 亚马逊 智能音箱 Basic (类别: 智能音箱)
生产商: 亚马逊智能科技
产品价格: 3165.04
评分: 2.4星
评价日期: 2025年08月02日
评价内容: ""在多次对比之后选择了这款，这款亚马逊 智能音箱 Basic完全不符合预期。主要问题在于续航时间短。唯一值得称赞的可能就是价格便宜。以后不会再考虑这个品牌的产品。""<ROW_SEP>

客户ID: XA075
客户公司: 网新恒天科技有限公司数字科技
客户所在地: 秀梅县, 中国
产品信息: 亚马逊 智能音箱 Basic (类别: 智能音箱)
生产商: 亚马逊智能科技
产品价格: 3165.04
评分: 1.4星
评价日期: 2025年07月29日
评价内容: ""使用一周后出现故障，智能化程度低，售后服务也不好。""<ROW_SEP>

客户ID: CC657
客户公司: 昊嘉信息有限公司信息技术
客户所在地: 军县, 中国
产品信息: 谷歌 智能音箱 Elite (类别: 智能音箱)
生产商: 谷歌智能设备
产品价格: 6218.93
评分: 1.4星
评价日期: 2025年07月02日
评价内容: ""对这款智能音箱非常不满意，续航时间短，浪费钱。""<ROW_SEP>

客户ID: XO649
客户公司: 晖来计算机传媒有限公司云计算
客户所在地: 郑州县, 中国
产品信息: 西门子 智能音箱 Mini (类别: 智能音箱)
生产商: 西门子智能家居
产品价格: 1668.63
评分: 1.5星
评价日期: 2025年06月15日
评价内容: ""试用了几天，这款西门子 智能音箱 Mini有严重问题。主要问题在于售后服务差。已经申请退款了。""<ROW_SEP>

客户ID: CZ861
客户公司: 合联电子科技有限公司信息技术
客户所在地: 荣市, 中国
产品信息: 三星 智能音箱 Elite (类别: 智能音箱)
生产商: 三星智能家电
产品价格: 5080.6
评分: 4.8星
评价日期: 2025年06月10日
评价内容: ""这款产品的多用户管理特别好用，在户外活动时特别方便。""<ROW_SEP>

客户ID: RY548
客户公司: 易动力信息有限公司网络安全
客户所在地: 斌县, 中国
产品信息: 三星 智能音箱 Basic (类别: 智能音箱)
生产商: 三星智能家电
产品价格: 1681.15
评分: 3.0星
评价日期: 2025年05月14日
评价内容: ""这款产品优缺点都有，做工精细，但使用说明不清。""",250,91,EU335,2.4,2025-08-02,840,智能音箱,亚马逊 智能音箱 Basic,济南亿次元网络有限公司科技公司
"客户ID: XO649
客户公司: 晖来计算机传媒有限公司云计算
客户所在地: 郑州县, 中国
产品信息: 西门子 智能音箱 Mini (类别: 智能音箱)
生产商: 西门子智能家居
产品价格: 1668.63
评分: 2.7星
评价日期: 2025年05月04日
评价内容: ""作为第一次购买这类产品的新手，这款智能音箱使用体验很差。主要问题在于画质模糊。唯一值得称赞的可能就是外观设计还不错。已经申请退款了。""<ROW_SEP>

客户ID: RY548
客户公司: 易动力信息有限公司网络安全
客户所在地: 斌县, 中国
产品信息: 三星 智能音箱 Basic (类别: 智能音箱)
生产商: 三星智能家电
产品价格: 1681.15
评分: 4.3星
评价日期: 2025年04月26日
评价内容: ""在工作时时使用效果很好，特别是静音设计功能。""<ROW_SEP>

客户ID: LU518
客户公司: 易动力传媒有限公司生物科技
客户所在地: 伟市, 中国
产品信息: 谷歌 智能音箱 Elite (类别: 智能音箱)
生产商: 谷歌智能设备
产品价格: 6218.93
评分: 3.3星
评价日期: 2025年04月18日
评价内容: ""我发现，这款谷歌 智能音箱 Elite质量还行。在晚上使用时，节能模式表现不错。最让我失望的是噪音控制有点问题。有点贵了，但质量确实好。""<ROW_SEP>

客户ID: TE207
客户公司: 新宇龙信息传媒有限公司人工智能
客户所在地: 张家港市, 中国
产品信息: 谷歌 智能音箱 Elite (类别: 智能音箱)
生产商: 谷歌智能设备
产品价格: 6218.93
评分: 2.5星
评价日期: 2025年04月09日
评价内容: ""对这款智能音箱非常不满意，操作复杂，浪费钱。""<ROW_SEP>

客户ID: XO649
客户公司: 晖来计算机传媒有限公司云计算
客户所在地: 郑州县, 中国
产品信息: 亚马逊 智能音箱 Basic (类别: 智能音箱)
生产商: 亚马逊智能科技
产品价格: 3165.04
评分: 3.8星
评价日期: 2025年03月30日
评价内容: ""在早晨起床使用还不错，但在其他情况下表现一般。""<ROW_SEP>

客户ID: PE529
客户公司: 易动力网络有限公司信息技术
客户所在地: 英县, 中国
产品信息: LG 智能音箱 Lite (类别: 智能音箱)
生产商: LG智能家电
产品价格: 6885.61
评分: 1.1星
评价日期: 2025年03月14日
评价内容: ""不推荐这款智能音箱，售后服务差，很失望。""<ROW_SEP>

客户ID: NQ176
客户公司: 图龙信息传媒有限公司数字科技
客户所在地: 南昌市, 中国
产品信息: 谷歌 智能音箱 Elite (类别: 智能音箱)
生产商: 谷歌智能设备
产品价格: 6218.93
评分: 1.4星
评价日期: 2025年02月25日
评价内容: ""不推荐这款智能音箱，智能化程度低，很失望。""",755,39,XO649,2.7,2025-05-04,965,智能音箱,西门子 智能音箱 Mini,晖来计算机传媒有限公司云计算
"客户ID: TW751
客户公司: 图龙信息网络有限公司云计算
客户所在地: 宁德市, 中国
产品信息: 西门子 智能音箱 Mini (类别: 智能音箱)
生产商: 西门子智能家居
产品价格: 1668.63
评分: 2.4星
评价日期: 2025年02月14日
评价内容: ""这款产品有严重问题，使用说明不清，已经申请退款。""<ROW_SEP>

客户ID: DH200
客户公司: 盟新传媒有限公司大数据分析
客户所在地: 辽阳县, 中国
产品信息: 西门子 智能音箱 Mini (类别: 智能音箱)
生产商: 西门子智能家居
产品价格: 1668.63
评分: 3.7星
评价日期: 2025年02月10日
评价内容: ""经过一段时间使用，这款智能音箱总体来说还可以。用了一个月后，语音识别表现不错。同时散热问题有点问题。性价比很高。""<ROW_SEP>

客户ID: ZU351
客户公司: 银嘉科技有限公司科技公司
客户所在地: 秀荣市, 中国
产品信息: 西门子 智能音箱 Mini (类别: 智能音箱)
生产商: 西门子智能家居
产品价格: 1668.63
评分: 3.4星
评价日期: 2025年02月10日
评价内容: ""智能音箱的质量还可以，外观漂亮，不过价格偏高。""<ROW_SEP>

客户ID: BI759
客户公司: 时空盒数字信息有限公司虚拟现实
客户所在地: 荣市, 中国
产品信息: 亚马逊 智能音箱 Basic (类别: 智能音箱)
生产商: 亚马逊智能科技
产品价格: 3165.04
评分: 2.5星
评价日期: 2025年01月18日
评价内容: ""使用一周后出现故障，反应迟钝，售后服务也不好。""<ROW_SEP>

客户ID: FN522
客户公司: 新宇龙信息科技有限公司电子商务
客户所在地: 磊县, 中国
产品信息: 谷歌 智能音箱 Elite (类别: 智能音箱)
生产商: 谷歌智能设备
产品价格: 6218.93
评分: 1.7星
评价日期: 2025年01月15日
评价内容: ""说实话，这款智能音箱不推荐购买。使用不到一周就出现了问题。这钱花得太冤枉了。""<ROW_SEP>

客户ID: YZ898
客户公司: 通际名联科技有限公司金融科技
客户所在地: 济南市, 中国
产品信息: 格力 智能音箱 Advanced (类别: 智能音箱)
生产商: 格力智能电器
产品价格: 8366.34
评分: 1.7星
评价日期: 2025年01月10日
评价内容: ""说实话，这款格力 智能音箱 Advanced很失望。主要问题在于智能化程度低。""<ROW_SEP>

客户ID: ZV584
客户公司: 维旺明科技有限公司大数据分析
客户所在地: 杭州市, 中国
产品信息: 西门子 智能音箱 Mini (类别: 智能音箱)
生产商: 西门子智能家居
产品价格: 1668.63
评分: 3.3星
评价日期: 2025年01月02日
评价内容: ""总体来说还行，续航时间长，就是音质一般。""",751,39,TW751,2.4,2025-02-14,951,智能音箱,西门子 智能音箱 Mini,图龙信息网络有限公司云计算
"客户ID: XN875
客户公司: 天开传媒有限公司网络安全
客户所在地: 芳市, 中国
产品信息: LG 智能音箱 Lite (类别: 智能音箱)
生产商: LG智能家电
产品价格: 6885.61
评分: 4.1星
评价日期: 2024年12月24日
评价内容: ""在做饭时时使用效果很好，特别是智能联动功能。""<ROW_SEP>

客户ID: ZO854
客户公司: MBP软件科技有限公司信息技术
客户所在地: 丽华县, 中国
产品信息: 西门子 智能音箱 Mini (类别: 智能音箱)
生产商: 西门子智能家居
产品价格: 1668.63
评分: 4.7星
评价日期: 2024年12月15日
评价内容: ""我发现，这款智能音箱很好用。另外省电模式设计很贴心。和朋友推荐的一样好用。如果非要说缺点的话，价格稍微贵了一点。值得购买。""<ROW_SEP>

客户ID: AU710
客户公司: 巨奥传媒有限公司信息技术
客户所在地: 辛集市, 中国
产品信息: 三星 智能音箱 Basic (类别: 智能音箱)
生产商: 三星智能家电
产品价格: 1681.15
评分: 3.0星
评价日期: 2024年12月09日
评价内容: ""在工作时使用还不错，但在其他情况下表现一般。""<ROW_SEP>

客户ID: KM929
客户公司: 迪摩科技有限公司电子商务
客户所在地: 福州县, 中国
产品信息: 格力 智能音箱 Advanced (类别: 智能音箱)
生产商: 格力智能电器
产品价格: 8366.34
评分: 2.9星
评价日期: 2024年11月27日
评价内容: ""从我的使用体验来看，这款智能音箱很失望。使用不到一周就出现了失灵。这钱花得太冤枉了。""<ROW_SEP>

客户ID: EI532
客户公司: 七喜传媒有限公司人工智能
客户所在地: 丽华县, 中国
产品信息: 三星 智能音箱 Elite (类别: 智能音箱)
生产商: 三星智能家电
产品价格: 5080.6
评分: 5.0星
评价日期: 2024年11月25日
评价内容: ""在做饭时时使用效果很好，特别是快速启动功能。""<ROW_SEP>

客户ID: CA470
客户公司: 南康传媒有限公司生物科技
客户所在地: 贵阳市, 中国
产品信息: 三星 智能音箱 Basic (类别: 智能音箱)
生产商: 三星智能家电
产品价格: 1681.15
评分: 4.5星
评价日期: 2024年11月24日
评价内容: ""在做饭时时使用效果很好，特别是高清画质功能。""<ROW_SEP>

客户ID: LU518
客户公司: 易动力传媒有限公司生物科技
客户所在地: 伟市, 中国
产品信息: 格力 智能音箱 Advanced (类别: 智能音箱)
生产商: 格力智能电器
产品价格: 8366.34
评分: 3.1星
评价日期: 2024年11月24日
评价内容: ""在多次对比之后选择了这款，这款智能音箱优缺点都有。在看电影时时使用体验还不错。然而信号强度有点问题。推荐给有需要的朋友。""",942,80,XN875,4.1,2024-12-24,968,智能音箱,LG 智能音箱 Lite,天开传媒有限公司网络安全
"客户ID: DX151
客户公司: 易动力信息有限公司物联网
客户所在地: 佛山县, 中国
产品信息: 三星 智能音箱 Elite (类别: 智能音箱)
生产商: 三星智能家电
产品价格: 5080.6
评分: 1.5星
评价日期: 2024年11月09日
评价内容: ""不得不说，这款智能音箱有严重问题。使用不到一周就出现了故障。唯一值得称赞的可能就是包装很精美。已经申请退款了。""<ROW_SEP>

客户ID: PJ659
客户公司: 超艺网络有限公司人工智能
客户所在地: 武汉市, 中国
产品信息: 谷歌 智能音箱 Elite (类别: 智能音箱)
生产商: 谷歌智能设备
产品价格: 6218.93
评分: 3.1星
评价日期: 2024年11月07日
评价内容: ""总体来说还行，功能齐全，就是功能单一。""<ROW_SEP>

客户ID: TW751
客户公司: 图龙信息网络有限公司云计算
客户所在地: 宁德市, 中国
产品信息: 三星 智能音箱 Basic (类别: 智能音箱)
生产商: 三星智能家电
产品价格: 1681.15
评分: 4.6星
评价日期: 2024年11月02日
评价内容: ""这是我用过的最好的智能音箱之一，外观漂亮，性价比很高。""<ROW_SEP>

客户ID: AY876
客户公司: 精芯传媒有限公司物联网
客户所在地: 武汉市, 中国
产品信息: 三星 智能音箱 Basic (类别: 智能音箱)
生产商: 三星智能家电
产品价格: 1681.15
评分: 1.2星
评价日期: 2024年10月26日
评价内容: ""这款产品有严重问题，售后服务差，已经申请退款。""<ROW_SEP>

客户ID: DV182
客户公司: 艾提科信传媒有限公司网络安全
客户所在地: 桂荣市, 中国
产品信息: 谷歌 智能音箱 Elite (类别: 智能音箱)
生产商: 谷歌智能设备
产品价格: 6218.93
评分: 3.1星
评价日期: 2024年10月24日
评价内容: ""总体来说还行，外观漂亮，就是兼容性差。""<ROW_SEP>

客户ID: NQ176
客户公司: 图龙信息传媒有限公司数字科技
客户所在地: 南昌市, 中国
产品信息: 三星 智能音箱 Basic (类别: 智能音箱)
生产商: 三星智能家电
产品价格: 1681.15
评分: 4.6星
评价日期: 2024年10月23日
评价内容: ""这款智能音箱质量很好，画质清晰。总体来说很满意。""<ROW_SEP>

客户ID: TO444
客户公司: MBP软件网络有限公司移动应用开发
客户所在地: 辛集市, 中国
产品信息: 三星 智能音箱 Elite (类别: 智能音箱)
生产商: 三星智能家电
产品价格: 5080.6
评分: 4.1星
评价日期: 2024年10月23日
评价内容: ""使用了一个月，外观漂亮，没有发现任何问题。""",840,78,DX151,1.5,2024-11-09,912,智能音箱,三星 智能音箱 Elite,易动力信息有限公司物联网
"客户ID: EB652
客户公司: 凌云信息有限公司虚拟现实
客户所在地: 秀珍县, 中国
产品信息: LG 智能音箱 Lite (类别: 智能音箱)
生产商: LG智能家电
产品价格: 6885.61
评分: 4.2星
评价日期: 2024年10月12日
评价内容: ""非常满意这次购买，节能环保，送货也很快。""<ROW_SEP>

客户ID: AU710
客户公司: 巨奥传媒有限公司信息技术
客户所在地: 辛集市, 中国
产品信息: 亚马逊 智能音箱 Basic (类别: 智能音箱)
生产商: 亚马逊智能科技
产品价格: 3165.04
评分: 3.2星
评价日期: 2024年10月07日
评价内容: ""这款产品优缺点都有，安装方便，但操作复杂。""<ROW_SEP>

客户ID: RY548
客户公司: 易动力信息有限公司网络安全
客户所在地: 斌县, 中国
产品信息: 格力 智能音箱 Advanced (类别: 智能音箱)
生产商: 格力智能电器
产品价格: 8366.34
评分: 2.9星
评价日期: 2024年10月02日
评价内容: ""这款产品有严重问题，反应迟钝，已经申请退款。""<ROW_SEP>

客户ID: FN522
客户公司: 新宇龙信息科技有限公司电子商务
客户所在地: 磊县, 中国
产品信息: 西门子 智能音箱 Mini (类别: 智能音箱)
生产商: 西门子智能家居
产品价格: 1668.63
评分: 3.8星
评价日期: 2024年09月12日
评价内容: ""智能音箱的质量还可以，外观漂亮，不过价格偏高。""<ROW_SEP>

客户ID: AY876
客户公司: 精芯传媒有限公司物联网
客户所在地: 武汉市, 中国
产品信息: LG 智能音箱 Lite (类别: 智能音箱)
生产商: LG智能家电
产品价格: 6885.61
评分: 4.7星
评价日期: 2024年09月08日
评价内容: ""这款智能音箱质量很好，功能齐全。总体来说很满意。""<ROW_SEP>

客户ID: YZ898
客户公司: 通际名联科技有限公司金融科技
客户所在地: 济南市, 中国
产品信息: 格力 智能音箱 Advanced (类别: 智能音箱)
生产商: 格力智能电器
产品价格: 8366.34
评分: 4.5星
评价日期: 2024年09月05日
评价内容: ""使用了一个月，质量很好，没有发现任何问题。""<ROW_SEP>

客户ID: GR625
客户公司: 明腾传媒有限公司互联网服务
客户所在地: 邯郸市, 中国
产品信息: 西门子 智能音箱 Mini (类别: 智能音箱)
生产商: 西门子智能家居
产品价格: 1668.63
评分: 3.2星
评价日期: 2024年08月25日
评价内容: ""这款产品优缺点都有，智能化程度高，但安装困难。""",319,80,EB652,4.2,2024-10-12,877,智能音箱,LG 智能音箱 Lite,凌云信息有限公司虚拟现实
"客户ID: TE207
客户公司: 新宇龙信息传媒有限公司人工智能
客户所在地: 张家港市, 中国
产品信息: LG 智能音箱 Lite (类别: 智能音箱)
生产商: LG智能家电
产品价格: 6885.61
评分: 1.5星
评价日期: 2024年08月20日
评价内容: ""这款产品有严重问题，续航时间短，已经申请退款。""<ROW_SEP>

客户ID: JT617
客户公司: 时空盒数字信息有限公司智能科技
客户所在地: 郑州县, 中国
产品信息: 三星 智能音箱 Basic (类别: 智能音箱)
生产商: 三星智能家电
产品价格: 1681.15
评分: 1.6星
评价日期: 2024年07月18日
评价内容: ""对这款智能音箱非常不满意，续航时间短，浪费钱。""<ROW_SEP>

客户ID: WN094
客户公司: 菊风公司传媒有限公司数字科技
客户所在地: 秀梅市, 中国
产品信息: 西门子 智能音箱 Mini (类别: 智能音箱)
生产商: 西门子智能家居
产品价格: 1668.63
评分: 3.2星
评价日期: 2024年07月12日
评价内容: ""这款智能音箱一般，做工精细，但是电池寿命有点问题。""<ROW_SEP>

客户ID: VQ233
客户公司: 和泰信息有限公司信息技术
客户所在地: 成都市, 中国
产品信息: 亚马逊 智能音箱 Basic (类别: 智能音箱)
生产商: 亚马逊智能科技
产品价格: 3165.04
评分: 1.4星
评价日期: 2024年07月11日
评价内容: ""用了一段时间，这款亚马逊 智能音箱 Basic使用体验很差。连接稳定性简直无法忍受。这钱花得太冤枉了。""<ROW_SEP>

客户ID: TE207
客户公司: 新宇龙信息传媒有限公司人工智能
客户所在地: 张家港市, 中国
产品信息: 格力 智能音箱 Advanced (类别: 智能音箱)
生产商: 格力智能电器
产品价格: 8366.34
评分: 3.9星
评价日期: 2024年07月09日
评价内容: ""在早晨起床使用还不错，但在其他情况下表现一般。""<ROW_SEP>

客户ID: BW289
客户公司: 海创网络有限公司生物科技
客户所在地: 汕尾县, 中国
产品信息: LG 智能音箱 Lite (类别: 智能音箱)
生产商: LG智能家电
产品价格: 6885.61
评分: 1.1星
评价日期: 2024年07月06日
评价内容: ""连接稳定性问题很严重，完全不值这个价格。""<ROW_SEP>

客户ID: YR398
客户公司: 浦华众城信息有限公司虚拟现实
客户所在地: 大冶市, 中国
产品信息: 三星 智能音箱 Basic (类别: 智能音箱)
生产商: 三星智能家电
产品价格: 1681.15
评分: 1.3星
评价日期: 2024年06月27日
评价内容: ""收到货后，这款智能音箱不推荐购买。主要问题在于画质模糊。唯一值得称赞的可能就是外观设计还不错。以后不会再考虑这个品牌的产品。""",966,80,TE207,1.5,2024-08-20,953,智能音箱,LG 智能音箱 Lite,新宇龙信息传媒有限公司人工智能
"客户ID: MJ814
客户公司: 毕博诚科技有限公司互联网服务
客户所在地: 俊市, 中国
产品信息: 西门子 智能音箱 Mini (类别: 智能音箱)
生产商: 西门子智能家居
产品价格: 1668.63
评分: 1.7星
评价日期: 2024年06月27日
评价内容: ""使用一周后出现故障，使用说明不清，售后服务也不好。""<ROW_SEP>

客户ID: MR129
客户公司: 太极信息有限公司互联网服务
客户所在地: 海门市, 中国
产品信息: 三星 智能音箱 Elite (类别: 智能音箱)
生产商: 三星智能家电
产品价格: 5080.6
评分: 1.2星
评价日期: 2024年06月26日
评价内容: ""使用一周后出现故障，画质模糊，售后服务也不好。""<ROW_SEP>

客户ID: PL616
客户公司: 巨奥网络有限公司金融科技
客户所在地: 明市, 中国
产品信息: 三星 智能音箱 Elite (类别: 智能音箱)
生产商: 三星智能家电
产品价格: 5080.6
评分: 1.4星
评价日期: 2024年06月17日
评价内容: ""从我的使用体验来看，这款三星 智能音箱 Elite有严重问题。主要问题在于稳定性差。""<ROW_SEP>

客户ID: BP732
客户公司: 南康网络有限公司互联网服务
客户所在地: 敏市, 中国
产品信息: 格力 智能音箱 Advanced (类别: 智能音箱)
生产商: 格力智能电器
产品价格: 8366.34
评分: 3.4星
评价日期: 2024年06月16日
评价内容: ""对比了市面上几款同类产品后，这款格力 智能音箱 Advanced优缺点都有。优点是兼容性强。更让我满意的是连接稳定性有点问题。价格虽高，但物有所值。""<ROW_SEP>

客户ID: ZH741
客户公司: 巨奥科技有限公司信息技术
客户所在地: 峰县, 中国
产品信息: 三星 智能音箱 Basic (类别: 智能音箱)
生产商: 三星智能家电
产品价格: 1681.15
评分: 1.6星
评价日期: 2024年06月14日
评价内容: ""这款产品有严重问题，耗电量大，已经申请退款。""<ROW_SEP>

客户ID: BN418
客户公司: 易动力网络有限公司移动应用开发
客户所在地: 重庆市, 中国
产品信息: 谷歌 智能音箱 Elite (类别: 智能音箱)
生产商: 谷歌智能设备
产品价格: 6218.93
评分: 3.0星
评价日期: 2024年06月14日
评价内容: ""总体来说还行，续航时间长，就是智能化程度低。""<ROW_SEP>

客户ID: CC657
客户公司: 昊嘉信息有限公司信息技术
客户所在地: 军县, 中国
产品信息: 谷歌 智能音箱 Elite (类别: 智能音箱)
生产商: 谷歌智能设备
产品价格: 6218.93
评分: 1.8星
评价日期: 2024年06月09日
评价内容: ""噪音控制问题很严重，完全不值这个价格。""",813,39,MJ814,1.7,2024-06-27,933,智能音箱,西门子 智能音箱 Mini,毕博诚科技有限公司互联网服务
"客户ID: WQ849
客户公司: 开发区世创科技有限公司科技公司
客户所在地: 嘉禾市, 中国
产品信息: 博世 智能马桶 Basic (类别: 智能马桶)
生产商: 博世智能系统
产品价格: 1564.93
评分: 2.2星
评价日期: 2026年05月25日
评价内容: ""收到货后，这款智能马桶不推荐购买。主要问题在于反应迟钝。唯一值得称赞的可能就是包装很精美。这钱花得太冤枉了。""<ROW_SEP>

客户ID: EA575
客户公司: 襄樊地球村信息有限公司物联网
客户所在地: 丽娟市, 中国
产品信息: 飞利浦 智能马桶 Max (类别: 智能马桶)
生产商: 飞利浦智能照明
产品价格: 9941.8
评分: 2.2星
评价日期: 2026年05月17日
评价内容: ""不推荐这款智能马桶，耗电量大，很失望。""<ROW_SEP>

客户ID: BN418
客户公司: 易动力网络有限公司移动应用开发
客户所在地: 重庆市, 中国
产品信息: 亚马逊 智能马桶 Elite (类别: 智能马桶)
生产商: 亚马逊智能科技
产品价格: 1801.88
评分: 1.0星
评价日期: 2026年05月11日
评价内容: ""购买后，这款智能马桶完全不符合预期。在晚上睡前时完全不能正常工作。已经申请退款了。""<ROW_SEP>

客户ID: EA575
客户公司: 襄樊地球村信息有限公司物联网
客户所在地: 丽娟市, 中国
产品信息: 博世 智能马桶 Max (类别: 智能马桶)
生产商: 博世智能系统
产品价格: 7392.23
评分: 1.8星
评价日期: 2026年05月04日
评价内容: ""不推荐这款智能马桶，反应迟钝，很失望。""<ROW_SEP>

客户ID: DH200
客户公司: 盟新传媒有限公司大数据分析
客户所在地: 辽阳县, 中国
产品信息: 松下 智能马桶 Elite (类别: 智能马桶)
生产商: 松下智能电器
产品价格: 9184.21
评分: 3.2星
评价日期: 2026年05月01日
评价内容: ""在工作时使用还不错，但在其他情况下表现一般。""<ROW_SEP>

客户ID: OA831
客户公司: 华泰通安科技有限公司网络安全
客户所在地: 玉梅市, 中国
产品信息: 美的 智能马桶 Mini (类别: 智能马桶)
生产商: 美的智能科技
产品价格: 3349.58
评分: 3.4星
评价日期: 2026年04月29日
评价内容: ""这款智能马桶一般，节能环保，但是信号强度有点问题。""<ROW_SEP>

客户ID: ZH741
客户公司: 巨奥科技有限公司信息技术
客户所在地: 峰县, 中国
产品信息: 亚马逊 智能马桶 Standard (类别: 智能马桶)
生产商: 亚马逊智能科技
产品价格: 6039.3
评分: 4.4星
评价日期: 2026年04月24日
评价内容: ""这款产品的自动升级特别好用，在夜间使用时特别方便。""",1203,85,WQ849,2.2,2026-05-25,940,智能马桶,博世 智能马桶 Basic,开发区世创科技有限公司科技公司
"客户ID: LU518
客户公司: 易动力传媒有限公司生物科技
客户所在地: 伟市, 中国
产品信息: 亚马逊 智能马桶 Standard (类别: 智能马桶)
生产商: 亚马逊智能科技
产品价格: 6039.3
评分: 4.4星
评价日期: 2026年04月22日
评价内容: ""智能马桶的设计很人性化，音质出色，值得推荐。""<ROW_SEP>

客户ID: PL616
客户公司: 巨奥网络有限公司金融科技
客户所在地: 明市, 中国
产品信息: 亚马逊 智能马桶 Elite (类别: 智能马桶)
生产商: 亚马逊智能科技
产品价格: 1801.88
评分: 1.7星
评价日期: 2026年04月16日
评价内容: ""坦白讲，这款智能马桶使用体验很差。使用不到一周就出现了故障。""<ROW_SEP>

客户ID: AY876
客户公司: 精芯传媒有限公司物联网
客户所在地: 武汉市, 中国
产品信息: 飞利浦 智能马桶 Max (类别: 智能马桶)
生产商: 飞利浦智能照明
产品价格: 9941.8
评分: 3.5星
评价日期: 2026年04月06日
评价内容: ""智能马桶的质量还可以，功能齐全，不过反应迟钝。""<ROW_SEP>

客户ID: OA831
客户公司: 华泰通安科技有限公司网络安全
客户所在地: 玉梅市, 中国
产品信息: 飞利浦 智能马桶 Max (类别: 智能马桶)
生产商: 飞利浦智能照明
产品价格: 9941.8
评分: 2.0星
评价日期: 2026年04月02日
评价内容: ""噪音控制问题很严重，完全不值这个价格。""<ROW_SEP>

客户ID: XA254
客户公司: 易动力信息有限公司物联网
客户所在地: 齐齐哈尔市, 中国
产品信息: 松下 智能马桶 Elite (类别: 智能马桶)
生产商: 松下智能电器
产品价格: 9184.21
评分: 4.0星
评价日期: 2026年04月01日
评价内容: ""非常满意这次购买，性价比高，送货也很快。""<ROW_SEP>

客户ID: BF338
客户公司: 天开网络有限公司金融科技
客户所在地: 南宁市, 中国
产品信息: 小米 智能马桶 Lite (类别: 智能马桶)
生产商: 小米智能家居
产品价格: 6252.3
评分: 4.3星
评价日期: 2026年03月30日
评价内容: ""智能马桶的设计很人性化，画质清晰，值得推荐。""<ROW_SEP>

客户ID: DV182
客户公司: 艾提科信传媒有限公司网络安全
客户所在地: 桂荣市, 中国
产品信息: 博世 智能马桶 Basic (类别: 智能马桶)
生产商: 博世智能系统
产品价格: 1564.93
评分: 4.6星
评价日期: 2026年03月29日
评价内容: ""非常满意这次购买，兼容性强，送货也很快。""",1125,64,LU518,4.4,2026-04-22,885,智能马桶,亚马逊 智能马桶 Standard,易动力传媒有限公司生物科技
"客户ID: XO649
客户公司: 晖来计算机传媒有限公司云计算
客户所在地: 郑州县, 中国
产品信息: 小米 智能马桶 Lite (类别: 智能马桶)
生产商: 小米智能家居
产品价格: 6252.3
评分: 3.2星
评价日期: 2026年03月21日
评价内容: ""总体来说还行，安装方便，就是耗电量大。""<ROW_SEP>

客户ID: DV182
客户公司: 艾提科信传媒有限公司网络安全
客户所在地: 桂荣市, 中国
产品信息: 松下 智能马桶 Elite (类别: 智能马桶)
生产商: 松下智能电器
产品价格: 9184.21
评分: 2.5星
评价日期: 2026年03月19日
评价内容: ""不推荐这款智能马桶，价格偏高，很失望。""<ROW_SEP>

客户ID: PS740
客户公司: 国讯科技有限公司金融科技
客户所在地: 金凤市, 中国
产品信息: 亚马逊 智能马桶 Standard (类别: 智能马桶)
生产商: 亚马逊智能科技
产品价格: 6039.3
评分: 1.9星
评价日期: 2026年03月15日
评价内容: ""不推荐这款智能马桶，稳定性差，很失望。""<ROW_SEP>

客户ID: WY218
客户公司: 飞海科技传媒有限公司信息技术
客户所在地: 济南市, 中国
产品信息: 亚马逊 智能马桶 Elite (类别: 智能马桶)
生产商: 亚马逊智能科技
产品价格: 1801.88
评分: 1.0星
评价日期: 2026年03月02日
评价内容: ""不推荐这款智能马桶，音质一般，很失望。""<ROW_SEP>

客户ID: WQ849
客户公司: 开发区世创科技有限公司科技公司
客户所在地: 嘉禾市, 中国
产品信息: 亚马逊 智能马桶 Standard (类别: 智能马桶)
生产商: 亚马逊智能科技
产品价格: 6039.3
评分: 4.0星
评价日期: 2026年03月02日
评价内容: ""我觉得，这款亚马逊 智能马桶 Standard值得推荐。此外在工作时时表现尤为出色。如果非要说缺点的话，配件可以再多一些。性价比很高。""<ROW_SEP>

客户ID: AK874
客户公司: 昊嘉信息有限公司区块链技术
客户所在地: 雷市, 中国
产品信息: 亚马逊 智能马桶 Standard (类别: 智能马桶)
生产商: 亚马逊智能科技
产品价格: 6039.3
评分: 3.4星
评价日期: 2026年02月26日
评价内容: ""使用后感觉，这款智能马桶优缺点都有。在家里使用时，语音识别表现不错。尤其是缺点是音质一般。希望厂家能改进这些问题。""<ROW_SEP>

客户ID: JT617
客户公司: 时空盒数字信息有限公司智能科技
客户所在地: 郑州县, 中国
产品信息: 博世 智能马桶 Max (类别: 智能马桶)
生产商: 博世智能系统
产品价格: 7392.23
评分: 4.3星
评价日期: 2026年02月24日
评价内容: ""使用了一个月，做工精细，没有发现任何问题。""",1137,40,XO649,3.2,2026-03-21,949,智能马桶,小米 智能马桶 Lite,晖来计算机传媒有限公司云计算
"客户ID: TW751
客户公司: 图龙信息网络有限公司云计算
客户所在地: 宁德市, 中国
产品信息: 松下 智能马桶 Elite (类别: 智能马桶)
生产商: 松下智能电器
产品价格: 9184.21
评分: 4.8星
评价日期: 2026年02月22日
评价内容: ""这款产品的一键控制特别好用，在户外活动时特别方便。""<ROW_SEP>

客户ID: BF338
客户公司: 天开网络有限公司金融科技
客户所在地: 南宁市, 中国
产品信息: 亚马逊 智能马桶 Standard (类别: 智能马桶)
生产商: 亚马逊智能科技
产品价格: 6039.3
评分: 3.9星
评价日期: 2026年02月20日
评价内容: ""在早晨起床使用还不错，但在其他情况下表现一般。""<ROW_SEP>

客户ID: RG743
客户公司: 快讯信息有限公司智能科技
客户所在地: 勇县, 中国
产品信息: 小米 智能马桶 Lite (类别: 智能马桶)
生产商: 小米智能家居
产品价格: 6252.3
评分: 3.7星
评价日期: 2026年02月16日
评价内容: ""在早晨起床使用还不错，但在其他情况下表现一般。""<ROW_SEP>

客户ID: TO444
客户公司: MBP软件网络有限公司移动应用开发
客户所在地: 辛集市, 中国
产品信息: 亚马逊 智能马桶 Elite (类别: 智能马桶)
生产商: 亚马逊智能科技
产品价格: 1801.88
评分: 1.2星
评价日期: 2026年02月11日
评价内容: ""作为一个经常使用此类产品的人，这款智能马桶性价比极低。在晚上睡前时完全不能正常工作。不推荐任何人购买。""<ROW_SEP>

客户ID: EI532
客户公司: 七喜传媒有限公司人工智能
客户所在地: 丽华县, 中国
产品信息: 博世 智能马桶 Max (类别: 智能马桶)
生产商: 博世智能系统
产品价格: 7392.23
评分: 3.6星
评价日期: 2026年02月07日
评价内容: ""这款智能马桶一般，续航时间长，但是信号强度有点问题。""<ROW_SEP>

客户ID: CZ861
客户公司: 合联电子科技有限公司信息技术
客户所在地: 荣市, 中国
产品信息: 博世 智能马桶 Basic (类别: 智能马桶)
生产商: 博世智能系统
产品价格: 1564.93
评分: 4.8星
评价日期: 2026年01月11日
评价内容: ""这是我用过的最好的智能马桶之一，外观漂亮，性价比很高。""<ROW_SEP>

客户ID: OA831
客户公司: 华泰通安科技有限公司网络安全
客户所在地: 玉梅市, 中国
产品信息: 小米 智能马桶 Lite (类别: 智能马桶)
生产商: 小米智能家居
产品价格: 6252.3
评分: 3.9星
评价日期: 2026年01月05日
评价内容: ""在晚上睡前使用还不错，但在其他情况下表现一般。""",735,66,TW751,4.8,2026-02-22,925,智能马桶,松下 智能马桶 Elite,图龙信息网络有限公司云计算
"客户ID: CA470
客户公司: 南康传媒有限公司生物科技
客户所在地: 贵阳市, 中国
产品信息: 飞利浦 智能马桶 Max (类别: 智能马桶)
生产商: 飞利浦智能照明
产品价格: 9941.8
评分: 3.1星
评价日期: 2025年12月28日
评价内容: ""这款智能马桶一般，节能环保，但是噪音控制有点问题。""<ROW_SEP>

客户ID: PJ659
客户公司: 超艺网络有限公司人工智能
客户所在地: 武汉市, 中国
产品信息: 亚马逊 智能马桶 Standard (类别: 智能马桶)
生产商: 亚马逊智能科技
产品价格: 6039.3
评分: 2.6星
评价日期: 2025年12月27日
评价内容: ""对这款智能马桶非常不满意，使用说明不清，浪费钱。""<ROW_SEP>

客户ID: XW046
客户公司: 鑫博腾飞信息有限公司智能科技
客户所在地: 兴安盟市, 中国
产品信息: 飞利浦 智能马桶 Max (类别: 智能马桶)
生产商: 飞利浦智能照明
产品价格: 9941.8
评分: 3.5星
评价日期: 2025年12月21日
评价内容: ""智能马桶的质量还可以，音质出色，不过音质一般。""<ROW_SEP>

客户ID: HD242
客户公司: 富罳科技有限公司生物科技
客户所在地: 想县, 中国
产品信息: 松下 智能马桶 Elite (类别: 智能马桶)
生产商: 松下智能电器
产品价格: 9184.21
评分: 4.0星
评价日期: 2025年12月20日
评价内容: ""这款智能马桶质量很好，节能环保。总体来说很满意。""<ROW_SEP>

客户ID: EU335
客户公司: 济南亿次元网络有限公司科技公司
客户所在地: 巢湖市, 中国
产品信息: 亚马逊 智能马桶 Standard (类别: 智能马桶)
生产商: 亚马逊智能科技
产品价格: 6039.3
评分: 2.3星
评价日期: 2025年12月18日
评价内容: ""作为一个经常使用此类产品的人，这款智能马桶不值这个价格。主要问题在于兼容性差。唯一值得称赞的可能就是外观设计还不错。""<ROW_SEP>

客户ID: US056
客户公司: 国讯网络有限公司移动应用开发
客户所在地: 文市, 中国
产品信息: 亚马逊 智能马桶 Standard (类别: 智能马桶)
生产商: 亚马逊智能科技
产品价格: 6039.3
评分: 1.5星
评价日期: 2025年12月11日
评价内容: ""对这款智能马桶非常不满意，稳定性差，浪费钱。""<ROW_SEP>

客户ID: AK874
客户公司: 昊嘉信息有限公司区块链技术
客户所在地: 雷市, 中国
产品信息: 松下 智能马桶 Elite (类别: 智能马桶)
生产商: 松下智能电器
产品价格: 9184.21
评分: 1.6星
评价日期: 2025年11月12日
评价内容: ""不推荐这款智能马桶，反应迟钝，很失望。""",245,37,CA470,3.1,2025-12-28,928,智能马桶,飞利浦 智能马桶 Max,南康传媒有限公司生物科技
"客户ID: VQ233
客户公司: 和泰信息有限公司信息技术
客户所在地: 成都市, 中国
产品信息: 博世 智能马桶 Max (类别: 智能马桶)
生产商: 博世智能系统
产品价格: 7392.23
评分: 4.4星
评价日期: 2025年11月04日
评价内容: ""非常满意这次购买，做工精细，送货也很快。""<ROW_SEP>

客户ID: AU710
客户公司: 巨奥传媒有限公司信息技术
客户所在地: 辛集市, 中国
产品信息: 博世 智能马桶 Basic (类别: 智能马桶)
生产商: 博世智能系统
产品价格: 1564.93
评分: 3.9星
评价日期: 2025年11月03日
评价内容: ""试用了几天，这款智能马桶没有特别惊喜。静音设计设计得比较合理。值得一提的是缺点是兼容性差。性价比很高。""<ROW_SEP>

客户ID: MZ379
客户公司: 联软传媒有限公司区块链技术
客户所在地: 慧县, 中国
产品信息: 美的 智能马桶 Mini (类别: 智能马桶)
生产商: 美的智能科技
产品价格: 3349.58
评分: 4.5星
评价日期: 2025年10月07日
评价内容: ""在看电影时时使用效果很好，特别是省电模式功能。""<ROW_SEP>

客户ID: KS630
客户公司: 良诺信息有限公司网络安全
客户所在地: 潮州市, 中国
产品信息: 小米 智能马桶 Lite (类别: 智能马桶)
生产商: 小米智能家居
产品价格: 6252.3
评分: 3.0星
评价日期: 2025年10月06日
评价内容: ""这款智能马桶一般，兼容性强，但是信号强度有点问题。""<ROW_SEP>

客户ID: MJ814
客户公司: 毕博诚科技有限公司互联网服务
客户所在地: 俊市, 中国
产品信息: 飞利浦 智能马桶 Max (类别: 智能马桶)
生产商: 飞利浦智能照明
产品价格: 9941.8
评分: 3.0星
评价日期: 2025年10月03日
评价内容: ""我觉得，这款飞利浦 智能马桶 Max中规中矩。在夏天使用时，自动调节表现不错。但是在家庭聚会场景下表现一般。建议慎重考虑。""<ROW_SEP>

客户ID: OA831
客户公司: 华泰通安科技有限公司网络安全
客户所在地: 玉梅市, 中国
产品信息: 飞利浦 智能马桶 Max (类别: 智能马桶)
生产商: 飞利浦智能照明
产品价格: 9941.8
评分: 1.1星
评价日期: 2025年10月02日
评价内容: ""使用一周后出现故障，稳定性差，售后服务也不好。""<ROW_SEP>

客户ID: MJ814
客户公司: 毕博诚科技有限公司互联网服务
客户所在地: 俊市, 中国
产品信息: 博世 智能马桶 Max (类别: 智能马桶)
生产商: 博世智能系统
产品价格: 7392.23
评分: 2.7星
评价日期: 2025年09月27日
评价内容: ""使用一周后出现故障，反应迟钝，售后服务也不好。""",14,45,VQ233,4.4,2025-11-04,947,智能马桶,博世 智能马桶 Max,和泰信息有限公司信息技术
"客户ID: KS630
客户公司: 良诺信息有限公司网络安全
客户所在地: 潮州市, 中国
产品信息: 松下 智能马桶 Elite (类别: 智能马桶)
生产商: 松下智能电器
产品价格: 9184.21
评分: 3.2星
评价日期: 2025年09月15日
评价内容: ""坦白讲，这款智能马桶中规中矩。在晚上睡前时使用体验还不错。最让我失望的是使用久了会发现一些小问题。总体来说还是很满意的。""<ROW_SEP>

客户ID: ME428
客户公司: 创汇网络有限公司虚拟现实
客户所在地: 秀英市, 中国
产品信息: 小米 智能马桶 Lite (类别: 智能马桶)
生产商: 小米智能家居
产品价格: 6252.3
评分: 3.3星
评价日期: 2025年09月07日
评价内容: ""智能马桶的质量还可以，做工精细，不过稳定性差。""<ROW_SEP>

客户ID: YZ898
客户公司: 通际名联科技有限公司金融科技
客户所在地: 济南市, 中国
产品信息: 飞利浦 智能马桶 Max (类别: 智能马桶)
生产商: 飞利浦智能照明
产品价格: 9941.8
评分: 2.1星
评价日期: 2025年08月29日
评价内容: ""对这款智能马桶非常不满意，续航时间短，浪费钱。""<ROW_SEP>

客户ID: ZF061
客户公司: 维旺明信息有限公司人工智能
客户所在地: 坤县, 中国
产品信息: 博世 智能马桶 Max (类别: 智能马桶)
生产商: 博世智能系统
产品价格: 7392.23
评分: 2.1星
评价日期: 2025年08月23日
评价内容: ""这款产品有严重问题，功能单一，已经申请退款。""<ROW_SEP>

客户ID: HD242
客户公司: 富罳科技有限公司生物科技
客户所在地: 想县, 中国
产品信息: 亚马逊 智能马桶 Elite (类别: 智能马桶)
生产商: 亚马逊智能科技
产品价格: 1801.88
评分: 1.6星
评价日期: 2025年08月09日
评价内容: ""不推荐这款智能马桶，画质模糊，很失望。""<ROW_SEP>

客户ID: BF338
客户公司: 天开网络有限公司金融科技
客户所在地: 南宁市, 中国
产品信息: 亚马逊 智能马桶 Elite (类别: 智能马桶)
生产商: 亚马逊智能科技
产品价格: 1801.88
评分: 2.4星
评价日期: 2025年08月08日
评价内容: ""对这款智能马桶非常不满意，做工一般，浪费钱。""<ROW_SEP>

客户ID: RG743
客户公司: 快讯信息有限公司智能科技
客户所在地: 勇县, 中国
产品信息: 飞利浦 智能马桶 Max (类别: 智能马桶)
生产商: 飞利浦智能照明
产品价格: 9941.8
评分: 1.4星
评价日期: 2025年07月31日
评价内容: ""使用一周后出现故障，智能化程度低，售后服务也不好。""",585,66,KS630,3.2,2025-09-15,919,智能马桶,松下 智能马桶 Elite,良诺信息有限公司网络安全
"客户ID: QL573
客户公司: 维涛科技有限公司网络安全
客户所在地: 永安市, 中国
产品信息: 松下 智能马桶 Elite (类别: 智能马桶)
生产商: 松下智能电器
产品价格: 9184.21
评分: 4.0星
评价日期: 2025年07月21日
评价内容: ""这款产品的自动升级特别好用，在日常使用时特别方便。""<ROW_SEP>

客户ID: TB616
客户公司: 晖来计算机网络有限公司虚拟现实
客户所在地: 梅县, 中国
产品信息: 亚马逊 智能马桶 Standard (类别: 智能马桶)
生产商: 亚马逊智能科技
产品价格: 6039.3
评分: 4.2星
评价日期: 2025年07月05日
评价内容: ""试用了几天，这款智能马桶超出我的预期。不过节能模式功能特别实用。整体体验不错。""<ROW_SEP>

客户ID: US056
客户公司: 国讯网络有限公司移动应用开发
客户所在地: 文市, 中国
产品信息: 小米 智能马桶 Lite (类别: 智能马桶)
生产商: 小米智能家居
产品价格: 6252.3
评分: 2.4星
评价日期: 2025年07月05日
评价内容: ""信号强度问题很严重，完全不值这个价格。""<ROW_SEP>

客户ID: LU518
客户公司: 易动力传媒有限公司生物科技
客户所在地: 伟市, 中国
产品信息: 亚马逊 智能马桶 Standard (类别: 智能马桶)
生产商: 亚马逊智能科技
产品价格: 6039.3
评分: 2.9星
评价日期: 2025年07月03日
评价内容: ""对这款智能马桶非常不满意，兼容性差，浪费钱。""<ROW_SEP>

客户ID: LU518
客户公司: 易动力传媒有限公司生物科技
客户所在地: 伟市, 中国
产品信息: 博世 智能马桶 Max (类别: 智能马桶)
生产商: 博世智能系统
产品价格: 7392.23
评分: 2.8星
评价日期: 2025年07月02日
评价内容: ""不得不说，这款博世 智能马桶 Max不推荐购买。电池寿命简直无法忍受。已经申请退款了。""<ROW_SEP>

客户ID: AK874
客户公司: 昊嘉信息有限公司区块链技术
客户所在地: 雷市, 中国
产品信息: 松下 智能马桶 Elite (类别: 智能马桶)
生产商: 松下智能电器
产品价格: 9184.21
评分: 3.7星
评价日期: 2025年06月29日
评价内容: ""在早晨起床使用还不错，但在其他情况下表现一般。""<ROW_SEP>

客户ID: RY548
客户公司: 易动力信息有限公司网络安全
客户所在地: 斌县, 中国
产品信息: 亚马逊 智能马桶 Standard (类别: 智能马桶)
生产商: 亚马逊智能科技
产品价格: 6039.3
评分: 4.0星
评价日期: 2025年06月20日
评价内容: ""在早晨起床时使用效果很好，特别是高清画质功能。""",1299,66,QL573,4.0,2025-07-21,916,智能马桶,松下 智能马桶 Elite,维涛科技有限公司网络安全
"客户ID: GC890
客户公司: 创联世纪信息有限公司移动应用开发
客户所在地: 福州县, 中国
产品信息: 飞利浦 智能马桶 Max (类别: 智能马桶)
生产商: 飞利浦智能照明
产品价格: 9941.8
评分: 2.9星
评价日期: 2025年06月14日
评价内容: ""散热问题问题很严重，完全不值这个价格。""<ROW_SEP>

客户ID: AW347
客户公司: 鸿睿思博传媒有限公司智能科技
客户所在地: 武汉市, 中国
产品信息: 美的 智能马桶 Mini (类别: 智能马桶)
生产商: 美的智能科技
产品价格: 3349.58
评分: 3.8星
评价日期: 2025年06月05日
评价内容: ""总体来说还行，质量很好，就是兼容性差。""<ROW_SEP>

客户ID: TO444
客户公司: MBP软件网络有限公司移动应用开发
客户所在地: 辛集市, 中国
产品信息: 博世 智能马桶 Max (类别: 智能马桶)
生产商: 博世智能系统
产品价格: 7392.23
评分: 3.3星
评价日期: 2025年06月03日
评价内容: ""对比了市面上几款同类产品后，这款博世 智能马桶 Max中规中矩。优点是性价比高。最重要的是在办公环境场景下表现一般。建议慎重考虑。""<ROW_SEP>

客户ID: WW556
客户公司: 商软冠联网络有限公司信息技术
客户所在地: 梅市, 中国
产品信息: 亚马逊 智能马桶 Elite (类别: 智能马桶)
生产商: 亚马逊智能科技
产品价格: 1801.88
评分: 3.9星
评价日期: 2025年05月19日
评价内容: ""这款智能马桶一般，稳定性好，但是连接稳定性有点问题。""<ROW_SEP>

客户ID: UY980
客户公司: 兰金电子传媒有限公司生物科技
客户所在地: 桂香县, 中国
产品信息: 亚马逊 智能马桶 Elite (类别: 智能马桶)
生产商: 亚马逊智能科技
产品价格: 1801.88
评分: 1.6星
评价日期: 2025年05月16日
评价内容: ""对这款智能马桶非常不满意，反应迟钝，浪费钱。""<ROW_SEP>

客户ID: PJ659
客户公司: 超艺网络有限公司人工智能
客户所在地: 武汉市, 中国
产品信息: 美的 智能马桶 Mini (类别: 智能马桶)
生产商: 美的智能科技
产品价格: 3349.58
评分: 3.4星
评价日期: 2025年04月26日
评价内容: ""体验下来，这款美的 智能马桶 Mini没有特别惊喜。智能联动设计得比较合理。令人意外的是缺点是画质模糊。性价比很高。""<ROW_SEP>

客户ID: CA470
客户公司: 南康传媒有限公司生物科技
客户所在地: 贵阳市, 中国
产品信息: 亚马逊 智能马桶 Elite (类别: 智能马桶)
生产商: 亚马逊智能科技
产品价格: 1801.88
评分: 1.2星
评价日期: 2025年04月23日
评价内容: ""连接稳定性问题很严重，完全不值这个价格。""",576,37,GC890,2.9,2025-06-14,957,智能马桶,飞利浦 智能马桶 Max,创联世纪信息有限公司移动应用开发
"客户ID: VQ233
客户公司: 和泰信息有限公司信息技术
客户所在地: 成都市, 中国
产品信息: 亚马逊 智能马桶 Elite (类别: 智能马桶)
生产商: 亚马逊智能科技
产品价格: 1801.88
评分: 3.7星
评价日期: 2025年04月21日
评价内容: ""这款智能马桶一般，音质出色，但是噪音控制有点问题。""<ROW_SEP>

客户ID: DH200
客户公司: 盟新传媒有限公司大数据分析
客户所在地: 辽阳县, 中国
产品信息: 小米 智能马桶 Lite (类别: 智能马桶)
生产商: 小米智能家居
产品价格: 6252.3
评分: 4.4星
评价日期: 2025年04月17日
评价内容: ""这是我用过的最好的智能马桶之一，操作简单，性价比很高。""<ROW_SEP>

客户ID: GC846
客户公司: 明腾科技有限公司区块链技术
客户所在地: 石家庄市, 中国
产品信息: 亚马逊 智能马桶 Standard (类别: 智能马桶)
生产商: 亚马逊智能科技
产品价格: 6039.3
评分: 4.0星
评价日期: 2025年04月07日
评价内容: ""作为第一次购买这类产品的新手，这款智能马桶功能很强大。最重要的是自动调节功能特别实用。期待下一代产品能有所改进。""<ROW_SEP>

客户ID: AU710
客户公司: 巨奥传媒有限公司信息技术
客户所在地: 辛集市, 中国
产品信息: 博世 智能马桶 Max (类别: 智能马桶)
生产商: 博世智能系统
产品价格: 7392.23
评分: 1.6星
评价日期: 2025年04月06日
评价内容: ""试用了几天，这款博世 智能马桶 Max性价比极低。在晚上睡前时完全不能正常工作。以后不会再考虑这个品牌的产品。""<ROW_SEP>

客户ID: CM245
客户公司: 万迅电脑信息有限公司科技公司
客户所在地: 洋县, 中国
产品信息: 松下 智能马桶 Elite (类别: 智能马桶)
生产商: 松下智能电器
产品价格: 9184.21
评分: 3.5星
评价日期: 2025年04月02日
评价内容: ""智能马桶的质量还可以，性价比高，不过安装困难。""<ROW_SEP>

客户ID: DH200
客户公司: 盟新传媒有限公司大数据分析
客户所在地: 辽阳县, 中国
产品信息: 亚马逊 智能马桶 Elite (类别: 智能马桶)
生产商: 亚马逊智能科技
产品价格: 1801.88
评分: 4.8星
评价日期: 2025年04月02日
评价内容: ""非常满意这次购买，音质出色，送货也很快。""<ROW_SEP>

客户ID: WN094
客户公司: 菊风公司传媒有限公司数字科技
客户所在地: 秀梅市, 中国
产品信息: 亚马逊 智能马桶 Elite (类别: 智能马桶)
生产商: 亚马逊智能科技
产品价格: 1801.88
评分: 1.3星
评价日期: 2025年03月26日
评价内容: ""用了一段时间，这款亚马逊 智能马桶 Elite很失望。使用不到一周就出现了失灵。以后不会再考虑这个品牌的产品。""",218,32,VQ233,3.7,2025-04-21,983,智能马桶,亚马逊 智能马桶 Elite,和泰信息有限公司信息技术
"客户ID: GC846
客户公司: 明腾科技有限公司区块链技术
客户所在地: 石家庄市, 中国
产品信息: 松下 智能马桶 Elite (类别: 智能马桶)
生产商: 松下智能电器
产品价格: 9184.21
评分: 1.2星
评价日期: 2025年03月25日
评价内容: ""对这款智能马桶非常不满意，稳定性差，浪费钱。""<ROW_SEP>

客户ID: GJ116
客户公司: 良诺信息有限公司生物科技
客户所在地: 红市, 中国
产品信息: 博世 智能马桶 Basic (类别: 智能马桶)
生产商: 博世智能系统
产品价格: 1564.93
评分: 1.5星
评价日期: 2025年03月24日
评价内容: ""这款产品有严重问题，功能单一，已经申请退款。""<ROW_SEP>

客户ID: PE529
客户公司: 易动力网络有限公司信息技术
客户所在地: 英县, 中国
产品信息: 亚马逊 智能马桶 Standard (类别: 智能马桶)
生产商: 亚马逊智能科技
产品价格: 6039.3
评分: 2.9星
评价日期: 2025年03月11日
评价内容: ""对这款智能马桶非常不满意，价格偏高，浪费钱。""<ROW_SEP>

客户ID: BF338
客户公司: 天开网络有限公司金融科技
客户所在地: 南宁市, 中国
产品信息: 博世 智能马桶 Max (类别: 智能马桶)
生产商: 博世智能系统
产品价格: 7392.23
评分: 3.0星
评价日期: 2025年02月20日
评价内容: ""使用后感觉，这款智能马桶性价比一般。优点是智能化程度高。尤其是缺点是操作复杂。总体来说还是很满意的。""<ROW_SEP>

客户ID: TO444
客户公司: MBP软件网络有限公司移动应用开发
客户所在地: 辛集市, 中国
产品信息: 松下 智能马桶 Elite (类别: 智能马桶)
生产商: 松下智能电器
产品价格: 9184.21
评分: 3.8星
评价日期: 2025年02月19日
评价内容: ""总体来说还行，外观漂亮，就是续航时间短。""<ROW_SEP>

客户ID: GJ116
客户公司: 良诺信息有限公司生物科技
客户所在地: 红市, 中国
产品信息: 亚马逊 智能马桶 Standard (类别: 智能马桶)
生产商: 亚马逊智能科技
产品价格: 6039.3
评分: 2.5星
评价日期: 2025年02月14日
评价内容: ""使用一周后出现故障，功能单一，售后服务也不好。""<ROW_SEP>

客户ID: VC531
客户公司: 九方传媒有限公司生物科技
客户所在地: 六盘水市, 中国
产品信息: 亚马逊 智能马桶 Elite (类别: 智能马桶)
生产商: 亚马逊智能科技
产品价格: 1801.88
评分: 4.4星
评价日期: 2025年02月11日
评价内容: ""体验下来，这款智能马桶功能很强大。但是在早晨起床时表现尤为出色。没有达到我的期望。如果非要说缺点的话，可能就是安装困难。推荐给有需要的朋友。""",977,66,GC846,1.2,2025-03-25,956,智能马桶,松下 智能马桶 Elite,明腾科技有限公司区块链技术
"客户ID: BP732
客户公司: 南康网络有限公司互联网服务
客户所在地: 敏市, 中国
产品信息: 亚马逊 智能马桶 Standard (类别: 智能马桶)
生产商: 亚马逊智能科技
产品价格: 6039.3
评分: 1.1星
评价日期: 2025年02月09日
评价内容: ""使用一周后出现故障，做工一般，售后服务也不好。""<ROW_SEP>

客户ID: NQ176
客户公司: 图龙信息传媒有限公司数字科技
客户所在地: 南昌市, 中国
产品信息: 松下 智能马桶 Elite (类别: 智能马桶)
生产商: 松下智能电器
产品价格: 9184.21
评分: 1.5星
评价日期: 2025年01月31日
评价内容: ""我发现，这款松下 智能马桶 Elite质量太差。在晚上睡前时完全不能正常工作。已经申请退款了。""<ROW_SEP>

客户ID: RY572
客户公司: 中建创业信息有限公司虚拟现实
客户所在地: 冬梅县, 中国
产品信息: 亚马逊 智能马桶 Standard (类别: 智能马桶)
生产商: 亚马逊智能科技
产品价格: 6039.3
评分: 2.4星
评价日期: 2025年01月19日
评价内容: ""使用一周后出现故障，续航时间短，售后服务也不好。""<ROW_SEP>

客户ID: MG296
客户公司: 浦华众城网络有限公司信息技术
客户所在地: 浩市, 中国
产品信息: 美的 智能马桶 Mini (类别: 智能马桶)
生产商: 美的智能科技
产品价格: 3349.58
评分: 1.9星
评价日期: 2025年01月18日
评价内容: ""对这款智能马桶非常不满意，兼容性差，浪费钱。""<ROW_SEP>

客户ID: HD242
客户公司: 富罳科技有限公司生物科技
客户所在地: 想县, 中国
产品信息: 博世 智能马桶 Max (类别: 智能马桶)
生产商: 博世智能系统
产品价格: 7392.23
评分: 2.5星
评价日期: 2025年01月06日
评价内容: ""使用一周后出现故障，使用说明不清，售后服务也不好。""<ROW_SEP>

客户ID: QJ392
客户公司: 创亿网络有限公司金融科技
客户所在地: 重庆市, 中国
产品信息: 博世 智能马桶 Basic (类别: 智能马桶)
生产商: 博世智能系统
产品价格: 1564.93
评分: 3.4星
评价日期: 2025年01月03日
评价内容: ""总体来说还行，节能环保，就是安装困难。""<ROW_SEP>

客户ID: ZF801
客户公司: 易动力科技有限公司科技公司
客户所在地: 沈阳县, 中国
产品信息: 松下 智能马桶 Elite (类别: 智能马桶)
生产商: 松下智能电器
产品价格: 9184.21
评分: 2.6星
评价日期: 2024年12月30日
评价内容: ""我发现，这款智能马桶不推荐购买。在做饭时时完全不能正常工作。已经申请退款了。""",1002,64,BP732,1.1,2025-02-09,918,智能马桶,亚马逊 智能马桶 Standard,南康网络有限公司互联网服务
"客户ID: IP471
客户公司: 银嘉信息有限公司移动应用开发
客户所在地: 荆门市, 中国
产品信息: 博世 智能马桶 Max (类别: 智能马桶)
生产商: 博世智能系统
产品价格: 7392.23
评分: 3.1星
评价日期: 2024年12月30日
评价内容: ""这款智能马桶一般，质量很好，但是散热问题有点问题。""<ROW_SEP>

客户ID: BW289
客户公司: 海创网络有限公司生物科技
客户所在地: 汕尾县, 中国
产品信息: 飞利浦 智能马桶 Max (类别: 智能马桶)
生产商: 飞利浦智能照明
产品价格: 9941.8
评分: 4.2星
评价日期: 2024年12月29日
评价内容: ""非常满意这次购买，节能环保，送货也很快。""<ROW_SEP>

客户ID: FJ947
客户公司: 浙大万朋信息有限公司生物科技
客户所在地: 鑫市, 中国
产品信息: 亚马逊 智能马桶 Elite (类别: 智能马桶)
生产商: 亚马逊智能科技
产品价格: 1801.88
评分: 3.6星
评价日期: 2024年12月25日
评价内容: ""这款智能马桶一般，稳定性好，但是连接稳定性有点问题。""<ROW_SEP>

客户ID: RG743
客户公司: 快讯信息有限公司智能科技
客户所在地: 勇县, 中国
产品信息: 博世 智能马桶 Max (类别: 智能马桶)
生产商: 博世智能系统
产品价格: 7392.23
评分: 2.6星
评价日期: 2024年12月19日
评价内容: ""这款产品有严重问题，操作复杂，已经申请退款。""<ROW_SEP>

客户ID: TW751
客户公司: 图龙信息网络有限公司云计算
客户所在地: 宁德市, 中国
产品信息: 松下 智能马桶 Elite (类别: 智能马桶)
生产商: 松下智能电器
产品价格: 9184.21
评分: 4.0星
评价日期: 2024年12月16日
评价内容: ""这款智能马桶质量很好，续航时间长。总体来说很满意。""<ROW_SEP>

客户ID: VC531
客户公司: 九方传媒有限公司生物科技
客户所在地: 六盘水市, 中国
产品信息: 美的 智能马桶 Mini (类别: 智能马桶)
生产商: 美的智能科技
产品价格: 3349.58
评分: 4.4星
评价日期: 2024年11月28日
评价内容: ""这款产品的一键控制特别好用，在日常使用时特别方便。""<ROW_SEP>

客户ID: WB209
客户公司: 维涛传媒有限公司云计算
客户所在地: 秀华县, 中国
产品信息: 松下 智能马桶 Elite (类别: 智能马桶)
生产商: 松下智能电器
产品价格: 9184.21
评分: 2.6星
评价日期: 2024年11月19日
评价内容: ""使用一周后出现故障，音质一般，售后服务也不好。""",295,45,IP471,3.1,2024-12-30,890,智能马桶,博世 智能马桶 Max,银嘉信息有限公司移动应用开发
"客户ID: VQ233
客户公司: 和泰信息有限公司信息技术
客户所在地: 成都市, 中国
产品信息: 博世 智能马桶 Basic (类别: 智能马桶)
生产商: 博世智能系统
产品价格: 1564.93
评分: 5.0星
评价日期: 2024年11月12日
评价内容: ""这款产品的智能场景特别好用，在户外活动时特别方便。""<ROW_SEP>

客户ID: KS630
客户公司: 良诺信息有限公司网络安全
客户所在地: 潮州市, 中国
产品信息: 美的 智能马桶 Mini (类别: 智能马桶)
生产商: 美的智能科技
产品价格: 3349.58
评分: 2.8星
评价日期: 2024年11月08日
评价内容: ""经过一段时间使用，这款智能马桶存在明显缺陷。在看电影时时完全不能正常工作。唯一值得称赞的可能就是包装很精美。""<ROW_SEP>

客户ID: BN418
客户公司: 易动力网络有限公司移动应用开发
客户所在地: 重庆市, 中国
产品信息: 亚马逊 智能马桶 Elite (类别: 智能马桶)
生产商: 亚马逊智能科技
产品价格: 1801.88
评分: 4.7星
评价日期: 2024年10月28日
评价内容: ""购买后，这款亚马逊 智能马桶 Elite性价比很高。而且多用户管理是我最喜欢的部分。如果非要说缺点的话，连接稳定性还有提升空间。价格虽高，但物有所值。""<ROW_SEP>

客户ID: MG296
客户公司: 浦华众城网络有限公司信息技术
客户所在地: 浩市, 中国
产品信息: 博世 智能马桶 Basic (类别: 智能马桶)
生产商: 博世智能系统
产品价格: 1564.93
评分: 4.6星
评价日期: 2024年10月20日
评价内容: ""对比了市面上几款同类产品后，这款智能马桶真的很不错。另外智能学习功能特别实用。如果非要说缺点的话，可能就是使用说明不清。整体体验不错。""<ROW_SEP>

客户ID: EK253
客户公司: 兰金电子科技有限公司区块链技术
客户所在地: 南昌市, 中国
产品信息: 美的 智能马桶 Mini (类别: 智能马桶)
生产商: 美的智能科技
产品价格: 3349.58
评分: 1.8星
评价日期: 2024年10月14日
评价内容: ""这款产品有严重问题，做工一般，已经申请退款。""<ROW_SEP>

客户ID: IP471
客户公司: 银嘉信息有限公司移动应用开发
客户所在地: 荆门市, 中国
产品信息: 美的 智能马桶 Mini (类别: 智能马桶)
生产商: 美的智能科技
产品价格: 3349.58
评分: 2.4星
评价日期: 2024年09月27日
评价内容: ""这款产品有严重问题，做工一般，已经申请退款。""",810,85,VQ233,5.0,2024-11-12,884,智能马桶,博世 智能马桶 Basic,和泰信息有限公司信息技术
"客户ID: VH856
客户公司: 鑫博腾飞科技有限公司电子商务
客户所在地: 英县, 中国
产品信息: 松下 智能马桶 Elite (类别: 智能马桶)
生产商: 松下智能电器
产品价格: 9184.21
评分: 1.4星
评价日期: 2024年09月26日
评价内容: ""必须承认，这款松下 智能马桶 Elite存在明显缺陷。主要问题在于耗电量大。唯一值得称赞的可能就是外观设计还不错。以后不会再考虑这个品牌的产品。""<ROW_SEP>

客户ID: TO444
客户公司: MBP软件网络有限公司移动应用开发
客户所在地: 辛集市, 中国
产品信息: 亚马逊 智能马桶 Elite (类别: 智能马桶)
生产商: 亚马逊智能科技
产品价格: 1801.88
评分: 4.0星
评价日期: 2024年09月15日
评价内容: ""购买后，这款智能马桶设计很人性化。更让我满意的是自动升级是我最喜欢的部分。对得起这个价格。""<ROW_SEP>

客户ID: VC531
客户公司: 九方传媒有限公司生物科技
客户所在地: 六盘水市, 中国
产品信息: 亚马逊 智能马桶 Elite (类别: 智能马桶)
生产商: 亚马逊智能科技
产品价格: 1801.88
评分: 3.0星
评价日期: 2024年09月09日
评价内容: ""这款产品优缺点都有，反应灵敏，但反应迟钝。""<ROW_SEP>

客户ID: XO649
客户公司: 晖来计算机传媒有限公司云计算
客户所在地: 郑州县, 中国
产品信息: 小米 智能马桶 Lite (类别: 智能马桶)
生产商: 小米智能家居
产品价格: 6252.3
评分: 4.3星
评价日期: 2024年09月08日
评价内容: ""试用了几天，这款小米 智能马桶 Lite品质很好。让我惊喜的是在工作时时表现尤为出色。和描述的有些差距。期待下一代产品能有所改进。""<ROW_SEP>

客户ID: ZH741
客户公司: 巨奥科技有限公司信息技术
客户所在地: 峰县, 中国
产品信息: 博世 智能马桶 Basic (类别: 智能马桶)
生产商: 博世智能系统
产品价格: 1564.93
评分: 3.2星
评价日期: 2024年08月29日
评价内容: ""这款产品优缺点都有，操作简单，但兼容性差。""<ROW_SEP>

客户ID: BP732
客户公司: 南康网络有限公司互联网服务
客户所在地: 敏市, 中国
产品信息: 博世 智能马桶 Basic (类别: 智能马桶)
生产商: 博世智能系统
产品价格: 1564.93
评分: 1.3星
评价日期: 2024年08月11日
评价内容: ""这款产品有严重问题，使用说明不清，已经申请退款。""",958,66,VH856,1.4,2024-09-26,861,智能马桶,松下 智能马桶 Elite,鑫博腾飞科技有限公司电子商务
"客户ID: GC890
客户公司: 创联世纪信息有限公司移动应用开发
客户所在地: 福州县, 中国
产品信息: 亚马逊 智能马桶 Elite (类别: 智能马桶)
生产商: 亚马逊智能科技
产品价格: 1801.88
评分: 4.5星
评价日期: 2024年08月02日
评价内容: ""经过一段时间使用，这款亚马逊 智能马桶 Elite超出我的预期。如果非要说缺点的话，电池寿命还有提升空间。推荐给有需要的朋友。""<ROW_SEP>

客户ID: LU518
客户公司: 易动力传媒有限公司生物科技
客户所在地: 伟市, 中国
产品信息: 松下 智能马桶 Elite (类别: 智能马桶)
生产商: 松下智能电器
产品价格: 9184.21
评分: 2.5星
评价日期: 2024年07月16日
评价内容: ""对这款智能马桶非常不满意，功能单一，浪费钱。""<ROW_SEP>

客户ID: EA575
客户公司: 襄樊地球村信息有限公司物联网
客户所在地: 丽娟市, 中国
产品信息: 亚马逊 智能马桶 Elite (类别: 智能马桶)
生产商: 亚马逊智能科技
产品价格: 1801.88
评分: 3.4星
评价日期: 2024年07月05日
评价内容: ""在做饭时使用还不错，但在其他情况下表现一般。""<ROW_SEP>

客户ID: EK253
客户公司: 兰金电子科技有限公司区块链技术
客户所在地: 南昌市, 中国
产品信息: 亚马逊 智能马桶 Standard (类别: 智能马桶)
生产商: 亚马逊智能科技
产品价格: 6039.3
评分: 2.0星
评价日期: 2024年07月05日
评价内容: ""使用一周后出现故障，安装困难，售后服务也不好。""<ROW_SEP>

客户ID: WB209
客户公司: 维涛传媒有限公司云计算
客户所在地: 秀华县, 中国
产品信息: 飞利浦 智能马桶 Max (类别: 智能马桶)
生产商: 飞利浦智能照明
产品价格: 9941.8
评分: 1.7星
评价日期: 2024年06月30日
评价内容: ""使用一周后出现故障，稳定性差，售后服务也不好。""<ROW_SEP>

客户ID: BF338
客户公司: 天开网络有限公司金融科技
客户所在地: 南宁市, 中国
产品信息: 亚马逊 智能马桶 Standard (类别: 智能马桶)
生产商: 亚马逊智能科技
产品价格: 6039.3
评分: 2.5星
评价日期: 2024年06月24日
评价内容: ""散热问题问题很严重，完全不值这个价格。""<ROW_SEP>

客户ID: BF338
客户公司: 天开网络有限公司金融科技
客户所在地: 南宁市, 中国
产品信息: 博世 智能马桶 Max (类别: 智能马桶)
生产商: 博世智能系统
产品价格: 7392.23
评分: 4.1星
评价日期: 2024年06月14日
评价内容: ""非常满意这次购买，安装方便，送货也很快。""",1123,32,GC890,4.5,2024-08-02,921,智能马桶,亚马逊 智能马桶 Elite,创联世纪信息有限公司移动应用开发
"客户ID: RV310
客户公司: 银嘉科技有限公司云计算
客户所在地: 重庆县, 中国
产品信息: 博世 智能马桶 Max (类别: 智能马桶)
生产商: 博世智能系统
产品价格: 7392.23
评分: 2.9星
评价日期: 2024年06月07日
评价内容: ""不推荐这款智能马桶，安装困难，很失望。""<ROW_SEP>

客户ID: ZF801
客户公司: 易动力科技有限公司科技公司
客户所在地: 沈阳县, 中国
产品信息: 亚马逊 智能马桶 Elite (类别: 智能马桶)
生产商: 亚马逊智能科技
产品价格: 1801.88
评分: 2.0星
评价日期: 2024年06月07日
评价内容: ""这款产品有严重问题，使用说明不清，已经申请退款。""",929,45,RV310,2.9,2024-06-07,247,智能马桶,博世 智能马桶 Max,银嘉科技有限公司云计算
