OrderID,ProductID,UnitPrice,Quantity,Discount,ProductName,QuantityPerUnit
1,18,5081.24,11,0.2,美的 智能门锁 Mini,5个/套
1,59,5605.53,10,0.05,西门子 智能摄像头 Max,1个/盒
1,74,2353.42,19,0.1,松下 智能窗帘 Lite,2个/包
1,88,4431.24,20,0.05,格力 智能体重秤 Ultra,1台/箱
2,23,8334.16,14,0.15,美的 智能净水器 Plus,1台/箱
2,51,886.12,18,0.05,苹果 智能开关 Basic,1个/盒
3,14,8626.45,18,0.05,格力 智能净水器 Mini,1套/箱
3,28,241.6,13,0.15,飞利浦 智能扫地机器人 Plus,1套/箱
3,50,10312.91,1,0.0,苹果 智能空气净化器 Basic,3个/套
3,63,9489.11,11,0.05,LG 智能净水器 Basic,2个/包
4,28,222.89,18,0.05,飞利浦 智能扫地机器人 Plus,1套/箱
4,31,1381.31,16,0.15,三星 智能加湿器 Mini,1台/箱
4,71,6569.94,14,0.05,索尼 智能冰箱 Elite,3个/套
5,8,8819.37,17,0.1,松下 智能开关 Lite,5个/套
5,56,264.25,18,0.1,华为 智能体重秤 Advanced,5个/套
5,82,6819.74,2,0.05,LG 智能开关 Lite,1套/箱
5,95,7987.13,7,0.2,格力 智能音箱 Advanced,3个/套
6,63,8957.22,11,0.2,LG 智能净水器 Basic,2个/包
7,35,3233.01,4,0.05,亚马逊 智能门铃 Max,1个/盒
8,41,9422.18,11,0.0,索尼 智能空气净化器 Ultra,5个/套
8,47,2429.45,6,0.15,苹果 智能灯具 Basic,1个/盒
8,53,3078.19,12,0.0,华为 智能电视 Lite,1个/盒
9,91,3046.2,6,0.0,亚马逊 智能音箱 Basic,1个/盒
10,15,5970.15,19,0.1,谷歌 智能音箱 Elite,1台/箱
10,45,7453.29,9,0.15,博世 智能马桶 Max,1套/箱
10,53,3042.99,11,0.05,华为 智能电视 Lite,1个/盒
10,89,9145.09,12,0.1,博世 智能空调 Lite,1个/盒
10,95,8194.78,9,0.0,格力 智能音箱 Advanced,3个/套
11,79,10242.37,18,0.2,格力 智能手环 Lite,1台/件
12,61,772.05,14,0.15,LG 智能洗衣机 Max,1台/箱
12,69,3988.62,17,0.2,谷歌 智能洗衣机 Elite,3个/套
13,6,5444.16,5,0.15,海尔智慧家庭 智能空气净化器 Basic,1个/件
14,3,8474.81,11,0.1,华为 智能电视 Basic,1台/件
14,71,6079.56,19,0.15,索尼 智能冰箱 Elite,3个/套
14,95,8624.61,18,0.0,格力 智能音箱 Advanced,3个/套
15,7,1068.11,3,0.15,博世 智能扫地机器人 Max,1台/箱
15,47,2298.3,14,0.0,苹果 智能灯具 Basic,1个/盒
15,50,9692.63,8,0.0,苹果 智能空气净化器 Basic,3个/套
16,6,5278.04,20,0.2,海尔智慧家庭 智能空气净化器 Basic,1个/件
16,23,8840.92,17,0.0,美的 智能净水器 Plus,1台/箱
16,33,6396.19,8,0.0,飞利浦 智能加湿器 Ultra,5个/套
16,67,1516.17,19,0.1,松下 智能电饭煲 Pro,3个/套
16,77,6698.93,12,0.1,美的 智能洗衣机 Advanced,3个/套
17,7,1078.04,5,0.05,博世 智能扫地机器人 Max,1台/箱
17,19,7278.88,6,0.15,海尔智慧家庭 智能开关 Plus,1台/件
17,93,5803.92,11,0.2,索尼 智能加湿器 Pro,5个/套
18,6,5725.47,10,0.05,海尔智慧家庭 智能空气净化器 Basic,1个/件
18,23,8220.84,15,0.05,美的 智能净水器 Plus,1台/箱
18,73,257.63,5,0.1,飞利浦 智能扫地机器人 Ultra,2个/包
18,75,9217.09,13,0.0,亚马逊 智能空调 Standard,1个/盒
18,95,8680.28,13,0.05,格力 智能音箱 Advanced,3个/套
19,21,2478.74,17,0.2,华为 智能加湿器 Plus,2个/包
19,76,7645.2,7,0.1,松下 智能窗帘 Advanced,3个/套
19,78,5093.8,12,0.2,三星 智能音箱 Elite,5个/套
20,14,8658.38,3,0.2,格力 智能净水器 Mini,1套/箱
20,27,7821.51,10,0.0,小米 智能加湿器 Plus,3个/套
20,42,8083.26,2,0.2,谷歌 智能净水器 Ultra,1套/箱
20,55,6725.5,10,0.15,飞利浦 智能手环 Max,2个/包
21,41,9138.64,4,0.1,索尼 智能空气净化器 Ultra,5个/套
21,86,8005.05,20,0.0,博世 智能摄像头 Standard,2个/包
22,13,3780.18,11,0.0,三星 智能电饭煲 Max,1个/盒
22,41,9588.79,10,0.05,索尼 智能空气净化器 Ultra,5个/套
22,99,1638.53,4,0.1,三星 智能音箱 Basic,1个/盒
22,100,8661.73,18,0.1,LG 智能插座 Max,3个/套
23,16,8213.07,10,0.0,小米 智能电饭煲 Ultra,3个/套
23,70,8034.09,8,0.15,博世 智能净水器 Max,1台/件
23,96,8612.23,2,0.05,博世 智能空调 Lite,3个/套
24,40,6236.97,5,0.0,小米 智能马桶 Lite,1个/件
24,56,270.44,9,0.05,华为 智能体重秤 Advanced,5个/套
24,65,6319.43,4,0.15,西门子 智能空调 Basic,1套/箱
24,96,9102.95,12,0.2,博世 智能空调 Lite,3个/套
25,18,5369.62,10,0.2,美的 智能门锁 Mini,5个/套
25,79,9554.55,14,0.2,格力 智能手环 Lite,1台/件
25,85,1631.52,9,0.05,博世 智能马桶 Basic,1个/件
25,95,8298.14,15,0.1,格力 智能音箱 Advanced,3个/套
25,97,9283.34,1,0.15,格力 智能净水器 Ultra,5个/套
26,10,1868.0,18,0.15,美的 智能窗帘 Max,5个/套
26,16,8556.1,17,0.15,小米 智能电饭煲 Ultra,3个/套
26,22,7296.67,17,0.0,美的 智能电视 Basic,1个/盒
27,79,9429.84,16,0.0,格力 智能手环 Lite,1台/件
28,34,7235.72,19,0.0,松下 智能开关 Advanced,1个/盒
28,46,1944.15,2,0.15,小米 智能开关 Max,1套/箱
28,85,1491.55,7,0.0,博世 智能马桶 Basic,1个/件
28,93,5631.98,14,0.1,索尼 智能加湿器 Pro,5个/套
29,5,4844.4,11,0.0,美的 智能电饭煲 Pro,3个/套
29,61,796.59,20,0.2,LG 智能洗衣机 Max,1台/箱
30,6,5407.22,12,0.15,海尔智慧家庭 智能空气净化器 Basic,1个/件
30,10,1812.31,18,0.1,美的 智能窗帘 Max,5个/套
30,57,4236.87,8,0.1,博世 智能净水器 Plus,3个/套
31,54,7073.69,16,0.15,博世 智能开关 Max,5个/套
31,74,2280.04,2,0.15,松下 智能窗帘 Lite,2个/包
31,81,1455.05,9,0.15,亚马逊 智能门锁 Max,1台/箱
31,88,4492.26,7,0.2,格力 智能体重秤 Ultra,1台/箱
32,3,8891.17,5,0.0,华为 智能电视 Basic,1台/件
32,24,6824.63,6,0.05,西门子 智能电视 Pro,1套/箱
32,35,3118.15,19,0.1,亚马逊 智能门铃 Max,1个/盒
32,73,262.26,7,0.0,飞利浦 智能扫地机器人 Ultra,2个/包
33,25,10112.01,9,0.1,三星 智能窗帘 Basic,1套/箱
33,53,3033.74,19,0.05,华为 智能电视 Lite,1个/盒
33,55,6910.25,7,0.15,飞利浦 智能手环 Max,2个/包
33,66,8857.66,19,0.05,松下 智能马桶 Elite,1个/件
34,23,8206.94,10,0.0,美的 智能净水器 Plus,1台/箱
34,47,2326.44,15,0.05,苹果 智能灯具 Basic,1个/盒
34,69,4160.61,9,0.0,谷歌 智能洗衣机 Elite,3个/套
34,90,2464.42,7,0.2,三星 智能窗帘 Standard,1个/件
34,99,1717.29,1,0.05,三星 智能音箱 Basic,1个/盒
35,18,5164.23,9,0.15,美的 智能门锁 Mini,5个/套
35,88,4514.92,17,0.0,格力 智能体重秤 Ultra,1台/箱
35,95,8163.05,6,0.1,格力 智能音箱 Advanced,3个/套
35,100,8655.68,3,0.15,LG 智能插座 Max,3个/套
36,15,5916.52,14,0.2,谷歌 智能音箱 Elite,1台/箱
37,26,8017.22,13,0.1,亚马逊 智能扫地机器人 Mini,2个/包
37,35,3247.02,19,0.05,亚马逊 智能门铃 Max,1个/盒
38,96,8460.44,8,0.0,博世 智能空调 Lite,3个/套
39,2,9876.7,6,0.15,美的 智能插座 Standard,5个/套
39,12,9593.82,14,0.05,格力 智能空气净化器 Standard,1个/件
39,40,6244.78,19,0.15,小米 智能马桶 Lite,1个/件
39,62,8653.77,20,0.0,华为 智能洗衣机 Ultra,2个/包
39,79,9794.42,11,0.1,格力 智能手环 Lite,1台/件
40,48,817.79,4,0.1,苹果 智能门锁 Pro,1台/箱
40,55,6988.81,9,0.1,飞利浦 智能手环 Max,2个/包
41,17,7981.15,9,0.05,苹果 智能门锁 Plus,1套/箱
41,65,6694.52,19,0.1,西门子 智能空调 Basic,1套/箱
41,100,8576.78,11,0.05,LG 智能插座 Max,3个/套
42,27,8619.87,7,0.1,小米 智能加湿器 Plus,3个/套
42,79,9552.68,14,0.1,格力 智能手环 Lite,1台/件
43,31,1333.58,4,0.1,三星 智能加湿器 Mini,1台/箱
43,36,9488.15,16,0.15,海尔智慧家庭 智能加湿器 Lite,2个/包
43,74,2297.24,11,0.05,松下 智能窗帘 Lite,2个/包
43,79,10121.38,9,0.05,格力 智能手环 Lite,1台/件
43,90,2505.49,8,0.15,三星 智能窗帘 Standard,1个/件
44,6,5700.51,16,0.1,海尔智慧家庭 智能空气净化器 Basic,1个/件
44,39,1677.76,19,0.2,西门子 智能音箱 Mini,3个/套
44,55,6758.07,17,0.1,飞利浦 智能手环 Max,2个/包
45,14,8074.21,15,0.0,格力 智能净水器 Mini,1套/箱
45,33,6376.46,1,0.0,飞利浦 智能加湿器 Ultra,5个/套
45,72,6382.51,16,0.0,西门子 智能洗衣机 Pro,5个/套
45,84,4006.09,11,0.05,苹果 智能扫地机器人 Pro,1个/盒
46,25,9472.0,16,0.15,三星 智能窗帘 Basic,1套/箱
46,40,6396.25,20,0.15,小米 智能马桶 Lite,1个/件
46,42,7461.18,19,0.05,谷歌 智能净水器 Ultra,1套/箱
46,82,7210.58,9,0.05,LG 智能开关 Lite,1套/箱
46,86,8670.12,4,0.2,博世 智能摄像头 Standard,2个/包
47,38,4477.17,20,0.2,西门子 智能冰箱 Standard,2个/包
47,93,5744.15,3,0.05,索尼 智能加湿器 Pro,5个/套
48,11,4544.36,8,0.05,小米 智能门锁 Mini,1个/盒
48,47,2381.02,8,0.1,苹果 智能灯具 Basic,1个/盒
49,23,8342.38,17,0.05,美的 智能净水器 Plus,1台/箱
49,29,6128.67,5,0.15,博世 智能空气净化器 Lite,5个/套
49,37,10377.53,2,0.05,飞利浦 智能马桶 Max,2个/包
49,71,6083.72,11,0.0,索尼 智能冰箱 Elite,3个/套
50,8,8985.39,4,0.1,松下 智能开关 Lite,5个/套
50,25,9211.41,4,0.05,三星 智能窗帘 Basic,1套/箱
51,25,9501.77,13,0.0,三星 智能窗帘 Basic,1套/箱
51,38,4415.97,13,0.15,西门子 智能冰箱 Standard,2个/包
51,64,6030.01,18,0.2,亚马逊 智能马桶 Standard,3个/套
51,75,9165.81,3,0.15,亚马逊 智能空调 Standard,1个/盒
52,3,8947.26,12,0.15,华为 智能电视 Basic,1台/件
53,89,8871.68,1,0.15,博世 智能空调 Lite,1个/盒
54,28,235.79,1,0.2,飞利浦 智能扫地机器人 Plus,1套/箱
54,51,892.03,2,0.0,苹果 智能开关 Basic,1个/盒
54,84,4227.81,11,0.15,苹果 智能扫地机器人 Pro,1个/盒
54,88,4714.28,3,0.2,格力 智能体重秤 Ultra,1台/箱
55,46,1955.86,19,0.1,小米 智能开关 Max,1套/箱
55,48,821.51,6,0.0,苹果 智能门锁 Pro,1台/箱
55,55,6744.75,8,0.0,飞利浦 智能手环 Max,2个/包
55,56,268.99,12,0.15,华为 智能体重秤 Advanced,5个/套
56,21,2513.97,2,0.05,华为 智能加湿器 Plus,2个/包
56,23,8579.17,4,0.05,美的 智能净水器 Plus,1台/箱
56,60,2340.41,1,0.05,华为 智能窗帘 Basic,1套/箱
56,82,7183.05,11,0.0,LG 智能开关 Lite,1套/箱
56,86,7938.56,17,0.0,博世 智能摄像头 Standard,2个/包
57,94,9275.45,7,0.0,格力 智能体重秤 Standard,2个/包
58,71,6354.87,13,0.0,索尼 智能冰箱 Elite,3个/套
59,10,1794.4,8,0.05,美的 智能窗帘 Max,5个/套
59,24,6879.55,12,0.05,西门子 智能电视 Pro,1套/箱
59,39,1745.19,5,0.0,西门子 智能音箱 Mini,3个/套
59,68,3761.09,6,0.1,博世 智能插座 Basic,1套/箱
60,23,8263.34,18,0.2,美的 智能净水器 Plus,1台/箱
60,44,7521.62,18,0.15,小米 智能空调 Elite,3个/套
61,13,3543.9,14,0.0,三星 智能电饭煲 Max,1个/盒
62,17,8104.82,17,0.1,苹果 智能门锁 Plus,1套/箱
62,79,10021.39,2,0.0,格力 智能手环 Lite,1台/件
62,98,2775.2,15,0.2,格力 智能电视 Pro,2个/包
63,1,7320.16,20,0.0,亚马逊 智能电饭煲 Advanced,2个/包
64,22,7793.04,7,0.1,美的 智能电视 Basic,1个/盒
65,5,5092.88,3,0.05,美的 智能电饭煲 Pro,3个/套
66,7,1078.12,13,0.2,博世 智能扫地机器人 Max,1台/箱
66,12,9591.09,1,0.15,格力 智能空气净化器 Standard,1个/件
66,13,3496.71,5,0.15,三星 智能电饭煲 Max,1个/盒
66,78,5103.06,9,0.15,三星 智能音箱 Elite,5个/套
67,2,10198.67,19,0.05,美的 智能插座 Standard,5个/套
67,37,9732.65,5,0.0,飞利浦 智能马桶 Max,2个/包
67,62,8188.14,18,0.2,华为 智能洗衣机 Ultra,2个/包
67,70,7656.63,11,0.05,博世 智能净水器 Max,1台/件
68,8,9088.49,8,0.05,松下 智能开关 Lite,5个/套
68,52,5855.53,13,0.2,小米 智能插座 Max,5个/套
68,79,9319.18,7,0.1,格力 智能手环 Lite,1台/件
68,99,1759.47,10,0.05,三星 智能音箱 Basic,1个/盒
68,101,1636.38,10,0.2,三星 智能摄像头 Mini,1个/件
69,38,4519.83,8,0.0,西门子 智能冰箱 Standard,2个/包
69,60,2238.66,10,0.15,华为 智能窗帘 Basic,1套/箱
69,62,8309.31,3,0.0,华为 智能洗衣机 Ultra,2个/包
69,66,8901.7,4,0.2,松下 智能马桶 Elite,1个/件
69,71,6475.63,5,0.15,索尼 智能冰箱 Elite,3个/套
70,82,6771.08,4,0.2,LG 智能开关 Lite,1套/箱
70,97,9352.69,18,0.0,格力 智能净水器 Ultra,5个/套
71,22,7798.35,6,0.2,美的 智能电视 Basic,1个/盒
71,45,7251.91,17,0.0,博世 智能马桶 Max,1套/箱
71,64,5959.97,15,0.15,亚马逊 智能马桶 Standard,3个/套
72,74,2355.24,1,0.1,松下 智能窗帘 Lite,2个/包
72,90,2563.89,8,0.2,三星 智能窗帘 Standard,1个/件
72,96,8791.34,3,0.2,博世 智能空调 Lite,3个/套
73,4,9813.92,8,0.05,西门子 智能电视 Pro,1台/箱
73,55,7094.49,4,0.05,飞利浦 智能手环 Max,2个/包
74,47,2295.15,7,0.0,苹果 智能灯具 Basic,1个/盒
74,74,2327.36,3,0.0,松下 智能窗帘 Lite,2个/包
74,87,3361.88,17,0.1,美的 智能马桶 Mini,1套/箱
74,97,8903.14,18,0.1,格力 智能净水器 Ultra,5个/套
75,61,728.27,2,0.1,LG 智能洗衣机 Max,1台/箱
75,88,4719.32,20,0.0,格力 智能体重秤 Ultra,1台/箱
75,92,8872.95,4,0.1,西门子 智能摄像头 Plus,1台/件
75,100,8626.95,14,0.05,LG 智能插座 Max,3个/套
76,13,3761.68,10,0.1,三星 智能电饭煲 Max,1个/盒
76,18,5290.49,6,0.1,美的 智能门锁 Mini,5个/套
76,22,8000.58,12,0.1,美的 智能电视 Basic,1个/盒
76,56,260.8,13,0.15,华为 智能体重秤 Advanced,5个/套
76,94,8940.03,10,0.15,格力 智能体重秤 Standard,2个/包
77,94,9075.88,6,0.2,格力 智能体重秤 Standard,2个/包
78,1,7526.45,17,0.0,亚马逊 智能电饭煲 Advanced,2个/包
78,63,9058.46,16,0.1,LG 智能净水器 Basic,2个/包
78,95,8751.55,5,0.1,格力 智能音箱 Advanced,3个/套
79,79,10159.61,10,0.2,格力 智能手环 Lite,1台/件
79,85,1554.64,18,0.1,博世 智能马桶 Basic,1个/件
80,10,1776.39,7,0.1,美的 智能窗帘 Max,5个/套
80,64,6081.21,4,0.0,亚马逊 智能马桶 Standard,3个/套
80,71,6419.01,2,0.15,索尼 智能冰箱 Elite,3个/套
81,18,5454.49,1,0.0,美的 智能门锁 Mini,5个/套
81,45,7104.11,15,0.1,博世 智能马桶 Max,1套/箱
81,99,1637.57,1,0.2,三星 智能音箱 Basic,1个/盒
81,101,1604.71,18,0.15,三星 智能摄像头 Mini,1个/件
82,2,9571.52,11,0.15,美的 智能插座 Standard,5个/套
82,11,4467.03,5,0.1,小米 智能门锁 Mini,1个/盒
82,52,5937.4,12,0.2,小米 智能插座 Max,5个/套
82,61,733.83,14,0.0,LG 智能洗衣机 Max,1台/箱
82,87,3289.97,5,0.05,美的 智能马桶 Mini,1套/箱
83,3,8447.27,10,0.1,华为 智能电视 Basic,1台/件
83,22,7427.73,17,0.15,美的 智能电视 Basic,1个/盒
83,39,1643.32,4,0.15,西门子 智能音箱 Mini,3个/套
84,87,3486.54,16,0.05,美的 智能马桶 Mini,1套/箱
85,12,9205.09,18,0.2,格力 智能空气净化器 Standard,1个/件
85,13,3799.79,7,0.05,三星 智能电饭煲 Max,1个/盒
85,31,1334.01,1,0.15,三星 智能加湿器 Mini,1台/箱
85,96,8920.34,10,0.2,博世 智能空调 Lite,3个/套
86,34,7265.32,8,0.05,松下 智能开关 Advanced,1个/盒
86,60,2228.1,5,0.05,华为 智能窗帘 Basic,1套/箱
86,74,2174.76,9,0.15,松下 智能窗帘 Lite,2个/包
86,75,8938.95,19,0.15,亚马逊 智能空调 Standard,1个/盒
86,97,9507.28,11,0.2,格力 智能净水器 Ultra,5个/套
87,1,7394.76,2,0.2,亚马逊 智能电饭煲 Advanced,2个/包
88,66,9411.67,14,0.1,松下 智能马桶 Elite,1个/件
89,63,9319.05,11,0.1,LG 智能净水器 Basic,2个/包
90,43,4292.21,18,0.15,华为 智能电视 Max,3个/套
90,73,271.87,17,0.0,飞利浦 智能扫地机器人 Ultra,2个/包
91,86,8374.64,9,0.1,博世 智能摄像头 Standard,2个/包
91,89,9373.69,6,0.1,博世 智能空调 Lite,1个/盒
91,93,5772.71,3,0.1,索尼 智能加湿器 Pro,5个/套
91,96,8796.41,12,0.2,博世 智能空调 Lite,3个/套
91,98,2780.55,1,0.05,格力 智能电视 Pro,2个/包
92,14,8558.92,7,0.2,格力 智能净水器 Mini,1套/箱
92,17,8558.09,3,0.05,苹果 智能门锁 Plus,1套/箱
92,97,9483.51,8,0.15,格力 智能净水器 Ultra,5个/套
93,28,224.13,4,0.0,飞利浦 智能扫地机器人 Plus,1套/箱
93,43,4309.63,5,0.2,华为 智能电视 Max,3个/套
93,44,7844.72,4,0.05,小米 智能空调 Elite,3个/套
93,60,2207.59,6,0.15,华为 智能窗帘 Basic,1套/箱
94,6,5255.74,19,0.05,海尔智慧家庭 智能空气净化器 Basic,1个/件
94,15,6317.65,11,0.05,谷歌 智能音箱 Elite,1台/箱
94,77,6815.18,2,0.15,美的 智能洗衣机 Advanced,3个/套
95,16,8900.71,7,0.05,小米 智能电饭煲 Ultra,3个/套
95,31,1322.62,10,0.1,三星 智能加湿器 Mini,1台/箱
95,67,1487.12,2,0.0,松下 智能电饭煲 Pro,3个/套
96,60,2151.84,3,0.2,华为 智能窗帘 Basic,1套/箱
97,4,10306.17,4,0.2,西门子 智能电视 Pro,1台/箱
97,51,829.99,7,0.15,苹果 智能开关 Basic,1个/盒
97,61,755.32,19,0.15,LG 智能洗衣机 Max,1台/箱
97,72,6277.07,11,0.1,西门子 智能洗衣机 Pro,5个/套
97,76,7086.51,3,0.0,松下 智能窗帘 Advanced,3个/套
98,7,1056.26,19,0.15,博世 智能扫地机器人 Max,1台/箱
98,78,5230.89,20,0.0,三星 智能音箱 Elite,5个/套
99,86,8567.21,11,0.2,博世 智能摄像头 Standard,2个/包
99,95,8666.51,10,0.2,格力 智能音箱 Advanced,3个/套
100,50,9494.08,2,0.1,苹果 智能空气净化器 Basic,3个/套
101,8,9171.86,9,0.1,松下 智能开关 Lite,5个/套
101,10,1794.45,14,0.1,美的 智能窗帘 Max,5个/套
101,29,6156.3,15,0.05,博世 智能空气净化器 Lite,5个/套
101,79,9495.66,10,0.15,格力 智能手环 Lite,1台/件
102,99,1719.23,10,0.2,三星 智能音箱 Basic,1个/盒
103,10,1874.2,18,0.05,美的 智能窗帘 Max,5个/套
103,19,7726.73,2,0.15,海尔智慧家庭 智能开关 Plus,1台/件
103,33,5944.11,8,0.1,飞利浦 智能加湿器 Ultra,5个/套
103,40,6353.34,11,0.1,小米 智能马桶 Lite,1个/件
103,94,8935.96,17,0.1,格力 智能体重秤 Standard,2个/包
104,27,8513.06,6,0.2,小米 智能加湿器 Plus,3个/套
104,84,4103.73,10,0.15,苹果 智能扫地机器人 Pro,1个/盒
104,93,5464.7,7,0.05,索尼 智能加湿器 Pro,5个/套
105,8,8857.91,8,0.1,松下 智能开关 Lite,5个/套
105,12,9264.47,5,0.1,格力 智能空气净化器 Standard,1个/件
105,45,7504.46,9,0.1,博世 智能马桶 Max,1套/箱
105,66,9423.37,12,0.2,松下 智能马桶 Elite,1个/件
105,67,1456.89,13,0.05,松下 智能电饭煲 Pro,3个/套
106,2,10249.71,2,0.0,美的 智能插座 Standard,5个/套
107,10,1865.41,3,0.1,美的 智能窗帘 Max,5个/套
107,13,3493.98,18,0.05,三星 智能电饭煲 Max,1个/盒
107,36,9358.88,1,0.05,海尔智慧家庭 智能加湿器 Lite,2个/包
107,47,2420.68,13,0.2,苹果 智能灯具 Basic,1个/盒
107,69,3958.03,5,0.05,谷歌 智能洗衣机 Elite,3个/套
108,76,7674.83,6,0.2,松下 智能窗帘 Advanced,3个/套
109,51,838.31,12,0.0,苹果 智能开关 Basic,1个/盒
109,76,7090.01,18,0.0,松下 智能窗帘 Advanced,3个/套
109,96,8458.55,5,0.05,博世 智能空调 Lite,3个/套
110,74,2239.87,9,0.0,松下 智能窗帘 Lite,2个/包
111,21,2389.71,19,0.0,华为 智能加湿器 Plus,2个/包
111,26,7873.85,11,0.0,亚马逊 智能扫地机器人 Mini,2个/包
111,43,4144.21,10,0.1,华为 智能电视 Max,3个/套
111,47,2429.92,11,0.1,苹果 智能灯具 Basic,1个/盒
111,86,8556.27,5,0.0,博世 智能摄像头 Standard,2个/包
112,32,1742.74,11,0.15,亚马逊 智能马桶 Elite,1个/盒
112,66,8953.33,16,0.05,松下 智能马桶 Elite,1个/件
112,69,4064.36,15,0.0,谷歌 智能洗衣机 Elite,3个/套
112,79,9919.99,6,0.15,格力 智能手环 Lite,1台/件
112,97,9546.54,10,0.0,格力 智能净水器 Ultra,5个/套
113,12,8930.37,8,0.2,格力 智能空气净化器 Standard,1个/件
113,31,1304.64,9,0.2,三星 智能加湿器 Mini,1台/箱
114,7,1152.1,14,0.1,博世 智能扫地机器人 Max,1台/箱
114,13,3702.0,7,0.1,三星 智能电饭煲 Max,1个/盒
114,48,794.87,6,0.1,苹果 智能门锁 Pro,1台/箱
115,65,6511.98,13,0.15,西门子 智能空调 Basic,1套/箱
116,14,8367.31,13,0.05,格力 智能净水器 Mini,1套/箱
116,21,2532.9,17,0.15,华为 智能加湿器 Plus,2个/包
116,28,230.87,13,0.15,飞利浦 智能扫地机器人 Plus,1套/箱
116,85,1628.95,15,0.05,博世 智能马桶 Basic,1个/件
117,14,8357.26,16,0.05,格力 智能净水器 Mini,1套/箱
117,27,8457.75,13,0.1,小米 智能加湿器 Plus,3个/套
117,60,2342.96,20,0.2,华为 智能窗帘 Basic,1套/箱
117,69,4132.18,1,0.2,谷歌 智能洗衣机 Elite,3个/套
117,93,5497.04,3,0.15,索尼 智能加湿器 Pro,5个/套
118,11,4397.82,5,0.0,小米 智能门锁 Mini,1个/盒
118,17,8223.31,20,0.15,苹果 智能门锁 Plus,1套/箱
118,75,9504.72,19,0.1,亚马逊 智能空调 Standard,1个/盒
118,79,9357.51,1,0.1,格力 智能手环 Lite,1台/件
118,97,8821.73,14,0.0,格力 智能净水器 Ultra,5个/套
119,18,5274.91,14,0.1,美的 智能门锁 Mini,5个/套
119,53,3054.92,5,0.0,华为 智能电视 Lite,1个/盒
119,70,7607.39,18,0.0,博世 智能净水器 Max,1台/件
119,73,262.69,13,0.0,飞利浦 智能扫地机器人 Ultra,2个/包
119,101,1689.67,5,0.1,三星 智能摄像头 Mini,1个/件
120,21,2570.73,16,0.1,华为 智能加湿器 Plus,2个/包
120,70,7784.51,2,0.2,博世 智能净水器 Max,1台/件
120,98,2549.29,14,0.1,格力 智能电视 Pro,2个/包
121,37,10233.85,17,0.1,飞利浦 智能马桶 Max,2个/包
121,50,9888.2,18,0.1,苹果 智能空气净化器 Basic,3个/套
121,99,1685.45,3,0.0,三星 智能音箱 Basic,1个/盒
122,14,8070.09,11,0.2,格力 智能净水器 Mini,1套/箱
122,26,7641.64,6,0.1,亚马逊 智能扫地机器人 Mini,2个/包
122,95,8561.45,16,0.15,格力 智能音箱 Advanced,3个/套
123,31,1408.07,4,0.2,三星 智能加湿器 Mini,1台/箱
123,39,1713.49,14,0.05,西门子 智能音箱 Mini,3个/套
123,60,2363.85,15,0.05,华为 智能窗帘 Basic,1套/箱
123,89,9403.12,6,0.0,博世 智能空调 Lite,1个/盒
123,97,8881.91,4,0.15,格力 智能净水器 Ultra,5个/套
124,31,1385.21,7,0.2,三星 智能加湿器 Mini,1台/箱
124,69,4038.95,7,0.15,谷歌 智能洗衣机 Elite,3个/套
125,56,252.44,2,0.2,华为 智能体重秤 Advanced,5个/套
125,96,9050.12,14,0.15,博世 智能空调 Lite,3个/套
125,98,2548.13,1,0.1,格力 智能电视 Pro,2个/包
126,11,4603.72,19,0.1,小米 智能门锁 Mini,1个/盒
126,33,5871.94,20,0.0,飞利浦 智能加湿器 Ultra,5个/套
127,14,8188.66,16,0.05,格力 智能净水器 Mini,1套/箱
127,73,252.81,4,0.2,飞利浦 智能扫地机器人 Ultra,2个/包
128,7,1072.51,18,0.1,博世 智能扫地机器人 Max,1台/箱
128,10,1815.64,2,0.1,美的 智能窗帘 Max,5个/套
129,18,5178.27,13,0.0,美的 智能门锁 Mini,5个/套
129,23,8673.79,4,0.2,美的 智能净水器 Plus,1台/箱
129,32,1824.53,17,0.0,亚马逊 智能马桶 Elite,1个/盒
129,34,7515.77,6,0.2,松下 智能开关 Advanced,1个/盒
130,71,6293.02,10,0.0,索尼 智能冰箱 Elite,3个/套
131,18,5103.41,15,0.1,美的 智能门锁 Mini,5个/套
131,21,2430.61,16,0.15,华为 智能加湿器 Plus,2个/包
131,101,1637.09,14,0.1,三星 智能摄像头 Mini,1个/件
132,14,8047.16,19,0.2,格力 智能净水器 Mini,1套/箱
132,32,1830.14,4,0.15,亚马逊 智能马桶 Elite,1个/盒
132,50,10047.11,13,0.1,苹果 智能空气净化器 Basic,3个/套
132,62,8272.12,2,0.0,华为 智能洗衣机 Ultra,2个/包
132,99,1609.81,15,0.1,三星 智能音箱 Basic,1个/盒
133,12,9595.29,13,0.2,格力 智能空气净化器 Standard,1个/件
134,54,7521.42,4,0.05,博世 智能开关 Max,5个/套
135,4,9532.91,4,0.15,西门子 智能电视 Pro,1台/箱
135,39,1621.01,3,0.2,西门子 智能音箱 Mini,3个/套
135,44,7368.87,5,0.2,小米 智能空调 Elite,3个/套
135,55,6670.08,10,0.2,飞利浦 智能手环 Max,2个/包
135,89,9611.79,12,0.15,博世 智能空调 Lite,1个/盒
136,36,9296.62,10,0.2,海尔智慧家庭 智能加湿器 Lite,2个/包
137,10,1779.06,17,0.15,美的 智能窗帘 Max,5个/套
137,16,8330.28,3,0.1,小米 智能电饭煲 Ultra,3个/套
137,18,5150.71,16,0.2,美的 智能门锁 Mini,5个/套
138,33,6297.04,4,0.1,飞利浦 智能加湿器 Ultra,5个/套
138,38,4266.61,13,0.1,西门子 智能冰箱 Standard,2个/包
138,64,6124.61,17,0.0,亚马逊 智能马桶 Standard,3个/套
138,66,9473.57,12,0.0,松下 智能马桶 Elite,1个/件
138,101,1717.27,6,0.15,三星 智能摄像头 Mini,1个/件
139,3,8213.22,12,0.0,华为 智能电视 Basic,1台/件
139,13,3607.59,15,0.1,三星 智能电饭煲 Max,1个/盒
139,28,237.43,16,0.0,飞利浦 智能扫地机器人 Plus,1套/箱
140,72,6177.46,7,0.1,西门子 智能洗衣机 Pro,5个/套
140,78,5113.8,10,0.05,三星 智能音箱 Elite,5个/套
140,90,2600.17,19,0.05,三星 智能窗帘 Standard,1个/件
141,32,1837.2,18,0.0,亚马逊 智能马桶 Elite,1个/盒
141,44,7663.67,11,0.15,小米 智能空调 Elite,3个/套
141,63,8962.12,2,0.15,LG 智能净水器 Basic,2个/包
141,75,9682.47,6,0.2,亚马逊 智能空调 Standard,1个/盒
141,93,5719.26,8,0.2,索尼 智能加湿器 Pro,5个/套
142,60,2203.93,4,0.2,华为 智能窗帘 Basic,1套/箱
142,66,9575.87,19,0.05,松下 智能马桶 Elite,1个/件
142,68,3531.81,8,0.05,博世 智能插座 Basic,1套/箱
142,76,7622.95,2,0.05,松下 智能窗帘 Advanced,3个/套
143,21,2517.27,6,0.0,华为 智能加湿器 Plus,2个/包
143,31,1400.37,13,0.05,三星 智能加湿器 Mini,1台/箱
143,33,6210.62,11,0.0,飞利浦 智能加湿器 Ultra,5个/套
144,28,235.97,11,0.0,飞利浦 智能扫地机器人 Plus,1套/箱
144,31,1290.58,20,0.05,三星 智能加湿器 Mini,1台/箱
144,37,9747.84,8,0.15,飞利浦 智能马桶 Max,2个/包
144,66,8793.57,2,0.0,松下 智能马桶 Elite,1个/件
145,43,4164.62,15,0.1,华为 智能电视 Max,3个/套
145,98,2616.58,11,0.1,格力 智能电视 Pro,2个/包
146,9,6722.19,7,0.1,亚马逊 智能插座 Pro,1套/箱
146,33,6400.87,20,0.05,飞利浦 智能加湿器 Ultra,5个/套
146,65,6305.41,13,0.05,西门子 智能空调 Basic,1套/箱
146,75,8850.6,7,0.0,亚马逊 智能空调 Standard,1个/盒
146,101,1722.18,14,0.0,三星 智能摄像头 Mini,1个/件
147,64,6318.0,17,0.0,亚马逊 智能马桶 Standard,3个/套
147,79,10204.24,13,0.0,格力 智能手环 Lite,1台/件
148,37,9857.63,19,0.05,飞利浦 智能马桶 Max,2个/包
149,27,8465.63,4,0.0,小米 智能加湿器 Plus,3个/套
149,32,1807.86,18,0.0,亚马逊 智能马桶 Elite,1个/盒
149,59,5229.49,20,0.2,西门子 智能摄像头 Max,1个/盒
149,72,6057.1,3,0.2,西门子 智能洗衣机 Pro,5个/套
150,16,8378.64,16,0.0,小米 智能电饭煲 Ultra,3个/套
150,17,8524.37,20,0.15,苹果 智能门锁 Plus,1套/箱
150,39,1739.75,19,0.05,西门子 智能音箱 Mini,3个/套
150,81,1455.23,19,0.05,亚马逊 智能门锁 Max,1台/箱
150,85,1566.58,20,0.2,博世 智能马桶 Basic,1个/件
151,3,8954.8,2,0.1,华为 智能电视 Basic,1台/件
151,65,6670.94,10,0.05,西门子 智能空调 Basic,1套/箱
152,62,8782.15,6,0.0,华为 智能洗衣机 Ultra,2个/包
153,53,3106.49,14,0.05,华为 智能电视 Lite,1个/盒
154,12,9574.33,13,0.2,格力 智能空气净化器 Standard,1个/件
154,22,7530.65,8,0.05,美的 智能电视 Basic,1个/盒
154,52,5882.28,7,0.1,小米 智能插座 Max,5个/套
154,89,9533.72,12,0.2,博世 智能空调 Lite,1个/盒
154,100,8744.82,3,0.2,LG 智能插座 Max,3个/套
155,8,9336.25,2,0.15,松下 智能开关 Lite,5个/套
155,81,1471.63,3,0.1,亚马逊 智能门锁 Max,1台/箱
155,87,3345.59,2,0.1,美的 智能马桶 Mini,1套/箱
155,95,8317.48,1,0.1,格力 智能音箱 Advanced,3个/套
155,97,9332.23,15,0.1,格力 智能净水器 Ultra,5个/套
156,11,4428.86,19,0.15,小米 智能门锁 Mini,1个/盒
156,59,5231.35,13,0.05,西门子 智能摄像头 Max,1个/盒
156,73,246.5,6,0.2,飞利浦 智能扫地机器人 Ultra,2个/包
156,74,2330.54,5,0.2,松下 智能窗帘 Lite,2个/包
156,79,9427.18,7,0.05,格力 智能手环 Lite,1台/件
157,11,4743.2,8,0.05,小米 智能门锁 Mini,1个/盒
158,26,8070.7,17,0.1,亚马逊 智能扫地机器人 Mini,2个/包
158,37,10054.19,14,0.1,飞利浦 智能马桶 Max,2个/包
158,50,10080.32,8,0.1,苹果 智能空气净化器 Basic,3个/套
158,65,6216.53,11,0.15,西门子 智能空调 Basic,1套/箱
158,92,8844.93,20,0.0,西门子 智能摄像头 Plus,1台/件
159,4,10243.48,5,0.15,西门子 智能电视 Pro,1台/箱
159,45,7099.78,6,0.0,博世 智能马桶 Max,1套/箱
160,9,6575.72,5,0.0,亚马逊 智能插座 Pro,1套/箱
160,68,3842.1,9,0.0,博世 智能插座 Basic,1套/箱
161,79,9702.9,4,0.0,格力 智能手环 Lite,1台/件
162,99,1738.68,5,0.15,三星 智能音箱 Basic,1个/盒
163,78,5312.77,17,0.05,三星 智能音箱 Elite,5个/套
164,2,9976.24,12,0.0,美的 智能插座 Standard,5个/套
164,50,10178.59,20,0.0,苹果 智能空气净化器 Basic,3个/套
165,4,9624.64,4,0.0,西门子 智能电视 Pro,1台/箱
165,67,1579.67,8,0.1,松下 智能电饭煲 Pro,3个/套
165,95,8162.79,17,0.05,格力 智能音箱 Advanced,3个/套
166,3,8576.69,4,0.15,华为 智能电视 Basic,1台/件
166,96,9110.08,6,0.1,博世 智能空调 Lite,3个/套
166,98,2621.25,5,0.0,格力 智能电视 Pro,2个/包
167,68,3718.6,13,0.2,博世 智能插座 Basic,1套/箱
167,99,1635.94,2,0.2,三星 智能音箱 Basic,1个/盒
168,56,275.27,16,0.2,华为 智能体重秤 Advanced,5个/套
168,69,4235.53,4,0.15,谷歌 智能洗衣机 Elite,3个/套
169,27,8144.31,10,0.2,小米 智能加湿器 Plus,3个/套
169,36,9023.21,5,0.05,海尔智慧家庭 智能加湿器 Lite,2个/包
169,59,5476.41,2,0.0,西门子 智能摄像头 Max,1个/盒
169,71,6277.95,8,0.05,索尼 智能冰箱 Elite,3个/套
170,9,6958.26,12,0.05,亚马逊 智能插座 Pro,1套/箱
170,35,3197.35,5,0.2,亚马逊 智能门铃 Max,1个/盒
170,48,846.74,3,0.05,苹果 智能门锁 Pro,1台/箱
171,35,3095.9,14,0.0,亚马逊 智能门铃 Max,1个/盒
171,38,4396.92,2,0.2,西门子 智能冰箱 Standard,2个/包
171,52,6000.59,5,0.05,小米 智能插座 Max,5个/套
171,93,5440.85,14,0.0,索尼 智能加湿器 Pro,5个/套
171,101,1713.31,5,0.15,三星 智能摄像头 Mini,1个/件
172,72,6485.58,15,0.1,西门子 智能洗衣机 Pro,5个/套
172,87,3340.23,16,0.2,美的 智能马桶 Mini,1套/箱
173,19,7620.29,12,0.0,海尔智慧家庭 智能开关 Plus,1台/件
173,21,2613.76,1,0.15,华为 智能加湿器 Plus,2个/包
173,33,6332.06,1,0.1,飞利浦 智能加湿器 Ultra,5个/套
173,34,7564.36,14,0.05,松下 智能开关 Advanced,1个/盒
174,17,8184.04,5,0.2,苹果 智能门锁 Plus,1套/箱
174,41,9450.61,8,0.0,索尼 智能空气净化器 Ultra,5个/套
174,75,9291.86,7,0.1,亚马逊 智能空调 Standard,1个/盒
174,78,4892.55,14,0.0,三星 智能音箱 Elite,5个/套
175,75,8870.3,9,0.0,亚马逊 智能空调 Standard,1个/盒
176,22,7471.6,12,0.0,美的 智能电视 Basic,1个/盒
177,8,9421.83,16,0.05,松下 智能开关 Lite,5个/套
177,35,3330.3,20,0.2,亚马逊 智能门铃 Max,1个/盒
177,54,7235.2,3,0.0,博世 智能开关 Max,5个/套
177,66,9067.43,8,0.0,松下 智能马桶 Elite,1个/件
178,15,6311.97,18,0.15,谷歌 智能音箱 Elite,1台/箱
178,60,2336.63,10,0.1,华为 智能窗帘 Basic,1套/箱
178,63,9337.88,3,0.1,LG 智能净水器 Basic,2个/包
178,82,6914.71,6,0.05,LG 智能开关 Lite,1套/箱
178,88,4669.35,20,0.05,格力 智能体重秤 Ultra,1台/箱
179,24,6875.5,13,0.1,西门子 智能电视 Pro,1套/箱
180,69,3950.62,7,0.15,谷歌 智能洗衣机 Elite,3个/套
181,76,7418.32,11,0.1,松下 智能窗帘 Advanced,3个/套
182,7,1059.99,19,0.0,博世 智能扫地机器人 Max,1台/箱
182,18,5283.73,15,0.15,美的 智能门锁 Mini,5个/套
183,13,3533.03,10,0.05,三星 智能电饭煲 Max,1个/盒
183,43,4007.54,8,0.05,华为 智能电视 Max,3个/套
184,12,8844.19,19,0.15,格力 智能空气净化器 Standard,1个/件
184,27,8006.27,7,0.0,小米 智能加湿器 Plus,3个/套
185,18,5290.22,18,0.1,美的 智能门锁 Mini,5个/套
185,22,7622.94,14,0.0,美的 智能电视 Basic,1个/盒
185,65,6418.76,4,0.2,西门子 智能空调 Basic,1套/箱
185,88,4596.29,4,0.2,格力 智能体重秤 Ultra,1台/箱
185,100,8156.68,7,0.2,LG 智能插座 Max,3个/套
186,8,9059.45,9,0.0,松下 智能开关 Lite,5个/套
186,10,1794.55,16,0.15,美的 智能窗帘 Max,5个/套
186,24,6783.01,8,0.2,西门子 智能电视 Pro,1套/箱
186,56,263.41,9,0.2,华为 智能体重秤 Advanced,5个/套
187,32,1745.41,11,0.05,亚马逊 智能马桶 Elite,1个/盒
187,47,2381.09,14,0.2,苹果 智能灯具 Basic,1个/盒
187,86,8222.94,2,0.0,博世 智能摄像头 Standard,2个/包
187,98,2695.68,10,0.1,格力 智能电视 Pro,2个/包
188,4,10079.16,6,0.1,西门子 智能电视 Pro,1台/箱
188,12,9501.34,7,0.05,格力 智能空气净化器 Standard,1个/件
188,48,782.44,14,0.2,苹果 智能门锁 Pro,1台/箱
189,2,9524.37,1,0.1,美的 智能插座 Standard,5个/套
189,11,4785.37,6,0.0,小米 智能门锁 Mini,1个/盒
189,36,8877.21,10,0.05,海尔智慧家庭 智能加湿器 Lite,2个/包
189,69,4166.07,1,0.1,谷歌 智能洗衣机 Elite,3个/套
189,90,2596.22,12,0.05,三星 智能窗帘 Standard,1个/件
190,41,9184.9,7,0.15,索尼 智能空气净化器 Ultra,5个/套
190,53,2820.14,10,0.2,华为 智能电视 Lite,1个/盒
190,71,6512.94,2,0.15,索尼 智能冰箱 Elite,3个/套
190,88,4544.14,15,0.15,格力 智能体重秤 Ultra,1台/箱
191,23,8538.58,3,0.1,美的 智能净水器 Plus,1台/箱
191,26,8273.32,1,0.15,亚马逊 智能扫地机器人 Mini,2个/包
191,61,726.45,16,0.05,LG 智能洗衣机 Max,1台/箱
191,92,9281.36,19,0.1,西门子 智能摄像头 Plus,1台/件
192,28,222.78,11,0.15,飞利浦 智能扫地机器人 Plus,1套/箱
193,4,10169.94,6,0.0,西门子 智能电视 Pro,1台/箱
193,7,1132.08,5,0.05,博世 智能扫地机器人 Max,1台/箱
193,10,1818.5,9,0.15,美的 智能窗帘 Max,5个/套
193,23,8319.34,10,0.2,美的 智能净水器 Plus,1台/箱
193,65,6266.94,3,0.1,西门子 智能空调 Basic,1套/箱
194,10,1885.34,13,0.0,美的 智能窗帘 Max,5个/套
194,16,8308.9,3,0.0,小米 智能电饭煲 Ultra,3个/套
194,31,1420.61,7,0.0,三星 智能加湿器 Mini,1台/箱
194,70,7720.02,2,0.2,博世 智能净水器 Max,1台/件
194,72,5993.13,3,0.1,西门子 智能洗衣机 Pro,5个/套
195,32,1790.47,1,0.0,亚马逊 智能马桶 Elite,1个/盒
195,50,9756.85,5,0.2,苹果 智能空气净化器 Basic,3个/套
195,93,5627.88,2,0.1,索尼 智能加湿器 Pro,5个/套
195,96,8505.17,11,0.05,博世 智能空调 Lite,3个/套
196,34,7045.81,12,0.05,松下 智能开关 Advanced,1个/盒
196,53,2906.3,13,0.15,华为 智能电视 Lite,1个/盒
197,9,7042.33,13,0.15,亚马逊 智能插座 Pro,1套/箱
197,56,268.06,15,0.15,华为 智能体重秤 Advanced,5个/套
197,57,4327.0,19,0.0,博世 智能净水器 Plus,3个/套
198,1,7844.91,14,0.05,亚马逊 智能电饭煲 Advanced,2个/包
198,10,1877.33,15,0.0,美的 智能窗帘 Max,5个/套
198,24,6661.04,5,0.0,西门子 智能电视 Pro,1套/箱
198,33,6355.71,16,0.1,飞利浦 智能加湿器 Ultra,5个/套
198,40,6403.52,2,0.15,小米 智能马桶 Lite,1个/件
199,13,3612.93,13,0.05,三星 智能电饭煲 Max,1个/盒
199,22,7838.55,3,0.05,美的 智能电视 Basic,1个/盒
199,72,6249.46,19,0.15,西门子 智能洗衣机 Pro,5个/套
200,14,7988.66,1,0.2,格力 智能净水器 Mini,1套/箱
200,18,5094.06,16,0.1,美的 智能门锁 Mini,5个/套
200,22,7422.83,7,0.15,美的 智能电视 Basic,1个/盒
200,47,2445.64,13,0.0,苹果 智能灯具 Basic,1个/盒
200,76,7388.16,13,0.1,松下 智能窗帘 Advanced,3个/套
201,23,8858.37,4,0.0,美的 智能净水器 Plus,1台/箱
202,7,1113.06,9,0.1,博世 智能扫地机器人 Max,1台/箱
202,15,6040.27,7,0.2,谷歌 智能音箱 Elite,1台/箱
202,61,752.14,8,0.0,LG 智能洗衣机 Max,1台/箱
202,99,1706.58,19,0.0,三星 智能音箱 Basic,1个/盒
203,11,4494.38,14,0.1,小米 智能门锁 Mini,1个/盒
203,53,3098.99,15,0.0,华为 智能电视 Lite,1个/盒
203,62,8638.33,1,0.05,华为 智能洗衣机 Ultra,2个/包
203,64,5866.72,14,0.2,亚马逊 智能马桶 Standard,3个/套
203,87,3456.55,12,0.15,美的 智能马桶 Mini,1套/箱
204,26,8232.68,20,0.0,亚马逊 智能扫地机器人 Mini,2个/包
204,69,4120.19,7,0.2,谷歌 智能洗衣机 Elite,3个/套
204,77,6665.37,1,0.2,美的 智能洗衣机 Advanced,3个/套
205,41,9110.14,20,0.05,索尼 智能空气净化器 Ultra,5个/套
205,76,7675.59,15,0.1,松下 智能窗帘 Advanced,3个/套
205,93,5502.76,8,0.15,索尼 智能加湿器 Pro,5个/套
206,81,1426.7,8,0.0,亚马逊 智能门锁 Max,1台/箱
207,3,8612.65,16,0.05,华为 智能电视 Basic,1台/件
207,22,7452.61,4,0.2,美的 智能电视 Basic,1个/盒
207,91,3142.73,11,0.05,亚马逊 智能音箱 Basic,1个/盒
208,24,6940.2,1,0.15,西门子 智能电视 Pro,1套/箱
208,37,9820.65,1,0.15,飞利浦 智能马桶 Max,2个/包
208,48,828.42,16,0.0,苹果 智能门锁 Pro,1台/箱
208,73,267.79,7,0.1,飞利浦 智能扫地机器人 Ultra,2个/包
208,99,1629.92,10,0.1,三星 智能音箱 Basic,1个/盒
209,25,9205.6,20,0.2,三星 智能窗帘 Basic,1套/箱
209,55,7079.26,9,0.2,飞利浦 智能手环 Max,2个/包
209,69,4106.95,9,0.0,谷歌 智能洗衣机 Elite,3个/套
209,79,9489.87,14,0.0,格力 智能手环 Lite,1台/件
209,94,9576.06,12,0.15,格力 智能体重秤 Standard,2个/包
210,23,8348.47,15,0.2,美的 智能净水器 Plus,1台/箱
210,41,9217.35,13,0.0,索尼 智能空气净化器 Ultra,5个/套
210,53,2984.89,12,0.2,华为 智能电视 Lite,1个/盒
210,69,4223.39,17,0.2,谷歌 智能洗衣机 Elite,3个/套
210,91,3165.23,15,0.05,亚马逊 智能音箱 Basic,1个/盒
211,23,8276.72,6,0.15,美的 智能净水器 Plus,1台/箱
211,86,8074.81,3,0.0,博世 智能摄像头 Standard,2个/包
212,18,5574.06,15,0.15,美的 智能门锁 Mini,5个/套
212,46,2054.16,1,0.0,小米 智能开关 Max,1套/箱
212,101,1715.17,11,0.0,三星 智能摄像头 Mini,1个/件
213,5,4850.76,16,0.2,美的 智能电饭煲 Pro,3个/套
213,56,256.29,9,0.0,华为 智能体重秤 Advanced,5个/套
213,100,8275.18,1,0.0,LG 智能插座 Max,3个/套
214,29,6096.56,2,0.15,博世 智能空气净化器 Lite,5个/套
214,62,8543.73,15,0.1,华为 智能洗衣机 Ultra,2个/包
214,93,5623.76,18,0.15,索尼 智能加湿器 Pro,5个/套
215,2,10051.49,16,0.2,美的 智能插座 Standard,5个/套
215,10,1848.29,6,0.05,美的 智能窗帘 Max,5个/套
215,12,8843.53,7,0.05,格力 智能空气净化器 Standard,1个/件
215,36,9013.96,5,0.1,海尔智慧家庭 智能加湿器 Lite,2个/包
215,81,1473.51,13,0.05,亚马逊 智能门锁 Max,1台/箱
216,11,4839.87,4,0.15,小米 智能门锁 Mini,1个/盒
217,10,1851.84,9,0.05,美的 智能窗帘 Max,5个/套
217,62,8461.99,2,0.2,华为 智能洗衣机 Ultra,2个/包
218,2,10013.74,8,0.2,美的 智能插座 Standard,5个/套
218,45,7351.94,17,0.0,博世 智能马桶 Max,1套/箱
218,65,6594.51,4,0.1,西门子 智能空调 Basic,1套/箱
218,99,1738.84,1,0.05,三星 智能音箱 Basic,1个/盒
218,101,1663.73,4,0.05,三星 智能摄像头 Mini,1个/件
219,43,4231.82,2,0.0,华为 智能电视 Max,3个/套
219,64,6043.17,13,0.2,亚马逊 智能马桶 Standard,3个/套
219,69,3907.26,16,0.15,谷歌 智能洗衣机 Elite,3个/套
219,93,5727.13,19,0.0,索尼 智能加湿器 Pro,5个/套
220,56,254.6,1,0.1,华为 智能体重秤 Advanced,5个/套
220,63,8686.77,14,0.05,LG 智能净水器 Basic,2个/包
220,88,4430.21,15,0.2,格力 智能体重秤 Ultra,1台/箱
220,91,3212.03,8,0.05,亚马逊 智能音箱 Basic,1个/盒
220,100,8258.38,6,0.05,LG 智能插座 Max,3个/套
221,11,4747.64,5,0.2,小米 智能门锁 Mini,1个/盒
221,82,6945.52,9,0.15,LG 智能开关 Lite,1套/箱
221,91,3023.27,3,0.2,亚马逊 智能音箱 Basic,1个/盒
222,24,6456.03,17,0.05,西门子 智能电视 Pro,1套/箱
222,44,7402.41,16,0.15,小米 智能空调 Elite,3个/套
222,76,7098.6,4,0.1,松下 智能窗帘 Advanced,3个/套
222,96,9025.31,6,0.05,博世 智能空调 Lite,3个/套
223,36,8647.33,18,0.1,海尔智慧家庭 智能加湿器 Lite,2个/包
223,85,1517.05,12,0.0,博世 智能马桶 Basic,1个/件
223,96,8893.79,15,0.1,博世 智能空调 Lite,3个/套
223,99,1684.13,3,0.1,三星 智能音箱 Basic,1个/盒
224,5,4918.74,10,0.05,美的 智能电饭煲 Pro,3个/套
225,14,8357.31,4,0.0,格力 智能净水器 Mini,1套/箱
225,32,1734.76,1,0.05,亚马逊 智能马桶 Elite,1个/盒
225,70,8027.58,19,0.1,博世 智能净水器 Max,1台/件
225,77,6827.77,15,0.1,美的 智能洗衣机 Advanced,3个/套
226,32,1860.91,15,0.2,亚马逊 智能马桶 Elite,1个/盒
226,39,1749.06,14,0.05,西门子 智能音箱 Mini,3个/套
226,47,2401.55,11,0.05,苹果 智能灯具 Basic,1个/盒
227,4,10249.01,4,0.2,西门子 智能电视 Pro,1台/箱
227,16,8163.07,13,0.15,小米 智能电饭煲 Ultra,3个/套
227,45,7081.02,20,0.05,博世 智能马桶 Max,1套/箱
227,65,6757.88,10,0.2,西门子 智能空调 Basic,1套/箱
227,99,1632.12,19,0.05,三星 智能音箱 Basic,1个/盒
228,11,4744.79,4,0.15,小米 智能门锁 Mini,1个/盒
228,29,6203.79,12,0.05,博世 智能空气净化器 Lite,5个/套
228,85,1516.88,12,0.05,博世 智能马桶 Basic,1个/件
228,92,9258.59,8,0.1,西门子 智能摄像头 Plus,1台/件
229,65,6754.37,19,0.05,西门子 智能空调 Basic,1套/箱
230,4,9910.17,17,0.15,西门子 智能电视 Pro,1台/箱
231,5,4757.71,13,0.1,美的 智能电饭煲 Pro,3个/套
231,45,7117.45,1,0.2,博世 智能马桶 Max,1套/箱
231,73,258.28,17,0.2,飞利浦 智能扫地机器人 Ultra,2个/包
231,91,3052.52,14,0.05,亚马逊 智能音箱 Basic,1个/盒
232,26,7680.1,6,0.0,亚马逊 智能扫地机器人 Mini,2个/包
233,34,7080.76,19,0.15,松下 智能开关 Advanced,1个/盒
233,99,1644.47,3,0.15,三星 智能音箱 Basic,1个/盒
234,39,1708.74,5,0.2,西门子 智能音箱 Mini,3个/套
234,62,8350.6,3,0.0,华为 智能洗衣机 Ultra,2个/包
235,16,8402.92,16,0.05,小米 智能电饭煲 Ultra,3个/套
235,91,3043.02,20,0.2,亚马逊 智能音箱 Basic,1个/盒
236,4,10456.33,3,0.2,西门子 智能电视 Pro,1台/箱
236,22,7499.74,18,0.0,美的 智能电视 Basic,1个/盒
236,34,7565.35,15,0.05,松下 智能开关 Advanced,1个/盒
236,64,6165.88,11,0.1,亚马逊 智能马桶 Standard,3个/套
236,100,8764.72,16,0.0,LG 智能插座 Max,3个/套
237,40,6159.24,17,0.15,小米 智能马桶 Lite,1个/件
237,54,7431.2,12,0.1,博世 智能开关 Max,5个/套
237,101,1731.89,7,0.15,三星 智能摄像头 Mini,1个/件
238,5,5110.85,7,0.1,美的 智能电饭煲 Pro,3个/套
238,18,5197.34,10,0.1,美的 智能门锁 Mini,5个/套
238,43,4159.65,6,0.2,华为 智能电视 Max,3个/套
238,79,10277.0,13,0.15,格力 智能手环 Lite,1台/件
239,3,8568.39,2,0.05,华为 智能电视 Basic,1台/件
239,89,9567.43,11,0.2,博世 智能空调 Lite,1个/盒
240,6,5718.85,5,0.15,海尔智慧家庭 智能空气净化器 Basic,1个/件
240,9,6854.14,10,0.0,亚马逊 智能插座 Pro,1套/箱
240,19,7731.01,8,0.0,海尔智慧家庭 智能开关 Plus,1台/件
240,34,7305.35,14,0.15,松下 智能开关 Advanced,1个/盒
241,48,853.49,11,0.1,苹果 智能门锁 Pro,1台/箱
241,53,2993.57,14,0.05,华为 智能电视 Lite,1个/盒
241,59,5606.57,4,0.15,西门子 智能摄像头 Max,1个/盒
242,19,7390.95,17,0.05,海尔智慧家庭 智能开关 Plus,1台/件
242,64,6312.07,2,0.05,亚马逊 智能马桶 Standard,3个/套
242,97,9095.26,5,0.2,格力 智能净水器 Ultra,5个/套
243,77,7313.89,19,0.15,美的 智能洗衣机 Advanced,3个/套
244,38,4550.16,16,0.2,西门子 智能冰箱 Standard,2个/包
244,82,6864.13,4,0.05,LG 智能开关 Lite,1套/箱
244,91,3112.72,15,0.1,亚马逊 智能音箱 Basic,1个/盒
245,13,3747.07,15,0.0,三星 智能电饭煲 Max,1个/盒
245,25,10044.69,13,0.0,三星 智能窗帘 Basic,1套/箱
245,88,4638.88,20,0.05,格力 智能体重秤 Ultra,1台/箱
245,90,2639.87,2,0.15,三星 智能窗帘 Standard,1个/件
246,36,9477.28,3,0.0,海尔智慧家庭 智能加湿器 Lite,2个/包
246,44,7562.27,14,0.0,小米 智能空调 Elite,3个/套
246,52,6032.31,15,0.15,小米 智能插座 Max,5个/套
246,71,6174.98,16,0.05,索尼 智能冰箱 Elite,3个/套
246,78,4995.25,9,0.05,三星 智能音箱 Elite,5个/套
247,24,6952.17,4,0.1,西门子 智能电视 Pro,1套/箱
247,47,2292.98,6,0.15,苹果 智能灯具 Basic,1个/盒
247,77,6715.05,8,0.1,美的 智能洗衣机 Advanced,3个/套
247,93,5615.83,5,0.05,索尼 智能加湿器 Pro,5个/套
248,4,9562.63,9,0.1,西门子 智能电视 Pro,1台/箱
248,19,7728.85,6,0.15,海尔智慧家庭 智能开关 Plus,1台/件
248,56,264.22,8,0.0,华为 智能体重秤 Advanced,5个/套
248,73,261.7,9,0.1,飞利浦 智能扫地机器人 Ultra,2个/包
249,87,3376.78,6,0.0,美的 智能马桶 Mini,1套/箱
249,89,9069.37,14,0.15,博世 智能空调 Lite,1个/盒
250,40,6261.08,20,0.2,小米 智能马桶 Lite,1个/件
250,74,2196.35,11,0.15,松下 智能窗帘 Lite,2个/包
251,45,7140.7,15,0.2,博世 智能马桶 Max,1套/箱
251,64,5909.75,19,0.15,亚马逊 智能马桶 Standard,3个/套
252,23,8864.42,18,0.0,美的 智能净水器 Plus,1台/箱
252,51,898.09,8,0.0,苹果 智能开关 Basic,1个/盒
253,59,5539.48,10,0.15,西门子 智能摄像头 Max,1个/盒
253,84,3880.01,1,0.1,苹果 智能扫地机器人 Pro,1个/盒
254,24,6559.23,8,0.05,西门子 智能电视 Pro,1套/箱
255,19,7198.91,13,0.05,海尔智慧家庭 智能开关 Plus,1台/件
255,59,5446.12,10,0.15,西门子 智能摄像头 Max,1个/盒
255,70,7749.94,5,0.05,博世 智能净水器 Max,1台/件
256,5,4900.86,16,0.15,美的 智能电饭煲 Pro,3个/套
256,6,5720.09,11,0.1,海尔智慧家庭 智能空气净化器 Basic,1个/件
256,14,8065.02,7,0.15,格力 智能净水器 Mini,1套/箱
256,66,9142.28,9,0.1,松下 智能马桶 Elite,1个/件
256,72,6204.73,5,0.0,西门子 智能洗衣机 Pro,5个/套
257,22,7346.06,5,0.1,美的 智能电视 Basic,1个/盒
257,33,5907.13,13,0.05,飞利浦 智能加湿器 Ultra,5个/套
257,36,8688.63,5,0.15,海尔智慧家庭 智能加湿器 Lite,2个/包
257,81,1402.82,8,0.2,亚马逊 智能门锁 Max,1台/箱
258,8,9493.3,7,0.1,松下 智能开关 Lite,5个/套
258,64,5925.83,17,0.15,亚马逊 智能马桶 Standard,3个/套
258,82,7163.59,4,0.2,LG 智能开关 Lite,1套/箱
258,92,8688.53,9,0.2,西门子 智能摄像头 Plus,1台/件
258,99,1759.69,1,0.15,三星 智能音箱 Basic,1个/盒
259,57,4332.56,2,0.2,博世 智能净水器 Plus,3个/套
259,95,8351.26,15,0.0,格力 智能音箱 Advanced,3个/套
260,9,6702.09,13,0.15,亚马逊 智能插座 Pro,1套/箱
260,90,2564.06,17,0.0,三星 智能窗帘 Standard,1个/件
261,99,1750.34,16,0.05,三星 智能音箱 Basic,1个/盒
262,1,7836.62,5,0.15,亚马逊 智能电饭煲 Advanced,2个/包
262,46,1991.39,11,0.15,小米 智能开关 Max,1套/箱
262,70,7823.45,11,0.05,博世 智能净水器 Max,1台/件
262,86,8676.82,7,0.15,博世 智能摄像头 Standard,2个/包
262,94,9093.29,12,0.15,格力 智能体重秤 Standard,2个/包
263,16,8589.11,19,0.15,小米 智能电饭煲 Ultra,3个/套
263,18,5424.75,1,0.0,美的 智能门锁 Mini,5个/套
263,47,2513.28,14,0.0,苹果 智能灯具 Basic,1个/盒
263,76,7733.78,17,0.1,松下 智能窗帘 Advanced,3个/套
263,78,5299.78,14,0.0,三星 智能音箱 Elite,5个/套
264,27,8111.04,19,0.1,小米 智能加湿器 Plus,3个/套
264,35,3185.69,12,0.2,亚马逊 智能门铃 Max,1个/盒
265,1,7402.8,5,0.15,亚马逊 智能电饭煲 Advanced,2个/包
265,27,7881.25,3,0.05,小米 智能加湿器 Plus,3个/套
265,82,7451.46,5,0.05,LG 智能开关 Lite,1套/箱
265,93,5757.68,14,0.0,索尼 智能加湿器 Pro,5个/套
266,10,1835.6,11,0.1,美的 智能窗帘 Max,5个/套
266,52,5975.07,7,0.0,小米 智能插座 Max,5个/套
266,56,260.87,19,0.0,华为 智能体重秤 Advanced,5个/套
266,91,3155.47,9,0.05,亚马逊 智能音箱 Basic,1个/盒
267,29,5822.57,14,0.1,博世 智能空气净化器 Lite,5个/套
267,47,2381.88,18,0.1,苹果 智能灯具 Basic,1个/盒
267,94,8696.8,14,0.05,格力 智能体重秤 Standard,2个/包
268,7,1104.84,2,0.2,博世 智能扫地机器人 Max,1台/箱
268,19,7266.39,19,0.1,海尔智慧家庭 智能开关 Plus,1台/件
268,75,9596.54,19,0.0,亚马逊 智能空调 Standard,1个/盒
268,77,7222.21,9,0.1,美的 智能洗衣机 Advanced,3个/套
268,84,3974.54,5,0.2,苹果 智能扫地机器人 Pro,1个/盒
269,21,2544.61,5,0.2,华为 智能加湿器 Plus,2个/包
269,98,2770.3,14,0.2,格力 智能电视 Pro,2个/包
270,48,827.73,18,0.15,苹果 智能门锁 Pro,1台/箱
270,95,8219.14,20,0.2,格力 智能音箱 Advanced,3个/套
271,3,8390.91,13,0.2,华为 智能电视 Basic,1台/件
272,11,4651.08,8,0.1,小米 智能门锁 Mini,1个/盒
272,73,268.92,11,0.0,飞利浦 智能扫地机器人 Ultra,2个/包
273,21,2529.69,18,0.2,华为 智能加湿器 Plus,2个/包
273,64,6131.17,19,0.05,亚马逊 智能马桶 Standard,3个/套
273,70,7956.46,8,0.05,博世 智能净水器 Max,1台/件
274,11,4693.71,12,0.1,小米 智能门锁 Mini,1个/盒
275,11,4646.95,1,0.0,小米 智能门锁 Mini,1个/盒
275,69,4113.14,2,0.1,谷歌 智能洗衣机 Elite,3个/套
275,100,8777.05,6,0.2,LG 智能插座 Max,3个/套
276,47,2293.46,4,0.05,苹果 智能灯具 Basic,1个/盒
276,51,904.98,19,0.0,苹果 智能开关 Basic,1个/盒
276,57,4146.06,15,0.0,博世 智能净水器 Plus,3个/套
277,61,770.82,3,0.2,LG 智能洗衣机 Max,1台/箱
277,65,6340.4,3,0.0,西门子 智能空调 Basic,1套/箱
278,10,1888.05,12,0.05,美的 智能窗帘 Max,5个/套
278,11,4502.23,3,0.15,小米 智能门锁 Mini,1个/盒
278,23,8283.88,18,0.2,美的 智能净水器 Plus,1台/箱
278,59,5144.13,6,0.0,西门子 智能摄像头 Max,1个/盒
279,33,6127.32,10,0.15,飞利浦 智能加湿器 Ultra,5个/套
279,51,886.47,10,0.05,苹果 智能开关 Basic,1个/盒
279,72,5911.46,5,0.0,西门子 智能洗衣机 Pro,5个/套
280,5,5204.39,6,0.1,美的 智能电饭煲 Pro,3个/套
280,15,6310.59,5,0.2,谷歌 智能音箱 Elite,1台/箱
280,21,2416.59,18,0.1,华为 智能加湿器 Plus,2个/包
280,55,6570.35,20,0.0,飞利浦 智能手环 Max,2个/包
280,74,2166.28,11,0.05,松下 智能窗帘 Lite,2个/包
281,77,6727.6,9,0.0,美的 智能洗衣机 Advanced,3个/套
281,78,5270.55,11,0.0,三星 智能音箱 Elite,5个/套
282,11,4839.44,15,0.15,小米 智能门锁 Mini,1个/盒
282,16,8853.49,8,0.15,小米 智能电饭煲 Ultra,3个/套
282,19,7588.06,1,0.05,海尔智慧家庭 智能开关 Plus,1台/件
282,79,9965.6,2,0.1,格力 智能手环 Lite,1台/件
283,32,1886.08,1,0.15,亚马逊 智能马桶 Elite,1个/盒
283,73,267.32,18,0.15,飞利浦 智能扫地机器人 Ultra,2个/包
284,31,1407.18,15,0.05,三星 智能加湿器 Mini,1台/箱
285,34,7308.34,1,0.1,松下 智能开关 Advanced,1个/盒
285,45,7310.11,1,0.2,博世 智能马桶 Max,1套/箱
285,75,9173.41,14,0.15,亚马逊 智能空调 Standard,1个/盒
286,11,4718.9,15,0.0,小米 智能门锁 Mini,1个/盒
286,33,6450.12,3,0.1,飞利浦 智能加湿器 Ultra,5个/套
286,68,3848.27,17,0.0,博世 智能插座 Basic,1套/箱
286,96,8672.54,14,0.1,博世 智能空调 Lite,3个/套
287,13,3777.66,9,0.1,三星 智能电饭煲 Max,1个/盒
287,39,1725.66,4,0.05,西门子 智能音箱 Mini,3个/套
287,70,7564.93,9,0.15,博世 智能净水器 Max,1台/件
288,41,9668.69,4,0.0,索尼 智能空气净化器 Ultra,5个/套
288,60,2219.05,13,0.1,华为 智能窗帘 Basic,1套/箱
288,72,6072.57,11,0.05,西门子 智能洗衣机 Pro,5个/套
289,21,2385.61,9,0.1,华为 智能加湿器 Plus,2个/包
290,2,10149.54,10,0.1,美的 智能插座 Standard,5个/套
290,100,8483.59,1,0.05,LG 智能插座 Max,3个/套
291,10,1838.34,16,0.05,美的 智能窗帘 Max,5个/套
291,19,7343.86,6,0.05,海尔智慧家庭 智能开关 Plus,1台/件
291,67,1583.14,6,0.05,松下 智能电饭煲 Pro,3个/套
292,44,7851.83,13,0.2,小米 智能空调 Elite,3个/套
292,60,2178.84,14,0.1,华为 智能窗帘 Basic,1套/箱
292,69,4191.51,3,0.0,谷歌 智能洗衣机 Elite,3个/套
292,82,7105.44,9,0.0,LG 智能开关 Lite,1套/箱
292,91,3186.11,4,0.05,亚马逊 智能音箱 Basic,1个/盒
293,22,7480.46,15,0.1,美的 智能电视 Basic,1个/盒
293,33,5938.24,15,0.15,飞利浦 智能加湿器 Ultra,5个/套
294,2,10179.26,7,0.15,美的 智能插座 Standard,5个/套
294,26,7677.64,18,0.1,亚马逊 智能扫地机器人 Mini,2个/包
294,60,2229.38,3,0.0,华为 智能窗帘 Basic,1套/箱
294,78,4889.84,10,0.15,三星 智能音箱 Elite,5个/套
294,88,4414.67,11,0.1,格力 智能体重秤 Ultra,1台/箱
295,82,6952.49,9,0.2,LG 智能开关 Lite,1套/箱
295,88,4453.92,5,0.05,格力 智能体重秤 Ultra,1台/箱
295,95,8488.21,17,0.0,格力 智能音箱 Advanced,3个/套
296,70,7615.25,17,0.05,博世 智能净水器 Max,1台/件
297,59,5487.31,7,0.1,西门子 智能摄像头 Max,1个/盒
298,24,6694.83,16,0.1,西门子 智能电视 Pro,1套/箱
299,7,1140.35,8,0.1,博世 智能扫地机器人 Max,1台/箱
299,17,8440.04,6,0.2,苹果 智能门锁 Plus,1套/箱
299,41,9551.85,5,0.1,索尼 智能空气净化器 Ultra,5个/套
299,74,2219.19,9,0.2,松下 智能窗帘 Lite,2个/包
300,14,8407.11,12,0.2,格力 智能净水器 Mini,1套/箱
300,19,7517.77,12,0.1,海尔智慧家庭 智能开关 Plus,1台/件
300,56,256.72,7,0.05,华为 智能体重秤 Advanced,5个/套
301,9,7186.65,20,0.2,亚马逊 智能插座 Pro,1套/箱
301,71,6568.54,10,0.05,索尼 智能冰箱 Elite,3个/套
301,91,3030.2,9,0.05,亚马逊 智能音箱 Basic,1个/盒
302,21,2430.38,4,0.2,华为 智能加湿器 Plus,2个/包
302,66,9480.63,3,0.05,松下 智能马桶 Elite,1个/件
302,76,7574.83,6,0.2,松下 智能窗帘 Advanced,3个/套
302,78,5090.46,14,0.1,三星 智能音箱 Elite,5个/套
302,86,8632.9,6,0.1,博世 智能摄像头 Standard,2个/包
303,68,3520.56,15,0.2,博世 智能插座 Basic,1套/箱
304,50,10318.77,2,0.1,苹果 智能空气净化器 Basic,3个/套
304,51,871.62,18,0.15,苹果 智能开关 Basic,1个/盒
304,54,7150.16,12,0.05,博世 智能开关 Max,5个/套
304,75,8943.73,6,0.0,亚马逊 智能空调 Standard,1个/盒
304,93,5815.67,13,0.05,索尼 智能加湿器 Pro,5个/套
305,8,8866.71,6,0.2,松下 智能开关 Lite,5个/套
305,33,6121.3,14,0.0,飞利浦 智能加湿器 Ultra,5个/套
305,52,5980.55,1,0.15,小米 智能插座 Max,5个/套
305,88,4674.46,14,0.0,格力 智能体重秤 Ultra,1台/箱
305,100,8461.62,12,0.0,LG 智能插座 Max,3个/套
306,2,10208.35,5,0.15,美的 智能插座 Standard,5个/套
306,88,4503.92,12,0.05,格力 智能体重秤 Ultra,1台/箱
307,22,7861.31,16,0.2,美的 智能电视 Basic,1个/盒
307,29,6364.74,13,0.0,博世 智能空气净化器 Lite,5个/套
307,32,1721.46,13,0.0,亚马逊 智能马桶 Elite,1个/盒
307,87,3268.07,20,0.0,美的 智能马桶 Mini,1套/箱
307,92,8854.12,9,0.2,西门子 智能摄像头 Plus,1台/件
308,23,8788.15,16,0.1,美的 智能净水器 Plus,1台/箱
308,57,4161.33,14,0.2,博世 智能净水器 Plus,3个/套
308,86,8369.83,1,0.05,博世 智能摄像头 Standard,2个/包
309,18,5449.54,1,0.05,美的 智能门锁 Mini,5个/套
309,48,806.16,9,0.15,苹果 智能门锁 Pro,1台/箱
310,9,6687.97,4,0.05,亚马逊 智能插座 Pro,1套/箱
311,37,10191.45,15,0.05,飞利浦 智能马桶 Max,2个/包
312,40,6195.12,5,0.0,小米 智能马桶 Lite,1个/件
312,52,5590.81,15,0.1,小米 智能插座 Max,5个/套
312,67,1511.22,13,0.2,松下 智能电饭煲 Pro,3个/套
312,85,1551.75,5,0.0,博世 智能马桶 Basic,1个/件
313,3,8818.15,3,0.1,华为 智能电视 Basic,1台/件
313,8,9349.82,10,0.05,松下 智能开关 Lite,5个/套
313,13,3562.76,12,0.0,三星 智能电饭煲 Max,1个/盒
313,23,8343.48,8,0.2,美的 智能净水器 Plus,1台/箱
313,28,237.09,3,0.1,飞利浦 智能扫地机器人 Plus,1套/箱
314,25,9528.43,16,0.15,三星 智能窗帘 Basic,1套/箱
314,34,7468.51,16,0.15,松下 智能开关 Advanced,1个/盒
314,99,1695.26,14,0.0,三星 智能音箱 Basic,1个/盒
315,53,2922.97,14,0.1,华为 智能电视 Lite,1个/盒
315,71,6446.46,4,0.1,索尼 智能冰箱 Elite,3个/套
315,94,8981.04,11,0.2,格力 智能体重秤 Standard,2个/包
316,34,7513.84,4,0.15,松下 智能开关 Advanced,1个/盒
316,70,7868.09,17,0.1,博世 智能净水器 Max,1台/件
316,71,6267.52,15,0.1,索尼 智能冰箱 Elite,3个/套
316,98,2694.27,4,0.1,格力 智能电视 Pro,2个/包
317,4,10365.53,12,0.2,西门子 智能电视 Pro,1台/箱
317,9,6941.94,4,0.1,亚马逊 智能插座 Pro,1套/箱
317,22,7695.34,20,0.2,美的 智能电视 Basic,1个/盒
318,97,9070.98,19,0.15,格力 智能净水器 Ultra,5个/套
319,10,1889.35,9,0.05,美的 智能窗帘 Max,5个/套
319,52,6039.43,10,0.2,小米 智能插座 Max,5个/套
319,55,6734.5,3,0.05,飞利浦 智能手环 Max,2个/包
319,64,5816.61,14,0.15,亚马逊 智能马桶 Standard,3个/套
319,90,2443.87,11,0.0,三星 智能窗帘 Standard,1个/件
320,14,8602.32,16,0.1,格力 智能净水器 Mini,1套/箱
320,27,8201.2,20,0.0,小米 智能加湿器 Plus,3个/套
320,44,8001.66,4,0.0,小米 智能空调 Elite,3个/套
320,84,4054.76,5,0.1,苹果 智能扫地机器人 Pro,1个/盒
321,67,1474.41,3,0.1,松下 智能电饭煲 Pro,3个/套
321,76,7405.77,8,0.0,松下 智能窗帘 Advanced,3个/套
321,101,1699.31,20,0.0,三星 智能摄像头 Mini,1个/件
322,9,6637.66,7,0.2,亚马逊 智能插座 Pro,1套/箱
322,81,1369.45,1,0.05,亚马逊 智能门锁 Max,1台/箱
323,28,230.81,20,0.2,飞利浦 智能扫地机器人 Plus,1套/箱
324,23,8357.36,4,0.15,美的 智能净水器 Plus,1台/箱
325,40,6153.8,19,0.1,小米 智能马桶 Lite,1个/件
326,91,3031.8,7,0.0,亚马逊 智能音箱 Basic,1个/盒
327,22,7806.47,16,0.1,美的 智能电视 Basic,1个/盒
328,16,8842.1,2,0.2,小米 智能电饭煲 Ultra,3个/套
329,37,10020.2,19,0.05,飞利浦 智能马桶 Max,2个/包
329,55,6673.94,20,0.2,飞利浦 智能手环 Max,2个/包
330,54,7060.04,17,0.05,博世 智能开关 Max,5个/套
330,62,8151.81,18,0.2,华为 智能洗衣机 Ultra,2个/包
330,71,6173.04,15,0.05,索尼 智能冰箱 Elite,3个/套
331,47,2386.84,18,0.1,苹果 智能灯具 Basic,1个/盒
332,26,7702.28,18,0.1,亚马逊 智能扫地机器人 Mini,2个/包
332,29,6157.26,3,0.1,博世 智能空气净化器 Lite,5个/套
333,94,8912.41,15,0.2,格力 智能体重秤 Standard,2个/包
334,1,7285.77,19,0.15,亚马逊 智能电饭煲 Advanced,2个/包
335,5,4947.74,14,0.1,美的 智能电饭煲 Pro,3个/套
335,7,1084.8,7,0.2,博世 智能扫地机器人 Max,1台/箱
335,25,9358.28,18,0.15,三星 智能窗帘 Basic,1套/箱
335,71,6540.78,8,0.0,索尼 智能冰箱 Elite,3个/套
335,97,8757.11,3,0.2,格力 智能净水器 Ultra,5个/套
336,29,5850.13,17,0.2,博世 智能空气净化器 Lite,5个/套
336,31,1361.83,8,0.15,三星 智能加湿器 Mini,1台/箱
336,46,2113.72,5,0.0,小米 智能开关 Max,1套/箱
336,84,3868.81,4,0.2,苹果 智能扫地机器人 Pro,1个/盒
336,89,8819.68,3,0.1,博世 智能空调 Lite,1个/盒
337,23,8486.06,1,0.15,美的 智能净水器 Plus,1台/箱
338,6,5611.18,2,0.15,海尔智慧家庭 智能空气净化器 Basic,1个/件
338,53,2961.45,20,0.1,华为 智能电视 Lite,1个/盒
338,56,260.8,1,0.0,华为 智能体重秤 Advanced,5个/套
338,90,2486.11,9,0.15,三星 智能窗帘 Standard,1个/件
338,92,9035.14,4,0.2,西门子 智能摄像头 Plus,1台/件
339,12,9358.96,1,0.1,格力 智能空气净化器 Standard,1个/件
339,54,7324.78,1,0.05,博世 智能开关 Max,5个/套
339,55,6925.21,12,0.05,飞利浦 智能手环 Max,2个/包
339,78,5165.75,15,0.1,三星 智能音箱 Elite,5个/套
340,2,9987.99,19,0.1,美的 智能插座 Standard,5个/套
340,62,8133.4,10,0.1,华为 智能洗衣机 Ultra,2个/包
340,79,9612.1,9,0.15,格力 智能手环 Lite,1台/件
340,95,8719.74,14,0.2,格力 智能音箱 Advanced,3个/套
341,1,7953.43,19,0.05,亚马逊 智能电饭煲 Advanced,2个/包
341,2,10186.71,19,0.15,美的 智能插座 Standard,5个/套
341,37,9502.86,20,0.2,飞利浦 智能马桶 Max,2个/包
342,59,5372.47,14,0.15,西门子 智能摄像头 Max,1个/盒
342,78,4856.03,12,0.0,三星 智能音箱 Elite,5个/套
343,24,6782.96,3,0.15,西门子 智能电视 Pro,1套/箱
343,28,229.96,1,0.0,飞利浦 智能扫地机器人 Plus,1套/箱
343,94,9095.7,4,0.2,格力 智能体重秤 Standard,2个/包
344,59,5319.92,12,0.05,西门子 智能摄像头 Max,1个/盒
345,18,5286.11,8,0.1,美的 智能门锁 Mini,5个/套
345,84,4165.11,16,0.05,苹果 智能扫地机器人 Pro,1个/盒
345,90,2478.94,18,0.0,三星 智能窗帘 Standard,1个/件
346,26,7916.76,9,0.2,亚马逊 智能扫地机器人 Mini,2个/包
346,101,1721.0,19,0.15,三星 智能摄像头 Mini,1个/件
347,7,1093.72,19,0.2,博世 智能扫地机器人 Max,1台/箱
347,17,8115.47,12,0.05,苹果 智能门锁 Plus,1套/箱
347,29,6217.76,11,0.2,博世 智能空气净化器 Lite,5个/套
347,35,3136.62,2,0.05,亚马逊 智能门铃 Max,1个/盒
347,46,2135.84,1,0.15,小米 智能开关 Max,1套/箱
348,25,10079.02,6,0.0,三星 智能窗帘 Basic,1套/箱
348,39,1631.99,4,0.05,西门子 智能音箱 Mini,3个/套
348,44,7926.96,14,0.15,小米 智能空调 Elite,3个/套
348,68,3687.3,9,0.1,博世 智能插座 Basic,1套/箱
348,91,3044.35,20,0.2,亚马逊 智能音箱 Basic,1个/盒
349,1,7488.38,16,0.05,亚马逊 智能电饭煲 Advanced,2个/包
349,28,241.71,17,0.05,飞利浦 智能扫地机器人 Plus,1套/箱
349,54,7761.33,18,0.2,博世 智能开关 Max,5个/套
349,55,6783.77,19,0.2,飞利浦 智能手环 Max,2个/包
349,70,7747.72,11,0.05,博世 智能净水器 Max,1台/件
350,52,5876.52,8,0.15,小米 智能插座 Max,5个/套
350,85,1494.84,11,0.1,博世 智能马桶 Basic,1个/件
350,87,3505.92,9,0.1,美的 智能马桶 Mini,1套/箱
351,12,8795.98,5,0.05,格力 智能空气净化器 Standard,1个/件
351,50,10196.75,2,0.2,苹果 智能空气净化器 Basic,3个/套
351,57,3999.19,3,0.1,博世 智能净水器 Plus,3个/套
351,76,7488.46,4,0.2,松下 智能窗帘 Advanced,3个/套
351,92,8947.36,14,0.15,西门子 智能摄像头 Plus,1台/件
352,17,8091.92,3,0.0,苹果 智能门锁 Plus,1套/箱
352,53,2990.29,16,0.05,华为 智能电视 Lite,1个/盒
352,78,5105.05,7,0.05,三星 智能音箱 Elite,5个/套
352,86,8365.1,13,0.0,博世 智能摄像头 Standard,2个/包
353,14,8612.11,6,0.2,格力 智能净水器 Mini,1套/箱
353,25,9710.96,10,0.2,三星 智能窗帘 Basic,1套/箱
353,26,8192.48,15,0.15,亚马逊 智能扫地机器人 Mini,2个/包
353,66,9555.75,10,0.15,松下 智能马桶 Elite,1个/件
354,11,4723.42,14,0.05,小米 智能门锁 Mini,1个/盒
354,88,4588.04,19,0.1,格力 智能体重秤 Ultra,1台/箱
355,19,7713.89,14,0.2,海尔智慧家庭 智能开关 Plus,1台/件
356,79,9436.91,10,0.05,格力 智能手环 Lite,1台/件
357,21,2481.58,8,0.0,华为 智能加湿器 Plus,2个/包
357,40,6484.08,3,0.05,小米 智能马桶 Lite,1个/件
357,46,1996.26,5,0.15,小米 智能开关 Max,1套/箱
357,61,791.75,3,0.2,LG 智能洗衣机 Max,1台/箱
358,84,4190.66,7,0.1,苹果 智能扫地机器人 Pro,1个/盒
359,73,261.7,5,0.15,飞利浦 智能扫地机器人 Ultra,2个/包
359,91,3187.39,12,0.05,亚马逊 智能音箱 Basic,1个/盒
360,19,7316.72,2,0.0,海尔智慧家庭 智能开关 Plus,1台/件
360,41,9420.17,13,0.2,索尼 智能空气净化器 Ultra,5个/套
361,22,7450.72,10,0.0,美的 智能电视 Basic,1个/盒
361,48,842.89,1,0.2,苹果 智能门锁 Pro,1台/箱
361,55,6884.98,19,0.1,飞利浦 智能手环 Max,2个/包
362,60,2156.23,19,0.2,华为 智能窗帘 Basic,1套/箱
362,68,3497.1,16,0.1,博世 智能插座 Basic,1套/箱
362,87,3228.99,4,0.15,美的 智能马桶 Mini,1套/箱
362,92,8889.17,18,0.1,西门子 智能摄像头 Plus,1台/件
362,95,8125.42,2,0.2,格力 智能音箱 Advanced,3个/套
363,73,258.83,7,0.15,飞利浦 智能扫地机器人 Ultra,2个/包
364,52,5549.15,1,0.15,小米 智能插座 Max,5个/套
364,62,8443.08,9,0.15,华为 智能洗衣机 Ultra,2个/包
364,77,7213.58,10,0.0,美的 智能洗衣机 Advanced,3个/套
365,16,8818.28,18,0.15,小米 智能电饭煲 Ultra,3个/套
365,27,8353.03,4,0.15,小米 智能加湿器 Plus,3个/套
365,40,5964.47,6,0.0,小米 智能马桶 Lite,1个/件
365,91,3191.67,20,0.2,亚马逊 智能音箱 Basic,1个/盒
366,32,1788.82,2,0.1,亚马逊 智能马桶 Elite,1个/盒
366,45,7577.22,18,0.2,博世 智能马桶 Max,1套/箱
366,85,1572.3,16,0.15,博世 智能马桶 Basic,1个/件
367,16,8520.61,5,0.0,小米 智能电饭煲 Ultra,3个/套
367,79,9418.57,20,0.0,格力 智能手环 Lite,1台/件
367,81,1396.34,10,0.05,亚马逊 智能门锁 Max,1台/箱
367,89,9275.14,8,0.05,博世 智能空调 Lite,1个/盒
367,100,8144.51,8,0.15,LG 智能插座 Max,3个/套
368,3,8475.11,15,0.1,华为 智能电视 Basic,1台/件
368,5,4987.85,2,0.15,美的 智能电饭煲 Pro,3个/套
368,47,2400.32,10,0.2,苹果 智能灯具 Basic,1个/盒
368,64,6171.8,20,0.15,亚马逊 智能马桶 Standard,3个/套
368,99,1704.08,16,0.2,三星 智能音箱 Basic,1个/盒
369,22,7255.88,8,0.05,美的 智能电视 Basic,1个/盒
370,22,7784.12,16,0.15,美的 智能电视 Basic,1个/盒
370,27,8251.74,1,0.0,小米 智能加湿器 Plus,3个/套
370,37,10006.65,4,0.05,飞利浦 智能马桶 Max,2个/包
370,56,252.78,8,0.0,华为 智能体重秤 Advanced,5个/套
371,7,1124.93,9,0.05,博世 智能扫地机器人 Max,1台/箱
371,13,3659.34,13,0.2,三星 智能电饭煲 Max,1个/盒
371,23,8803.47,13,0.15,美的 智能净水器 Plus,1台/箱
371,72,6052.25,1,0.05,西门子 智能洗衣机 Pro,5个/套
371,94,9199.92,6,0.2,格力 智能体重秤 Standard,2个/包
372,10,1835.98,7,0.1,美的 智能窗帘 Max,5个/套
372,40,6021.45,18,0.15,小米 智能马桶 Lite,1个/件
372,95,8274.05,10,0.2,格力 智能音箱 Advanced,3个/套
373,19,7280.05,20,0.15,海尔智慧家庭 智能开关 Plus,1台/件
373,88,4546.96,16,0.0,格力 智能体重秤 Ultra,1台/箱
373,92,8705.8,13,0.15,西门子 智能摄像头 Plus,1台/件
374,3,8271.98,12,0.0,华为 智能电视 Basic,1台/件
374,14,8584.57,8,0.1,格力 智能净水器 Mini,1套/箱
374,19,7218.53,16,0.1,海尔智慧家庭 智能开关 Plus,1台/件
374,33,6444.57,11,0.1,飞利浦 智能加湿器 Ultra,5个/套
374,51,838.28,7,0.15,苹果 智能开关 Basic,1个/盒
375,10,1807.86,9,0.15,美的 智能窗帘 Max,5个/套
376,41,9351.25,16,0.1,索尼 智能空气净化器 Ultra,5个/套
377,17,8577.68,17,0.1,苹果 智能门锁 Plus,1套/箱
377,22,7940.4,13,0.1,美的 智能电视 Basic,1个/盒
377,29,6234.05,18,0.1,博世 智能空气净化器 Lite,5个/套
377,74,2366.08,10,0.15,松下 智能窗帘 Lite,2个/包
378,4,9514.09,8,0.2,西门子 智能电视 Pro,1台/箱
378,28,221.52,5,0.2,飞利浦 智能扫地机器人 Plus,1套/箱
378,31,1318.56,8,0.0,三星 智能加湿器 Mini,1台/箱
378,48,781.05,10,0.15,苹果 智能门锁 Pro,1台/箱
378,71,6604.03,3,0.0,索尼 智能冰箱 Elite,3个/套
379,10,1814.62,17,0.1,美的 智能窗帘 Max,5个/套
379,78,5006.69,11,0.05,三星 智能音箱 Elite,5个/套
379,84,4063.42,10,0.15,苹果 智能扫地机器人 Pro,1个/盒
379,92,8611.59,4,0.15,西门子 智能摄像头 Plus,1台/件
380,8,8697.58,5,0.05,松下 智能开关 Lite,5个/套
380,9,7138.88,1,0.1,亚马逊 智能插座 Pro,1套/箱
380,10,1778.38,13,0.15,美的 智能窗帘 Max,5个/套
380,65,6580.14,2,0.2,西门子 智能空调 Basic,1套/箱
380,72,6028.99,8,0.2,西门子 智能洗衣机 Pro,5个/套
381,6,5734.31,5,0.2,海尔智慧家庭 智能空气净化器 Basic,1个/件
381,24,6411.37,17,0.05,西门子 智能电视 Pro,1套/箱
381,57,4309.92,13,0.05,博世 智能净水器 Plus,3个/套
381,84,3918.39,4,0.2,苹果 智能扫地机器人 Pro,1个/盒
382,12,9275.51,11,0.0,格力 智能空气净化器 Standard,1个/件
382,94,9139.0,13,0.0,格力 智能体重秤 Standard,2个/包
383,13,3551.77,11,0.05,三星 智能电饭煲 Max,1个/盒
383,34,7057.08,17,0.05,松下 智能开关 Advanced,1个/盒
383,52,5808.17,20,0.15,小米 智能插座 Max,5个/套
383,86,8150.77,11,0.2,博世 智能摄像头 Standard,2个/包
384,65,6274.6,6,0.0,西门子 智能空调 Basic,1套/箱
385,3,8835.21,5,0.1,华为 智能电视 Basic,1台/件
386,75,8964.46,15,0.15,亚马逊 智能空调 Standard,1个/盒
386,78,5237.06,13,0.0,三星 智能音箱 Elite,5个/套
387,1,7567.97,15,0.1,亚马逊 智能电饭煲 Advanced,2个/包
387,32,1880.43,13,0.15,亚马逊 智能马桶 Elite,1个/盒
387,44,7444.61,15,0.1,小米 智能空调 Elite,3个/套
388,1,7568.28,20,0.1,亚马逊 智能电饭煲 Advanced,2个/包
388,56,261.12,16,0.15,华为 智能体重秤 Advanced,5个/套
389,35,3189.03,20,0.0,亚马逊 智能门铃 Max,1个/盒
389,40,6146.03,4,0.0,小米 智能马桶 Lite,1个/件
390,2,10386.8,6,0.0,美的 智能插座 Standard,5个/套
390,26,7779.32,6,0.0,亚马逊 智能扫地机器人 Mini,2个/包
390,62,8745.8,6,0.1,华为 智能洗衣机 Ultra,2个/包
390,68,3613.52,2,0.1,博世 智能插座 Basic,1套/箱
391,2,10288.5,18,0.1,美的 智能插座 Standard,5个/套
391,16,8486.05,13,0.0,小米 智能电饭煲 Ultra,3个/套
391,70,8074.08,6,0.0,博世 智能净水器 Max,1台/件
392,93,5474.21,7,0.05,索尼 智能加湿器 Pro,5个/套
393,2,9736.72,6,0.2,美的 智能插座 Standard,5个/套
393,17,8566.41,3,0.0,苹果 智能门锁 Plus,1套/箱
393,45,7559.32,3,0.05,博世 智能马桶 Max,1套/箱
393,76,7446.55,8,0.15,松下 智能窗帘 Advanced,3个/套
394,50,9923.77,20,0.1,苹果 智能空气净化器 Basic,3个/套
394,52,5849.3,7,0.1,小米 智能插座 Max,5个/套
394,57,4082.41,1,0.1,博世 智能净水器 Plus,3个/套
394,71,6701.3,6,0.0,索尼 智能冰箱 Elite,3个/套
394,72,6091.38,7,0.0,西门子 智能洗衣机 Pro,5个/套
395,54,7479.94,9,0.1,博世 智能开关 Max,5个/套
395,66,9516.62,7,0.1,松下 智能马桶 Elite,1个/件
396,1,7646.76,8,0.2,亚马逊 智能电饭煲 Advanced,2个/包
396,36,9194.49,15,0.1,海尔智慧家庭 智能加湿器 Lite,2个/包
396,40,6079.88,3,0.15,小米 智能马桶 Lite,1个/件
396,87,3341.96,12,0.1,美的 智能马桶 Mini,1套/箱
397,61,762.44,3,0.0,LG 智能洗衣机 Max,1台/箱
397,67,1492.13,17,0.15,松下 智能电饭煲 Pro,3个/套
398,29,5765.56,18,0.1,博世 智能空气净化器 Lite,5个/套
398,54,7275.14,18,0.2,博世 智能开关 Max,5个/套
398,56,264.06,6,0.2,华为 智能体重秤 Advanced,5个/套
398,65,6195.52,2,0.1,西门子 智能空调 Basic,1套/箱
399,6,5515.85,13,0.05,海尔智慧家庭 智能空气净化器 Basic,1个/件
399,9,6898.7,1,0.2,亚马逊 智能插座 Pro,1套/箱
399,61,733.62,5,0.05,LG 智能洗衣机 Max,1台/箱
400,14,8326.79,15,0.2,格力 智能净水器 Mini,1套/箱
400,48,816.5,4,0.05,苹果 智能门锁 Pro,1台/箱
401,40,6191.46,7,0.15,小米 智能马桶 Lite,1个/件
401,101,1582.27,9,0.0,三星 智能摄像头 Mini,1个/件
402,31,1326.76,17,0.15,三星 智能加湿器 Mini,1台/箱
402,50,9419.54,20,0.05,苹果 智能空气净化器 Basic,3个/套
402,52,6056.68,13,0.1,小米 智能插座 Max,5个/套
402,77,7292.88,20,0.15,美的 智能洗衣机 Advanced,3个/套
402,100,8238.33,17,0.05,LG 智能插座 Max,3个/套
403,11,4580.88,9,0.05,小米 智能门锁 Mini,1个/盒
403,16,8461.69,2,0.15,小米 智能电饭煲 Ultra,3个/套
403,34,7282.3,16,0.1,松下 智能开关 Advanced,1个/盒
403,67,1471.51,9,0.2,松下 智能电饭煲 Pro,3个/套
403,90,2510.13,12,0.2,三星 智能窗帘 Standard,1个/件
404,15,6526.23,11,0.15,谷歌 智能音箱 Elite,1台/箱
404,41,9090.99,16,0.05,索尼 智能空气净化器 Ultra,5个/套
404,44,7710.52,3,0.15,小米 智能空调 Elite,3个/套
404,50,10215.24,16,0.0,苹果 智能空气净化器 Basic,3个/套
405,9,7151.86,2,0.2,亚马逊 智能插座 Pro,1套/箱
405,61,786.81,15,0.1,LG 智能洗衣机 Max,1台/箱
405,84,4105.92,6,0.2,苹果 智能扫地机器人 Pro,1个/盒
406,71,6068.38,7,0.1,索尼 智能冰箱 Elite,3个/套
406,75,9206.19,6,0.05,亚马逊 智能空调 Standard,1个/盒
407,84,3932.31,15,0.05,苹果 智能扫地机器人 Pro,1个/盒
407,98,2780.49,7,0.15,格力 智能电视 Pro,2个/包
408,13,3740.06,5,0.2,三星 智能电饭煲 Max,1个/盒
408,50,9955.06,5,0.2,苹果 智能空气净化器 Basic,3个/套
408,66,9523.89,11,0.1,松下 智能马桶 Elite,1个/件
408,69,4268.62,11,0.05,谷歌 智能洗衣机 Elite,3个/套
408,89,8775.7,8,0.1,博世 智能空调 Lite,1个/盒
409,13,3818.17,12,0.2,三星 智能电饭煲 Max,1个/盒
409,27,8505.8,11,0.15,小米 智能加湿器 Plus,3个/套
409,53,3057.04,10,0.1,华为 智能电视 Lite,1个/盒
409,64,5955.93,16,0.1,亚马逊 智能马桶 Standard,3个/套
409,86,8036.14,16,0.05,博世 智能摄像头 Standard,2个/包
410,9,6809.78,16,0.1,亚马逊 智能插座 Pro,1套/箱
410,26,7961.15,4,0.1,亚马逊 智能扫地机器人 Mini,2个/包
410,47,2505.98,8,0.2,苹果 智能灯具 Basic,1个/盒
410,95,8505.66,17,0.2,格力 智能音箱 Advanced,3个/套
411,39,1669.29,12,0.05,西门子 智能音箱 Mini,3个/套
411,47,2374.6,1,0.05,苹果 智能灯具 Basic,1个/盒
411,66,9554.82,7,0.05,松下 智能马桶 Elite,1个/件
411,74,2341.47,11,0.15,松下 智能窗帘 Lite,2个/包
411,78,5235.78,4,0.15,三星 智能音箱 Elite,5个/套
412,1,7619.36,11,0.0,亚马逊 智能电饭煲 Advanced,2个/包
412,6,5697.9,11,0.05,海尔智慧家庭 智能空气净化器 Basic,1个/件
412,25,9627.5,17,0.2,三星 智能窗帘 Basic,1套/箱
412,93,5794.21,11,0.1,索尼 智能加湿器 Pro,5个/套
413,10,1921.83,10,0.15,美的 智能窗帘 Max,5个/套
413,26,7539.41,12,0.15,亚马逊 智能扫地机器人 Mini,2个/包
414,22,7415.45,16,0.1,美的 智能电视 Basic,1个/盒
414,27,8394.51,14,0.0,小米 智能加湿器 Plus,3个/套
414,34,7457.84,8,0.1,松下 智能开关 Advanced,1个/盒
414,56,258.09,10,0.0,华为 智能体重秤 Advanced,5个/套
414,70,7913.8,1,0.2,博世 智能净水器 Max,1台/件
415,34,7444.0,16,0.2,松下 智能开关 Advanced,1个/盒
415,48,775.3,20,0.0,苹果 智能门锁 Pro,1台/箱
415,79,9570.49,9,0.1,格力 智能手环 Lite,1台/件
415,86,8299.15,3,0.15,博世 智能摄像头 Standard,2个/包
416,55,6509.48,14,0.15,飞利浦 智能手环 Max,2个/包
417,3,8441.68,2,0.0,华为 智能电视 Basic,1台/件
417,11,4826.25,15,0.05,小米 智能门锁 Mini,1个/盒
417,16,8726.16,17,0.2,小米 智能电饭煲 Ultra,3个/套
417,54,7637.46,10,0.2,博世 智能开关 Max,5个/套
417,100,8896.27,11,0.15,LG 智能插座 Max,3个/套
418,25,9300.1,5,0.05,三星 智能窗帘 Basic,1套/箱
418,62,8424.82,1,0.05,华为 智能洗衣机 Ultra,2个/包
418,66,9125.96,19,0.0,松下 智能马桶 Elite,1个/件
419,48,786.22,13,0.05,苹果 智能门锁 Pro,1台/箱
419,77,6906.2,7,0.0,美的 智能洗衣机 Advanced,3个/套
420,8,8941.8,6,0.1,松下 智能开关 Lite,5个/套
420,44,7364.04,3,0.2,小米 智能空调 Elite,3个/套
421,8,9326.88,1,0.15,松下 智能开关 Lite,5个/套
421,11,4733.97,7,0.1,小米 智能门锁 Mini,1个/盒
421,17,7812.72,11,0.2,苹果 智能门锁 Plus,1套/箱
421,69,4217.3,5,0.15,谷歌 智能洗衣机 Elite,3个/套
422,37,9811.13,5,0.0,飞利浦 智能马桶 Max,2个/包
422,54,7400.32,15,0.1,博世 智能开关 Max,5个/套
423,1,7785.35,8,0.0,亚马逊 智能电饭煲 Advanced,2个/包
423,4,9975.88,10,0.05,西门子 智能电视 Pro,1台/箱
423,5,5136.19,2,0.05,美的 智能电饭煲 Pro,3个/套
423,94,9232.27,9,0.0,格力 智能体重秤 Standard,2个/包
423,98,2606.04,1,0.0,格力 智能电视 Pro,2个/包
424,3,8885.8,12,0.15,华为 智能电视 Basic,1台/件
424,29,5924.77,19,0.1,博世 智能空气净化器 Lite,5个/套
424,38,4318.7,6,0.2,西门子 智能冰箱 Standard,2个/包
424,93,5838.05,4,0.15,索尼 智能加湿器 Pro,5个/套
425,17,8297.57,18,0.15,苹果 智能门锁 Plus,1套/箱
425,25,9672.43,3,0.1,三星 智能窗帘 Basic,1套/箱
425,92,9362.52,6,0.05,西门子 智能摄像头 Plus,1台/件
426,48,813.12,14,0.1,苹果 智能门锁 Pro,1台/箱
426,65,6629.35,14,0.1,西门子 智能空调 Basic,1套/箱
427,21,2511.61,5,0.0,华为 智能加湿器 Plus,2个/包
427,37,9957.7,20,0.05,飞利浦 智能马桶 Max,2个/包
427,54,7440.33,12,0.05,博世 智能开关 Max,5个/套
427,68,3795.86,16,0.2,博世 智能插座 Basic,1套/箱
427,81,1441.87,19,0.0,亚马逊 智能门锁 Max,1台/箱
428,8,8965.93,4,0.1,松下 智能开关 Lite,5个/套
428,23,8521.99,2,0.0,美的 智能净水器 Plus,1台/箱
428,61,785.6,13,0.0,LG 智能洗衣机 Max,1台/箱
428,70,8216.78,14,0.0,博世 智能净水器 Max,1台/件
429,61,739.14,1,0.0,LG 智能洗衣机 Max,1台/箱
429,74,2233.04,7,0.0,松下 智能窗帘 Lite,2个/包
429,79,9645.09,13,0.0,格力 智能手环 Lite,1台/件
429,81,1481.25,15,0.0,亚马逊 智能门锁 Max,1台/箱
429,88,4624.98,2,0.05,格力 智能体重秤 Ultra,1台/箱
430,43,4085.66,7,0.15,华为 智能电视 Max,3个/套
430,51,871.81,13,0.05,苹果 智能开关 Basic,1个/盒
430,89,9261.94,17,0.1,博世 智能空调 Lite,1个/盒
430,100,8171.11,10,0.0,LG 智能插座 Max,3个/套
431,18,5167.11,7,0.1,美的 智能门锁 Mini,5个/套
431,68,3712.37,2,0.1,博世 智能插座 Basic,1套/箱
431,73,253.42,8,0.0,飞利浦 智能扫地机器人 Ultra,2个/包
432,24,6805.69,14,0.15,西门子 智能电视 Pro,1套/箱
432,31,1376.26,7,0.0,三星 智能加湿器 Mini,1台/箱
432,61,747.56,20,0.0,LG 智能洗衣机 Max,1台/箱
432,87,3498.77,5,0.2,美的 智能马桶 Mini,1套/箱
433,9,7205.07,6,0.0,亚马逊 智能插座 Pro,1套/箱
433,23,8507.71,20,0.15,美的 智能净水器 Plus,1台/箱
433,31,1354.73,15,0.0,三星 智能加湿器 Mini,1台/箱
433,54,7112.95,8,0.1,博世 智能开关 Max,5个/套
433,56,273.01,10,0.1,华为 智能体重秤 Advanced,5个/套
434,4,9536.16,20,0.2,西门子 智能电视 Pro,1台/箱
434,76,7332.65,19,0.15,松下 智能窗帘 Advanced,3个/套
434,94,9220.29,18,0.15,格力 智能体重秤 Standard,2个/包
435,64,6227.71,11,0.05,亚马逊 智能马桶 Standard,3个/套
436,40,6069.17,4,0.1,小米 智能马桶 Lite,1个/件
436,66,9372.15,7,0.2,松下 智能马桶 Elite,1个/件
437,5,4923.34,16,0.15,美的 智能电饭煲 Pro,3个/套
437,23,8742.98,8,0.0,美的 智能净水器 Plus,1台/箱
437,81,1392.06,16,0.0,亚马逊 智能门锁 Max,1台/箱
437,101,1639.27,9,0.2,三星 智能摄像头 Mini,1个/件
438,41,9501.06,18,0.1,索尼 智能空气净化器 Ultra,5个/套
438,46,1988.12,16,0.0,小米 智能开关 Max,1套/箱
438,50,9419.34,7,0.1,苹果 智能空气净化器 Basic,3个/套
438,54,7362.87,11,0.1,博世 智能开关 Max,5个/套
438,91,3283.86,11,0.05,亚马逊 智能音箱 Basic,1个/盒
439,13,3517.5,12,0.15,三星 智能电饭煲 Max,1个/盒
439,68,3835.54,16,0.05,博世 智能插座 Basic,1套/箱
439,75,9584.78,17,0.0,亚马逊 智能空调 Standard,1个/盒
440,26,7994.55,4,0.2,亚马逊 智能扫地机器人 Mini,2个/包
440,37,9618.75,13,0.2,飞利浦 智能马桶 Max,2个/包
440,88,4742.8,16,0.0,格力 智能体重秤 Ultra,1台/箱
441,72,5956.05,5,0.0,西门子 智能洗衣机 Pro,5个/套
441,97,8725.75,20,0.2,格力 智能净水器 Ultra,5个/套
442,77,7131.83,10,0.1,美的 智能洗衣机 Advanced,3个/套
443,27,8453.78,13,0.15,小米 智能加湿器 Plus,3个/套
443,47,2345.27,2,0.15,苹果 智能灯具 Basic,1个/盒
443,51,848.25,10,0.05,苹果 智能开关 Basic,1个/盒
443,56,261.9,19,0.05,华为 智能体重秤 Advanced,5个/套
443,61,772.01,15,0.05,LG 智能洗衣机 Max,1台/箱
444,45,7709.37,9,0.15,博世 智能马桶 Max,1套/箱
444,48,851.14,7,0.1,苹果 智能门锁 Pro,1台/箱
444,72,5960.77,13,0.05,西门子 智能洗衣机 Pro,5个/套
444,86,8265.01,6,0.05,博世 智能摄像头 Standard,2个/包
445,22,7965.03,5,0.2,美的 智能电视 Basic,1个/盒
445,31,1399.01,4,0.05,三星 智能加湿器 Mini,1台/箱
445,50,10204.43,16,0.05,苹果 智能空气净化器 Basic,3个/套
445,89,8760.13,15,0.2,博世 智能空调 Lite,1个/盒
446,39,1740.23,4,0.1,西门子 智能音箱 Mini,3个/套
446,56,256.68,11,0.1,华为 智能体重秤 Advanced,5个/套
446,71,6501.1,20,0.05,索尼 智能冰箱 Elite,3个/套
447,48,781.25,3,0.05,苹果 智能门锁 Pro,1台/箱
447,52,5581.32,18,0.1,小米 智能插座 Max,5个/套
447,76,7667.07,3,0.0,松下 智能窗帘 Advanced,3个/套
448,2,9490.65,9,0.0,美的 智能插座 Standard,5个/套
449,45,7152.38,2,0.0,博世 智能马桶 Max,1套/箱
449,75,8933.52,1,0.0,亚马逊 智能空调 Standard,1个/盒
449,88,4539.02,20,0.15,格力 智能体重秤 Ultra,1台/箱
450,6,5498.03,5,0.05,海尔智慧家庭 智能空气净化器 Basic,1个/件
450,29,6215.55,5,0.2,博世 智能空气净化器 Lite,5个/套
450,38,4459.54,2,0.1,西门子 智能冰箱 Standard,2个/包
450,66,8860.79,17,0.2,松下 智能马桶 Elite,1个/件
451,9,7041.52,17,0.0,亚马逊 智能插座 Pro,1套/箱
451,35,3207.61,4,0.0,亚马逊 智能门铃 Max,1个/盒
451,52,6014.92,17,0.2,小米 智能插座 Max,5个/套
451,57,4197.98,12,0.15,博世 智能净水器 Plus,3个/套
451,91,3051.86,19,0.1,亚马逊 智能音箱 Basic,1个/盒
452,15,5997.88,6,0.0,谷歌 智能音箱 Elite,1台/箱
452,96,8614.92,11,0.05,博世 智能空调 Lite,3个/套
453,10,1858.71,8,0.1,美的 智能窗帘 Max,5个/套
453,11,4409.36,16,0.2,小米 智能门锁 Mini,1个/盒
454,93,5661.01,5,0.1,索尼 智能加湿器 Pro,5个/套
455,3,8384.48,11,0.1,华为 智能电视 Basic,1台/件
455,8,8873.75,14,0.1,松下 智能开关 Lite,5个/套
455,54,7038.52,9,0.15,博世 智能开关 Max,5个/套
456,37,10257.5,20,0.2,飞利浦 智能马桶 Max,2个/包
457,7,1081.13,15,0.0,博世 智能扫地机器人 Max,1台/箱
457,15,6263.28,4,0.15,谷歌 智能音箱 Elite,1台/箱
457,26,7865.99,17,0.15,亚马逊 智能扫地机器人 Mini,2个/包
457,62,8344.97,7,0.2,华为 智能洗衣机 Ultra,2个/包
457,81,1389.1,7,0.2,亚马逊 智能门锁 Max,1台/箱
458,22,7771.14,14,0.05,美的 智能电视 Basic,1个/盒
458,89,9074.92,11,0.1,博世 智能空调 Lite,1个/盒
459,100,8179.64,16,0.1,LG 智能插座 Max,3个/套
460,69,4016.37,17,0.15,谷歌 智能洗衣机 Elite,3个/套
461,28,227.01,2,0.2,飞利浦 智能扫地机器人 Plus,1套/箱
461,90,2597.84,19,0.0,三星 智能窗帘 Standard,1个/件
462,5,5053.49,2,0.15,美的 智能电饭煲 Pro,3个/套
463,24,6683.77,15,0.0,西门子 智能电视 Pro,1套/箱
463,41,9740.89,1,0.15,索尼 智能空气净化器 Ultra,5个/套
463,45,7291.17,6,0.1,博世 智能马桶 Max,1套/箱
463,50,9439.82,17,0.15,苹果 智能空气净化器 Basic,3个/套
463,96,9183.24,12,0.0,博世 智能空调 Lite,3个/套
464,5,5198.9,7,0.05,美的 智能电饭煲 Pro,3个/套
465,50,9598.54,12,0.1,苹果 智能空气净化器 Basic,3个/套
465,65,6671.37,18,0.1,西门子 智能空调 Basic,1套/箱
466,11,4708.35,11,0.05,小米 智能门锁 Mini,1个/盒
466,29,5777.1,11,0.05,博世 智能空气净化器 Lite,5个/套
466,51,893.64,1,0.2,苹果 智能开关 Basic,1个/盒
466,81,1408.43,7,0.1,亚马逊 智能门锁 Max,1台/箱
466,88,4474.09,10,0.0,格力 智能体重秤 Ultra,1台/箱
467,2,10018.26,18,0.15,美的 智能插座 Standard,5个/套
467,37,9948.86,12,0.1,飞利浦 智能马桶 Max,2个/包
467,47,2410.54,16,0.0,苹果 智能灯具 Basic,1个/盒
467,68,3721.45,8,0.15,博世 智能插座 Basic,1套/箱
468,7,1115.01,1,0.05,博世 智能扫地机器人 Max,1台/箱
468,29,6109.94,2,0.15,博世 智能空气净化器 Lite,5个/套
468,33,6273.64,8,0.0,飞利浦 智能加湿器 Ultra,5个/套
468,87,3360.13,7,0.15,美的 智能马桶 Mini,1套/箱
469,54,7430.57,18,0.15,博世 智能开关 Max,5个/套
470,48,796.06,7,0.15,苹果 智能门锁 Pro,1台/箱
470,51,829.05,6,0.05,苹果 智能开关 Basic,1个/盒
470,52,5928.98,4,0.05,小米 智能插座 Max,5个/套
470,97,8954.61,1,0.05,格力 智能净水器 Ultra,5个/套
471,70,7809.22,2,0.05,博世 智能净水器 Max,1台/件
471,89,8753.09,17,0.05,博世 智能空调 Lite,1个/盒
472,5,5221.54,9,0.2,美的 智能电饭煲 Pro,3个/套
472,25,10058.73,8,0.15,三星 智能窗帘 Basic,1套/箱
472,88,4597.26,10,0.05,格力 智能体重秤 Ultra,1台/箱
472,96,8540.61,10,0.1,博世 智能空调 Lite,3个/套
473,24,6873.15,12,0.05,西门子 智能电视 Pro,1套/箱
473,26,7936.92,12,0.0,亚马逊 智能扫地机器人 Mini,2个/包
473,73,246.86,20,0.0,飞利浦 智能扫地机器人 Ultra,2个/包
473,79,10175.4,10,0.05,格力 智能手环 Lite,1台/件
473,95,8429.32,14,0.2,格力 智能音箱 Advanced,3个/套
474,66,9620.32,5,0.15,松下 智能马桶 Elite,1个/件
474,92,8832.32,18,0.15,西门子 智能摄像头 Plus,1台/件
475,14,8417.03,13,0.15,格力 智能净水器 Mini,1套/箱
475,34,7209.64,20,0.15,松下 智能开关 Advanced,1个/盒
476,77,6811.05,1,0.15,美的 智能洗衣机 Advanced,3个/套
476,94,9157.22,1,0.05,格力 智能体重秤 Standard,2个/包
476,99,1607.34,2,0.15,三星 智能音箱 Basic,1个/盒
477,3,8324.94,19,0.0,华为 智能电视 Basic,1台/件
477,91,3095.99,6,0.0,亚马逊 智能音箱 Basic,1个/盒
478,8,9020.1,17,0.05,松下 智能开关 Lite,5个/套
478,12,9634.3,8,0.2,格力 智能空气净化器 Standard,1个/件
478,76,7171.56,4,0.0,松下 智能窗帘 Advanced,3个/套
478,77,6816.44,10,0.2,美的 智能洗衣机 Advanced,3个/套
479,40,6151.18,11,0.1,小米 智能马桶 Lite,1个/件
479,75,9080.18,16,0.1,亚马逊 智能空调 Standard,1个/盒
480,2,10414.09,18,0.15,美的 智能插座 Standard,5个/套
480,35,3321.53,13,0.05,亚马逊 智能门铃 Max,1个/盒
480,87,3235.56,11,0.05,美的 智能马桶 Mini,1套/箱
480,94,8776.88,17,0.15,格力 智能体重秤 Standard,2个/包
481,2,9567.02,18,0.05,美的 智能插座 Standard,5个/套
481,43,4337.74,1,0.0,华为 智能电视 Max,3个/套
481,55,6887.41,9,0.2,飞利浦 智能手环 Max,2个/包
482,40,6302.49,19,0.05,小米 智能马桶 Lite,1个/件
483,8,9314.36,6,0.0,松下 智能开关 Lite,5个/套
483,17,8473.52,6,0.1,苹果 智能门锁 Plus,1套/箱
483,35,3381.37,4,0.15,亚马逊 智能门铃 Max,1个/盒
483,39,1738.08,8,0.15,西门子 智能音箱 Mini,3个/套
483,94,9054.65,11,0.0,格力 智能体重秤 Standard,2个/包
484,85,1560.48,6,0.1,博世 智能马桶 Basic,1个/件
485,12,8764.98,8,0.0,格力 智能空气净化器 Standard,1个/件
485,13,3709.37,6,0.1,三星 智能电饭煲 Max,1个/盒
485,57,4252.96,19,0.1,博世 智能净水器 Plus,3个/套
485,100,8689.78,8,0.1,LG 智能插座 Max,3个/套
486,29,6093.46,15,0.05,博世 智能空气净化器 Lite,5个/套
486,46,2012.99,5,0.2,小米 智能开关 Max,1套/箱
486,57,4075.56,8,0.1,博世 智能净水器 Plus,3个/套
486,67,1440.8,11,0.1,松下 智能电饭煲 Pro,3个/套
486,75,9173.88,9,0.15,亚马逊 智能空调 Standard,1个/盒
487,15,5951.35,4,0.15,谷歌 智能音箱 Elite,1台/箱
488,21,2393.24,5,0.0,华为 智能加湿器 Plus,2个/包
488,43,4194.54,18,0.05,华为 智能电视 Max,3个/套
488,46,1986.05,13,0.15,小米 智能开关 Max,1套/箱
488,96,8936.26,1,0.0,博世 智能空调 Lite,3个/套
489,25,9845.69,10,0.15,三星 智能窗帘 Basic,1套/箱
489,74,2211.19,2,0.2,松下 智能窗帘 Lite,2个/包
489,84,4262.63,14,0.0,苹果 智能扫地机器人 Pro,1个/盒
489,90,2483.06,3,0.05,三星 智能窗帘 Standard,1个/件
489,95,8737.68,9,0.15,格力 智能音箱 Advanced,3个/套
490,2,10076.62,16,0.0,美的 智能插座 Standard,5个/套
490,11,4751.2,14,0.05,小米 智能门锁 Mini,1个/盒
490,24,6347.18,1,0.1,西门子 智能电视 Pro,1套/箱
490,55,6781.42,18,0.15,飞利浦 智能手环 Max,2个/包
491,35,3245.03,5,0.0,亚马逊 智能门铃 Max,1个/盒
492,48,792.64,9,0.15,苹果 智能门锁 Pro,1台/箱
492,79,10252.93,18,0.2,格力 智能手环 Lite,1台/件
492,88,4445.07,19,0.0,格力 智能体重秤 Ultra,1台/箱
492,94,8885.29,6,0.1,格力 智能体重秤 Standard,2个/包
493,28,236.08,5,0.05,飞利浦 智能扫地机器人 Plus,1套/箱
494,14,8459.86,11,0.0,格力 智能净水器 Mini,1套/箱
494,19,7757.92,10,0.15,海尔智慧家庭 智能开关 Plus,1台/件
494,57,4271.83,1,0.05,博世 智能净水器 Plus,3个/套
494,74,2303.61,17,0.2,松下 智能窗帘 Lite,2个/包
494,99,1628.04,19,0.0,三星 智能音箱 Basic,1个/盒
495,14,8620.84,16,0.1,格力 智能净水器 Mini,1套/箱
495,41,9649.63,8,0.05,索尼 智能空气净化器 Ultra,5个/套
495,65,6660.38,12,0.0,西门子 智能空调 Basic,1套/箱
495,72,6158.65,8,0.0,西门子 智能洗衣机 Pro,5个/套
495,74,2244.29,20,0.05,松下 智能窗帘 Lite,2个/包
496,63,9403.24,2,0.1,LG 智能净水器 Basic,2个/包
496,72,6080.59,6,0.15,西门子 智能洗衣机 Pro,5个/套
496,74,2294.4,14,0.2,松下 智能窗帘 Lite,2个/包
496,94,9428.97,18,0.0,格力 智能体重秤 Standard,2个/包
496,99,1718.32,8,0.2,三星 智能音箱 Basic,1个/盒
497,71,6373.84,17,0.0,索尼 智能冰箱 Elite,3个/套
498,2,9490.3,12,0.05,美的 智能插座 Standard,5个/套
498,21,2530.96,13,0.2,华为 智能加湿器 Plus,2个/包
498,42,7681.1,10,0.1,谷歌 智能净水器 Ultra,1套/箱
498,89,9612.31,9,0.2,博世 智能空调 Lite,1个/盒
499,28,228.75,16,0.15,飞利浦 智能扫地机器人 Plus,1套/箱
500,35,3239.22,6,0.0,亚马逊 智能门铃 Max,1个/盒
500,61,724.47,12,0.1,LG 智能洗衣机 Max,1台/箱
501,14,8656.41,16,0.0,格力 智能净水器 Mini,1套/箱
502,86,8000.93,5,0.15,博世 智能摄像头 Standard,2个/包
503,2,9853.55,9,0.05,美的 智能插座 Standard,5个/套
503,35,3321.05,17,0.2,亚马逊 智能门铃 Max,1个/盒
504,19,7558.92,1,0.1,海尔智慧家庭 智能开关 Plus,1台/件
504,21,2477.28,19,0.0,华为 智能加湿器 Plus,2个/包
504,38,4510.31,14,0.05,西门子 智能冰箱 Standard,2个/包
504,61,747.37,6,0.1,LG 智能洗衣机 Max,1台/箱
505,14,8185.33,11,0.05,格力 智能净水器 Mini,1套/箱
505,25,9777.57,9,0.2,三星 智能窗帘 Basic,1套/箱
505,41,9425.35,13,0.1,索尼 智能空气净化器 Ultra,5个/套
505,52,5760.1,16,0.15,小米 智能插座 Max,5个/套
505,73,272.11,10,0.15,飞利浦 智能扫地机器人 Ultra,2个/包
506,3,8342.18,11,0.05,华为 智能电视 Basic,1台/件
506,28,225.32,5,0.0,飞利浦 智能扫地机器人 Plus,1套/箱
506,47,2400.63,17,0.05,苹果 智能灯具 Basic,1个/盒
506,95,8712.41,15,0.1,格力 智能音箱 Advanced,3个/套
507,56,256.98,4,0.1,华为 智能体重秤 Advanced,5个/套
507,59,5631.47,3,0.1,西门子 智能摄像头 Max,1个/盒
507,61,731.94,8,0.05,LG 智能洗衣机 Max,1台/箱
507,62,8343.47,18,0.0,华为 智能洗衣机 Ultra,2个/包
507,69,4229.62,11,0.1,谷歌 智能洗衣机 Elite,3个/套
508,26,7957.31,6,0.2,亚马逊 智能扫地机器人 Mini,2个/包
508,77,7069.81,6,0.0,美的 智能洗衣机 Advanced,3个/套
508,95,8469.58,8,0.05,格力 智能音箱 Advanced,3个/套
509,9,7005.2,13,0.2,亚马逊 智能插座 Pro,1套/箱
509,25,10060.74,20,0.05,三星 智能窗帘 Basic,1套/箱
509,40,6475.4,5,0.15,小米 智能马桶 Lite,1个/件
509,45,7051.38,12,0.05,博世 智能马桶 Max,1套/箱
509,99,1651.51,7,0.1,三星 智能音箱 Basic,1个/盒
510,8,8854.63,2,0.0,松下 智能开关 Lite,5个/套
510,101,1648.73,8,0.05,三星 智能摄像头 Mini,1个/件
511,28,224.69,9,0.0,飞利浦 智能扫地机器人 Plus,1套/箱
512,31,1343.21,3,0.2,三星 智能加湿器 Mini,1台/箱
512,32,1715.54,18,0.2,亚马逊 智能马桶 Elite,1个/盒
513,2,9625.21,11,0.05,美的 智能插座 Standard,5个/套
513,37,9513.44,5,0.2,飞利浦 智能马桶 Max,2个/包
513,92,9348.33,17,0.1,西门子 智能摄像头 Plus,1台/件
513,100,8841.68,15,0.2,LG 智能插座 Max,3个/套
514,2,10408.66,4,0.15,美的 智能插座 Standard,5个/套
514,15,5977.37,9,0.05,谷歌 智能音箱 Elite,1台/箱
514,31,1322.66,2,0.2,三星 智能加湿器 Mini,1台/箱
514,65,6401.73,18,0.15,西门子 智能空调 Basic,1套/箱
514,95,8508.11,18,0.1,格力 智能音箱 Advanced,3个/套
515,7,1144.26,14,0.05,博世 智能扫地机器人 Max,1台/箱
516,63,9083.36,11,0.2,LG 智能净水器 Basic,2个/包
516,91,3108.86,17,0.0,亚马逊 智能音箱 Basic,1个/盒
516,93,5389.99,1,0.15,索尼 智能加湿器 Pro,5个/套
517,82,6856.89,4,0.1,LG 智能开关 Lite,1套/箱
518,63,9230.83,5,0.1,LG 智能净水器 Basic,2个/包
518,81,1379.08,13,0.05,亚马逊 智能门锁 Max,1台/箱
518,85,1624.7,12,0.0,博世 智能马桶 Basic,1个/件
518,96,9204.34,16,0.1,博世 智能空调 Lite,3个/套
519,24,6501.89,3,0.1,西门子 智能电视 Pro,1套/箱
519,39,1711.66,20,0.05,西门子 智能音箱 Mini,3个/套
519,86,8111.53,9,0.1,博世 智能摄像头 Standard,2个/包
520,29,5901.38,6,0.15,博世 智能空气净化器 Lite,5个/套
520,32,1809.44,3,0.1,亚马逊 智能马桶 Elite,1个/盒
520,92,8986.06,4,0.1,西门子 智能摄像头 Plus,1台/件
521,12,9544.78,8,0.05,格力 智能空气净化器 Standard,1个/件
521,31,1318.18,13,0.0,三星 智能加湿器 Mini,1台/箱
521,86,8101.22,4,0.1,博世 智能摄像头 Standard,2个/包
522,31,1422.07,20,0.1,三星 智能加湿器 Mini,1台/箱
523,42,7664.53,2,0.2,谷歌 智能净水器 Ultra,1套/箱
523,45,7254.07,5,0.2,博世 智能马桶 Max,1套/箱
523,62,8405.0,18,0.05,华为 智能洗衣机 Ultra,2个/包
523,82,7016.22,2,0.15,LG 智能开关 Lite,1套/箱
523,88,4704.9,8,0.1,格力 智能体重秤 Ultra,1台/箱
524,25,9931.35,10,0.05,三星 智能窗帘 Basic,1套/箱
524,46,2029.85,1,0.0,小米 智能开关 Max,1套/箱
524,61,765.77,4,0.05,LG 智能洗衣机 Max,1台/箱
524,79,10113.61,4,0.2,格力 智能手环 Lite,1台/件
525,14,8047.67,19,0.05,格力 智能净水器 Mini,1套/箱
525,84,4216.36,5,0.1,苹果 智能扫地机器人 Pro,1个/盒
525,91,3129.35,11,0.1,亚马逊 智能音箱 Basic,1个/盒
526,45,7557.22,1,0.2,博世 智能马桶 Max,1套/箱
526,56,252.46,10,0.0,华为 智能体重秤 Advanced,5个/套
526,60,2266.89,7,0.1,华为 智能窗帘 Basic,1套/箱
526,98,2590.76,7,0.2,格力 智能电视 Pro,2个/包
527,50,9865.28,6,0.1,苹果 智能空气净化器 Basic,3个/套
528,47,2488.46,13,0.2,苹果 智能灯具 Basic,1个/盒
528,52,5571.71,14,0.0,小米 智能插座 Max,5个/套
528,92,9199.48,19,0.2,西门子 智能摄像头 Plus,1台/件
529,18,5298.56,1,0.1,美的 智能门锁 Mini,5个/套
529,68,3769.73,2,0.2,博世 智能插座 Basic,1套/箱
529,96,9168.53,7,0.05,博世 智能空调 Lite,3个/套
530,27,8587.2,5,0.2,小米 智能加湿器 Plus,3个/套
530,39,1601.59,15,0.1,西门子 智能音箱 Mini,3个/套
530,56,270.49,4,0.0,华为 智能体重秤 Advanced,5个/套
531,5,4987.36,15,0.05,美的 智能电饭煲 Pro,3个/套
531,96,8956.2,1,0.15,博世 智能空调 Lite,3个/套
531,99,1617.89,15,0.15,三星 智能音箱 Basic,1个/盒
531,100,8170.81,20,0.05,LG 智能插座 Max,3个/套
532,42,8131.33,13,0.2,谷歌 智能净水器 Ultra,1套/箱
532,77,6921.8,12,0.2,美的 智能洗衣机 Advanced,3个/套
533,28,223.61,9,0.05,飞利浦 智能扫地机器人 Plus,1套/箱
533,31,1303.46,2,0.1,三星 智能加湿器 Mini,1台/箱
534,1,7403.69,11,0.15,亚马逊 智能电饭煲 Advanced,2个/包
534,43,4097.46,13,0.2,华为 智能电视 Max,3个/套
534,59,5350.84,13,0.0,西门子 智能摄像头 Max,1个/盒
534,64,6078.24,8,0.05,亚马逊 智能马桶 Standard,3个/套
535,6,5363.56,16,0.0,海尔智慧家庭 智能空气净化器 Basic,1个/件
536,81,1388.93,1,0.05,亚马逊 智能门锁 Max,1台/箱
537,3,8940.77,2,0.0,华为 智能电视 Basic,1台/件
537,18,5206.27,14,0.05,美的 智能门锁 Mini,5个/套
537,74,2176.95,18,0.0,松下 智能窗帘 Lite,2个/包
537,84,4074.32,11,0.05,苹果 智能扫地机器人 Pro,1个/盒
537,95,8149.02,17,0.15,格力 智能音箱 Advanced,3个/套
538,6,5373.45,20,0.15,海尔智慧家庭 智能空气净化器 Basic,1个/件
538,9,6548.63,17,0.15,亚马逊 智能插座 Pro,1套/箱
538,17,7950.18,9,0.0,苹果 智能门锁 Plus,1套/箱
538,66,9090.93,5,0.05,松下 智能马桶 Elite,1个/件
539,16,8795.1,18,0.1,小米 智能电饭煲 Ultra,3个/套
539,39,1677.48,3,0.0,西门子 智能音箱 Mini,3个/套
539,40,6387.33,13,0.05,小米 智能马桶 Lite,1个/件
539,46,2101.06,16,0.1,小米 智能开关 Max,1套/箱
539,98,2653.59,18,0.05,格力 智能电视 Pro,2个/包
540,23,8060.05,4,0.1,美的 智能净水器 Plus,1台/箱
540,27,8375.93,8,0.1,小米 智能加湿器 Plus,3个/套
540,62,8636.17,3,0.15,华为 智能洗衣机 Ultra,2个/包
540,67,1515.63,7,0.1,松下 智能电饭煲 Pro,3个/套
540,81,1471.36,5,0.15,亚马逊 智能门锁 Max,1台/箱
541,11,4659.01,20,0.15,小米 智能门锁 Mini,1个/盒
541,62,8641.08,12,0.15,华为 智能洗衣机 Ultra,2个/包
542,45,7070.06,10,0.15,博世 智能马桶 Max,1套/箱
542,54,7670.42,2,0.0,博世 智能开关 Max,5个/套
542,64,5808.47,3,0.2,亚马逊 智能马桶 Standard,3个/套
542,78,5263.94,13,0.0,三星 智能音箱 Elite,5个/套
543,45,7340.53,8,0.05,博世 智能马桶 Max,1套/箱
543,50,9396.87,7,0.15,苹果 智能空气净化器 Basic,3个/套
543,56,255.5,20,0.05,华为 智能体重秤 Advanced,5个/套
544,7,1079.88,3,0.2,博世 智能扫地机器人 Max,1台/箱
544,54,7032.23,4,0.05,博世 智能开关 Max,5个/套
545,3,8519.45,4,0.0,华为 智能电视 Basic,1台/件
545,14,8667.21,14,0.0,格力 智能净水器 Mini,1套/箱
545,76,7688.01,6,0.05,松下 智能窗帘 Advanced,3个/套
545,89,8783.23,15,0.1,博世 智能空调 Lite,1个/盒
546,51,828.32,16,0.05,苹果 智能开关 Basic,1个/盒
546,87,3419.6,2,0.15,美的 智能马桶 Mini,1套/箱
546,99,1624.03,3,0.2,三星 智能音箱 Basic,1个/盒
547,4,9612.3,4,0.2,西门子 智能电视 Pro,1台/箱
547,14,8645.56,8,0.2,格力 智能净水器 Mini,1套/箱
547,39,1686.3,11,0.15,西门子 智能音箱 Mini,3个/套
547,93,5732.49,17,0.15,索尼 智能加湿器 Pro,5个/套
548,22,7963.3,6,0.05,美的 智能电视 Basic,1个/盒
548,36,9386.33,10,0.0,海尔智慧家庭 智能加湿器 Lite,2个/包
548,54,7203.9,2,0.1,博世 智能开关 Max,5个/套
548,98,2601.39,2,0.2,格力 智能电视 Pro,2个/包
549,2,10099.17,9,0.0,美的 智能插座 Standard,5个/套
549,90,2685.09,16,0.15,三星 智能窗帘 Standard,1个/件
550,18,5211.03,17,0.05,美的 智能门锁 Mini,5个/套
550,69,4027.48,20,0.1,谷歌 智能洗衣机 Elite,3个/套
550,95,8569.73,2,0.15,格力 智能音箱 Advanced,3个/套
551,3,8878.17,17,0.05,华为 智能电视 Basic,1台/件
551,36,9372.61,13,0.2,海尔智慧家庭 智能加湿器 Lite,2个/包
551,67,1571.72,3,0.05,松下 智能电饭煲 Pro,3个/套
552,15,6257.71,17,0.1,谷歌 智能音箱 Elite,1台/箱
552,41,9131.56,13,0.2,索尼 智能空气净化器 Ultra,5个/套
552,79,9419.75,18,0.0,格力 智能手环 Lite,1台/件
553,9,6932.31,19,0.05,亚马逊 智能插座 Pro,1套/箱
553,23,8198.44,13,0.05,美的 智能净水器 Plus,1台/箱
553,31,1377.89,6,0.05,三星 智能加湿器 Mini,1台/箱
553,75,9669.17,17,0.0,亚马逊 智能空调 Standard,1个/盒
553,76,7516.32,4,0.0,松下 智能窗帘 Advanced,3个/套
554,25,10069.68,1,0.05,三星 智能窗帘 Basic,1套/箱
554,27,7833.03,16,0.0,小米 智能加湿器 Plus,3个/套
554,65,6463.06,2,0.05,西门子 智能空调 Basic,1套/箱
555,75,9028.28,5,0.2,亚马逊 智能空调 Standard,1个/盒
556,60,2265.96,8,0.0,华为 智能窗帘 Basic,1套/箱
556,90,2563.81,8,0.1,三星 智能窗帘 Standard,1个/件
557,99,1618.53,15,0.0,三星 智能音箱 Basic,1个/盒
558,33,6170.43,14,0.0,飞利浦 智能加湿器 Ultra,5个/套
558,55,6736.5,15,0.05,飞利浦 智能手环 Max,2个/包
558,69,4095.72,11,0.0,谷歌 智能洗衣机 Elite,3个/套
559,98,2748.39,18,0.2,格力 智能电视 Pro,2个/包
560,42,7771.7,9,0.1,谷歌 智能净水器 Ultra,1套/箱
560,52,5583.18,1,0.1,小米 智能插座 Max,5个/套
560,60,2328.31,8,0.0,华为 智能窗帘 Basic,1套/箱
560,94,8735.89,3,0.15,格力 智能体重秤 Standard,2个/包
561,5,5161.65,19,0.15,美的 智能电饭煲 Pro,3个/套
561,99,1666.01,3,0.05,三星 智能音箱 Basic,1个/盒
561,101,1605.43,13,0.0,三星 智能摄像头 Mini,1个/件
562,48,852.65,12,0.15,苹果 智能门锁 Pro,1台/箱
562,51,907.6,14,0.2,苹果 智能开关 Basic,1个/盒
563,9,7137.54,13,0.05,亚马逊 智能插座 Pro,1套/箱
563,65,6525.09,1,0.0,西门子 智能空调 Basic,1套/箱
564,23,8813.21,12,0.0,美的 智能净水器 Plus,1台/箱
564,44,8059.65,7,0.2,小米 智能空调 Elite,3个/套
564,88,4630.34,8,0.1,格力 智能体重秤 Ultra,1台/箱
565,25,9654.68,20,0.2,三星 智能窗帘 Basic,1套/箱
565,52,5974.98,3,0.15,小米 智能插座 Max,5个/套
566,50,9770.4,12,0.15,苹果 智能空气净化器 Basic,3个/套
566,67,1579.67,20,0.1,松下 智能电饭煲 Pro,3个/套
566,81,1370.65,11,0.15,亚马逊 智能门锁 Max,1台/箱
567,62,8293.11,8,0.1,华为 智能洗衣机 Ultra,2个/包
568,17,7796.68,8,0.1,苹果 智能门锁 Plus,1套/箱
568,56,271.69,15,0.0,华为 智能体重秤 Advanced,5个/套
568,65,6528.07,7,0.1,西门子 智能空调 Basic,1套/箱
568,76,7173.66,12,0.2,松下 智能窗帘 Advanced,3个/套
568,85,1508.46,9,0.15,博世 智能马桶 Basic,1个/件
569,8,8655.56,16,0.05,松下 智能开关 Lite,5个/套
570,10,1778.25,12,0.15,美的 智能窗帘 Max,5个/套
570,67,1572.32,10,0.05,松下 智能电饭煲 Pro,3个/套
570,99,1647.53,19,0.2,三星 智能音箱 Basic,1个/盒
571,98,2786.22,3,0.1,格力 智能电视 Pro,2个/包
572,26,7881.42,17,0.1,亚马逊 智能扫地机器人 Mini,2个/包
572,27,8471.23,6,0.15,小米 智能加湿器 Plus,3个/套
572,53,3057.23,12,0.2,华为 智能电视 Lite,1个/盒
573,19,7662.35,18,0.1,海尔智慧家庭 智能开关 Plus,1台/件
574,8,9181.66,7,0.2,松下 智能开关 Lite,5个/套
574,17,8541.53,9,0.0,苹果 智能门锁 Plus,1套/箱
574,52,5947.24,15,0.1,小米 智能插座 Max,5个/套
574,90,2467.51,17,0.1,三星 智能窗帘 Standard,1个/件
574,99,1700.76,15,0.1,三星 智能音箱 Basic,1个/盒
575,11,4409.82,18,0.1,小米 智能门锁 Mini,1个/盒
575,82,7294.36,17,0.2,LG 智能开关 Lite,1套/箱
576,17,8163.94,14,0.05,苹果 智能门锁 Plus,1套/箱
577,13,3539.9,19,0.2,三星 智能电饭煲 Max,1个/盒
577,64,6111.14,1,0.1,亚马逊 智能马桶 Standard,3个/套
577,77,6965.53,2,0.05,美的 智能洗衣机 Advanced,3个/套
577,98,2704.61,12,0.15,格力 智能电视 Pro,2个/包
578,17,7930.25,7,0.1,苹果 智能门锁 Plus,1套/箱
578,99,1757.96,3,0.1,三星 智能音箱 Basic,1个/盒
579,37,10121.38,9,0.15,飞利浦 智能马桶 Max,2个/包
579,39,1670.25,10,0.1,西门子 智能音箱 Mini,3个/套
579,45,7031.65,16,0.15,博世 智能马桶 Max,1套/箱
579,60,2154.67,18,0.15,华为 智能窗帘 Basic,1套/箱
579,61,784.34,16,0.1,LG 智能洗衣机 Max,1台/箱
580,18,5577.22,16,0.2,美的 智能门锁 Mini,5个/套
581,5,5206.07,3,0.2,美的 智能电饭煲 Pro,3个/套
581,32,1735.44,15,0.05,亚马逊 智能马桶 Elite,1个/盒
581,61,746.23,3,0.15,LG 智能洗衣机 Max,1台/箱
582,2,10322.21,6,0.05,美的 智能插座 Standard,5个/套
582,12,8968.38,7,0.05,格力 智能空气净化器 Standard,1个/件
582,24,6384.9,15,0.2,西门子 智能电视 Pro,1套/箱
582,63,9054.85,2,0.0,LG 智能净水器 Basic,2个/包
582,69,4160.4,1,0.05,谷歌 智能洗衣机 Elite,3个/套
583,55,6637.29,4,0.1,飞利浦 智能手环 Max,2个/包
584,61,752.36,7,0.2,LG 智能洗衣机 Max,1台/箱
584,67,1536.16,3,0.2,松下 智能电饭煲 Pro,3个/套
584,92,8998.06,6,0.2,西门子 智能摄像头 Plus,1台/件
584,101,1688.91,14,0.05,三星 智能摄像头 Mini,1个/件
585,3,8763.14,20,0.2,华为 智能电视 Basic,1台/件
585,62,8731.47,8,0.05,华为 智能洗衣机 Ultra,2个/包
586,52,5959.64,2,0.2,小米 智能插座 Max,5个/套
586,60,2190.05,8,0.05,华为 智能窗帘 Basic,1套/箱
586,88,4454.88,3,0.0,格力 智能体重秤 Ultra,1台/箱
586,96,8497.64,19,0.15,博世 智能空调 Lite,3个/套
586,98,2716.23,8,0.1,格力 智能电视 Pro,2个/包
587,14,8034.23,18,0.0,格力 智能净水器 Mini,1套/箱
587,44,7450.06,2,0.1,小米 智能空调 Elite,3个/套
587,73,267.15,4,0.05,飞利浦 智能扫地机器人 Ultra,2个/包
587,88,4468.78,11,0.1,格力 智能体重秤 Ultra,1台/箱
588,11,4678.35,13,0.0,小米 智能门锁 Mini,1个/盒
588,12,9156.06,17,0.1,格力 智能空气净化器 Standard,1个/件
588,53,3043.48,7,0.2,华为 智能电视 Lite,1个/盒
588,76,7106.34,20,0.15,松下 智能窗帘 Advanced,3个/套
588,89,9032.85,16,0.0,博世 智能空调 Lite,1个/盒
589,32,1864.68,7,0.05,亚马逊 智能马桶 Elite,1个/盒
589,60,2272.14,3,0.2,华为 智能窗帘 Basic,1套/箱
590,47,2392.04,13,0.1,苹果 智能灯具 Basic,1个/盒
590,81,1420.96,2,0.15,亚马逊 智能门锁 Max,1台/箱
591,27,8178.5,20,0.05,小米 智能加湿器 Plus,3个/套
591,84,3878.29,1,0.0,苹果 智能扫地机器人 Pro,1个/盒
591,92,9423.77,16,0.05,西门子 智能摄像头 Plus,1台/件
592,14,8014.83,15,0.15,格力 智能净水器 Mini,1套/箱
593,29,5943.79,11,0.15,博世 智能空气净化器 Lite,5个/套
593,39,1628.15,14,0.15,西门子 智能音箱 Mini,3个/套
593,93,5529.16,5,0.1,索尼 智能加湿器 Pro,5个/套
594,18,5159.32,19,0.15,美的 智能门锁 Mini,5个/套
594,78,5234.54,16,0.2,三星 智能音箱 Elite,5个/套
595,53,3044.46,7,0.15,华为 智能电视 Lite,1个/盒
595,98,2552.52,4,0.15,格力 智能电视 Pro,2个/包
596,6,5573.45,7,0.05,海尔智慧家庭 智能空气净化器 Basic,1个/件
596,21,2529.94,6,0.2,华为 智能加湿器 Plus,2个/包
596,55,6771.04,12,0.0,飞利浦 智能手环 Max,2个/包
596,84,4178.1,8,0.05,苹果 智能扫地机器人 Pro,1个/盒
597,42,7988.82,6,0.05,谷歌 智能净水器 Ultra,1套/箱
597,47,2391.61,3,0.0,苹果 智能灯具 Basic,1个/盒
597,91,3253.69,3,0.15,亚马逊 智能音箱 Basic,1个/盒
598,60,2309.12,16,0.15,华为 智能窗帘 Basic,1套/箱
598,61,726.56,17,0.05,LG 智能洗衣机 Max,1台/箱
598,73,254.47,5,0.1,飞利浦 智能扫地机器人 Ultra,2个/包
598,78,5319.99,14,0.1,三星 智能音箱 Elite,5个/套
598,89,8905.1,8,0.2,博世 智能空调 Lite,1个/盒
599,8,9043.15,9,0.0,松下 智能开关 Lite,5个/套
599,23,8395.13,3,0.1,美的 智能净水器 Plus,1台/箱
600,16,8683.39,5,0.2,小米 智能电饭煲 Ultra,3个/套
600,17,8466.4,6,0.05,苹果 智能门锁 Plus,1套/箱
600,41,9308.65,13,0.0,索尼 智能空气净化器 Ultra,5个/套
600,74,2171.31,17,0.0,松下 智能窗帘 Lite,2个/包
601,7,1146.48,15,0.15,博世 智能扫地机器人 Max,1台/箱
601,14,8156.7,9,0.2,格力 智能净水器 Mini,1套/箱
601,68,3552.8,16,0.0,博世 智能插座 Basic,1套/箱
601,99,1761.52,8,0.0,三星 智能音箱 Basic,1个/盒
602,1,7913.11,2,0.2,亚马逊 智能电饭煲 Advanced,2个/包
602,75,9519.67,16,0.15,亚马逊 智能空调 Standard,1个/盒
603,8,8886.35,14,0.1,松下 智能开关 Lite,5个/套
604,56,261.15,3,0.15,华为 智能体重秤 Advanced,5个/套
604,65,6378.54,3,0.05,西门子 智能空调 Basic,1套/箱
605,2,10118.53,7,0.1,美的 智能插座 Standard,5个/套
605,11,4824.38,10,0.05,小米 智能门锁 Mini,1个/盒
605,36,8686.45,4,0.1,海尔智慧家庭 智能加湿器 Lite,2个/包
605,67,1574.07,4,0.0,松下 智能电饭煲 Pro,3个/套
606,18,5319.0,17,0.0,美的 智能门锁 Mini,5个/套
606,33,6275.47,18,0.1,飞利浦 智能加湿器 Ultra,5个/套
606,56,269.74,4,0.05,华为 智能体重秤 Advanced,5个/套
606,96,8478.98,4,0.1,博世 智能空调 Lite,3个/套
606,99,1662.21,8,0.15,三星 智能音箱 Basic,1个/盒
607,41,8965.04,7,0.05,索尼 智能空气净化器 Ultra,5个/套
607,96,8561.43,1,0.15,博世 智能空调 Lite,3个/套
608,42,7669.69,15,0.15,谷歌 智能净水器 Ultra,1套/箱
608,101,1685.24,14,0.15,三星 智能摄像头 Mini,1个/件
609,1,7726.02,11,0.05,亚马逊 智能电饭煲 Advanced,2个/包
609,50,9735.14,19,0.0,苹果 智能空气净化器 Basic,3个/套
609,64,6182.71,20,0.15,亚马逊 智能马桶 Standard,3个/套
609,100,8790.38,16,0.05,LG 智能插座 Max,3个/套
610,13,3788.92,6,0.15,三星 智能电饭煲 Max,1个/盒
610,59,5176.46,15,0.0,西门子 智能摄像头 Max,1个/盒
610,92,9058.4,10,0.1,西门子 智能摄像头 Plus,1台/件
610,94,9358.48,7,0.1,格力 智能体重秤 Standard,2个/包
610,96,9234.35,7,0.2,博世 智能空调 Lite,3个/套
611,3,8257.6,19,0.15,华为 智能电视 Basic,1台/件
611,94,9438.07,2,0.1,格力 智能体重秤 Standard,2个/包
612,11,4560.12,17,0.05,小米 智能门锁 Mini,1个/盒
612,54,7373.09,7,0.1,博世 智能开关 Max,5个/套
612,59,5464.34,9,0.05,西门子 智能摄像头 Max,1个/盒
612,68,3555.24,12,0.15,博世 智能插座 Basic,1套/箱
613,1,7741.52,9,0.2,亚马逊 智能电饭煲 Advanced,2个/包
613,46,2080.06,12,0.15,小米 智能开关 Max,1套/箱
613,54,7405.78,11,0.15,博世 智能开关 Max,5个/套
613,59,5277.63,4,0.1,西门子 智能摄像头 Max,1个/盒
613,66,9433.7,16,0.1,松下 智能马桶 Elite,1个/件
614,3,8497.35,5,0.2,华为 智能电视 Basic,1台/件
614,28,230.75,6,0.0,飞利浦 智能扫地机器人 Plus,1套/箱
614,86,8380.5,17,0.1,博世 智能摄像头 Standard,2个/包
615,34,7262.01,9,0.2,松下 智能开关 Advanced,1个/盒
615,71,6153.62,11,0.15,索尼 智能冰箱 Elite,3个/套
616,14,8318.08,4,0.05,格力 智能净水器 Mini,1套/箱
616,34,7605.23,15,0.1,松下 智能开关 Advanced,1个/盒
616,53,2889.37,15,0.0,华为 智能电视 Lite,1个/盒
616,72,6027.3,9,0.0,西门子 智能洗衣机 Pro,5个/套
616,75,9513.34,8,0.0,亚马逊 智能空调 Standard,1个/盒
617,11,4401.08,11,0.15,小米 智能门锁 Mini,1个/盒
617,61,743.06,11,0.05,LG 智能洗衣机 Max,1台/箱
618,24,6927.59,2,0.2,西门子 智能电视 Pro,1套/箱
618,27,8031.26,10,0.2,小米 智能加湿器 Plus,3个/套
619,5,5032.44,6,0.15,美的 智能电饭煲 Pro,3个/套
619,54,7347.52,17,0.15,博世 智能开关 Max,5个/套
620,10,1910.54,15,0.2,美的 智能窗帘 Max,5个/套
620,29,5907.27,12,0.15,博世 智能空气净化器 Lite,5个/套
620,34,7235.1,18,0.0,松下 智能开关 Advanced,1个/盒
620,54,7222.98,16,0.2,博世 智能开关 Max,5个/套
620,64,6034.74,20,0.2,亚马逊 智能马桶 Standard,3个/套
621,17,8331.87,5,0.15,苹果 智能门锁 Plus,1套/箱
621,45,7294.84,15,0.05,博世 智能马桶 Max,1套/箱
621,51,888.46,9,0.0,苹果 智能开关 Basic,1个/盒
621,86,8690.26,10,0.15,博世 智能摄像头 Standard,2个/包
622,66,9582.08,1,0.15,松下 智能马桶 Elite,1个/件
622,101,1649.33,18,0.2,三星 智能摄像头 Mini,1个/件
623,9,6763.82,18,0.05,亚马逊 智能插座 Pro,1套/箱
624,93,5402.26,8,0.15,索尼 智能加湿器 Pro,5个/套
625,7,1084.81,7,0.05,博世 智能扫地机器人 Max,1台/箱
625,18,5153.73,5,0.15,美的 智能门锁 Mini,5个/套
625,69,4137.99,19,0.05,谷歌 智能洗衣机 Elite,3个/套
625,76,7458.2,16,0.0,松下 智能窗帘 Advanced,3个/套
625,90,2582.62,1,0.2,三星 智能窗帘 Standard,1个/件
626,9,6628.21,7,0.0,亚马逊 智能插座 Pro,1套/箱
626,38,4264.12,6,0.05,西门子 智能冰箱 Standard,2个/包
626,43,4177.7,7,0.1,华为 智能电视 Max,3个/套
627,2,9990.99,4,0.0,美的 智能插座 Standard,5个/套
627,10,1913.54,10,0.1,美的 智能窗帘 Max,5个/套
627,39,1605.02,6,0.15,西门子 智能音箱 Mini,3个/套
627,100,8268.04,18,0.15,LG 智能插座 Max,3个/套
628,64,5796.74,9,0.2,亚马逊 智能马桶 Standard,3个/套
629,34,7443.94,14,0.05,松下 智能开关 Advanced,1个/盒
629,54,7475.97,12,0.15,博世 智能开关 Max,5个/套
629,100,8293.35,6,0.2,LG 智能插座 Max,3个/套
630,33,5919.52,6,0.05,飞利浦 智能加湿器 Ultra,5个/套
631,35,3070.89,18,0.1,亚马逊 智能门铃 Max,1个/盒
631,56,257.98,5,0.05,华为 智能体重秤 Advanced,5个/套
631,63,9444.69,2,0.1,LG 智能净水器 Basic,2个/包
632,6,5510.16,1,0.15,海尔智慧家庭 智能空气净化器 Basic,1个/件
632,29,6136.12,16,0.1,博世 智能空气净化器 Lite,5个/套
632,40,6434.41,1,0.1,小米 智能马桶 Lite,1个/件
632,70,7770.43,14,0.0,博世 智能净水器 Max,1台/件
632,99,1646.32,16,0.2,三星 智能音箱 Basic,1个/盒
633,22,7702.01,17,0.15,美的 智能电视 Basic,1个/盒
633,26,7817.81,11,0.2,亚马逊 智能扫地机器人 Mini,2个/包
633,75,9657.31,19,0.1,亚马逊 智能空调 Standard,1个/盒
634,13,3574.53,15,0.2,三星 智能电饭煲 Max,1个/盒
634,69,3914.43,14,0.05,谷歌 智能洗衣机 Elite,3个/套
635,36,9247.72,3,0.1,海尔智慧家庭 智能加湿器 Lite,2个/包
635,46,1961.5,3,0.1,小米 智能开关 Max,1套/箱
635,79,10068.65,10,0.05,格力 智能手环 Lite,1台/件
636,9,6651.19,19,0.05,亚马逊 智能插座 Pro,1套/箱
636,53,3030.26,15,0.2,华为 智能电视 Lite,1个/盒
636,59,5661.12,17,0.05,西门子 智能摄像头 Max,1个/盒
636,74,2321.63,2,0.1,松下 智能窗帘 Lite,2个/包
636,91,3176.54,6,0.15,亚马逊 智能音箱 Basic,1个/盒
637,42,7725.04,2,0.0,谷歌 智能净水器 Ultra,1套/箱
637,62,8662.93,18,0.2,华为 智能洗衣机 Ultra,2个/包
637,75,9409.34,5,0.1,亚马逊 智能空调 Standard,1个/盒
638,33,5973.11,6,0.1,飞利浦 智能加湿器 Ultra,5个/套
638,52,6009.61,1,0.05,小米 智能插座 Max,5个/套
639,13,3777.49,4,0.05,三星 智能电饭煲 Max,1个/盒
639,23,8392.19,1,0.2,美的 智能净水器 Plus,1台/箱
639,40,6275.26,9,0.05,小米 智能马桶 Lite,1个/件
639,46,1972.57,16,0.0,小米 智能开关 Max,1套/箱
639,67,1508.61,8,0.2,松下 智能电饭煲 Pro,3个/套
640,13,3734.15,13,0.0,三星 智能电饭煲 Max,1个/盒
640,16,8218.84,8,0.2,小米 智能电饭煲 Ultra,3个/套
640,73,252.07,18,0.1,飞利浦 智能扫地机器人 Ultra,2个/包
640,86,8637.08,20,0.1,博世 智能摄像头 Standard,2个/包
641,1,7643.74,11,0.0,亚马逊 智能电饭煲 Advanced,2个/包
641,17,7976.38,13,0.15,苹果 智能门锁 Plus,1套/箱
641,25,9569.79,12,0.05,三星 智能窗帘 Basic,1套/箱
641,98,2638.85,20,0.05,格力 智能电视 Pro,2个/包
642,3,8226.16,18,0.05,华为 智能电视 Basic,1台/件
642,11,4614.5,16,0.0,小米 智能门锁 Mini,1个/盒
642,29,5836.78,16,0.05,博世 智能空气净化器 Lite,5个/套
642,86,7977.26,1,0.15,博世 智能摄像头 Standard,2个/包
642,92,9290.73,17,0.15,西门子 智能摄像头 Plus,1台/件
643,37,9781.14,3,0.05,飞利浦 智能马桶 Max,2个/包
643,88,4558.81,7,0.15,格力 智能体重秤 Ultra,1台/箱
644,34,7553.72,7,0.1,松下 智能开关 Advanced,1个/盒
644,81,1433.52,11,0.1,亚马逊 智能门锁 Max,1台/箱
644,90,2624.66,1,0.15,三星 智能窗帘 Standard,1个/件
645,60,2255.6,10,0.05,华为 智能窗帘 Basic,1套/箱
646,12,9028.56,13,0.0,格力 智能空气净化器 Standard,1个/件
646,29,6343.86,6,0.05,博世 智能空气净化器 Lite,5个/套
646,81,1368.65,4,0.1,亚马逊 智能门锁 Max,1台/箱
647,24,6409.14,17,0.2,西门子 智能电视 Pro,1套/箱
648,2,10163.92,1,0.0,美的 智能插座 Standard,5个/套
648,7,1097.81,1,0.2,博世 智能扫地机器人 Max,1台/箱
648,31,1400.09,1,0.05,三星 智能加湿器 Mini,1台/箱
648,57,4084.33,13,0.05,博世 智能净水器 Plus,3个/套
648,60,2286.28,17,0.05,华为 智能窗帘 Basic,1套/箱
649,17,8172.47,4,0.2,苹果 智能门锁 Plus,1套/箱
649,23,8763.23,10,0.15,美的 智能净水器 Plus,1台/箱
649,54,7161.95,3,0.1,博世 智能开关 Max,5个/套
649,55,6756.08,9,0.15,飞利浦 智能手环 Max,2个/包
650,4,9799.97,19,0.1,西门子 智能电视 Pro,1台/箱
650,13,3499.8,18,0.2,三星 智能电饭煲 Max,1个/盒
650,28,225.64,18,0.2,飞利浦 智能扫地机器人 Plus,1套/箱
651,5,4843.9,6,0.0,美的 智能电饭煲 Pro,3个/套
651,55,6794.02,9,0.2,飞利浦 智能手环 Max,2个/包
651,56,269.11,16,0.0,华为 智能体重秤 Advanced,5个/套
651,79,9877.42,3,0.0,格力 智能手环 Lite,1台/件
652,14,8583.41,16,0.2,格力 智能净水器 Mini,1套/箱
652,59,5220.23,2,0.05,西门子 智能摄像头 Max,1个/盒
652,64,5762.63,5,0.1,亚马逊 智能马桶 Standard,3个/套
653,9,6732.18,5,0.0,亚马逊 智能插座 Pro,1套/箱
653,19,7787.25,17,0.1,海尔智慧家庭 智能开关 Plus,1台/件
654,1,7867.48,2,0.05,亚马逊 智能电饭煲 Advanced,2个/包
654,85,1630.34,20,0.15,博世 智能马桶 Basic,1个/件
654,101,1713.55,5,0.1,三星 智能摄像头 Mini,1个/件
655,16,8904.11,7,0.1,小米 智能电饭煲 Ultra,3个/套
655,17,8304.98,6,0.1,苹果 智能门锁 Plus,1套/箱
655,36,8666.61,13,0.1,海尔智慧家庭 智能加湿器 Lite,2个/包
655,61,738.05,13,0.1,LG 智能洗衣机 Max,1台/箱
655,75,9205.66,4,0.1,亚马逊 智能空调 Standard,1个/盒
656,9,6985.06,14,0.1,亚马逊 智能插座 Pro,1套/箱
656,12,9373.35,5,0.2,格力 智能空气净化器 Standard,1个/件
656,90,2647.0,8,0.2,三星 智能窗帘 Standard,1个/件
656,100,8527.43,9,0.0,LG 智能插座 Max,3个/套
657,9,7050.22,17,0.15,亚马逊 智能插座 Pro,1套/箱
657,29,6153.78,12,0.15,博世 智能空气净化器 Lite,5个/套
657,67,1537.28,6,0.15,松下 智能电饭煲 Pro,3个/套
657,69,3912.93,15,0.15,谷歌 智能洗衣机 Elite,3个/套
658,8,9071.07,3,0.1,松下 智能开关 Lite,5个/套
658,68,3727.06,5,0.1,博世 智能插座 Basic,1套/箱
658,87,3336.29,20,0.0,美的 智能马桶 Mini,1套/箱
658,92,8756.45,5,0.2,西门子 智能摄像头 Plus,1台/件
659,76,7554.86,12,0.05,松下 智能窗帘 Advanced,3个/套
659,78,5305.92,8,0.1,三星 智能音箱 Elite,5个/套
660,5,4983.34,8,0.2,美的 智能电饭煲 Pro,3个/套
660,13,3742.58,7,0.05,三星 智能电饭煲 Max,1个/盒
660,22,7656.1,17,0.15,美的 智能电视 Basic,1个/盒
660,44,7388.7,10,0.05,小米 智能空调 Elite,3个/套
660,51,868.29,6,0.1,苹果 智能开关 Basic,1个/盒
661,2,9831.93,8,0.1,美的 智能插座 Standard,5个/套
661,25,9422.21,7,0.0,三星 智能窗帘 Basic,1套/箱
662,42,8068.39,4,0.0,谷歌 智能净水器 Ultra,1套/箱
662,60,2300.4,15,0.05,华为 智能窗帘 Basic,1套/箱
662,62,8488.69,13,0.05,华为 智能洗衣机 Ultra,2个/包
662,69,4249.82,12,0.15,谷歌 智能洗衣机 Elite,3个/套
662,70,7843.44,7,0.15,博世 智能净水器 Max,1台/件
663,14,8587.16,4,0.05,格力 智能净水器 Mini,1套/箱
663,34,6983.59,13,0.05,松下 智能开关 Advanced,1个/盒
663,82,6805.49,19,0.15,LG 智能开关 Lite,1套/箱
663,87,3360.22,13,0.1,美的 智能马桶 Mini,1套/箱
663,92,8799.31,19,0.2,西门子 智能摄像头 Plus,1台/件
664,10,1864.37,20,0.15,美的 智能窗帘 Max,5个/套
665,18,5224.41,15,0.1,美的 智能门锁 Mini,5个/套
665,51,826.71,8,0.1,苹果 智能开关 Basic,1个/盒
665,53,2902.43,8,0.0,华为 智能电视 Lite,1个/盒
666,70,7832.66,11,0.05,博世 智能净水器 Max,1台/件
667,17,8188.16,4,0.15,苹果 智能门锁 Plus,1套/箱
667,23,8509.04,15,0.0,美的 智能净水器 Plus,1台/箱
667,97,8972.11,17,0.2,格力 智能净水器 Ultra,5个/套
668,55,7029.37,11,0.2,飞利浦 智能手环 Max,2个/包
669,13,3601.78,15,0.2,三星 智能电饭煲 Max,1个/盒
669,31,1401.94,8,0.2,三星 智能加湿器 Mini,1台/箱
670,11,4708.86,14,0.05,小米 智能门锁 Mini,1个/盒
670,15,6439.41,1,0.1,谷歌 智能音箱 Elite,1台/箱
670,19,7422.42,7,0.0,海尔智慧家庭 智能开关 Plus,1台/件
670,52,5700.49,5,0.1,小米 智能插座 Max,5个/套
671,27,8457.38,8,0.05,小米 智能加湿器 Plus,3个/套
671,68,3589.05,17,0.0,博世 智能插座 Basic,1套/箱
671,71,6343.46,15,0.0,索尼 智能冰箱 Elite,3个/套
672,7,1095.16,2,0.1,博世 智能扫地机器人 Max,1台/箱
672,12,9383.7,19,0.1,格力 智能空气净化器 Standard,1个/件
672,26,7734.97,18,0.0,亚马逊 智能扫地机器人 Mini,2个/包
672,84,3893.16,15,0.0,苹果 智能扫地机器人 Pro,1个/盒
673,6,5553.09,5,0.0,海尔智慧家庭 智能空气净化器 Basic,1个/件
674,39,1696.86,16,0.15,西门子 智能音箱 Mini,3个/套
674,46,2020.74,6,0.15,小米 智能开关 Max,1套/箱
674,56,250.04,11,0.15,华为 智能体重秤 Advanced,5个/套
674,77,7022.53,14,0.1,美的 智能洗衣机 Advanced,3个/套
674,99,1659.24,14,0.1,三星 智能音箱 Basic,1个/盒
675,23,8174.27,2,0.0,美的 智能净水器 Plus,1台/箱
675,71,6407.1,1,0.2,索尼 智能冰箱 Elite,3个/套
675,78,4856.17,3,0.0,三星 智能音箱 Elite,5个/套
676,7,1117.35,6,0.15,博世 智能扫地机器人 Max,1台/箱
676,74,2288.26,3,0.0,松下 智能窗帘 Lite,2个/包
677,63,9297.85,6,0.2,LG 智能净水器 Basic,2个/包
677,67,1476.63,5,0.0,松下 智能电饭煲 Pro,3个/套
678,17,8307.08,7,0.15,苹果 智能门锁 Plus,1套/箱
678,24,6543.36,17,0.0,西门子 智能电视 Pro,1套/箱
678,44,7929.25,19,0.05,小米 智能空调 Elite,3个/套
678,70,8134.59,16,0.2,博世 智能净水器 Max,1台/件
679,1,7873.75,2,0.05,亚马逊 智能电饭煲 Advanced,2个/包
679,44,7369.49,7,0.15,小米 智能空调 Elite,3个/套
679,62,8583.89,20,0.0,华为 智能洗衣机 Ultra,2个/包
679,65,6678.46,18,0.1,西门子 智能空调 Basic,1套/箱
680,5,5188.93,16,0.1,美的 智能电饭煲 Pro,3个/套
680,52,5586.66,14,0.15,小米 智能插座 Max,5个/套
681,41,9632.88,3,0.05,索尼 智能空气净化器 Ultra,5个/套
682,4,10256.27,12,0.2,西门子 智能电视 Pro,1台/箱
682,27,8276.95,15,0.05,小米 智能加湿器 Plus,3个/套
682,31,1417.78,6,0.0,三星 智能加湿器 Mini,1台/箱
682,43,4248.29,17,0.2,华为 智能电视 Max,3个/套
682,98,2614.58,7,0.15,格力 智能电视 Pro,2个/包
683,14,8500.05,4,0.0,格力 智能净水器 Mini,1套/箱
683,22,7791.84,16,0.0,美的 智能电视 Basic,1个/盒
683,24,6589.32,2,0.15,西门子 智能电视 Pro,1套/箱
683,53,2914.07,4,0.2,华为 智能电视 Lite,1个/盒
683,86,8246.7,17,0.2,博世 智能摄像头 Standard,2个/包
684,22,7770.01,3,0.15,美的 智能电视 Basic,1个/盒
684,35,3210.69,16,0.15,亚马逊 智能门铃 Max,1个/盒
684,42,7702.27,16,0.1,谷歌 智能净水器 Ultra,1套/箱
684,51,871.63,6,0.05,苹果 智能开关 Basic,1个/盒
684,56,269.49,16,0.2,华为 智能体重秤 Advanced,5个/套
685,12,9580.93,19,0.05,格力 智能空气净化器 Standard,1个/件
686,3,8963.01,11,0.0,华为 智能电视 Basic,1台/件
686,43,4324.08,3,0.2,华为 智能电视 Max,3个/套
686,56,273.52,19,0.2,华为 智能体重秤 Advanced,5个/套
686,71,6290.67,14,0.05,索尼 智能冰箱 Elite,3个/套
687,24,6850.58,16,0.0,西门子 智能电视 Pro,1套/箱
687,39,1654.62,5,0.15,西门子 智能音箱 Mini,3个/套
687,63,9246.08,4,0.05,LG 智能净水器 Basic,2个/包
687,73,263.28,13,0.0,飞利浦 智能扫地机器人 Ultra,2个/包
688,23,8742.5,7,0.1,美的 智能净水器 Plus,1台/箱
688,60,2294.96,7,0.05,华为 智能窗帘 Basic,1套/箱
688,91,3200.81,8,0.2,亚马逊 智能音箱 Basic,1个/盒
688,100,8334.8,17,0.05,LG 智能插座 Max,3个/套
689,21,2460.51,17,0.0,华为 智能加湿器 Plus,2个/包
689,43,4345.27,17,0.2,华为 智能电视 Max,3个/套
689,77,7006.02,15,0.15,美的 智能洗衣机 Advanced,3个/套
689,89,8921.87,11,0.05,博世 智能空调 Lite,1个/盒
690,4,10404.34,6,0.05,西门子 智能电视 Pro,1台/箱
690,55,7025.69,17,0.2,飞利浦 智能手环 Max,2个/包
691,28,225.18,8,0.2,飞利浦 智能扫地机器人 Plus,1套/箱
691,36,8989.48,7,0.0,海尔智慧家庭 智能加湿器 Lite,2个/包
691,60,2356.83,4,0.05,华为 智能窗帘 Basic,1套/箱
692,39,1661.29,19,0.15,西门子 智能音箱 Mini,3个/套
692,91,3153.83,11,0.05,亚马逊 智能音箱 Basic,1个/盒
693,17,8132.11,8,0.2,苹果 智能门锁 Plus,1套/箱
693,44,7486.33,20,0.15,小米 智能空调 Elite,3个/套
693,92,9297.06,18,0.0,西门子 智能摄像头 Plus,1台/件
693,97,9447.54,18,0.15,格力 智能净水器 Ultra,5个/套
694,65,6315.34,13,0.0,西门子 智能空调 Basic,1套/箱
694,76,7385.61,4,0.05,松下 智能窗帘 Advanced,3个/套
694,95,8674.09,1,0.2,格力 智能音箱 Advanced,3个/套
695,24,6388.33,12,0.1,西门子 智能电视 Pro,1套/箱
696,29,6293.92,3,0.15,博世 智能空气净化器 Lite,5个/套
696,43,3960.28,6,0.2,华为 智能电视 Max,3个/套
696,50,9745.66,15,0.2,苹果 智能空气净化器 Basic,3个/套
696,63,9061.13,4,0.0,LG 智能净水器 Basic,2个/包
696,68,3543.5,1,0.05,博世 智能插座 Basic,1套/箱
697,36,9490.76,3,0.15,海尔智慧家庭 智能加湿器 Lite,2个/包
697,43,4308.41,14,0.2,华为 智能电视 Max,3个/套
697,51,866.85,20,0.1,苹果 智能开关 Basic,1个/盒
697,82,7339.77,7,0.0,LG 智能开关 Lite,1套/箱
698,46,1959.92,14,0.2,小米 智能开关 Max,1套/箱
699,66,9108.22,11,0.15,松下 智能马桶 Elite,1个/件
699,71,6071.39,13,0.0,索尼 智能冰箱 Elite,3个/套
700,8,9402.99,5,0.05,松下 智能开关 Lite,5个/套
700,21,2539.81,5,0.05,华为 智能加湿器 Plus,2个/包
701,17,8324.36,14,0.1,苹果 智能门锁 Plus,1套/箱
702,2,10437.67,20,0.1,美的 智能插座 Standard,5个/套
702,21,2430.99,3,0.1,华为 智能加湿器 Plus,2个/包
702,36,9200.74,16,0.1,海尔智慧家庭 智能加湿器 Lite,2个/包
702,68,3566.12,20,0.15,博世 智能插座 Basic,1套/箱
702,101,1620.25,10,0.2,三星 智能摄像头 Mini,1个/件
703,1,7644.84,18,0.15,亚马逊 智能电饭煲 Advanced,2个/包
703,5,4961.18,14,0.05,美的 智能电饭煲 Pro,3个/套
703,72,6171.5,11,0.15,西门子 智能洗衣机 Pro,5个/套
703,73,251.53,10,0.15,飞利浦 智能扫地机器人 Ultra,2个/包
704,57,4081.53,12,0.15,博世 智能净水器 Plus,3个/套
705,7,1068.76,8,0.05,博世 智能扫地机器人 Max,1台/箱
705,27,8391.65,10,0.05,小米 智能加湿器 Plus,3个/套
705,43,4158.0,2,0.0,华为 智能电视 Max,3个/套
705,55,6566.81,5,0.2,飞利浦 智能手环 Max,2个/包
705,84,4214.99,15,0.0,苹果 智能扫地机器人 Pro,1个/盒
706,68,3821.19,1,0.1,博世 智能插座 Basic,1套/箱
707,22,7571.18,19,0.2,美的 智能电视 Basic,1个/盒
707,65,6793.95,1,0.1,西门子 智能空调 Basic,1套/箱
707,75,9329.0,20,0.15,亚马逊 智能空调 Standard,1个/盒
707,101,1735.0,5,0.15,三星 智能摄像头 Mini,1个/件
708,9,7157.51,19,0.15,亚马逊 智能插座 Pro,1套/箱
708,18,5278.42,13,0.1,美的 智能门锁 Mini,5个/套
708,78,4957.29,3,0.0,三星 智能音箱 Elite,5个/套
708,90,2623.45,17,0.15,三星 智能窗帘 Standard,1个/件
708,96,8722.94,12,0.2,博世 智能空调 Lite,3个/套
709,28,231.86,13,0.1,飞利浦 智能扫地机器人 Plus,1套/箱
709,32,1787.75,5,0.2,亚马逊 智能马桶 Elite,1个/盒
709,53,2869.26,10,0.2,华为 智能电视 Lite,1个/盒
709,57,4066.75,11,0.05,博世 智能净水器 Plus,3个/套
710,6,5468.79,2,0.1,海尔智慧家庭 智能空气净化器 Basic,1个/件
710,27,8611.8,14,0.05,小米 智能加湿器 Plus,3个/套
710,37,9491.6,12,0.15,飞利浦 智能马桶 Max,2个/包
710,38,4206.7,12,0.0,西门子 智能冰箱 Standard,2个/包
710,87,3202.46,5,0.2,美的 智能马桶 Mini,1套/箱
711,15,6253.04,13,0.05,谷歌 智能音箱 Elite,1台/箱
711,17,8604.14,1,0.15,苹果 智能门锁 Plus,1套/箱
711,19,7132.85,1,0.15,海尔智慧家庭 智能开关 Plus,1台/件
712,56,272.54,16,0.0,华为 智能体重秤 Advanced,5个/套
713,50,9894.37,1,0.15,苹果 智能空气净化器 Basic,3个/套
714,57,3972.82,2,0.15,博世 智能净水器 Plus,3个/套
714,81,1463.75,3,0.0,亚马逊 智能门锁 Max,1台/箱
715,7,1102.0,4,0.2,博世 智能扫地机器人 Max,1台/箱
715,28,224.04,12,0.1,飞利浦 智能扫地机器人 Plus,1套/箱
715,33,6107.76,1,0.05,飞利浦 智能加湿器 Ultra,5个/套
715,82,6923.62,2,0.05,LG 智能开关 Lite,1套/箱
716,14,8313.31,10,0.2,格力 智能净水器 Mini,1套/箱
716,74,2212.3,3,0.0,松下 智能窗帘 Lite,2个/包
717,10,1864.08,1,0.2,美的 智能窗帘 Max,5个/套
717,47,2350.83,18,0.2,苹果 智能灯具 Basic,1个/盒
717,56,253.11,18,0.1,华为 智能体重秤 Advanced,5个/套
717,75,9247.43,17,0.15,亚马逊 智能空调 Standard,1个/盒
717,93,5689.26,8,0.1,索尼 智能加湿器 Pro,5个/套
718,6,5615.64,14,0.1,海尔智慧家庭 智能空气净化器 Basic,1个/件
718,15,6280.69,9,0.0,谷歌 智能音箱 Elite,1台/箱
718,52,5854.27,18,0.1,小米 智能插座 Max,5个/套
718,62,8284.32,12,0.1,华为 智能洗衣机 Ultra,2个/包
718,75,9161.43,8,0.0,亚马逊 智能空调 Standard,1个/盒
719,63,8816.84,9,0.05,LG 智能净水器 Basic,2个/包
719,98,2778.6,2,0.2,格力 智能电视 Pro,2个/包
720,35,3086.31,13,0.1,亚马逊 智能门铃 Max,1个/盒
721,72,6010.96,2,0.15,西门子 智能洗衣机 Pro,5个/套
721,85,1556.57,13,0.15,博世 智能马桶 Basic,1个/件
722,13,3786.38,8,0.15,三星 智能电饭煲 Max,1个/盒
722,15,6158.32,18,0.15,谷歌 智能音箱 Elite,1台/箱
722,88,4336.87,12,0.0,格力 智能体重秤 Ultra,1台/箱
722,90,2570.98,4,0.2,三星 智能窗帘 Standard,1个/件
723,48,852.43,5,0.1,苹果 智能门锁 Pro,1台/箱
723,67,1579.42,9,0.2,松下 智能电饭煲 Pro,3个/套
723,97,8908.41,10,0.1,格力 智能净水器 Ultra,5个/套
724,6,5384.25,18,0.0,海尔智慧家庭 智能空气净化器 Basic,1个/件
724,24,6697.22,5,0.2,西门子 智能电视 Pro,1套/箱
724,44,7993.34,17,0.2,小米 智能空调 Elite,3个/套
724,72,6022.18,14,0.05,西门子 智能洗衣机 Pro,5个/套
724,95,8755.08,16,0.05,格力 智能音箱 Advanced,3个/套
725,67,1520.13,11,0.2,松下 智能电饭煲 Pro,3个/套
725,68,3640.34,13,0.1,博世 智能插座 Basic,1套/箱
726,65,6400.05,5,0.05,西门子 智能空调 Basic,1套/箱
727,12,9334.43,20,0.15,格力 智能空气净化器 Standard,1个/件
727,18,5294.37,10,0.15,美的 智能门锁 Mini,5个/套
727,40,6412.61,3,0.1,小米 智能马桶 Lite,1个/件
728,51,870.77,5,0.2,苹果 智能开关 Basic,1个/盒
728,64,5909.68,20,0.2,亚马逊 智能马桶 Standard,3个/套
728,86,8593.97,18,0.05,博世 智能摄像头 Standard,2个/包
728,100,8780.2,20,0.05,LG 智能插座 Max,3个/套
729,5,5248.1,18,0.2,美的 智能电饭煲 Pro,3个/套
729,53,3008.22,12,0.15,华为 智能电视 Lite,1个/盒
729,71,6550.23,2,0.05,索尼 智能冰箱 Elite,3个/套
730,95,8580.93,1,0.2,格力 智能音箱 Advanced,3个/套
731,16,8837.91,3,0.2,小米 智能电饭煲 Ultra,3个/套
731,26,8031.45,1,0.2,亚马逊 智能扫地机器人 Mini,2个/包
731,48,782.17,16,0.0,苹果 智能门锁 Pro,1台/箱
731,57,4241.48,3,0.05,博世 智能净水器 Plus,3个/套
732,47,2524.11,11,0.0,苹果 智能灯具 Basic,1个/盒
733,27,8367.2,14,0.2,小米 智能加湿器 Plus,3个/套
733,59,5627.27,17,0.05,西门子 智能摄像头 Max,1个/盒
733,70,7557.36,6,0.15,博世 智能净水器 Max,1台/件
733,98,2727.93,19,0.15,格力 智能电视 Pro,2个/包
734,8,8916.24,1,0.05,松下 智能开关 Lite,5个/套
734,32,1796.59,11,0.1,亚马逊 智能马桶 Elite,1个/盒
734,75,9396.77,8,0.0,亚马逊 智能空调 Standard,1个/盒
734,79,9947.66,2,0.15,格力 智能手环 Lite,1台/件
735,63,8751.27,1,0.15,LG 智能净水器 Basic,2个/包
735,77,6836.2,2,0.15,美的 智能洗衣机 Advanced,3个/套
736,10,1881.83,9,0.2,美的 智能窗帘 Max,5个/套
736,13,3808.37,4,0.15,三星 智能电饭煲 Max,1个/盒
736,41,9351.57,2,0.0,索尼 智能空气净化器 Ultra,5个/套
736,42,7510.6,5,0.15,谷歌 智能净水器 Ultra,1套/箱
736,87,3218.18,9,0.15,美的 智能马桶 Mini,1套/箱
737,19,7625.2,19,0.2,海尔智慧家庭 智能开关 Plus,1台/件
737,28,228.56,4,0.15,飞利浦 智能扫地机器人 Plus,1套/箱
737,48,782.47,14,0.1,苹果 智能门锁 Pro,1台/箱
738,24,6688.39,14,0.2,西门子 智能电视 Pro,1套/箱
738,88,4575.23,5,0.2,格力 智能体重秤 Ultra,1台/箱
739,5,4861.02,8,0.2,美的 智能电饭煲 Pro,3个/套
739,39,1698.17,2,0.05,西门子 智能音箱 Mini,3个/套
739,45,7138.99,6,0.05,博世 智能马桶 Max,1套/箱
739,55,6756.15,10,0.05,飞利浦 智能手环 Max,2个/包
740,60,2172.53,13,0.0,华为 智能窗帘 Basic,1套/箱
741,25,9394.71,20,0.05,三星 智能窗帘 Basic,1套/箱
741,27,8249.42,11,0.05,小米 智能加湿器 Plus,3个/套
742,78,5119.1,7,0.15,三星 智能音箱 Elite,5个/套
743,33,6323.42,20,0.15,飞利浦 智能加湿器 Ultra,5个/套
743,40,6530.21,11,0.1,小米 智能马桶 Lite,1个/件
743,98,2569.31,13,0.05,格力 智能电视 Pro,2个/包
744,16,8426.71,13,0.2,小米 智能电饭煲 Ultra,3个/套
744,36,9080.33,16,0.0,海尔智慧家庭 智能加湿器 Lite,2个/包
744,65,6191.95,9,0.05,西门子 智能空调 Basic,1套/箱
744,87,3375.07,2,0.2,美的 智能马桶 Mini,1套/箱
744,89,9458.99,18,0.2,博世 智能空调 Lite,1个/盒
745,31,1314.22,9,0.2,三星 智能加湿器 Mini,1台/箱
745,53,2937.23,18,0.2,华为 智能电视 Lite,1个/盒
745,76,7120.67,13,0.0,松下 智能窗帘 Advanced,3个/套
746,50,10290.57,11,0.1,苹果 智能空气净化器 Basic,3个/套
746,99,1654.37,4,0.15,三星 智能音箱 Basic,1个/盒
746,100,8173.45,15,0.1,LG 智能插座 Max,3个/套
747,27,8393.41,4,0.2,小米 智能加湿器 Plus,3个/套
747,70,7698.38,8,0.0,博世 智能净水器 Max,1台/件
748,1,7258.48,7,0.2,亚马逊 智能电饭煲 Advanced,2个/包
748,23,8886.09,4,0.0,美的 智能净水器 Plus,1台/箱
748,36,8691.12,17,0.0,海尔智慧家庭 智能加湿器 Lite,2个/包
748,46,1963.79,14,0.2,小米 智能开关 Max,1套/箱
748,61,734.17,14,0.2,LG 智能洗衣机 Max,1台/箱
749,81,1418.72,15,0.15,亚马逊 智能门锁 Max,1台/箱
749,82,7210.38,14,0.2,LG 智能开关 Lite,1套/箱
750,21,2522.55,8,0.2,华为 智能加湿器 Plus,2个/包
750,93,5375.64,13,0.05,索尼 智能加湿器 Pro,5个/套
751,38,4419.73,12,0.1,西门子 智能冰箱 Standard,2个/包
751,56,273.81,20,0.15,华为 智能体重秤 Advanced,5个/套
751,69,3915.89,5,0.1,谷歌 智能洗衣机 Elite,3个/套
751,78,5272.76,14,0.1,三星 智能音箱 Elite,5个/套
751,84,4172.96,12,0.0,苹果 智能扫地机器人 Pro,1个/盒
752,11,4685.9,16,0.1,小米 智能门锁 Mini,1个/盒
753,38,4515.63,10,0.1,西门子 智能冰箱 Standard,2个/包
753,43,4283.04,5,0.1,华为 智能电视 Max,3个/套
753,48,843.17,2,0.1,苹果 智能门锁 Pro,1台/箱
753,101,1624.74,15,0.15,三星 智能摄像头 Mini,1个/件
754,21,2413.62,13,0.0,华为 智能加湿器 Plus,2个/包
754,46,2020.29,9,0.0,小米 智能开关 Max,1套/箱
754,47,2385.44,17,0.2,苹果 智能灯具 Basic,1个/盒
754,55,6813.79,1,0.2,飞利浦 智能手环 Max,2个/包
754,71,6516.61,20,0.0,索尼 智能冰箱 Elite,3个/套
755,71,6350.26,17,0.2,索尼 智能冰箱 Elite,3个/套
755,82,7202.81,12,0.05,LG 智能开关 Lite,1套/箱
755,85,1545.96,17,0.1,博世 智能马桶 Basic,1个/件
756,9,6973.33,18,0.0,亚马逊 智能插座 Pro,1套/箱
756,27,7815.76,15,0.0,小米 智能加湿器 Plus,3个/套
756,89,9581.6,20,0.15,博世 智能空调 Lite,1个/盒
756,91,3049.23,11,0.2,亚马逊 智能音箱 Basic,1个/盒
757,2,9988.25,14,0.1,美的 智能插座 Standard,5个/套
757,5,4871.25,9,0.05,美的 智能电饭煲 Pro,3个/套
758,90,2558.5,15,0.2,三星 智能窗帘 Standard,1个/件
759,2,9588.04,19,0.0,美的 智能插座 Standard,5个/套
759,32,1792.74,12,0.1,亚马逊 智能马桶 Elite,1个/盒
759,38,4371.52,4,0.1,西门子 智能冰箱 Standard,2个/包
759,42,8113.63,3,0.2,谷歌 智能净水器 Ultra,1套/箱
759,99,1752.29,16,0.0,三星 智能音箱 Basic,1个/盒
760,43,4178.08,9,0.15,华为 智能电视 Max,3个/套
761,21,2494.73,5,0.2,华为 智能加湿器 Plus,2个/包
762,19,7198.37,1,0.2,海尔智慧家庭 智能开关 Plus,1台/件
762,21,2400.28,14,0.05,华为 智能加湿器 Plus,2个/包
762,31,1342.75,8,0.0,三星 智能加湿器 Mini,1台/箱
763,53,3066.94,3,0.15,华为 智能电视 Lite,1个/盒
763,71,6487.18,11,0.0,索尼 智能冰箱 Elite,3个/套
763,82,7267.16,8,0.05,LG 智能开关 Lite,1套/箱
763,96,8827.39,19,0.0,博世 智能空调 Lite,3个/套
764,24,7004.6,7,0.15,西门子 智能电视 Pro,1套/箱
764,59,5605.5,11,0.15,西门子 智能摄像头 Max,1个/盒
764,65,6190.21,8,0.05,西门子 智能空调 Basic,1套/箱
764,91,3169.31,18,0.15,亚马逊 智能音箱 Basic,1个/盒
764,93,5835.88,18,0.15,索尼 智能加湿器 Pro,5个/套
765,15,5918.08,9,0.2,谷歌 智能音箱 Elite,1台/箱
765,36,8606.74,9,0.2,海尔智慧家庭 智能加湿器 Lite,2个/包
765,56,275.12,1,0.0,华为 智能体重秤 Advanced,5个/套
765,57,4048.58,2,0.15,博世 智能净水器 Plus,3个/套
765,66,9423.38,7,0.1,松下 智能马桶 Elite,1个/件
766,22,7333.35,18,0.05,美的 智能电视 Basic,1个/盒
766,40,6322.83,19,0.15,小米 智能马桶 Lite,1个/件
766,43,3962.36,13,0.15,华为 智能电视 Max,3个/套
767,27,8309.46,4,0.1,小米 智能加湿器 Plus,3个/套
767,57,4303.98,6,0.1,博世 智能净水器 Plus,3个/套
767,73,265.75,5,0.1,飞利浦 智能扫地机器人 Ultra,2个/包
768,9,6883.64,7,0.05,亚马逊 智能插座 Pro,1套/箱
768,22,7886.1,1,0.1,美的 智能电视 Basic,1个/盒
768,51,899.87,11,0.05,苹果 智能开关 Basic,1个/盒
768,90,2627.65,4,0.15,三星 智能窗帘 Standard,1个/件
769,50,9556.12,9,0.15,苹果 智能空气净化器 Basic,3个/套
769,52,5821.88,7,0.0,小米 智能插座 Max,5个/套
769,61,772.09,12,0.15,LG 智能洗衣机 Max,1台/箱
769,81,1429.23,13,0.05,亚马逊 智能门锁 Max,1台/箱
770,34,6972.73,7,0.15,松下 智能开关 Advanced,1个/盒
770,38,4326.32,5,0.15,西门子 智能冰箱 Standard,2个/包
770,55,7100.15,19,0.1,飞利浦 智能手环 Max,2个/包
771,26,7642.91,11,0.15,亚马逊 智能扫地机器人 Mini,2个/包
771,41,9044.95,4,0.0,索尼 智能空气净化器 Ultra,5个/套
771,67,1504.87,13,0.2,松下 智能电饭煲 Pro,3个/套
772,27,8306.81,7,0.0,小米 智能加湿器 Plus,3个/套
772,98,2680.56,1,0.05,格力 智能电视 Pro,2个/包
773,9,6571.01,13,0.0,亚马逊 智能插座 Pro,1套/箱
773,64,5820.33,11,0.0,亚马逊 智能马桶 Standard,3个/套
774,38,4383.22,3,0.2,西门子 智能冰箱 Standard,2个/包
774,50,9979.99,12,0.1,苹果 智能空气净化器 Basic,3个/套
774,51,850.52,14,0.2,苹果 智能开关 Basic,1个/盒
775,4,9954.02,4,0.15,西门子 智能电视 Pro,1台/箱
776,12,8954.09,11,0.2,格力 智能空气净化器 Standard,1个/件
776,23,8139.15,17,0.2,美的 智能净水器 Plus,1台/箱
776,42,7676.65,5,0.1,谷歌 智能净水器 Ultra,1套/箱
776,62,8411.01,14,0.05,华为 智能洗衣机 Ultra,2个/包
777,6,5703.65,7,0.15,海尔智慧家庭 智能空气净化器 Basic,1个/件
777,11,4565.67,5,0.0,小米 智能门锁 Mini,1个/盒
777,53,3070.26,10,0.0,华为 智能电视 Lite,1个/盒
777,99,1625.99,5,0.2,三星 智能音箱 Basic,1个/盒
777,101,1718.14,13,0.05,三星 智能摄像头 Mini,1个/件
778,11,4772.0,11,0.05,小米 智能门锁 Mini,1个/盒
778,47,2338.44,18,0.05,苹果 智能灯具 Basic,1个/盒
778,62,8342.87,6,0.05,华为 智能洗衣机 Ultra,2个/包
778,89,9542.6,10,0.05,博世 智能空调 Lite,1个/盒
778,92,9255.28,18,0.0,西门子 智能摄像头 Plus,1台/件
779,8,9258.91,20,0.0,松下 智能开关 Lite,5个/套
779,34,7258.76,6,0.0,松下 智能开关 Advanced,1个/盒
779,47,2514.98,17,0.05,苹果 智能灯具 Basic,1个/盒
779,54,7283.6,18,0.2,博世 智能开关 Max,5个/套
779,92,8828.94,13,0.15,西门子 智能摄像头 Plus,1台/件
780,40,6312.85,10,0.15,小米 智能马桶 Lite,1个/件
780,60,2268.65,19,0.05,华为 智能窗帘 Basic,1套/箱
781,13,3746.13,8,0.05,三星 智能电饭煲 Max,1个/盒
781,25,10065.03,2,0.1,三星 智能窗帘 Basic,1套/箱
781,81,1433.47,18,0.2,亚马逊 智能门锁 Max,1台/箱
781,87,3369.52,17,0.1,美的 智能马桶 Mini,1套/箱
782,73,252.95,7,0.15,飞利浦 智能扫地机器人 Ultra,2个/包
782,88,4562.83,12,0.2,格力 智能体重秤 Ultra,1台/箱
783,11,4763.17,2,0.15,小米 智能门锁 Mini,1个/盒
783,43,4091.47,20,0.15,华为 智能电视 Max,3个/套
783,90,2560.67,11,0.2,三星 智能窗帘 Standard,1个/件
784,38,4176.98,9,0.2,西门子 智能冰箱 Standard,2个/包
784,55,7055.06,13,0.15,飞利浦 智能手环 Max,2个/包
784,91,3262.01,17,0.0,亚马逊 智能音箱 Basic,1个/盒
785,14,8209.36,5,0.05,格力 智能净水器 Mini,1套/箱
785,25,9876.46,19,0.05,三星 智能窗帘 Basic,1套/箱
785,51,834.37,9,0.15,苹果 智能开关 Basic,1个/盒
785,93,5886.17,3,0.05,索尼 智能加湿器 Pro,5个/套
785,98,2672.27,8,0.0,格力 智能电视 Pro,2个/包
786,40,6346.04,15,0.2,小米 智能马桶 Lite,1个/件
787,25,9305.86,17,0.0,三星 智能窗帘 Basic,1套/箱
787,26,8133.48,15,0.0,亚马逊 智能扫地机器人 Mini,2个/包
787,72,6130.04,1,0.1,西门子 智能洗衣机 Pro,5个/套
787,87,3462.56,12,0.0,美的 智能马桶 Mini,1套/箱
788,19,7504.78,11,0.15,海尔智慧家庭 智能开关 Plus,1台/件
788,77,6857.28,20,0.2,美的 智能洗衣机 Advanced,3个/套
788,89,9023.95,5,0.0,博世 智能空调 Lite,1个/盒
788,95,8524.17,18,0.0,格力 智能音箱 Advanced,3个/套
788,96,9121.56,15,0.1,博世 智能空调 Lite,3个/套
789,53,2985.73,19,0.1,华为 智能电视 Lite,1个/盒
790,12,9539.56,6,0.1,格力 智能空气净化器 Standard,1个/件
790,15,6453.88,12,0.2,谷歌 智能音箱 Elite,1台/箱
790,21,2623.63,2,0.15,华为 智能加湿器 Plus,2个/包
790,29,5800.88,14,0.15,博世 智能空气净化器 Lite,5个/套
790,33,6377.87,12,0.0,飞利浦 智能加湿器 Ultra,5个/套
791,42,7581.45,1,0.05,谷歌 智能净水器 Ultra,1套/箱
791,69,3933.9,3,0.2,谷歌 智能洗衣机 Elite,3个/套
791,71,6665.78,15,0.15,索尼 智能冰箱 Elite,3个/套
791,97,9078.16,3,0.0,格力 智能净水器 Ultra,5个/套
792,10,1799.73,20,0.1,美的 智能窗帘 Max,5个/套
792,12,8888.16,7,0.0,格力 智能空气净化器 Standard,1个/件
792,71,6140.5,13,0.1,索尼 智能冰箱 Elite,3个/套
792,82,7052.83,3,0.1,LG 智能开关 Lite,1套/箱
792,94,9382.33,12,0.15,格力 智能体重秤 Standard,2个/包
793,17,8360.13,20,0.15,苹果 智能门锁 Plus,1套/箱
793,39,1703.87,4,0.05,西门子 智能音箱 Mini,3个/套
793,43,3971.76,18,0.15,华为 智能电视 Max,3个/套
793,63,9395.46,8,0.05,LG 智能净水器 Basic,2个/包
793,98,2694.13,14,0.15,格力 智能电视 Pro,2个/包
794,11,4699.63,12,0.0,小米 智能门锁 Mini,1个/盒
794,18,5516.6,8,0.1,美的 智能门锁 Mini,5个/套
794,42,7965.74,12,0.2,谷歌 智能净水器 Ultra,1套/箱
794,47,2366.88,2,0.1,苹果 智能灯具 Basic,1个/盒
795,64,5976.44,3,0.15,亚马逊 智能马桶 Standard,3个/套
796,72,6303.63,3,0.2,西门子 智能洗衣机 Pro,5个/套
796,82,6936.35,18,0.2,LG 智能开关 Lite,1套/箱
796,92,8706.97,5,0.2,西门子 智能摄像头 Plus,1台/件
797,36,8631.98,2,0.2,海尔智慧家庭 智能加湿器 Lite,2个/包
797,38,4350.19,9,0.1,西门子 智能冰箱 Standard,2个/包
797,45,7203.61,6,0.0,博世 智能马桶 Max,1套/箱
797,52,5921.12,6,0.05,小米 智能插座 Max,5个/套
798,7,1136.61,2,0.2,博世 智能扫地机器人 Max,1台/箱
798,17,8365.88,16,0.15,苹果 智能门锁 Plus,1套/箱
798,39,1628.21,20,0.0,西门子 智能音箱 Mini,3个/套
798,47,2414.59,20,0.05,苹果 智能灯具 Basic,1个/盒
798,78,5258.26,16,0.0,三星 智能音箱 Elite,5个/套
799,14,8182.56,4,0.15,格力 智能净水器 Mini,1套/箱
799,77,6938.66,16,0.15,美的 智能洗衣机 Advanced,3个/套
799,98,2698.08,13,0.1,格力 智能电视 Pro,2个/包
799,100,8546.42,1,0.2,LG 智能插座 Max,3个/套
800,8,8789.3,19,0.2,松下 智能开关 Lite,5个/套
801,24,6474.54,13,0.2,西门子 智能电视 Pro,1套/箱
801,57,4121.22,2,0.1,博世 智能净水器 Plus,3个/套
801,82,7246.38,14,0.05,LG 智能开关 Lite,1套/箱
801,98,2724.45,6,0.2,格力 智能电视 Pro,2个/包
802,11,4400.85,8,0.2,小米 智能门锁 Mini,1个/盒
802,35,3139.72,9,0.05,亚马逊 智能门铃 Max,1个/盒
802,52,5657.53,10,0.1,小米 智能插座 Max,5个/套
803,10,1761.49,15,0.15,美的 智能窗帘 Max,5个/套
803,14,8275.15,1,0.05,格力 智能净水器 Mini,1套/箱
803,59,5186.75,17,0.15,西门子 智能摄像头 Max,1个/盒
803,61,739.38,16,0.1,LG 智能洗衣机 Max,1台/箱
803,89,8973.26,16,0.1,博世 智能空调 Lite,1个/盒
804,13,3619.24,15,0.15,三星 智能电饭煲 Max,1个/盒
804,14,8433.56,14,0.15,格力 智能净水器 Mini,1套/箱
804,21,2454.14,16,0.1,华为 智能加湿器 Plus,2个/包
804,31,1378.33,17,0.0,三星 智能加湿器 Mini,1台/箱
804,37,9473.99,5,0.1,飞利浦 智能马桶 Max,2个/包
805,75,8875.29,19,0.2,亚马逊 智能空调 Standard,1个/盒
806,45,7645.27,15,0.1,博世 智能马桶 Max,1套/箱
807,37,10031.49,3,0.05,飞利浦 智能马桶 Max,2个/包
807,42,7599.72,4,0.2,谷歌 智能净水器 Ultra,1套/箱
807,62,8750.62,8,0.2,华为 智能洗衣机 Ultra,2个/包
807,70,7745.37,11,0.2,博世 智能净水器 Max,1台/件
807,89,8737.9,11,0.2,博世 智能空调 Lite,1个/盒
808,61,753.91,14,0.05,LG 智能洗衣机 Max,1台/箱
808,66,9106.5,8,0.15,松下 智能马桶 Elite,1个/件
809,7,1138.07,13,0.1,博世 智能扫地机器人 Max,1台/箱
809,44,7418.0,3,0.0,小米 智能空调 Elite,3个/套
809,47,2303.3,6,0.15,苹果 智能灯具 Basic,1个/盒
809,61,757.88,19,0.2,LG 智能洗衣机 Max,1台/箱
810,6,5423.3,3,0.2,海尔智慧家庭 智能空气净化器 Basic,1个/件
810,14,8627.14,14,0.1,格力 智能净水器 Mini,1套/箱
810,35,3097.83,4,0.1,亚马逊 智能门铃 Max,1个/盒
810,46,2138.89,20,0.0,小米 智能开关 Max,1套/箱
811,21,2462.11,16,0.15,华为 智能加湿器 Plus,2个/包
811,31,1333.53,17,0.0,三星 智能加湿器 Mini,1台/箱
811,72,6074.28,12,0.2,西门子 智能洗衣机 Pro,5个/套
811,92,9399.54,14,0.15,西门子 智能摄像头 Plus,1台/件
812,12,9137.88,19,0.2,格力 智能空气净化器 Standard,1个/件
812,73,263.62,8,0.2,飞利浦 智能扫地机器人 Ultra,2个/包
812,76,7270.63,13,0.0,松下 智能窗帘 Advanced,3个/套
813,7,1115.32,20,0.0,博世 智能扫地机器人 Max,1台/箱
813,12,9432.69,2,0.1,格力 智能空气净化器 Standard,1个/件
813,23,8439.3,13,0.15,美的 智能净水器 Plus,1台/箱
813,95,8551.52,11,0.1,格力 智能音箱 Advanced,3个/套
814,92,8726.63,9,0.15,西门子 智能摄像头 Plus,1台/件
815,10,1846.36,6,0.0,美的 智能窗帘 Max,5个/套
815,15,5912.78,2,0.05,谷歌 智能音箱 Elite,1台/箱
815,41,9644.21,11,0.2,索尼 智能空气净化器 Ultra,5个/套
815,52,5645.73,7,0.1,小米 智能插座 Max,5个/套
816,13,3767.39,12,0.15,三星 智能电饭煲 Max,1个/盒
816,18,5400.48,6,0.1,美的 智能门锁 Mini,5个/套
816,43,4294.27,11,0.1,华为 智能电视 Max,3个/套
816,76,7064.29,14,0.0,松下 智能窗帘 Advanced,3个/套
816,79,9850.49,10,0.15,格力 智能手环 Lite,1台/件
817,24,6744.37,6,0.05,西门子 智能电视 Pro,1套/箱
817,43,4099.53,9,0.15,华为 智能电视 Max,3个/套
817,48,783.07,4,0.1,苹果 智能门锁 Pro,1台/箱
817,97,9136.6,13,0.2,格力 智能净水器 Ultra,5个/套
818,22,7787.18,18,0.2,美的 智能电视 Basic,1个/盒
818,48,817.55,4,0.15,苹果 智能门锁 Pro,1台/箱
818,54,7092.52,11,0.1,博世 智能开关 Max,5个/套
818,59,5165.81,3,0.1,西门子 智能摄像头 Max,1个/盒
818,93,5410.32,14,0.1,索尼 智能加湿器 Pro,5个/套
819,2,10104.7,2,0.05,美的 智能插座 Standard,5个/套
819,5,4821.39,3,0.05,美的 智能电饭煲 Pro,3个/套
819,24,6633.94,3,0.15,西门子 智能电视 Pro,1套/箱
819,62,8757.24,11,0.0,华为 智能洗衣机 Ultra,2个/包
820,9,7038.15,3,0.0,亚马逊 智能插座 Pro,1套/箱
820,33,6161.66,17,0.1,飞利浦 智能加湿器 Ultra,5个/套
820,47,2505.61,8,0.15,苹果 智能灯具 Basic,1个/盒
820,48,851.51,5,0.0,苹果 智能门锁 Pro,1台/箱
820,100,8579.06,15,0.1,LG 智能插座 Max,3个/套
821,13,3619.33,6,0.05,三星 智能电饭煲 Max,1个/盒
821,68,3708.49,19,0.05,博世 智能插座 Basic,1套/箱
821,92,9242.72,7,0.05,西门子 智能摄像头 Plus,1台/件
821,99,1731.58,16,0.15,三星 智能音箱 Basic,1个/盒
822,2,9705.15,20,0.1,美的 智能插座 Standard,5个/套
822,12,9349.22,4,0.1,格力 智能空气净化器 Standard,1个/件
822,23,8856.78,1,0.2,美的 智能净水器 Plus,1台/箱
822,72,6444.32,7,0.1,西门子 智能洗衣机 Pro,5个/套
822,86,8341.85,9,0.2,博世 智能摄像头 Standard,2个/包
823,45,7207.91,12,0.0,博世 智能马桶 Max,1套/箱
823,79,9521.76,5,0.05,格力 智能手环 Lite,1台/件
823,87,3422.07,20,0.2,美的 智能马桶 Mini,1套/箱
824,32,1761.17,8,0.2,亚马逊 智能马桶 Elite,1个/盒
824,76,7404.61,1,0.1,松下 智能窗帘 Advanced,3个/套
825,97,9127.75,7,0.1,格力 智能净水器 Ultra,5个/套
826,41,8946.37,1,0.0,索尼 智能空气净化器 Ultra,5个/套
826,47,2414.03,7,0.0,苹果 智能灯具 Basic,1个/盒
826,51,868.01,6,0.05,苹果 智能开关 Basic,1个/盒
826,69,4067.21,6,0.0,谷歌 智能洗衣机 Elite,3个/套
827,5,5214.03,5,0.15,美的 智能电饭煲 Pro,3个/套
827,9,6969.7,19,0.05,亚马逊 智能插座 Pro,1套/箱
827,28,221.03,10,0.15,飞利浦 智能扫地机器人 Plus,1套/箱
827,82,6794.64,17,0.05,LG 智能开关 Lite,1套/箱
828,53,2874.91,2,0.0,华为 智能电视 Lite,1个/盒
829,1,7909.51,1,0.0,亚马逊 智能电饭煲 Advanced,2个/包
829,42,7771.27,17,0.0,谷歌 智能净水器 Ultra,1套/箱
830,51,911.65,2,0.1,苹果 智能开关 Basic,1个/盒
830,59,5648.85,6,0.1,西门子 智能摄像头 Max,1个/盒
830,95,8572.05,8,0.2,格力 智能音箱 Advanced,3个/套
831,45,7391.02,1,0.05,博世 智能马桶 Max,1套/箱
832,19,7446.93,6,0.2,海尔智慧家庭 智能开关 Plus,1台/件
832,91,3204.51,13,0.15,亚马逊 智能音箱 Basic,1个/盒
832,99,1707.84,17,0.2,三星 智能音箱 Basic,1个/盒
833,11,4692.06,12,0.15,小米 智能门锁 Mini,1个/盒
833,54,7400.59,13,0.15,博世 智能开关 Max,5个/套
833,62,8128.77,14,0.2,华为 智能洗衣机 Ultra,2个/包
834,56,262.95,7,0.1,华为 智能体重秤 Advanced,5个/套
834,68,3614.09,2,0.0,博世 智能插座 Basic,1套/箱
835,90,2678.77,13,0.05,三星 智能窗帘 Standard,1个/件
836,28,240.08,7,0.1,飞利浦 智能扫地机器人 Plus,1套/箱
836,32,1845.38,6,0.15,亚马逊 智能马桶 Elite,1个/盒
836,37,10436.28,7,0.05,飞利浦 智能马桶 Max,2个/包
836,39,1638.32,7,0.0,西门子 智能音箱 Mini,3个/套
837,5,5073.01,3,0.1,美的 智能电饭煲 Pro,3个/套
837,98,2561.8,16,0.05,格力 智能电视 Pro,2个/包
838,19,7312.32,20,0.2,海尔智慧家庭 智能开关 Plus,1台/件
839,16,8847.81,16,0.15,小米 智能电饭煲 Ultra,3个/套
839,56,274.8,12,0.2,华为 智能体重秤 Advanced,5个/套
839,68,3646.8,10,0.0,博世 智能插座 Basic,1套/箱
840,53,2832.77,11,0.05,华为 智能电视 Lite,1个/盒
840,54,7629.99,8,0.2,博世 智能开关 Max,5个/套
840,69,3873.36,20,0.2,谷歌 智能洗衣机 Elite,3个/套
840,70,7833.75,4,0.0,博世 智能净水器 Max,1台/件
840,73,247.4,20,0.15,飞利浦 智能扫地机器人 Ultra,2个/包
841,28,232.34,3,0.15,飞利浦 智能扫地机器人 Plus,1套/箱
842,53,2909.17,13,0.05,华为 智能电视 Lite,1个/盒
842,64,5933.99,19,0.2,亚马逊 智能马桶 Standard,3个/套
843,1,7359.72,3,0.15,亚马逊 智能电饭煲 Advanced,2个/包
843,5,5093.09,6,0.2,美的 智能电饭煲 Pro,3个/套
843,16,8247.23,10,0.15,小米 智能电饭煲 Ultra,3个/套
843,94,9424.45,11,0.0,格力 智能体重秤 Standard,2个/包
844,27,8327.85,18,0.05,小米 智能加湿器 Plus,3个/套
844,41,9002.51,10,0.0,索尼 智能空气净化器 Ultra,5个/套
844,65,6444.13,1,0.15,西门子 智能空调 Basic,1套/箱
844,69,4084.86,8,0.05,谷歌 智能洗衣机 Elite,3个/套
844,99,1719.15,12,0.15,三星 智能音箱 Basic,1个/盒
845,2,9845.76,6,0.2,美的 智能插座 Standard,5个/套
845,72,6180.3,1,0.2,西门子 智能洗衣机 Pro,5个/套
845,97,9535.64,15,0.05,格力 智能净水器 Ultra,5个/套
846,57,4063.47,16,0.15,博世 智能净水器 Plus,3个/套
846,72,6089.2,12,0.2,西门子 智能洗衣机 Pro,5个/套
847,12,9186.14,2,0.15,格力 智能空气净化器 Standard,1个/件
847,13,3744.17,8,0.05,三星 智能电饭煲 Max,1个/盒
847,32,1828.84,20,0.05,亚马逊 智能马桶 Elite,1个/盒
847,52,5794.66,18,0.0,小米 智能插座 Max,5个/套
848,11,4555.51,9,0.15,小米 智能门锁 Mini,1个/盒
848,42,7506.99,10,0.05,谷歌 智能净水器 Ultra,1套/箱
848,48,823.05,11,0.05,苹果 智能门锁 Pro,1台/箱
848,87,3353.49,18,0.15,美的 智能马桶 Mini,1套/箱
849,2,10330.38,3,0.0,美的 智能插座 Standard,5个/套
849,28,238.59,5,0.1,飞利浦 智能扫地机器人 Plus,1套/箱
850,59,5506.66,13,0.0,西门子 智能摄像头 Max,1个/盒
850,63,9530.35,4,0.2,LG 智能净水器 Basic,2个/包
850,78,5064.4,18,0.15,三星 智能音箱 Elite,5个/套
851,25,9743.2,2,0.05,三星 智能窗帘 Basic,1套/箱
851,56,269.55,1,0.05,华为 智能体重秤 Advanced,5个/套
851,66,9062.0,6,0.1,松下 智能马桶 Elite,1个/件
852,66,9499.69,10,0.15,松下 智能马桶 Elite,1个/件
852,91,3042.31,14,0.15,亚马逊 智能音箱 Basic,1个/盒
853,44,7543.67,13,0.05,小米 智能空调 Elite,3个/套
853,89,9535.9,12,0.15,博世 智能空调 Lite,1个/盒
854,56,260.45,2,0.1,华为 智能体重秤 Advanced,5个/套
855,14,8338.15,17,0.05,格力 智能净水器 Mini,1套/箱
855,50,9733.76,12,0.0,苹果 智能空气净化器 Basic,3个/套
855,75,9516.63,4,0.0,亚马逊 智能空调 Standard,1个/盒
855,76,7486.09,5,0.15,松下 智能窗帘 Advanced,3个/套
856,13,3790.07,16,0.15,三星 智能电饭煲 Max,1个/盒
856,94,9321.62,19,0.1,格力 智能体重秤 Standard,2个/包
857,10,1839.94,19,0.05,美的 智能窗帘 Max,5个/套
857,56,251.81,5,0.0,华为 智能体重秤 Advanced,5个/套
857,79,10251.77,7,0.05,格力 智能手环 Lite,1台/件
857,100,8972.46,2,0.1,LG 智能插座 Max,3个/套
858,6,5278.09,8,0.2,海尔智慧家庭 智能空气净化器 Basic,1个/件
858,72,6320.57,20,0.1,西门子 智能洗衣机 Pro,5个/套
858,81,1444.65,13,0.2,亚马逊 智能门锁 Max,1台/箱
858,93,5831.05,10,0.2,索尼 智能加湿器 Pro,5个/套
859,18,5497.27,12,0.05,美的 智能门锁 Mini,5个/套
859,55,6964.5,3,0.0,飞利浦 智能手环 Max,2个/包
859,77,6877.84,7,0.15,美的 智能洗衣机 Advanced,3个/套
859,85,1618.7,4,0.2,博世 智能马桶 Basic,1个/件
859,97,9280.39,8,0.05,格力 智能净水器 Ultra,5个/套
860,69,4033.94,5,0.2,谷歌 智能洗衣机 Elite,3个/套
861,16,8165.04,16,0.0,小米 智能电饭煲 Ultra,3个/套
861,27,8251.74,7,0.0,小米 智能加湿器 Plus,3个/套
861,42,8054.8,13,0.1,谷歌 智能净水器 Ultra,1套/箱
861,65,6270.16,3,0.2,西门子 智能空调 Basic,1套/箱
861,75,9300.96,14,0.1,亚马逊 智能空调 Standard,1个/盒
862,101,1626.27,18,0.1,三星 智能摄像头 Mini,1个/件
863,19,7104.49,2,0.0,海尔智慧家庭 智能开关 Plus,1台/件
863,43,4296.24,3,0.0,华为 智能电视 Max,3个/套
863,55,7063.61,17,0.2,飞利浦 智能手环 Max,2个/包
864,69,4126.32,5,0.05,谷歌 智能洗衣机 Elite,3个/套
864,75,9001.17,15,0.1,亚马逊 智能空调 Standard,1个/盒
864,90,2660.4,10,0.15,三星 智能窗帘 Standard,1个/件
864,93,5820.9,12,0.2,索尼 智能加湿器 Pro,5个/套
865,13,3589.34,13,0.0,三星 智能电饭煲 Max,1个/盒
865,47,2310.56,19,0.15,苹果 智能灯具 Basic,1个/盒
865,64,5737.66,14,0.2,亚马逊 智能马桶 Standard,3个/套
865,94,9409.23,19,0.1,格力 智能体重秤 Standard,2个/包
866,9,7041.43,8,0.1,亚马逊 智能插座 Pro,1套/箱
867,21,2388.79,13,0.15,华为 智能加湿器 Plus,2个/包
867,39,1718.87,3,0.1,西门子 智能音箱 Mini,3个/套
867,55,6950.7,1,0.2,飞利浦 智能手环 Max,2个/包
867,78,5156.45,13,0.2,三星 智能音箱 Elite,5个/套
868,39,1713.79,7,0.15,西门子 智能音箱 Mini,3个/套
868,75,9329.42,19,0.0,亚马逊 智能空调 Standard,1个/盒
869,1,7958.22,16,0.0,亚马逊 智能电饭煲 Advanced,2个/包
869,71,6482.34,13,0.1,索尼 智能冰箱 Elite,3个/套
869,97,8901.04,9,0.1,格力 智能净水器 Ultra,5个/套
870,71,6123.3,2,0.05,索尼 智能冰箱 Elite,3个/套
871,29,5966.12,16,0.0,博世 智能空气净化器 Lite,5个/套
871,31,1418.48,10,0.2,三星 智能加湿器 Mini,1台/箱
871,32,1824.79,9,0.2,亚马逊 智能马桶 Elite,1个/盒
871,87,3197.62,10,0.15,美的 智能马桶 Mini,1套/箱
872,89,9315.1,19,0.05,博世 智能空调 Lite,1个/盒
873,19,7654.67,20,0.0,海尔智慧家庭 智能开关 Plus,1台/件
874,9,6844.91,14,0.2,亚马逊 智能插座 Pro,1套/箱
874,16,8792.41,6,0.15,小米 智能电饭煲 Ultra,3个/套
874,54,7206.32,10,0.15,博世 智能开关 Max,5个/套
874,95,8181.13,16,0.0,格力 智能音箱 Advanced,3个/套
875,9,6733.18,9,0.1,亚马逊 智能插座 Pro,1套/箱
875,34,7265.46,13,0.1,松下 智能开关 Advanced,1个/盒
875,62,8500.17,12,0.1,华为 智能洗衣机 Ultra,2个/包
876,66,9310.89,2,0.15,松下 智能马桶 Elite,1个/件
876,67,1521.89,8,0.1,松下 智能电饭煲 Pro,3个/套
876,81,1462.47,6,0.0,亚马逊 智能门锁 Max,1台/箱
877,6,5638.57,19,0.05,海尔智慧家庭 智能空气净化器 Basic,1个/件
877,37,9605.46,8,0.0,飞利浦 智能马桶 Max,2个/包
878,15,6185.33,15,0.05,谷歌 智能音箱 Elite,1台/箱
879,77,6778.33,5,0.15,美的 智能洗衣机 Advanced,3个/套
880,73,247.91,7,0.0,飞利浦 智能扫地机器人 Ultra,2个/包
880,82,6820.56,3,0.05,LG 智能开关 Lite,1套/箱
880,95,8662.52,16,0.0,格力 智能音箱 Advanced,3个/套
881,16,8849.56,18,0.1,小米 智能电饭煲 Ultra,3个/套
881,55,6524.21,18,0.05,飞利浦 智能手环 Max,2个/包
882,61,785.32,11,0.0,LG 智能洗衣机 Max,1台/箱
882,71,6635.9,20,0.05,索尼 智能冰箱 Elite,3个/套
882,87,3354.91,3,0.1,美的 智能马桶 Mini,1套/箱
883,10,1820.19,6,0.2,美的 智能窗帘 Max,5个/套
883,81,1386.84,9,0.15,亚马逊 智能门锁 Max,1台/箱
883,84,3967.96,7,0.0,苹果 智能扫地机器人 Pro,1个/盒
883,97,8975.19,2,0.2,格力 智能净水器 Ultra,5个/套
884,5,5124.89,6,0.05,美的 智能电饭煲 Pro,3个/套
885,33,6142.14,5,0.15,飞利浦 智能加湿器 Ultra,5个/套
885,50,9864.21,4,0.05,苹果 智能空气净化器 Basic,3个/套
885,99,1740.24,20,0.2,三星 智能音箱 Basic,1个/盒
886,51,887.25,7,0.0,苹果 智能开关 Basic,1个/盒
886,64,6022.4,11,0.0,亚马逊 智能马桶 Standard,3个/套
887,23,8307.66,3,0.05,美的 智能净水器 Plus,1台/箱
887,53,2961.38,5,0.05,华为 智能电视 Lite,1个/盒
887,88,4417.63,17,0.15,格力 智能体重秤 Ultra,1台/箱
888,51,872.27,11,0.05,苹果 智能开关 Basic,1个/盒
888,69,4018.65,8,0.05,谷歌 智能洗衣机 Elite,3个/套
888,91,3153.06,13,0.15,亚马逊 智能音箱 Basic,1个/盒
889,3,8625.94,2,0.2,华为 智能电视 Basic,1台/件
889,6,5488.87,14,0.0,海尔智慧家庭 智能空气净化器 Basic,1个/件
889,46,2138.33,4,0.15,小米 智能开关 Max,1套/箱
889,47,2290.74,15,0.1,苹果 智能灯具 Basic,1个/盒
889,71,6341.84,13,0.0,索尼 智能冰箱 Elite,3个/套
890,2,10261.3,12,0.2,美的 智能插座 Standard,5个/套
890,38,4484.57,9,0.1,西门子 智能冰箱 Standard,2个/包
890,88,4722.99,19,0.15,格力 智能体重秤 Ultra,1台/箱
890,98,2639.82,1,0.2,格力 智能电视 Pro,2个/包
891,17,8299.45,1,0.2,苹果 智能门锁 Plus,1套/箱
891,23,8430.92,19,0.05,美的 智能净水器 Plus,1台/箱
891,69,4037.19,7,0.15,谷歌 智能洗衣机 Elite,3个/套
892,28,222.81,17,0.15,飞利浦 智能扫地机器人 Plus,1套/箱
892,56,270.48,4,0.1,华为 智能体重秤 Advanced,5个/套
892,74,2328.33,17,0.1,松下 智能窗帘 Lite,2个/包
892,88,4554.57,13,0.2,格力 智能体重秤 Ultra,1台/箱
892,89,9059.86,11,0.05,博世 智能空调 Lite,1个/盒
893,17,8427.99,1,0.0,苹果 智能门锁 Plus,1套/箱
894,8,8793.71,13,0.15,松下 智能开关 Lite,5个/套
894,38,4276.08,18,0.05,西门子 智能冰箱 Standard,2个/包
894,41,9544.27,16,0.15,索尼 智能空气净化器 Ultra,5个/套
894,46,2017.14,7,0.2,小米 智能开关 Max,1套/箱
894,65,6466.05,18,0.2,西门子 智能空调 Basic,1套/箱
895,10,1858.17,2,0.1,美的 智能窗帘 Max,5个/套
895,92,9000.22,17,0.2,西门子 智能摄像头 Plus,1台/件
896,33,6282.57,1,0.0,飞利浦 智能加湿器 Ultra,5个/套
897,4,10041.15,4,0.1,西门子 智能电视 Pro,1台/箱
897,9,6709.51,18,0.0,亚马逊 智能插座 Pro,1套/箱
897,55,6431.02,11,0.2,飞利浦 智能手环 Max,2个/包
897,56,256.25,12,0.1,华为 智能体重秤 Advanced,5个/套
897,81,1381.02,16,0.1,亚马逊 智能门锁 Max,1台/箱
898,60,2282.68,7,0.05,华为 智能窗帘 Basic,1套/箱
899,1,7303.92,13,0.1,亚马逊 智能电饭煲 Advanced,2个/包
899,9,6706.65,5,0.15,亚马逊 智能插座 Pro,1套/箱
899,16,8513.48,16,0.2,小米 智能电饭煲 Ultra,3个/套
900,2,9574.53,13,0.2,美的 智能插座 Standard,5个/套
900,5,5022.81,8,0.2,美的 智能电饭煲 Pro,3个/套
900,38,4155.66,10,0.05,西门子 智能冰箱 Standard,2个/包
901,15,6030.35,10,0.05,谷歌 智能音箱 Elite,1台/箱
901,29,6170.75,11,0.15,博世 智能空气净化器 Lite,5个/套
901,101,1624.96,19,0.0,三星 智能摄像头 Mini,1个/件
902,21,2517.49,4,0.15,华为 智能加湿器 Plus,2个/包
902,43,4334.4,15,0.0,华为 智能电视 Max,3个/套
902,52,5612.13,11,0.2,小米 智能插座 Max,5个/套
903,15,6153.17,16,0.1,谷歌 智能音箱 Elite,1台/箱
903,34,6890.84,19,0.0,松下 智能开关 Advanced,1个/盒
903,76,7521.24,5,0.15,松下 智能窗帘 Advanced,3个/套
904,2,9477.65,13,0.0,美的 智能插座 Standard,5个/套
904,51,830.68,13,0.05,苹果 智能开关 Basic,1个/盒
904,59,5343.2,11,0.15,西门子 智能摄像头 Max,1个/盒
904,66,9206.46,19,0.0,松下 智能马桶 Elite,1个/件
904,89,9386.11,2,0.1,博世 智能空调 Lite,1个/盒
905,36,9166.99,18,0.05,海尔智慧家庭 智能加湿器 Lite,2个/包
905,79,9613.95,13,0.05,格力 智能手环 Lite,1台/件
905,82,7034.52,6,0.1,LG 智能开关 Lite,1套/箱
905,98,2625.67,17,0.2,格力 智能电视 Pro,2个/包
906,38,4150.79,13,0.1,西门子 智能冰箱 Standard,2个/包
906,41,9625.93,9,0.2,索尼 智能空气净化器 Ultra,5个/套
907,6,5284.91,5,0.05,海尔智慧家庭 智能空气净化器 Basic,1个/件
907,63,9177.92,5,0.2,LG 智能净水器 Basic,2个/包
907,68,3829.46,11,0.15,博世 智能插座 Basic,1套/箱
907,84,4172.99,20,0.05,苹果 智能扫地机器人 Pro,1个/盒
907,86,8434.62,13,0.15,博世 智能摄像头 Standard,2个/包
908,14,7864.22,6,0.1,格力 智能净水器 Mini,1套/箱
908,21,2465.21,5,0.15,华为 智能加湿器 Plus,2个/包
908,41,9325.23,12,0.15,索尼 智能空气净化器 Ultra,5个/套
909,3,8856.7,2,0.1,华为 智能电视 Basic,1台/件
909,12,9626.25,17,0.0,格力 智能空气净化器 Standard,1个/件
909,53,2936.22,14,0.15,华为 智能电视 Lite,1个/盒
910,7,1084.95,18,0.0,博世 智能扫地机器人 Max,1台/箱
910,71,6656.78,11,0.15,索尼 智能冰箱 Elite,3个/套
911,18,5358.99,14,0.0,美的 智能门锁 Mini,5个/套
911,69,4195.07,8,0.2,谷歌 智能洗衣机 Elite,3个/套
912,1,7687.32,2,0.2,亚马逊 智能电饭煲 Advanced,2个/包
912,6,5519.86,9,0.1,海尔智慧家庭 智能空气净化器 Basic,1个/件
912,8,8930.01,18,0.1,松下 智能开关 Lite,5个/套
912,34,7360.74,4,0.1,松下 智能开关 Advanced,1个/盒
912,72,5965.37,14,0.2,西门子 智能洗衣机 Pro,5个/套
913,9,6649.04,3,0.15,亚马逊 智能插座 Pro,1套/箱
913,16,8546.89,10,0.05,小米 智能电饭煲 Ultra,3个/套
913,33,6310.09,12,0.1,飞利浦 智能加湿器 Ultra,5个/套
913,57,3954.51,12,0.0,博世 智能净水器 Plus,3个/套
913,74,2245.15,10,0.05,松下 智能窗帘 Lite,2个/包
914,6,5338.18,4,0.05,海尔智慧家庭 智能空气净化器 Basic,1个/件
915,14,7999.53,12,0.1,格力 智能净水器 Mini,1套/箱
915,64,6256.48,1,0.2,亚马逊 智能马桶 Standard,3个/套
916,18,5430.47,6,0.2,美的 智能门锁 Mini,5个/套
916,101,1656.82,11,0.05,三星 智能摄像头 Mini,1个/件
917,57,4117.22,7,0.1,博世 智能净水器 Plus,3个/套
918,7,1084.5,3,0.1,博世 智能扫地机器人 Max,1台/箱
918,47,2329.55,19,0.15,苹果 智能灯具 Basic,1个/盒
918,48,832.48,11,0.05,苹果 智能门锁 Pro,1台/箱
919,46,2133.89,16,0.15,小米 智能开关 Max,1套/箱
919,89,9311.85,19,0.1,博世 智能空调 Lite,1个/盒
920,50,10165.85,20,0.1,苹果 智能空气净化器 Basic,3个/套
921,41,9570.96,2,0.0,索尼 智能空气净化器 Ultra,5个/套
922,67,1463.85,8,0.05,松下 智能电饭煲 Pro,3个/套
922,72,6007.76,2,0.05,西门子 智能洗衣机 Pro,5个/套
923,33,6251.18,2,0.2,飞利浦 智能加湿器 Ultra,5个/套
924,9,6654.44,6,0.0,亚马逊 智能插座 Pro,1套/箱
925,47,2386.5,3,0.05,苹果 智能灯具 Basic,1个/盒
926,48,846.44,9,0.1,苹果 智能门锁 Pro,1台/箱
927,74,2195.02,1,0.15,松下 智能窗帘 Lite,2个/包
928,31,1412.77,7,0.0,三星 智能加湿器 Mini,1台/箱
928,79,10042.84,1,0.15,格力 智能手环 Lite,1台/件
929,7,1096.02,13,0.2,博世 智能扫地机器人 Max,1台/箱
929,12,8996.16,1,0.15,格力 智能空气净化器 Standard,1个/件
929,40,6558.24,12,0.15,小米 智能马桶 Lite,1个/件
929,61,750.81,7,0.15,LG 智能洗衣机 Max,1台/箱
929,78,4870.37,16,0.15,三星 智能音箱 Elite,5个/套
930,15,6160.13,18,0.05,谷歌 智能音箱 Elite,1台/箱
930,26,8254.26,20,0.05,亚马逊 智能扫地机器人 Mini,2个/包
930,47,2301.2,17,0.05,苹果 智能灯具 Basic,1个/盒
930,51,838.65,6,0.05,苹果 智能开关 Basic,1个/盒
930,55,7050.47,18,0.05,飞利浦 智能手环 Max,2个/包
931,4,10414.82,12,0.15,西门子 智能电视 Pro,1台/箱
931,13,3758.6,7,0.1,三星 智能电饭煲 Max,1个/盒
931,47,2292.31,7,0.2,苹果 智能灯具 Basic,1个/盒
931,56,266.78,19,0.05,华为 智能体重秤 Advanced,5个/套
932,1,7437.87,7,0.0,亚马逊 智能电饭煲 Advanced,2个/包
932,42,8206.15,5,0.2,谷歌 智能净水器 Ultra,1套/箱
932,52,5757.0,17,0.2,小米 智能插座 Max,5个/套
932,90,2605.19,5,0.2,三星 智能窗帘 Standard,1个/件
933,23,8085.0,3,0.0,美的 智能净水器 Plus,1台/箱
933,28,223.87,5,0.05,飞利浦 智能扫地机器人 Plus,1套/箱
933,32,1732.87,18,0.0,亚马逊 智能马桶 Elite,1个/盒
933,51,867.15,10,0.05,苹果 智能开关 Basic,1个/盒
934,13,3624.03,18,0.2,三星 智能电饭煲 Max,1个/盒
934,22,7583.65,20,0.2,美的 智能电视 Basic,1个/盒
934,54,7641.96,14,0.1,博世 智能开关 Max,5个/套
934,98,2668.37,15,0.15,格力 智能电视 Pro,2个/包
935,92,8626.88,14,0.15,西门子 智能摄像头 Plus,1台/件
936,57,4013.06,8,0.15,博世 智能净水器 Plus,3个/套
936,87,3194.82,12,0.15,美的 智能马桶 Mini,1套/箱
937,63,9431.37,4,0.1,LG 智能净水器 Basic,2个/包
937,72,6154.55,20,0.2,西门子 智能洗衣机 Pro,5个/套
937,98,2778.96,14,0.1,格力 智能电视 Pro,2个/包
938,2,9770.77,19,0.0,美的 智能插座 Standard,5个/套
938,5,4990.08,6,0.1,美的 智能电饭煲 Pro,3个/套
938,77,7256.31,18,0.2,美的 智能洗衣机 Advanced,3个/套
938,94,9135.02,18,0.05,格力 智能体重秤 Standard,2个/包
939,1,7354.62,12,0.05,亚马逊 智能电饭煲 Advanced,2个/包
939,38,4484.8,13,0.05,西门子 智能冰箱 Standard,2个/包
939,47,2373.61,11,0.2,苹果 智能灯具 Basic,1个/盒
939,79,10220.63,13,0.0,格力 智能手环 Lite,1台/件
940,4,9955.26,7,0.0,西门子 智能电视 Pro,1台/箱
940,12,9255.58,8,0.1,格力 智能空气净化器 Standard,1个/件
941,37,9601.56,1,0.1,飞利浦 智能马桶 Max,2个/包
942,43,4017.75,15,0.05,华为 智能电视 Max,3个/套
942,93,5707.19,14,0.0,索尼 智能加湿器 Pro,5个/套
943,74,2348.95,2,0.05,松下 智能窗帘 Lite,2个/包
943,84,3913.9,17,0.05,苹果 智能扫地机器人 Pro,1个/盒
944,70,7504.67,19,0.05,博世 智能净水器 Max,1台/件
944,97,9286.89,15,0.15,格力 智能净水器 Ultra,5个/套
945,22,7813.88,8,0.2,美的 智能电视 Basic,1个/盒
946,2,9583.36,15,0.15,美的 智能插座 Standard,5个/套
946,18,5432.9,18,0.0,美的 智能门锁 Mini,5个/套
946,65,6512.62,18,0.05,西门子 智能空调 Basic,1套/箱
946,88,4636.32,9,0.15,格力 智能体重秤 Ultra,1台/箱
947,40,6484.38,13,0.05,小米 智能马桶 Lite,1个/件
948,63,8833.04,5,0.2,LG 智能净水器 Basic,2个/包
948,88,4700.01,13,0.05,格力 智能体重秤 Ultra,1台/箱
949,27,7874.76,3,0.05,小米 智能加湿器 Plus,3个/套
950,16,8623.23,16,0.2,小米 智能电饭煲 Ultra,3个/套
950,26,7899.73,5,0.0,亚马逊 智能扫地机器人 Mini,2个/包
950,37,10232.78,12,0.2,飞利浦 智能马桶 Max,2个/包
950,45,7291.52,13,0.0,博世 智能马桶 Max,1套/箱
950,78,5249.12,11,0.2,三星 智能音箱 Elite,5个/套
951,95,8474.57,10,0.15,格力 智能音箱 Advanced,3个/套
952,98,2553.09,1,0.2,格力 智能电视 Pro,2个/包
953,15,6191.77,2,0.15,谷歌 智能音箱 Elite,1台/箱
953,57,4077.16,18,0.0,博世 智能净水器 Plus,3个/套
953,100,8454.75,15,0.15,LG 智能插座 Max,3个/套
954,6,5495.31,17,0.15,海尔智慧家庭 智能空气净化器 Basic,1个/件
954,59,5557.87,18,0.2,西门子 智能摄像头 Max,1个/盒
955,11,4816.96,7,0.1,小米 智能门锁 Mini,1个/盒
955,65,6344.31,7,0.05,西门子 智能空调 Basic,1套/箱
955,73,269.82,17,0.2,飞利浦 智能扫地机器人 Ultra,2个/包
956,29,5977.1,11,0.0,博世 智能空气净化器 Lite,5个/套
956,50,9619.13,4,0.0,苹果 智能空气净化器 Basic,3个/套
957,61,742.97,3,0.0,LG 智能洗衣机 Max,1台/箱
957,93,5528.18,12,0.15,索尼 智能加湿器 Pro,5个/套
957,99,1724.27,19,0.05,三星 智能音箱 Basic,1个/盒
958,50,9541.09,6,0.1,苹果 智能空气净化器 Basic,3个/套
958,96,8463.51,5,0.2,博世 智能空调 Lite,3个/套
959,23,8577.11,16,0.15,美的 智能净水器 Plus,1台/箱
959,60,2236.29,7,0.15,华为 智能窗帘 Basic,1套/箱
960,61,768.86,20,0.2,LG 智能洗衣机 Max,1台/箱
960,62,8411.49,13,0.15,华为 智能洗衣机 Ultra,2个/包
960,93,5690.57,1,0.15,索尼 智能加湿器 Pro,5个/套
961,39,1626.2,5,0.05,西门子 智能音箱 Mini,3个/套
961,71,6179.49,14,0.05,索尼 智能冰箱 Elite,3个/套
961,72,6144.02,10,0.1,西门子 智能洗衣机 Pro,5个/套
961,78,5299.24,3,0.05,三星 智能音箱 Elite,5个/套
961,96,8531.67,20,0.05,博世 智能空调 Lite,3个/套
962,6,5634.29,5,0.0,海尔智慧家庭 智能空气净化器 Basic,1个/件
963,7,1117.75,14,0.2,博世 智能扫地机器人 Max,1台/箱
963,8,8835.0,16,0.0,松下 智能开关 Lite,5个/套
963,35,3266.57,9,0.0,亚马逊 智能门铃 Max,1个/盒
963,47,2449.41,19,0.1,苹果 智能灯具 Basic,1个/盒
963,74,2178.89,6,0.2,松下 智能窗帘 Lite,2个/包
964,13,3702.37,1,0.15,三星 智能电饭煲 Max,1个/盒
964,54,7475.11,3,0.0,博世 智能开关 Max,5个/套
964,60,2152.45,7,0.1,华为 智能窗帘 Basic,1套/箱
964,67,1521.03,4,0.05,松下 智能电饭煲 Pro,3个/套
964,74,2375.42,15,0.0,松下 智能窗帘 Lite,2个/包
965,16,8244.84,14,0.1,小米 智能电饭煲 Ultra,3个/套
965,27,8092.89,5,0.05,小米 智能加湿器 Plus,3个/套
965,28,234.14,7,0.15,飞利浦 智能扫地机器人 Plus,1套/箱
965,76,7537.66,12,0.1,松下 智能窗帘 Advanced,3个/套
965,92,8962.88,10,0.2,西门子 智能摄像头 Plus,1台/件
966,1,7796.47,14,0.1,亚马逊 智能电饭煲 Advanced,2个/包
966,9,6793.74,12,0.05,亚马逊 智能插座 Pro,1套/箱
966,33,6227.79,10,0.15,飞利浦 智能加湿器 Ultra,5个/套
966,46,2037.5,7,0.1,小米 智能开关 Max,1套/箱
966,87,3279.09,2,0.05,美的 智能马桶 Mini,1套/箱
967,85,1575.28,10,0.05,博世 智能马桶 Basic,1个/件
968,5,4922.55,2,0.0,美的 智能电饭煲 Pro,3个/套
968,40,6497.56,10,0.05,小米 智能马桶 Lite,1个/件
968,44,7557.48,6,0.0,小米 智能空调 Elite,3个/套
968,66,9396.11,16,0.0,松下 智能马桶 Elite,1个/件
969,8,9288.9,14,0.2,松下 智能开关 Lite,5个/套
969,18,5448.28,1,0.05,美的 智能门锁 Mini,5个/套
969,56,276.1,3,0.2,华为 智能体重秤 Advanced,5个/套
969,69,4067.36,16,0.2,谷歌 智能洗衣机 Elite,3个/套
970,38,4201.61,3,0.2,西门子 智能冰箱 Standard,2个/包
970,64,6286.06,5,0.0,亚马逊 智能马桶 Standard,3个/套
971,75,9125.42,11,0.15,亚马逊 智能空调 Standard,1个/盒
971,77,7308.44,18,0.05,美的 智能洗衣机 Advanced,3个/套
971,95,8368.05,7,0.15,格力 智能音箱 Advanced,3个/套
972,29,6344.27,9,0.1,博世 智能空气净化器 Lite,5个/套
972,38,4482.59,9,0.15,西门子 智能冰箱 Standard,2个/包
972,41,9480.45,3,0.0,索尼 智能空气净化器 Ultra,5个/套
972,74,2276.84,7,0.1,松下 智能窗帘 Lite,2个/包
973,59,5433.27,12,0.2,西门子 智能摄像头 Max,1个/盒
973,71,6527.57,13,0.05,索尼 智能冰箱 Elite,3个/套
973,84,4061.05,1,0.0,苹果 智能扫地机器人 Pro,1个/盒
973,92,9367.03,12,0.1,西门子 智能摄像头 Plus,1台/件
974,96,9254.31,2,0.15,博世 智能空调 Lite,3个/套
975,19,7230.36,7,0.1,海尔智慧家庭 智能开关 Plus,1台/件
975,33,6278.38,17,0.0,飞利浦 智能加湿器 Ultra,5个/套
975,51,902.19,11,0.1,苹果 智能开关 Basic,1个/盒
975,57,4151.47,14,0.05,博世 智能净水器 Plus,3个/套
975,64,6270.13,19,0.0,亚马逊 智能马桶 Standard,3个/套
976,33,5908.79,10,0.1,飞利浦 智能加湿器 Ultra,5个/套
976,78,4957.5,17,0.15,三星 智能音箱 Elite,5个/套
977,3,8772.29,17,0.05,华为 智能电视 Basic,1台/件
977,42,7574.4,13,0.0,谷歌 智能净水器 Ultra,1套/箱
977,57,4238.1,5,0.0,博世 智能净水器 Plus,3个/套
977,92,9257.79,19,0.2,西门子 智能摄像头 Plus,1台/件
978,101,1725.7,15,0.2,三星 智能摄像头 Mini,1个/件
979,64,5744.5,15,0.1,亚马逊 智能马桶 Standard,3个/套
980,2,10358.3,6,0.15,美的 智能插座 Standard,5个/套
980,31,1404.6,3,0.05,三星 智能加湿器 Mini,1台/箱
980,70,7907.85,4,0.0,博世 智能净水器 Max,1台/件
980,84,3988.04,13,0.2,苹果 智能扫地机器人 Pro,1个/盒
980,92,8908.92,9,0.0,西门子 智能摄像头 Plus,1台/件
981,23,8876.79,2,0.2,美的 智能净水器 Plus,1台/箱
981,35,3124.1,3,0.2,亚马逊 智能门铃 Max,1个/盒
981,40,6471.47,17,0.1,小米 智能马桶 Lite,1个/件
981,52,5858.04,12,0.0,小米 智能插座 Max,5个/套
982,31,1399.25,14,0.05,三星 智能加湿器 Mini,1台/箱
983,15,6329.88,19,0.05,谷歌 智能音箱 Elite,1台/箱
983,79,9407.37,15,0.15,格力 智能手环 Lite,1台/件
983,82,7088.3,6,0.2,LG 智能开关 Lite,1套/箱
983,99,1739.53,7,0.2,三星 智能音箱 Basic,1个/盒
984,31,1323.67,1,0.2,三星 智能加湿器 Mini,1台/箱
984,61,729.98,6,0.1,LG 智能洗衣机 Max,1台/箱
985,5,5225.22,16,0.0,美的 智能电饭煲 Pro,3个/套
985,52,5917.57,11,0.15,小米 智能插座 Max,5个/套
985,64,5847.23,11,0.1,亚马逊 智能马桶 Standard,3个/套
986,14,7860.45,6,0.05,格力 智能净水器 Mini,1套/箱
986,50,9514.27,14,0.2,苹果 智能空气净化器 Basic,3个/套
986,99,1611.68,20,0.2,三星 智能音箱 Basic,1个/盒
987,88,4328.46,11,0.1,格力 智能体重秤 Ultra,1台/箱
988,16,8431.85,3,0.1,小米 智能电饭煲 Ultra,3个/套
988,69,4064.4,8,0.05,谷歌 智能洗衣机 Elite,3个/套
988,70,8045.26,2,0.0,博世 智能净水器 Max,1台/件
988,86,7990.89,8,0.1,博世 智能摄像头 Standard,2个/包
988,89,9447.14,2,0.05,博世 智能空调 Lite,1个/盒
989,11,4747.0,20,0.1,小米 智能门锁 Mini,1个/盒
989,50,9444.66,15,0.2,苹果 智能空气净化器 Basic,3个/套
989,92,9097.66,14,0.05,西门子 智能摄像头 Plus,1台/件
990,11,4839.63,20,0.1,小米 智能门锁 Mini,1个/盒
990,26,7758.31,5,0.05,亚马逊 智能扫地机器人 Mini,2个/包
990,56,257.24,16,0.05,华为 智能体重秤 Advanced,5个/套
990,62,8476.83,2,0.05,华为 智能洗衣机 Ultra,2个/包
990,100,8686.4,5,0.1,LG 智能插座 Max,3个/套
991,11,4647.34,4,0.1,小米 智能门锁 Mini,1个/盒
991,25,9309.74,18,0.15,三星 智能窗帘 Basic,1套/箱
992,66,9447.73,7,0.1,松下 智能马桶 Elite,1个/件
993,11,4450.97,7,0.15,小米 智能门锁 Mini,1个/盒
993,97,9377.32,9,0.15,格力 智能净水器 Ultra,5个/套
994,23,8486.02,17,0.05,美的 智能净水器 Plus,1台/箱
994,32,1712.87,4,0.1,亚马逊 智能马桶 Elite,1个/盒
994,35,3317.04,8,0.1,亚马逊 智能门铃 Max,1个/盒
994,63,8745.37,18,0.2,LG 智能净水器 Basic,2个/包
995,39,1721.98,8,0.1,西门子 智能音箱 Mini,3个/套
996,12,9006.93,18,0.0,格力 智能空气净化器 Standard,1个/件
997,19,7205.19,20,0.15,海尔智慧家庭 智能开关 Plus,1台/件
997,41,9212.93,7,0.05,索尼 智能空气净化器 Ultra,5个/套
997,68,3672.35,18,0.2,博世 智能插座 Basic,1套/箱
997,69,3934.04,13,0.05,谷歌 智能洗衣机 Elite,3个/套
998,62,8150.73,18,0.15,华为 智能洗衣机 Ultra,2个/包
