OrderID,CustomerID,EmployeeID,OrderDate,RequiredDate,ShippedDate,ShipVia,Freight,ShipName,ShipAddress,ShipCity,ShipRegion,ShipPostalCode,ShipCountry,CustomerName,LastName,FirstName,ShipperName
1,XO649,8,2026-05-17 20:04:14,2026-05-26 20:04:14,2026-05-22 20:04:14,4,22.18,晖来计算机传媒有限公司云计算,广东省娟市孝南辽阳路I座 278094,郑州县,江苏省,370443,中国,晖来计算机传媒有限公司云计算,王,倩,圆通速递
2,PC764,7,2025-01-31 11:01:01,2025-02-07 11:01:01,2025-02-01 11:01:01,9,113.86,恒聪百汇传媒有限公司虚拟现实,福建省兴城市高明邓街U座 898971,重庆市,河南省,796218,中国,恒聪百汇传媒有限公司虚拟现实,张,刚,德邦物流
3,CA470,3,2025-11-07 01:38:54,2025-11-12 01:38:54,2025-11-10 01:38:54,5,214.81,南康传媒有限公司生物科技,广西壮族自治区汕尾县兴山王街m座 315775,贵阳市,吉林省,458093,中国,南康传媒有限公司生物科技,王,斌,申通快递
4,BI759,18,2024-07-23 11:31:51,2024-08-02 11:31:51,2024-07-28 11:31:51,6,476.12,时空盒数字信息有限公司虚拟现实,湖南省杭州市清河柳州路s座 365953,荣市,海南省,934862,中国,时空盒数字信息有限公司虚拟现实,薛,洋,韵达快递
5,CS287,5,2024-12-24 01:14:20,2025-01-04 01:14:20,2024-12-28 01:14:20,2,70.55,和泰网络有限公司电子商务,山东省台北市南湖刘路G座 282213,玲市,江苏省,453351,中国,和泰网络有限公司电子商务,林,峰,京东物流
6,EM821,6,2024-11-28 05:20:17,2024-12-07 05:20:17,2024-12-02 05:20:17,1,259.85,泰麒麟信息有限公司人工智能,广东省想市新城曾路g座 582475,香港县,广西壮族自治区,358806,中国,泰麒麟信息有限公司人工智能,彭,桂荣,顺丰速运
7,RV310,14,2024-11-10 10:20:03,2024-11-23 10:20:03,2024-11-14 10:20:03,9,153.85,银嘉科技有限公司云计算,北京市强县牧野惠州路G座 671226,重庆县,云南省,471017,中国,银嘉科技有限公司云计算,张,帅,德邦物流
8,GC890,4,2024-07-29 21:30:47,2024-08-09 21:30:47,2024-07-31 21:30:47,7,28.32,创联世纪信息有限公司移动应用开发,云南省深圳县金平拉萨街l座 585241,福州县,四川省,101164,中国,创联世纪信息有限公司移动应用开发,赵,晨,百世快递
9,PS740,19,2025-09-13 04:24:38,2025-09-16 04:24:38,,5,350.42,国讯科技有限公司金融科技,广东省俊县锡山海门路g座 967844,金凤市,江西省,230194,中国,国讯科技有限公司金融科技,田,桂荣,申通快递
10,FJ947,10,2025-03-17 04:33:28,2025-03-25 04:33:28,2025-03-22 04:33:28,1,227.97,浙大万朋信息有限公司生物科技,海南省巢湖市徐汇成都街E座 239900,鑫市,内蒙古自治区,548115,中国,浙大万朋信息有限公司生物科技,林,磊,顺丰速运
11,EI532,11,2025-02-07 08:58:00,2025-02-21 08:58:00,2025-02-12 08:58:00,6,231.45,七喜传媒有限公司人工智能,澳门特别行政区磊市门头沟柳州街Z座 473892,丽华县,西藏自治区,358472,中国,七喜传媒有限公司人工智能,张,丹丹,韵达快递
12,FJ947,18,2024-09-04 06:21:57,2024-09-16 06:21:57,2024-09-06 06:21:57,6,446.46,浙大万朋信息有限公司生物科技,海南省巢湖市徐汇成都街E座 239900,鑫市,内蒙古自治区,548115,中国,浙大万朋信息有限公司生物科技,薛,洋,韵达快递
13,XO649,8,2025-06-07 12:07:16,2025-06-20 12:07:16,2025-06-08 12:07:16,6,437.3,晖来计算机传媒有限公司云计算,广东省娟市孝南辽阳路I座 278094,郑州县,江苏省,370443,中国,晖来计算机传媒有限公司云计算,王,倩,韵达快递
14,AU710,5,2024-12-04 17:38:15,2024-12-07 17:38:15,,5,243.29,巨奥传媒有限公司信息技术,重庆市燕市安次哈尔滨街x座 404214,辛集市,广东省,406351,中国,巨奥传媒有限公司信息技术,林,峰,申通快递
15,MZ379,4,2026-01-07 12:18:24,2026-01-15 12:18:24,2026-01-10 12:18:24,4,381.69,联软传媒有限公司区块链技术,台湾省深圳市牧野李街L座 325753,慧县,山东省,556597,中国,联软传媒有限公司区块链技术,赵,晨,圆通速递
16,ZO854,3,2025-10-24 00:13:41,2025-10-29 00:13:41,2025-10-28 00:13:41,5,372.13,MBP软件科技有限公司信息技术,安徽省瑞市西夏高路i座 571615,丽华县,宁夏回族自治区,300387,中国,MBP软件科技有限公司信息技术,王,斌,申通快递
17,XN875,9,2025-08-14 21:49:53,2025-08-20 21:49:53,2025-08-16 21:49:53,1,378.32,天开传媒有限公司网络安全,香港特别行政区澳门市清浦许路G座 380354,芳市,云南省,252621,中国,天开传媒有限公司网络安全,王,雪,顺丰速运
18,WQ849,16,2026-04-13 13:29:59,2026-04-26 13:29:59,2026-04-15 13:29:59,4,287.47,开发区世创科技有限公司科技公司,浙江省香港县翔安潮州街E座 459811,嘉禾市,黑龙江省,948902,中国,开发区世创科技有限公司科技公司,李,玉珍,圆通速递
19,TB616,20,2025-12-29 11:17:00,2026-01-11 11:17:00,2026-01-01 11:17:00,1,460.59,晖来计算机网络有限公司虚拟现实,湖北省银川县长寿佛山街w座 577399,梅县,新疆维吾尔自治区,509148,中国,晖来计算机网络有限公司虚拟现实,欧,娜,顺丰速运
20,II746,13,2025-01-05 19:14:56,2025-01-19 19:14:56,2025-01-08 19:14:56,4,90.81,恩悌传媒有限公司虚拟现实,广西壮族自治区哈尔滨县房山辛集路N座 896046,南昌县,甘肃省,203154,中国,恩悌传媒有限公司虚拟现实,曲,桂花,圆通速递
21,EK253,17,2026-03-08 21:45:52,2026-03-14 21:45:52,2026-03-13 21:45:52,7,146.21,兰金电子科技有限公司区块链技术,吉林省齐齐哈尔县沈河深圳街p座 109059,南昌市,台湾省,701156,中国,兰金电子科技有限公司区块链技术,陈,杨,百世快递
22,ZH741,15,2024-07-22 07:27:10,2024-07-29 07:27:10,2024-07-26 07:27:10,1,364.35,巨奥科技有限公司信息技术,辽宁省兵县门头沟黄路R座 339119,峰县,河南省,970735,中国,巨奥科技有限公司信息技术,徐,艳,顺丰速运
23,GL926,14,2024-12-11 17:37:39,2024-12-22 17:37:39,2024-12-15 17:37:39,3,100.12,时空盒数字传媒有限公司大数据分析,湖北省梧州县锡山周路M座 618236,巢湖市,贵州省,903078,中国,时空盒数字传媒有限公司大数据分析,张,帅,中通快递
24,GA851,1,2026-03-16 08:36:59,2026-03-30 08:36:59,2026-03-19 08:36:59,6,190.58,明腾传媒有限公司金融科技,天津市阜新县城东吴街m座 830793,齐齐哈尔县,香港特别行政区,636849,中国,明腾传媒有限公司金融科技,王,建平,韵达快递
25,CA470,15,2024-08-29 08:49:54,2024-09-11 08:49:54,2024-09-02 08:49:54,2,496.0,南康传媒有限公司生物科技,广西壮族自治区汕尾县兴山王街m座 315775,贵阳市,吉林省,458093,中国,南康传媒有限公司生物科技,徐,艳,京东物流
26,XW046,11,2026-03-04 05:13:59,2026-03-11 05:13:59,,2,294.64,鑫博腾飞信息有限公司智能科技,安徽省杭州县新城潮州路U座 487852,兴安盟市,青海省,721718,中国,鑫博腾飞信息有限公司智能科技,张,丹丹,京东物流
27,PE529,5,2024-06-16 11:25:18,2024-06-21 11:25:18,2024-06-20 11:25:18,7,14.25,易动力网络有限公司信息技术,山西省广州县淄川王路j座 894925,英县,山东省,228414,中国,易动力网络有限公司信息技术,林,峰,百世快递
28,RY548,12,2026-04-30 14:43:24,2026-05-07 14:43:24,2026-05-01 14:43:24,4,71.23,易动力信息有限公司网络安全,青海省宜都县合川朱路g座 383744,斌县,江西省,652523,中国,易动力信息有限公司网络安全,曹,洁,圆通速递
29,ZG109,11,2026-01-02 04:42:30,2026-01-10 04:42:30,2026-01-03 04:42:30,3,251.93,襄樊地球村网络有限公司智能科技,安徽省畅县房山郑路w座 157129,坤县,内蒙古自治区,951957,中国,襄樊地球村网络有限公司智能科技,张,丹丹,中通快递
30,BW289,18,2026-03-10 18:48:32,2026-03-17 18:48:32,2026-03-14 18:48:32,3,303.8,海创网络有限公司生物科技,香港特别行政区雷市翔安赵街a座 431269,汕尾县,北京市,156019,中国,海创网络有限公司生物科技,薛,洋,中通快递
31,BI759,17,2025-02-01 04:11:41,2025-02-14 04:11:41,,2,187.15,时空盒数字信息有限公司虚拟现实,湖南省杭州市清河柳州路s座 365953,荣市,海南省,934862,中国,时空盒数字信息有限公司虚拟现实,陈,杨,京东物流
32,TE207,5,2025-03-16 03:13:12,2025-03-27 03:13:12,2025-03-19 03:13:12,4,152.07,新宇龙信息传媒有限公司人工智能,澳门特别行政区合山县门头沟赵路X座 921614,张家港市,香港特别行政区,309847,中国,新宇龙信息传媒有限公司人工智能,林,峰,圆通速递
33,OA831,8,2025-06-04 03:46:46,2025-06-10 03:46:46,,1,186.66,华泰通安科技有限公司网络安全,香港特别行政区桂兰市城东傅路b座 111143,玉梅市,台湾省,529077,中国,华泰通安科技有限公司网络安全,王,倩,顺丰速运
34,US056,11,2025-11-05 14:40:33,2025-11-15 14:40:33,2025-11-07 14:40:33,2,304.44,国讯网络有限公司移动应用开发,甘肃省芳市东丽游街c座 967469,文市,浙江省,216352,中国,国讯网络有限公司移动应用开发,张,丹丹,京东物流
35,CS287,13,2025-01-18 13:43:29,2025-01-30 13:43:29,2025-01-21 13:43:29,5,113.3,和泰网络有限公司电子商务,山东省台北市南湖刘路G座 282213,玲市,江苏省,453351,中国,和泰网络有限公司电子商务,曲,桂花,申通快递
36,EA575,12,2025-02-01 04:43:37,2025-02-10 04:43:37,,4,339.21,襄樊地球村信息有限公司物联网,云南省婷婷县高明王路e座 823469,丽娟市,四川省,603957,中国,襄樊地球村信息有限公司物联网,曹,洁,圆通速递
37,OA831,17,2025-07-22 00:49:05,2025-07-28 00:49:05,2025-07-26 00:49:05,8,396.1,华泰通安科技有限公司网络安全,香港特别行政区桂兰市城东傅路b座 111143,玉梅市,台湾省,529077,中国,华泰通安科技有限公司网络安全,陈,杨,天天快递
38,EU335,6,2024-09-28 01:09:52,2024-10-01 01:09:52,2024-10-02 01:09:52,3,24.88,济南亿次元网络有限公司科技公司,甘肃省红县白云巢湖路W座 992584,巢湖市,澳门特别行政区,219657,中国,济南亿次元网络有限公司科技公司,彭,桂荣,中通快递
39,FJ947,17,2025-07-06 10:06:58,2025-07-16 10:06:58,,7,64.6,浙大万朋信息有限公司生物科技,海南省巢湖市徐汇成都街E座 239900,鑫市,内蒙古自治区,548115,中国,浙大万朋信息有限公司生物科技,陈,杨,百世快递
40,LU518,19,2024-11-30 18:57:53,2024-12-09 18:57:53,,5,104.38,易动力传媒有限公司生物科技,河南省贵阳县兴山广州路A座 729306,伟市,陕西省,802027,中国,易动力传媒有限公司生物科技,田,桂荣,申通快递
41,AD089,9,2024-08-12 11:11:46,2024-08-21 11:11:46,,4,10.64,创亿网络有限公司移动应用开发,陕西省慧市西夏李街d座 273215,楠市,贵州省,437029,中国,创亿网络有限公司移动应用开发,王,雪,圆通速递
42,QL573,4,2024-10-04 00:01:33,2024-10-13 00:01:33,2024-10-06 00:01:33,3,248.82,维涛科技有限公司网络安全,西藏自治区亮市清浦王街I座 399560,永安市,贵州省,583598,中国,维涛科技有限公司网络安全,赵,晨,中通快递
43,XO649,15,2025-07-23 04:36:42,2025-07-30 04:36:42,2025-07-27 04:36:42,5,424.45,晖来计算机传媒有限公司云计算,广东省娟市孝南辽阳路I座 278094,郑州县,江苏省,370443,中国,晖来计算机传媒有限公司云计算,徐,艳,申通快递
44,WY218,13,2024-06-26 12:48:02,2024-07-06 12:48:02,,8,186.21,飞海科技传媒有限公司信息技术,河北省楠县南湖胡街i座 304050,济南市,吉林省,373811,中国,飞海科技传媒有限公司信息技术,曲,桂花,天天快递
45,US056,2,2024-09-10 02:21:06,2024-09-14 02:21:06,2024-09-12 02:21:06,1,195.4,国讯网络有限公司移动应用开发,甘肃省芳市东丽游街c座 967469,文市,浙江省,216352,中国,国讯网络有限公司移动应用开发,江,凤兰,顺丰速运
46,VC531,13,2024-12-13 00:50:18,2024-12-20 00:50:18,2024-12-17 00:50:18,3,238.17,九方传媒有限公司生物科技,江西省玉梅县城北韦路k座 920415,六盘水市,西藏自治区,774096,中国,九方传媒有限公司生物科技,曲,桂花,中通快递
47,DH200,7,2025-06-24 00:04:02,2025-07-08 00:04:02,2025-06-27 00:04:02,7,174.41,盟新传媒有限公司大数据分析,甘肃省红县涪城董路q座 904897,辽阳县,安徽省,428336,中国,盟新传媒有限公司大数据分析,张,刚,百世快递
48,WQ849,12,2025-12-14 05:33:18,2025-12-26 05:33:18,2025-12-19 05:33:18,4,341.07,开发区世创科技有限公司科技公司,浙江省香港县翔安潮州街E座 459811,嘉禾市,黑龙江省,948902,中国,开发区世创科技有限公司科技公司,曹,洁,圆通速递
49,LU518,11,2024-12-01 09:53:07,2024-12-07 09:53:07,2024-12-06 09:53:07,9,212.1,易动力传媒有限公司生物科技,河南省贵阳县兴山广州路A座 729306,伟市,陕西省,802027,中国,易动力传媒有限公司生物科技,张,丹丹,德邦物流
50,XO649,6,2025-02-21 01:46:21,2025-02-28 01:46:21,,8,203.52,晖来计算机传媒有限公司云计算,广东省娟市孝南辽阳路I座 278094,郑州县,江苏省,370443,中国,晖来计算机传媒有限公司云计算,彭,桂荣,天天快递
51,KM929,12,2025-11-02 01:38:26,2025-11-09 01:38:26,,6,423.55,迪摩科技有限公司电子商务,吉林省香港市白云沈街W座 138703,福州县,海南省,133740,中国,迪摩科技有限公司电子商务,曹,洁,韵达快递
52,LB704,1,2026-05-17 20:14:29,2026-05-30 20:14:29,2026-05-22 20:14:29,3,129.88,群英信息有限公司金融科技,山东省丽县长寿邯郸路S座 956071,昆明县,河南省,785495,中国,群英信息有限公司金融科技,王,建平,中通快递
53,CS287,12,2026-05-04 00:15:40,2026-05-12 00:15:40,,10,325.98,和泰网络有限公司电子商务,山东省台北市南湖刘路G座 282213,玲市,江苏省,453351,中国,和泰网络有限公司电子商务,曹,洁,邮政EMS
54,GC890,6,2026-06-04 12:57:20,2026-06-11 12:57:20,,8,491.22,创联世纪信息有限公司移动应用开发,云南省深圳县金平拉萨街l座 585241,福州县,四川省,101164,中国,创联世纪信息有限公司移动应用开发,彭,桂荣,天天快递
55,QI779,13,2025-11-05 10:20:57,2025-11-19 10:20:57,2025-11-10 10:20:57,1,490.03,合联电子科技有限公司网络安全,新疆维吾尔自治区波市牧野潜江街w座 187520,沈阳县,江苏省,734012,中国,合联电子科技有限公司网络安全,曲,桂花,顺丰速运
56,CZ861,18,2024-11-21 05:28:16,2024-11-30 05:28:16,2024-11-26 05:28:16,6,34.72,合联电子科技有限公司信息技术,辽宁省琴县高明北京街p座 129411,荣市,重庆市,992062,中国,合联电子科技有限公司信息技术,薛,洋,韵达快递
57,GC890,1,2025-06-22 15:55:35,2025-06-29 15:55:35,2025-06-24 15:55:35,10,170.83,创联世纪信息有限公司移动应用开发,云南省深圳县金平拉萨街l座 585241,福州县,四川省,101164,中国,创联世纪信息有限公司移动应用开发,王,建平,邮政EMS
58,AY876,19,2024-11-04 11:51:07,2024-11-17 11:51:07,2024-11-08 11:51:07,4,457.73,精芯传媒有限公司物联网,湖北省杭州市华龙宜都路G座 885926,武汉市,湖北省,378841,中国,精芯传媒有限公司物联网,田,桂荣,圆通速递
59,WY218,18,2025-07-24 15:43:42,2025-07-30 15:43:42,2025-07-25 15:43:42,10,493.99,飞海科技传媒有限公司信息技术,河北省楠县南湖胡街i座 304050,济南市,吉林省,373811,中国,飞海科技传媒有限公司信息技术,薛,洋,邮政EMS
60,AW347,10,2025-10-07 11:43:49,2025-10-19 11:43:49,2025-10-09 11:43:49,7,62.02,鸿睿思博传媒有限公司智能科技,浙江省柳州县安次李路G座 326030,武汉市,广西壮族自治区,986110,中国,鸿睿思博传媒有限公司智能科技,林,磊,百世快递
61,GC890,19,2025-05-23 08:33:46,2025-06-03 08:33:46,2025-05-26 08:33:46,10,332.25,创联世纪信息有限公司移动应用开发,云南省深圳县金平拉萨街l座 585241,福州县,四川省,101164,中国,创联世纪信息有限公司移动应用开发,田,桂荣,邮政EMS
62,EK253,7,2025-07-31 23:39:26,2025-08-13 23:39:26,2025-08-01 23:39:26,7,146.26,兰金电子科技有限公司区块链技术,吉林省齐齐哈尔县沈河深圳街p座 109059,南昌市,台湾省,701156,中国,兰金电子科技有限公司区块链技术,张,刚,百世快递
63,GR729,5,2025-06-21 12:58:39,2025-07-03 12:58:39,2025-06-24 12:58:39,4,476.9,中建创业网络有限公司移动应用开发,江西省辛集县沈北新昆明街r座 719259,辽阳县,台湾省,639438,中国,中建创业网络有限公司移动应用开发,林,峰,圆通速递
64,QT258,18,2025-06-08 00:36:21,2025-06-13 00:36:21,2025-06-09 00:36:21,7,87.83,商软冠联传媒有限公司大数据分析,湖北省强县新城古路N座 931706,玉珍县,澳门特别行政区,424628,中国,商软冠联传媒有限公司大数据分析,薛,洋,百世快递
65,ME428,9,2025-07-11 11:05:03,2025-07-23 11:05:03,2025-07-15 11:05:03,1,294.42,创汇网络有限公司虚拟现实,北京市玉珍市朝阳赵路P座 508928,秀英市,福建省,862920,中国,创汇网络有限公司虚拟现实,王,雪,顺丰速运
66,IP471,3,2025-09-01 23:51:49,2025-09-08 23:51:49,,9,205.94,银嘉信息有限公司移动应用开发,河南省洋县门头沟张家港路q座 708953,荆门市,江西省,960045,中国,银嘉信息有限公司移动应用开发,王,斌,德邦物流
67,RY548,14,2025-07-18 06:14:30,2025-07-21 06:14:30,,9,481.34,易动力信息有限公司网络安全,青海省宜都县合川朱路g座 383744,斌县,江西省,652523,中国,易动力信息有限公司网络安全,张,帅,德邦物流
68,GL926,3,2026-05-21 06:00:53,2026-06-02 06:00:53,2026-05-25 06:00:53,3,73.08,时空盒数字传媒有限公司大数据分析,湖北省梧州县锡山周路M座 618236,巢湖市,贵州省,903078,中国,时空盒数字传媒有限公司大数据分析,王,斌,中通快递
69,BF338,15,2026-01-10 19:30:36,2026-01-24 19:30:36,2026-01-15 19:30:36,9,67.29,天开网络有限公司金融科技,广东省长沙市黄浦荆门街a座 399073,南宁市,台湾省,787111,中国,天开网络有限公司金融科技,徐,艳,德邦物流
70,WW556,15,2026-02-14 14:49:09,2026-02-22 14:49:09,,8,299.54,商软冠联网络有限公司信息技术,福建省兴城县白云赵街c座 153695,梅市,海南省,737913,中国,商软冠联网络有限公司信息技术,徐,艳,天天快递
71,VC531,4,2024-08-08 17:32:19,2024-08-13 17:32:19,2024-08-11 17:32:19,1,135.29,九方传媒有限公司生物科技,江西省玉梅县城北韦路k座 920415,六盘水市,西藏自治区,774096,中国,九方传媒有限公司生物科技,赵,晨,顺丰速运
72,HD242,3,2024-09-30 10:30:11,2024-10-04 10:30:11,,3,39.47,富罳科技有限公司生物科技,青海省贵阳市友好范街A座 611700,想县,甘肃省,415348,中国,富罳科技有限公司生物科技,王,斌,中通快递
73,LB704,16,2025-12-08 23:04:45,2025-12-22 23:04:45,,5,283.22,群英信息有限公司金融科技,山东省丽县长寿邯郸路S座 956071,昆明县,河南省,785495,中国,群英信息有限公司金融科技,李,玉珍,申通快递
74,QU287,9,2025-08-31 01:17:04,2025-09-04 01:17:04,2025-09-02 01:17:04,1,431.24,戴硕电子科技有限公司移动应用开发,台湾省天津市清城郑州街K座 578950,瑜市,陕西省,996204,中国,戴硕电子科技有限公司移动应用开发,王,雪,顺丰速运
75,RV310,16,2025-04-11 06:51:56,2025-04-22 06:51:56,2025-04-12 06:51:56,10,442.47,银嘉科技有限公司云计算,北京市强县牧野惠州路G座 671226,重庆县,云南省,471017,中国,银嘉科技有限公司云计算,李,玉珍,邮政EMS
76,ZF061,12,2025-02-16 07:29:09,2025-03-01 07:29:09,2025-02-18 07:29:09,5,458.31,维旺明信息有限公司人工智能,安徽省东莞市静安银川街g座 149650,坤县,山西省,734784,中国,维旺明信息有限公司人工智能,曹,洁,申通快递
77,BI759,16,2026-05-15 12:20:50,2026-05-28 12:20:50,2026-05-18 12:20:50,3,365.21,时空盒数字信息有限公司虚拟现实,湖南省杭州市清河柳州路s座 365953,荣市,海南省,934862,中国,时空盒数字信息有限公司虚拟现实,李,玉珍,中通快递
78,ZO854,4,2024-11-02 03:17:23,2024-11-13 03:17:23,2024-11-05 03:17:23,6,392.69,MBP软件科技有限公司信息技术,安徽省瑞市西夏高路i座 571615,丽华县,宁夏回族自治区,300387,中国,MBP软件科技有限公司信息技术,赵,晨,韵达快递
79,WB209,2,2025-09-01 10:09:27,2025-09-04 10:09:27,2025-09-04 10:09:27,10,371.68,维涛传媒有限公司云计算,内蒙古自治区上海市海陵武汉路o座 271535,秀华县,宁夏回族自治区,490120,中国,维涛传媒有限公司云计算,江,凤兰,邮政EMS
80,XA254,7,2026-05-12 23:39:57,2026-05-16 23:39:57,2026-05-17 23:39:57,8,107.41,易动力信息有限公司物联网,陕西省关岭县高坪淮安街k座 604446,齐齐哈尔市,贵州省,989116,中国,易动力信息有限公司物联网,张,刚,天天快递
81,EI532,13,2026-03-07 16:42:02,2026-03-15 16:42:02,2026-03-10 16:42:02,6,226.58,七喜传媒有限公司人工智能,澳门特别行政区磊市门头沟柳州街Z座 473892,丽华县,西藏自治区,358472,中国,七喜传媒有限公司人工智能,曲,桂花,韵达快递
82,QU287,6,2026-04-20 07:21:01,2026-04-29 07:21:01,2026-04-22 07:21:01,8,145.9,戴硕电子科技有限公司移动应用开发,台湾省天津市清城郑州街K座 578950,瑜市,陕西省,996204,中国,戴硕电子科技有限公司移动应用开发,彭,桂荣,天天快递
83,XN875,16,2025-08-29 01:20:44,2025-09-12 01:20:44,2025-08-30 01:20:44,4,238.67,天开传媒有限公司网络安全,香港特别行政区澳门市清浦许路G座 380354,芳市,云南省,252621,中国,天开传媒有限公司网络安全,李,玉珍,圆通速递
84,RY572,17,2025-01-10 11:16:37,2025-01-24 11:16:37,2025-01-13 11:16:37,8,189.16,中建创业信息有限公司虚拟现实,黑龙江省天津县清浦贵阳路S座 666651,冬梅县,内蒙古自治区,866120,中国,中建创业信息有限公司虚拟现实,陈,杨,天天快递
85,TE207,12,2024-07-15 04:35:21,2024-07-19 04:35:21,2024-07-17 04:35:21,6,36.26,新宇龙信息传媒有限公司人工智能,澳门特别行政区合山县门头沟赵路X座 921614,张家港市,香港特别行政区,309847,中国,新宇龙信息传媒有限公司人工智能,曹,洁,韵达快递
86,MG296,6,2025-10-05 21:37:32,2025-10-14 21:37:32,2025-10-09 21:37:32,8,477.59,浦华众城网络有限公司信息技术,台湾省倩县涪城陈街U座 719485,浩市,四川省,990712,中国,浦华众城网络有限公司信息技术,彭,桂荣,天天快递
87,DX151,18,2025-02-26 19:48:46,2025-03-10 19:48:46,2025-03-03 19:48:46,7,199.52,易动力信息有限公司物联网,辽宁省嘉禾县沈河六安街A座 771273,佛山县,贵州省,255410,中国,易动力信息有限公司物联网,薛,洋,百世快递
88,TO444,11,2024-12-08 22:22:38,2024-12-18 22:22:38,2024-12-10 22:22:38,1,164.29,MBP软件网络有限公司移动应用开发,青海省颖县山亭西安路G座 992594,辛集市,重庆市,516137,中国,MBP软件网络有限公司移动应用开发,张,丹丹,顺丰速运
89,WQ849,5,2024-07-30 05:27:41,2024-08-12 05:27:41,2024-07-31 05:27:41,5,32.26,开发区世创科技有限公司科技公司,浙江省香港县翔安潮州街E座 459811,嘉禾市,黑龙江省,948902,中国,开发区世创科技有限公司科技公司,林,峰,申通快递
90,BI759,18,2025-12-01 00:25:48,2025-12-12 00:25:48,,6,184.8,时空盒数字信息有限公司虚拟现实,湖南省杭州市清河柳州路s座 365953,荣市,海南省,934862,中国,时空盒数字信息有限公司虚拟现实,薛,洋,韵达快递
91,LU518,20,2024-10-07 19:56:09,2024-10-11 19:56:09,,7,63.19,易动力传媒有限公司生物科技,河南省贵阳县兴山广州路A座 729306,伟市,陕西省,802027,中国,易动力传媒有限公司生物科技,欧,娜,百世快递
92,TE207,10,2025-02-16 12:54:38,2025-02-26 12:54:38,2025-02-21 12:54:38,2,416.71,新宇龙信息传媒有限公司人工智能,澳门特别行政区合山县门头沟赵路X座 921614,张家港市,香港特别行政区,309847,中国,新宇龙信息传媒有限公司人工智能,林,磊,京东物流
93,ZF801,7,2025-10-31 04:17:09,2025-11-11 04:17:09,2025-11-05 04:17:09,9,218.66,易动力科技有限公司科技公司,北京市佛山县合川香港街U座 292593,沈阳县,广西壮族自治区,104016,中国,易动力科技有限公司科技公司,张,刚,德邦物流
94,DX151,4,2025-02-10 15:46:15,2025-02-14 15:46:15,2025-02-11 15:46:15,7,27.8,易动力信息有限公司物联网,辽宁省嘉禾县沈河六安街A座 771273,佛山县,贵州省,255410,中国,易动力信息有限公司物联网,赵,晨,百世快递
95,ZU351,7,2025-08-21 14:08:03,2025-09-02 14:08:03,,4,427.41,银嘉科技有限公司科技公司,山东省深圳县孝南黄街c座 290750,秀荣市,宁夏回族自治区,662554,中国,银嘉科技有限公司科技公司,张,刚,圆通速递
96,RV310,20,2025-02-12 02:47:14,2025-02-17 02:47:14,2025-02-16 02:47:14,1,335.79,银嘉科技有限公司云计算,北京市强县牧野惠州路G座 671226,重庆县,云南省,471017,中国,银嘉科技有限公司云计算,欧,娜,顺丰速运
97,UY980,19,2026-04-23 02:29:39,2026-04-28 02:29:39,2026-04-25 02:29:39,3,227.78,兰金电子传媒有限公司生物科技,广西壮族自治区香港县六枝特郭路r座 722655,桂香县,广西壮族自治区,205167,中国,兰金电子传媒有限公司生物科技,田,桂荣,中通快递
98,PL616,13,2025-11-04 02:32:04,2025-11-11 02:32:04,,8,74.41,巨奥网络有限公司金融科技,陕西省慧市锡山王街R座 594310,明市,天津市,692056,中国,巨奥网络有限公司金融科技,曲,桂花,天天快递
99,XN875,19,2024-09-27 10:21:51,2024-10-04 10:21:51,2024-10-02 10:21:51,7,37.2,天开传媒有限公司网络安全,香港特别行政区澳门市清浦许路G座 380354,芳市,云南省,252621,中国,天开传媒有限公司网络安全,田,桂荣,百世快递
100,MA264,12,2026-03-18 01:31:16,2026-03-30 01:31:16,2026-03-23 01:31:16,4,329.52,时刻网络有限公司信息技术,辽宁省长春县高港大冶街E座 299146,梅县,山西省,257161,中国,时刻网络有限公司信息技术,曹,洁,圆通速递
101,MA264,14,2024-11-23 20:57:29,2024-11-29 20:57:29,2024-11-25 20:57:29,9,246.57,时刻网络有限公司信息技术,辽宁省长春县高港大冶街E座 299146,梅县,山西省,257161,中国,时刻网络有限公司信息技术,张,帅,德邦物流
102,MJ814,10,2026-05-08 23:46:32,2026-05-13 23:46:32,2026-05-13 23:46:32,1,469.22,毕博诚科技有限公司互联网服务,安徽省大冶县牧野汪路E座 856404,俊市,宁夏回族自治区,628200,中国,毕博诚科技有限公司互联网服务,林,磊,顺丰速运
103,BP732,8,2026-03-19 12:56:48,2026-03-28 12:56:48,2026-03-22 12:56:48,6,181.62,南康网络有限公司互联网服务,天津市潜江县沈河太原路A座 620715,敏市,福建省,403615,中国,南康网络有限公司互联网服务,王,倩,韵达快递
104,HD242,9,2024-08-23 23:13:22,2024-09-03 23:13:22,2024-08-28 23:13:22,6,477.57,富罳科技有限公司生物科技,青海省贵阳市友好范街A座 611700,想县,甘肃省,415348,中国,富罳科技有限公司生物科技,王,雪,韵达快递
105,XA254,10,2024-07-29 06:08:08,2024-08-12 06:08:08,2024-07-31 06:08:08,1,184.34,易动力信息有限公司物联网,陕西省关岭县高坪淮安街k座 604446,齐齐哈尔市,贵州省,989116,中国,易动力信息有限公司物联网,林,磊,顺丰速运
106,IP471,16,2025-12-04 16:32:05,2025-12-18 16:32:05,2025-12-06 16:32:05,1,333.94,银嘉信息有限公司移动应用开发,河南省洋县门头沟张家港路q座 708953,荆门市,江西省,960045,中国,银嘉信息有限公司移动应用开发,李,玉珍,顺丰速运
107,JT617,20,2024-12-12 06:39:15,2024-12-22 06:39:15,,4,407.11,时空盒数字信息有限公司智能科技,山东省巢湖县清浦缪街U座 742478,郑州县,陕西省,364545,中国,时空盒数字信息有限公司智能科技,欧,娜,圆通速递
108,XO649,10,2026-06-02 00:52:06,2026-06-07 00:52:06,2026-06-04 00:52:06,7,23.6,晖来计算机传媒有限公司云计算,广东省娟市孝南辽阳路I座 278094,郑州县,江苏省,370443,中国,晖来计算机传媒有限公司云计算,林,磊,百世快递
109,NQ176,18,2025-09-27 09:45:07,2025-10-02 09:45:07,2025-09-30 09:45:07,1,327.2,图龙信息传媒有限公司数字科技,天津市梧州市安次彭路t座 336734,南昌市,江西省,117022,中国,图龙信息传媒有限公司数字科技,薛,洋,顺丰速运
110,RG743,2,2025-05-01 02:35:44,2025-05-13 02:35:44,2025-05-06 02:35:44,10,12.75,快讯信息有限公司智能科技,山东省海口县龙潭杨街q座 232213,勇县,澳门特别行政区,384293,中国,快讯信息有限公司智能科技,江,凤兰,邮政EMS
111,CS287,20,2024-09-02 12:52:52,2024-09-11 12:52:52,,4,279.08,和泰网络有限公司电子商务,山东省台北市南湖刘路G座 282213,玲市,江苏省,453351,中国,和泰网络有限公司电子商务,欧,娜,圆通速递
112,PS740,9,2025-03-22 06:53:45,2025-03-29 06:53:45,2025-03-24 06:53:45,5,359.34,国讯科技有限公司金融科技,广东省俊县锡山海门路g座 967844,金凤市,江西省,230194,中国,国讯科技有限公司金融科技,王,雪,申通快递
113,ZO854,9,2025-04-07 20:01:30,2025-04-15 20:01:30,2025-04-11 20:01:30,5,64.97,MBP软件科技有限公司信息技术,安徽省瑞市西夏高路i座 571615,丽华县,宁夏回族自治区,300387,中国,MBP软件科技有限公司信息技术,王,雪,申通快递
114,BP732,2,2025-07-30 11:43:41,2025-08-08 11:43:41,,1,103.92,南康网络有限公司互联网服务,天津市潜江县沈河太原路A座 620715,敏市,福建省,403615,中国,南康网络有限公司互联网服务,江,凤兰,顺丰速运
115,PS740,12,2025-06-27 03:23:17,2025-07-04 03:23:17,2025-07-02 03:23:17,3,141.91,国讯科技有限公司金融科技,广东省俊县锡山海门路g座 967844,金凤市,江西省,230194,中国,国讯科技有限公司金融科技,曹,洁,中通快递
116,BI759,10,2024-06-19 07:22:27,2024-06-25 07:22:27,2024-06-22 07:22:27,7,175.97,时空盒数字信息有限公司虚拟现实,湖南省杭州市清河柳州路s座 365953,荣市,海南省,934862,中国,时空盒数字信息有限公司虚拟现实,林,磊,百世快递
117,EK253,18,2026-03-17 02:04:23,2026-03-27 02:04:23,2026-03-22 02:04:23,3,287.27,兰金电子科技有限公司区块链技术,吉林省齐齐哈尔县沈河深圳街p座 109059,南昌市,台湾省,701156,中国,兰金电子科技有限公司区块链技术,薛,洋,中通快递
118,DH200,6,2025-01-14 15:01:00,2025-01-24 15:01:00,,5,274.79,盟新传媒有限公司大数据分析,甘肃省红县涪城董路q座 904897,辽阳县,安徽省,428336,中国,盟新传媒有限公司大数据分析,彭,桂荣,申通快递
119,MA264,7,2025-06-03 15:51:46,2025-06-13 15:51:46,2025-06-06 15:51:46,5,447.43,时刻网络有限公司信息技术,辽宁省长春县高港大冶街E座 299146,梅县,山西省,257161,中国,时刻网络有限公司信息技术,张,刚,申通快递
120,YZ898,7,2026-01-15 11:02:18,2026-01-29 11:02:18,2026-01-19 11:02:18,10,231.11,通际名联科技有限公司金融科技,黑龙江省利县江北曹路r座 182732,济南市,台湾省,380850,中国,通际名联科技有限公司金融科技,张,刚,邮政EMS
121,ZH741,3,2026-02-03 23:09:50,2026-02-15 23:09:50,2026-02-06 23:09:50,6,422.5,巨奥科技有限公司信息技术,辽宁省兵县门头沟黄路R座 339119,峰县,河南省,970735,中国,巨奥科技有限公司信息技术,王,斌,韵达快递
122,XO649,8,2026-01-15 22:27:55,2026-01-21 22:27:55,2026-01-17 22:27:55,2,292.12,晖来计算机传媒有限公司云计算,广东省娟市孝南辽阳路I座 278094,郑州县,江苏省,370443,中国,晖来计算机传媒有限公司云计算,王,倩,京东物流
123,QL573,16,2025-01-11 03:15:47,2025-01-16 03:15:47,,7,400.78,维涛科技有限公司网络安全,西藏自治区亮市清浦王街I座 399560,永安市,贵州省,583598,中国,维涛科技有限公司网络安全,李,玉珍,百世快递
124,PE529,19,2024-09-03 19:49:11,2024-09-14 19:49:11,2024-09-04 19:49:11,1,229.05,易动力网络有限公司信息技术,山西省广州县淄川王路j座 894925,英县,山东省,228414,中国,易动力网络有限公司信息技术,田,桂荣,顺丰速运
125,AU710,4,2024-08-22 15:22:53,2024-08-26 15:22:53,2024-08-23 15:22:53,3,236.07,巨奥传媒有限公司信息技术,重庆市燕市安次哈尔滨街x座 404214,辛集市,广东省,406351,中国,巨奥传媒有限公司信息技术,赵,晨,中通快递
126,VX147,20,2026-02-09 10:47:40,2026-02-19 10:47:40,2026-02-12 10:47:40,1,406.83,东方峻景传媒有限公司金融科技,江西省利市东城任街V座 970735,海门县,湖南省,667608,中国,东方峻景传媒有限公司金融科技,欧,娜,顺丰速运
127,TO444,17,2024-09-06 21:26:49,2024-09-12 21:26:49,2024-09-08 21:26:49,9,262.42,MBP软件网络有限公司移动应用开发,青海省颖县山亭西安路G座 992594,辛集市,重庆市,516137,中国,MBP软件网络有限公司移动应用开发,陈,杨,德邦物流
128,QL573,13,2024-11-23 01:49:35,2024-12-05 01:49:35,2024-11-26 01:49:35,5,301.49,维涛科技有限公司网络安全,西藏自治区亮市清浦王街I座 399560,永安市,贵州省,583598,中国,维涛科技有限公司网络安全,曲,桂花,申通快递
129,GR625,2,2025-03-08 08:14:52,2025-03-19 08:14:52,2025-03-10 08:14:52,2,26.55,明腾传媒有限公司互联网服务,澳门特别行政区呼和浩特市沈北新曲街v座 733015,邯郸市,天津市,144183,中国,明腾传媒有限公司互联网服务,江,凤兰,京东物流
130,ZU351,4,2025-01-21 14:45:16,2025-02-02 14:45:16,2025-01-22 14:45:16,2,345.75,银嘉科技有限公司科技公司,山东省深圳县孝南黄街c座 290750,秀荣市,宁夏回族自治区,662554,中国,银嘉科技有限公司科技公司,赵,晨,京东物流
131,CZ861,6,2025-12-02 16:05:14,2025-12-11 16:05:14,,2,23.24,合联电子科技有限公司信息技术,辽宁省琴县高明北京街p座 129411,荣市,重庆市,992062,中国,合联电子科技有限公司信息技术,彭,桂荣,京东物流
132,VX147,11,2024-06-25 02:32:14,2024-07-05 02:32:14,2024-06-26 02:32:14,2,354.29,东方峻景传媒有限公司金融科技,江西省利市东城任街V座 970735,海门县,湖南省,667608,中国,东方峻景传媒有限公司金融科技,张,丹丹,京东物流
133,VQ233,18,2024-06-25 10:43:41,2024-07-01 10:43:41,2024-06-28 10:43:41,10,236.23,和泰信息有限公司信息技术,江苏省俊市璧山陈路I座 849236,成都市,四川省,430904,中国,和泰信息有限公司信息技术,薛,洋,邮政EMS
134,CC657,9,2025-02-03 13:57:41,2025-02-06 13:57:41,,7,132.89,昊嘉信息有限公司信息技术,天津市伟县清城何路W座 931319,军县,辽宁省,815449,中国,昊嘉信息有限公司信息技术,王,雪,百世快递
135,PC764,20,2026-01-30 14:13:14,2026-02-10 14:13:14,2026-02-04 14:13:14,4,151.52,恒聪百汇传媒有限公司虚拟现实,福建省兴城市高明邓街U座 898971,重庆市,河南省,796218,中国,恒聪百汇传媒有限公司虚拟现实,欧,娜,圆通速递
136,TW751,2,2025-11-18 11:26:46,2025-11-30 11:26:46,2025-11-23 11:26:46,6,150.32,图龙信息网络有限公司云计算,湖南省兰州县丰都张街B座 954217,宁德市,福建省,905170,中国,图龙信息网络有限公司云计算,江,凤兰,韵达快递
137,DV182,12,2024-10-18 09:01:34,2024-10-22 09:01:34,,7,336.25,艾提科信传媒有限公司网络安全,西藏自治区凤兰县朝阳林街U座 372877,桂荣市,山西省,386526,中国,艾提科信传媒有限公司网络安全,曹,洁,百世快递
138,EB652,18,2025-01-30 17:16:18,2025-02-11 17:16:18,2025-01-31 17:16:18,3,227.08,凌云信息有限公司虚拟现实,香港特别行政区福州市城北太原街O座 751024,秀珍县,福建省,531973,中国,凌云信息有限公司虚拟现实,薛,洋,中通快递
139,CZ861,16,2026-02-07 13:10:17,2026-02-19 13:10:17,2026-02-10 13:10:17,7,158.1,合联电子科技有限公司信息技术,辽宁省琴县高明北京街p座 129411,荣市,重庆市,992062,中国,合联电子科技有限公司信息技术,李,玉珍,百世快递
140,XO649,10,2026-01-21 16:47:01,2026-01-28 16:47:01,2026-01-23 16:47:01,1,107.52,晖来计算机传媒有限公司云计算,广东省娟市孝南辽阳路I座 278094,郑州县,江苏省,370443,中国,晖来计算机传媒有限公司云计算,林,磊,顺丰速运
141,NU012,13,2024-06-19 09:12:54,2024-06-27 09:12:54,,9,44.97,商软冠联传媒有限公司智能科技,甘肃省阜新县江北白路G座 114919,太原县,黑龙江省,500377,中国,商软冠联传媒有限公司智能科技,曲,桂花,德邦物流
142,MA264,6,2025-05-24 10:08:52,2025-06-02 10:08:52,2025-05-28 10:08:52,3,287.5,时刻网络有限公司信息技术,辽宁省长春县高港大冶街E座 299146,梅县,山西省,257161,中国,时刻网络有限公司信息技术,彭,桂荣,中通快递
143,EA575,6,2025-11-11 04:45:12,2025-11-22 04:45:12,2025-11-15 04:45:12,10,385.99,襄樊地球村信息有限公司物联网,云南省婷婷县高明王路e座 823469,丽娟市,四川省,603957,中国,襄樊地球村信息有限公司物联网,彭,桂荣,邮政EMS
144,EM821,17,2025-02-26 17:06:25,2025-03-07 17:06:25,2025-02-28 17:06:25,8,324.15,泰麒麟信息有限公司人工智能,广东省想市新城曾路g座 582475,香港县,广西壮族自治区,358806,中国,泰麒麟信息有限公司人工智能,陈,杨,天天快递
145,EU335,12,2024-12-21 05:01:31,2025-01-01 05:01:31,,5,427.58,济南亿次元网络有限公司科技公司,甘肃省红县白云巢湖路W座 992584,巢湖市,澳门特别行政区,219657,中国,济南亿次元网络有限公司科技公司,曹,洁,申通快递
146,FB488,14,2025-03-25 10:52:29,2025-04-04 10:52:29,,6,133.22,方正科技科技有限公司互联网服务,新疆维吾尔自治区莉县牧野王路L座 235814,宁德市,湖南省,575121,中国,方正科技科技有限公司互联网服务,张,帅,韵达快递
147,GL926,17,2024-07-11 04:02:30,2024-07-24 04:02:30,,4,476.15,时空盒数字传媒有限公司大数据分析,湖北省梧州县锡山周路M座 618236,巢湖市,贵州省,903078,中国,时空盒数字传媒有限公司大数据分析,陈,杨,圆通速递
148,PJ659,10,2024-08-21 00:55:26,2024-08-27 00:55:26,2024-08-26 00:55:26,5,90.61,超艺网络有限公司人工智能,四川省梅市高明潮州路u座 815912,武汉市,四川省,103035,中国,超艺网络有限公司人工智能,林,磊,申通快递
149,VC531,13,2024-06-10 01:10:49,2024-06-20 01:10:49,,4,369.44,九方传媒有限公司生物科技,江西省玉梅县城北韦路k座 920415,六盘水市,西藏自治区,774096,中国,九方传媒有限公司生物科技,曲,桂花,圆通速递
150,OA831,8,2025-05-06 06:19:46,2025-05-13 06:19:46,2025-05-09 06:19:46,3,196.84,华泰通安科技有限公司网络安全,香港特别行政区桂兰市城东傅路b座 111143,玉梅市,台湾省,529077,中国,华泰通安科技有限公司网络安全,王,倩,中通快递
151,AY876,5,2026-02-16 03:25:36,2026-02-22 03:25:36,2026-02-17 03:25:36,4,378.08,精芯传媒有限公司物联网,湖北省杭州市华龙宜都路G座 885926,武汉市,湖北省,378841,中国,精芯传媒有限公司物联网,林,峰,圆通速递
152,IK721,9,2025-06-29 10:38:32,2025-07-07 10:38:32,2025-07-04 10:38:32,9,492.73,诺依曼软件传媒有限公司物联网,广东省重庆市沈北新深圳路t座 370139,华市,广西壮族自治区,558601,中国,诺依曼软件传媒有限公司物联网,王,雪,德邦物流
153,GL926,20,2026-05-07 04:22:06,2026-05-13 04:22:06,2026-05-11 04:22:06,7,161.15,时空盒数字传媒有限公司大数据分析,湖北省梧州县锡山周路M座 618236,巢湖市,贵州省,903078,中国,时空盒数字传媒有限公司大数据分析,欧,娜,百世快递
154,CS287,16,2025-10-08 12:06:48,2025-10-11 12:06:48,2025-10-13 12:06:48,9,109.54,和泰网络有限公司电子商务,山东省台北市南湖刘路G座 282213,玲市,江苏省,453351,中国,和泰网络有限公司电子商务,李,玉珍,德邦物流
155,XO649,18,2025-08-08 22:38:02,2025-08-15 22:38:02,2025-08-09 22:38:02,6,44.01,晖来计算机传媒有限公司云计算,广东省娟市孝南辽阳路I座 278094,郑州县,江苏省,370443,中国,晖来计算机传媒有限公司云计算,薛,洋,韵达快递
156,IP471,8,2024-08-24 16:43:44,2024-08-30 16:43:44,,3,27.7,银嘉信息有限公司移动应用开发,河南省洋县门头沟张家港路q座 708953,荆门市,江西省,960045,中国,银嘉信息有限公司移动应用开发,王,倩,中通快递
157,EI532,3,2025-04-24 13:30:29,2025-04-28 13:30:29,2025-04-27 13:30:29,7,277.51,七喜传媒有限公司人工智能,澳门特别行政区磊市门头沟柳州街Z座 473892,丽华县,西藏自治区,358472,中国,七喜传媒有限公司人工智能,王,斌,百世快递
158,XN875,8,2025-05-21 11:04:33,2025-05-26 11:04:33,2025-05-23 11:04:33,8,151.31,天开传媒有限公司网络安全,香港特别行政区澳门市清浦许路G座 380354,芳市,云南省,252621,中国,天开传媒有限公司网络安全,王,倩,天天快递
159,EM821,19,2026-04-19 13:27:51,2026-05-01 13:27:51,2026-04-23 13:27:51,6,135.24,泰麒麟信息有限公司人工智能,广东省想市新城曾路g座 582475,香港县,广西壮族自治区,358806,中国,泰麒麟信息有限公司人工智能,田,桂荣,韵达快递
160,CZ861,17,2024-07-05 23:20:06,2024-07-17 23:20:06,2024-07-09 23:20:06,8,405.98,合联电子科技有限公司信息技术,辽宁省琴县高明北京街p座 129411,荣市,重庆市,992062,中国,合联电子科技有限公司信息技术,陈,杨,天天快递
161,KM929,4,2024-09-10 17:42:40,2024-09-23 17:42:40,2024-09-12 17:42:40,8,359.46,迪摩科技有限公司电子商务,吉林省香港市白云沈街W座 138703,福州县,海南省,133740,中国,迪摩科技有限公司电子商务,赵,晨,天天快递
162,GR625,5,2026-01-18 20:45:31,2026-01-21 20:45:31,,8,231.13,明腾传媒有限公司互联网服务,澳门特别行政区呼和浩特市沈北新曲街v座 733015,邯郸市,天津市,144183,中国,明腾传媒有限公司互联网服务,林,峰,天天快递
163,XO649,1,2025-10-23 10:15:23,2025-11-03 10:15:23,2025-10-28 10:15:23,10,78.46,晖来计算机传媒有限公司云计算,广东省娟市孝南辽阳路I座 278094,郑州县,江苏省,370443,中国,晖来计算机传媒有限公司云计算,王,建平,邮政EMS
164,ZV584,6,2025-02-10 09:06:21,2025-02-15 09:06:21,,6,295.46,维旺明科技有限公司大数据分析,山东省雷县涪城王路f座 739633,杭州市,福建省,105798,中国,维旺明科技有限公司大数据分析,彭,桂荣,韵达快递
165,ZF801,16,2025-07-04 08:24:37,2025-07-07 08:24:37,,10,110.08,易动力科技有限公司科技公司,北京市佛山县合川香港街U座 292593,沈阳县,广西壮族自治区,104016,中国,易动力科技有限公司科技公司,李,玉珍,邮政EMS
166,MR129,13,2025-12-15 05:28:52,2025-12-25 05:28:52,2025-12-16 05:28:52,1,319.7,太极信息有限公司互联网服务,江苏省六盘水县清浦黄街g座 440842,海门市,福建省,737845,中国,太极信息有限公司互联网服务,曲,桂花,顺丰速运
167,ME428,16,2025-03-09 03:47:34,2025-03-21 03:47:34,2025-03-14 03:47:34,4,295.81,创汇网络有限公司虚拟现实,北京市玉珍市朝阳赵路P座 508928,秀英市,福建省,862920,中国,创汇网络有限公司虚拟现实,李,玉珍,圆通速递
168,KS630,14,2024-11-22 07:51:52,2024-12-06 07:51:52,2024-11-23 07:51:52,5,478.73,良诺信息有限公司网络安全,四川省西安市魏都邓路Q座 814705,潮州市,内蒙古自治区,453855,中国,良诺信息有限公司网络安全,张,帅,申通快递
169,EK253,17,2024-08-24 11:25:20,2024-09-01 11:25:20,,6,458.87,兰金电子科技有限公司区块链技术,吉林省齐齐哈尔县沈河深圳街p座 109059,南昌市,台湾省,701156,中国,兰金电子科技有限公司区块链技术,陈,杨,韵达快递
170,NU012,15,2024-06-22 07:11:40,2024-06-26 07:11:40,2024-06-27 07:11:40,4,120.36,商软冠联传媒有限公司智能科技,甘肃省阜新县江北白路G座 114919,太原县,黑龙江省,500377,中国,商软冠联传媒有限公司智能科技,徐,艳,圆通速递
171,VC531,4,2025-05-30 12:18:09,2025-06-12 12:18:09,,8,362.31,九方传媒有限公司生物科技,江西省玉梅县城北韦路k座 920415,六盘水市,西藏自治区,774096,中国,九方传媒有限公司生物科技,赵,晨,天天快递
172,CM245,8,2024-07-30 16:17:22,2024-08-12 16:17:22,2024-08-02 16:17:22,3,339.31,万迅电脑信息有限公司科技公司,澳门特别行政区沈阳市秀英向路j座 232419,洋县,宁夏回族自治区,487088,中国,万迅电脑信息有限公司科技公司,王,倩,中通快递
173,AY876,20,2026-01-26 13:47:00,2026-01-29 13:47:00,2026-01-31 13:47:00,3,159.9,精芯传媒有限公司物联网,湖北省杭州市华龙宜都路G座 885926,武汉市,湖北省,378841,中国,精芯传媒有限公司物联网,欧,娜,中通快递
174,XO649,5,2025-05-15 18:18:35,2025-05-23 18:18:35,2025-05-17 18:18:35,1,82.96,晖来计算机传媒有限公司云计算,广东省娟市孝南辽阳路I座 278094,郑州县,江苏省,370443,中国,晖来计算机传媒有限公司云计算,林,峰,顺丰速运
175,EU335,3,2024-09-19 19:14:36,2024-10-03 19:14:36,2024-09-22 19:14:36,7,143.11,济南亿次元网络有限公司科技公司,甘肃省红县白云巢湖路W座 992584,巢湖市,澳门特别行政区,219657,中国,济南亿次元网络有限公司科技公司,王,斌,百世快递
176,GR729,19,2024-06-12 02:01:01,2024-06-18 02:01:01,2024-06-14 02:01:01,1,275.09,中建创业网络有限公司移动应用开发,江西省辛集县沈北新昆明街r座 719259,辽阳县,台湾省,639438,中国,中建创业网络有限公司移动应用开发,田,桂荣,顺丰速运
177,CC657,10,2025-02-04 01:07:07,2025-02-15 01:07:07,2025-02-08 01:07:07,8,110.12,昊嘉信息有限公司信息技术,天津市伟县清城何路W座 931319,军县,辽宁省,815449,中国,昊嘉信息有限公司信息技术,林,磊,天天快递
178,QT258,7,2026-01-25 05:31:04,2026-02-01 05:31:04,2026-01-27 05:31:04,9,14.9,商软冠联传媒有限公司大数据分析,湖北省强县新城古路N座 931706,玉珍县,澳门特别行政区,424628,中国,商软冠联传媒有限公司大数据分析,张,刚,德邦物流
179,XA254,14,2026-03-11 02:52:10,2026-03-15 02:52:10,,9,453.38,易动力信息有限公司物联网,陕西省关岭县高坪淮安街k座 604446,齐齐哈尔市,贵州省,989116,中国,易动力信息有限公司物联网,张,帅,德邦物流
180,DW607,5,2026-04-11 08:18:46,2026-04-23 08:18:46,2026-04-12 08:18:46,2,78.56,银嘉网络有限公司云计算,四川省秀华县金平合山街C座 522476,杨县,江苏省,112129,中国,银嘉网络有限公司云计算,林,峰,京东物流
181,MR129,13,2026-05-26 01:22:48,2026-06-08 01:22:48,2026-05-30 01:22:48,1,255.5,太极信息有限公司互联网服务,江苏省六盘水县清浦黄街g座 440842,海门市,福建省,737845,中国,太极信息有限公司互联网服务,曲,桂花,顺丰速运
182,QT258,6,2025-04-13 22:22:09,2025-04-19 22:22:09,2025-04-14 22:22:09,2,284.48,商软冠联传媒有限公司大数据分析,湖北省强县新城古路N座 931706,玉珍县,澳门特别行政区,424628,中国,商软冠联传媒有限公司大数据分析,彭,桂荣,京东物流
183,YZ898,2,2024-06-28 13:23:20,2024-07-01 13:23:20,,2,232.74,通际名联科技有限公司金融科技,黑龙江省利县江北曹路r座 182732,济南市,台湾省,380850,中国,通际名联科技有限公司金融科技,江,凤兰,京东物流
184,VZ702,9,2026-01-17 15:49:24,2026-01-23 15:49:24,2026-01-20 15:49:24,3,421.56,精芯网络有限公司互联网服务,河北省南京市翔安朱路w座 386632,马鞍山县,广东省,526423,中国,精芯网络有限公司互联网服务,王,雪,中通快递
185,LU518,9,2026-01-21 08:04:46,2026-01-28 08:04:46,,7,468.6,易动力传媒有限公司生物科技,河南省贵阳县兴山广州路A座 729306,伟市,陕西省,802027,中国,易动力传媒有限公司生物科技,王,雪,百世快递
186,VX147,17,2026-06-03 08:17:33,2026-06-14 08:17:33,2026-06-07 08:17:33,3,191.73,东方峻景传媒有限公司金融科技,江西省利市东城任街V座 970735,海门县,湖南省,667608,中国,东方峻景传媒有限公司金融科技,陈,杨,中通快递
187,RV310,8,2025-06-08 23:54:23,2025-06-19 23:54:23,,4,73.56,银嘉科技有限公司云计算,北京市强县牧野惠州路G座 671226,重庆县,云南省,471017,中国,银嘉科技有限公司云计算,王,倩,圆通速递
188,RG743,14,2026-05-20 22:20:47,2026-05-27 22:20:47,2026-05-21 22:20:47,10,283.6,快讯信息有限公司智能科技,山东省海口县龙潭杨街q座 232213,勇县,澳门特别行政区,384293,中国,快讯信息有限公司智能科技,张,帅,邮政EMS
189,WW556,19,2025-12-14 05:54:29,2025-12-28 05:54:29,2025-12-18 05:54:29,10,153.9,商软冠联网络有限公司信息技术,福建省兴城县白云赵街c座 153695,梅市,海南省,737913,中国,商软冠联网络有限公司信息技术,田,桂荣,邮政EMS
190,CC657,10,2025-08-30 14:53:18,2025-09-13 14:53:18,,6,21.92,昊嘉信息有限公司信息技术,天津市伟县清城何路W座 931319,军县,辽宁省,815449,中国,昊嘉信息有限公司信息技术,林,磊,韵达快递
191,CA470,3,2026-05-10 21:02:21,2026-05-16 21:02:21,,10,443.85,南康传媒有限公司生物科技,广西壮族自治区汕尾县兴山王街m座 315775,贵阳市,吉林省,458093,中国,南康传媒有限公司生物科技,王,斌,邮政EMS
192,GJ116,3,2024-10-08 13:51:35,2024-10-17 13:51:35,2024-10-11 13:51:35,4,266.13,良诺信息有限公司生物科技,云南省雷市东城巫街s座 382268,红市,海南省,562035,中国,良诺信息有限公司生物科技,王,斌,圆通速递
193,VZ702,12,2026-05-11 19:52:58,2026-05-15 19:52:58,,2,173.53,精芯网络有限公司互联网服务,河北省南京市翔安朱路w座 386632,马鞍山县,广东省,526423,中国,精芯网络有限公司互联网服务,曹,洁,京东物流
194,OA831,16,2024-10-15 00:26:47,2024-10-19 00:26:47,,6,370.66,华泰通安科技有限公司网络安全,香港特别行政区桂兰市城东傅路b座 111143,玉梅市,台湾省,529077,中国,华泰通安科技有限公司网络安全,李,玉珍,韵达快递
195,NQ176,9,2025-08-27 00:41:03,2025-09-02 00:41:03,,8,422.56,图龙信息传媒有限公司数字科技,天津市梧州市安次彭路t座 336734,南昌市,江西省,117022,中国,图龙信息传媒有限公司数字科技,王,雪,天天快递
196,TO444,3,2024-12-31 04:47:10,2025-01-03 04:47:10,,4,146.23,MBP软件网络有限公司移动应用开发,青海省颖县山亭西安路G座 992594,辛集市,重庆市,516137,中国,MBP软件网络有限公司移动应用开发,王,斌,圆通速递
197,YR398,4,2026-03-02 05:28:00,2026-03-16 05:28:00,2026-03-04 05:28:00,5,479.54,浦华众城信息有限公司虚拟现实,新疆维吾尔自治区福州市翔安李路i座 712866,大冶市,广东省,992649,中国,浦华众城信息有限公司虚拟现实,赵,晨,申通快递
198,BI759,13,2026-02-03 18:41:13,2026-02-11 18:41:13,2026-02-06 18:41:13,9,397.4,时空盒数字信息有限公司虚拟现实,湖南省杭州市清河柳州路s座 365953,荣市,海南省,934862,中国,时空盒数字信息有限公司虚拟现实,曲,桂花,德邦物流
199,PV664,19,2024-08-17 18:56:16,2024-08-29 18:56:16,,6,123.21,毕博诚信息有限公司信息技术,天津市颖县华龙武街i座 729878,柳州县,贵州省,534760,中国,毕博诚信息有限公司信息技术,田,桂荣,韵达快递
200,WB209,18,2024-11-20 09:45:02,2024-12-04 09:45:02,2024-11-21 09:45:02,1,137.97,维涛传媒有限公司云计算,内蒙古自治区上海市海陵武汉路o座 271535,秀华县,宁夏回族自治区,490120,中国,维涛传媒有限公司云计算,薛,洋,顺丰速运
201,MA264,7,2026-01-04 14:09:37,2026-01-15 14:09:37,2026-01-08 14:09:37,3,300.01,时刻网络有限公司信息技术,辽宁省长春县高港大冶街E座 299146,梅县,山西省,257161,中国,时刻网络有限公司信息技术,张,刚,中通快递
202,QU287,14,2025-05-30 12:59:51,2025-06-08 12:59:51,2025-06-01 12:59:51,10,283.75,戴硕电子科技有限公司移动应用开发,台湾省天津市清城郑州街K座 578950,瑜市,陕西省,996204,中国,戴硕电子科技有限公司移动应用开发,张,帅,邮政EMS
203,GJ116,12,2025-03-31 05:17:32,2025-04-11 05:17:32,2025-04-01 05:17:32,8,343.52,良诺信息有限公司生物科技,云南省雷市东城巫街s座 382268,红市,海南省,562035,中国,良诺信息有限公司生物科技,曹,洁,天天快递
204,QU287,14,2025-10-26 01:51:19,2025-11-08 01:51:19,,4,150.68,戴硕电子科技有限公司移动应用开发,台湾省天津市清城郑州街K座 578950,瑜市,陕西省,996204,中国,戴硕电子科技有限公司移动应用开发,张,帅,圆通速递
205,CS287,2,2024-08-22 22:32:42,2024-09-02 22:32:42,,6,406.78,和泰网络有限公司电子商务,山东省台北市南湖刘路G座 282213,玲市,江苏省,453351,中国,和泰网络有限公司电子商务,江,凤兰,韵达快递
206,GC890,16,2024-10-08 08:57:07,2024-10-12 08:57:07,,7,12.31,创联世纪信息有限公司移动应用开发,云南省深圳县金平拉萨街l座 585241,福州县,四川省,101164,中国,创联世纪信息有限公司移动应用开发,李,玉珍,百世快递
207,GJ116,13,2026-06-03 09:05:16,2026-06-06 09:05:16,2026-06-07 09:05:16,7,254.12,良诺信息有限公司生物科技,云南省雷市东城巫街s座 382268,红市,海南省,562035,中国,良诺信息有限公司生物科技,曲,桂花,百世快递
208,ZF801,15,2026-01-02 16:06:21,2026-01-14 16:06:21,,2,379.96,易动力科技有限公司科技公司,北京市佛山县合川香港街U座 292593,沈阳县,广西壮族自治区,104016,中国,易动力科技有限公司科技公司,徐,艳,京东物流
209,OA831,19,2025-02-11 02:19:40,2025-02-15 02:19:40,2025-02-15 02:19:40,2,303.7,华泰通安科技有限公司网络安全,香港特别行政区桂兰市城东傅路b座 111143,玉梅市,台湾省,529077,中国,华泰通安科技有限公司网络安全,田,桂荣,京东物流
210,WB209,9,2026-01-27 00:08:50,2026-02-04 00:08:50,2026-01-31 00:08:50,1,334.67,维涛传媒有限公司云计算,内蒙古自治区上海市海陵武汉路o座 271535,秀华县,宁夏回族自治区,490120,中国,维涛传媒有限公司云计算,王,雪,顺丰速运
211,FJ947,11,2024-08-13 09:52:49,2024-08-23 09:52:49,2024-08-17 09:52:49,1,274.78,浙大万朋信息有限公司生物科技,海南省巢湖市徐汇成都街E座 239900,鑫市,内蒙古自治区,548115,中国,浙大万朋信息有限公司生物科技,张,丹丹,顺丰速运
212,AW347,5,2026-01-30 00:08:01,2026-02-12 00:08:01,,3,14.12,鸿睿思博传媒有限公司智能科技,浙江省柳州县安次李路G座 326030,武汉市,广西壮族自治区,986110,中国,鸿睿思博传媒有限公司智能科技,林,峰,中通快递
213,GL926,7,2025-03-09 04:20:35,2025-03-20 04:20:35,2025-03-10 04:20:35,6,423.18,时空盒数字传媒有限公司大数据分析,湖北省梧州县锡山周路M座 618236,巢湖市,贵州省,903078,中国,时空盒数字传媒有限公司大数据分析,张,刚,韵达快递
214,PV664,15,2025-01-01 03:20:12,2025-01-13 03:20:12,2025-01-02 03:20:12,3,47.32,毕博诚信息有限公司信息技术,天津市颖县华龙武街i座 729878,柳州县,贵州省,534760,中国,毕博诚信息有限公司信息技术,徐,艳,中通快递
215,GC846,2,2025-06-19 08:05:46,2025-06-27 08:05:46,,3,249.56,明腾科技有限公司区块链技术,河南省志强县城东杨路A座 853694,石家庄市,安徽省,450779,中国,明腾科技有限公司区块链技术,江,凤兰,中通快递
216,ZU351,6,2025-11-01 04:28:12,2025-11-11 04:28:12,2025-11-06 04:28:12,8,167.5,银嘉科技有限公司科技公司,山东省深圳县孝南黄街c座 290750,秀荣市,宁夏回族自治区,662554,中国,银嘉科技有限公司科技公司,彭,桂荣,天天快递
217,MZ379,1,2025-12-07 17:13:47,2025-12-15 17:13:47,2025-12-12 17:13:47,10,211.36,联软传媒有限公司区块链技术,台湾省深圳市牧野李街L座 325753,慧县,山东省,556597,中国,联软传媒有限公司区块链技术,王,建平,邮政EMS
218,ZV584,15,2026-05-31 01:45:52,2026-06-05 01:45:52,,5,440.27,维旺明科技有限公司大数据分析,山东省雷县涪城王路f座 739633,杭州市,福建省,105798,中国,维旺明科技有限公司大数据分析,徐,艳,申通快递
219,DX151,10,2024-09-09 12:37:23,2024-09-17 12:37:23,2024-09-14 12:37:23,7,419.71,易动力信息有限公司物联网,辽宁省嘉禾县沈河六安街A座 771273,佛山县,贵州省,255410,中国,易动力信息有限公司物联网,林,磊,百世快递
220,ZF061,4,2025-08-27 23:46:08,2025-09-05 23:46:08,2025-08-28 23:46:08,1,55.33,维旺明信息有限公司人工智能,安徽省东莞市静安银川街g座 149650,坤县,山西省,734784,中国,维旺明信息有限公司人工智能,赵,晨,顺丰速运
221,PL616,10,2024-08-31 08:48:28,2024-09-06 08:48:28,2024-09-02 08:48:28,6,25.45,巨奥网络有限公司金融科技,陕西省慧市锡山王街R座 594310,明市,天津市,692056,中国,巨奥网络有限公司金融科技,林,磊,韵达快递
222,KM929,3,2024-09-22 18:17:56,2024-09-30 18:17:56,2024-09-25 18:17:56,8,456.31,迪摩科技有限公司电子商务,吉林省香港市白云沈街W座 138703,福州县,海南省,133740,中国,迪摩科技有限公司电子商务,王,斌,天天快递
223,BF338,15,2026-05-17 23:46:15,2026-05-30 23:46:15,2026-05-18 23:46:15,7,121.2,天开网络有限公司金融科技,广东省长沙市黄浦荆门街a座 399073,南宁市,台湾省,787111,中国,天开网络有限公司金融科技,徐,艳,百世快递
224,TB616,3,2024-06-20 13:31:09,2024-07-02 13:31:09,2024-06-21 13:31:09,3,125.52,晖来计算机网络有限公司虚拟现实,湖北省银川县长寿佛山街w座 577399,梅县,新疆维吾尔自治区,509148,中国,晖来计算机网络有限公司虚拟现实,王,斌,中通快递
225,CS287,2,2026-01-21 02:08:36,2026-01-29 02:08:36,2026-01-24 02:08:36,10,277.63,和泰网络有限公司电子商务,山东省台北市南湖刘路G座 282213,玲市,江苏省,453351,中国,和泰网络有限公司电子商务,江,凤兰,邮政EMS
226,CA470,8,2024-12-23 04:52:35,2024-12-29 04:52:35,2024-12-27 04:52:35,8,495.05,南康传媒有限公司生物科技,广西壮族自治区汕尾县兴山王街m座 315775,贵阳市,吉林省,458093,中国,南康传媒有限公司生物科技,王,倩,天天快递
227,WQ849,9,2026-05-31 04:13:59,2026-06-04 04:13:59,2026-06-03 04:13:59,2,151.13,开发区世创科技有限公司科技公司,浙江省香港县翔安潮州街E座 459811,嘉禾市,黑龙江省,948902,中国,开发区世创科技有限公司科技公司,王,雪,京东物流
228,WW556,17,2025-06-15 21:37:47,2025-06-24 21:37:47,2025-06-18 21:37:47,9,443.65,商软冠联网络有限公司信息技术,福建省兴城县白云赵街c座 153695,梅市,海南省,737913,中国,商软冠联网络有限公司信息技术,陈,杨,德邦物流
229,DW607,4,2025-10-28 22:43:03,2025-11-06 22:43:03,2025-10-29 22:43:03,8,71.77,银嘉网络有限公司云计算,四川省秀华县金平合山街C座 522476,杨县,江苏省,112129,中国,银嘉网络有限公司云计算,赵,晨,天天快递
230,BP732,3,2026-03-15 18:43:23,2026-03-22 18:43:23,2026-03-16 18:43:23,2,380.42,南康网络有限公司互联网服务,天津市潜江县沈河太原路A座 620715,敏市,福建省,403615,中国,南康网络有限公司互联网服务,王,斌,京东物流
231,NQ176,13,2024-09-09 08:56:19,2024-09-22 08:56:19,2024-09-10 08:56:19,7,197.81,图龙信息传媒有限公司数字科技,天津市梧州市安次彭路t座 336734,南昌市,江西省,117022,中国,图龙信息传媒有限公司数字科技,曲,桂花,百世快递
232,WN094,16,2024-06-28 03:21:52,2024-07-02 03:21:52,2024-07-02 03:21:52,5,273.96,菊风公司传媒有限公司数字科技,广东省哈尔滨市高坪王路l座 274673,秀梅市,黑龙江省,610381,中国,菊风公司传媒有限公司数字科技,李,玉珍,申通快递
233,QL573,8,2025-09-12 22:34:39,2025-09-25 22:34:39,2025-09-14 22:34:39,3,203.94,维涛科技有限公司网络安全,西藏自治区亮市清浦王街I座 399560,永安市,贵州省,583598,中国,维涛科技有限公司网络安全,王,倩,中通快递
234,WY218,15,2025-07-10 13:31:15,2025-07-17 13:31:15,2025-07-11 13:31:15,7,238.17,飞海科技传媒有限公司信息技术,河北省楠县南湖胡街i座 304050,济南市,吉林省,373811,中国,飞海科技传媒有限公司信息技术,徐,艳,百世快递
235,CZ861,1,2025-11-16 16:45:32,2025-11-20 16:45:32,2025-11-20 16:45:32,4,182.23,合联电子科技有限公司信息技术,辽宁省琴县高明北京街p座 129411,荣市,重庆市,992062,中国,合联电子科技有限公司信息技术,王,建平,圆通速递
236,OA831,19,2026-04-29 04:16:34,2026-05-12 04:16:34,2026-05-04 04:16:34,1,166.13,华泰通安科技有限公司网络安全,香港特别行政区桂兰市城东傅路b座 111143,玉梅市,台湾省,529077,中国,华泰通安科技有限公司网络安全,田,桂荣,顺丰速运
237,ZG109,3,2024-11-15 23:39:33,2024-11-27 23:39:33,2024-11-17 23:39:33,9,292.34,襄樊地球村网络有限公司智能科技,安徽省畅县房山郑路w座 157129,坤县,内蒙古自治区,951957,中国,襄樊地球村网络有限公司智能科技,王,斌,德邦物流
238,CC657,1,2024-07-29 11:20:13,2024-08-04 11:20:13,,3,130.43,昊嘉信息有限公司信息技术,天津市伟县清城何路W座 931319,军县,辽宁省,815449,中国,昊嘉信息有限公司信息技术,王,建平,中通快递
239,CA470,17,2024-06-30 04:56:26,2024-07-06 04:56:26,2024-07-05 04:56:26,8,319.81,南康传媒有限公司生物科技,广西壮族自治区汕尾县兴山王街m座 315775,贵阳市,吉林省,458093,中国,南康传媒有限公司生物科技,陈,杨,天天快递
240,NQ176,8,2024-06-18 17:22:51,2024-06-30 17:22:51,2024-06-20 17:22:51,1,293.86,图龙信息传媒有限公司数字科技,天津市梧州市安次彭路t座 336734,南昌市,江西省,117022,中国,图龙信息传媒有限公司数字科技,王,倩,顺丰速运
241,UY980,19,2026-04-18 06:27:02,2026-04-22 06:27:02,2026-04-21 06:27:02,1,89.2,兰金电子传媒有限公司生物科技,广西壮族自治区香港县六枝特郭路r座 722655,桂香县,广西壮族自治区,205167,中国,兰金电子传媒有限公司生物科技,田,桂荣,顺丰速运
242,UY980,13,2024-10-16 12:19:44,2024-10-21 12:19:44,2024-10-20 12:19:44,8,350.53,兰金电子传媒有限公司生物科技,广西壮族自治区香港县六枝特郭路r座 722655,桂香县,广西壮族自治区,205167,中国,兰金电子传媒有限公司生物科技,曲,桂花,天天快递
243,FC418,1,2025-12-03 17:26:30,2025-12-16 17:26:30,2025-12-08 17:26:30,6,114.32,网新恒天网络有限公司生物科技,山东省贵阳县上街蔡路H座 193448,秀珍县,湖南省,879752,中国,网新恒天网络有限公司生物科技,王,建平,韵达快递
244,ZG109,2,2025-06-24 23:04:07,2025-07-04 23:04:07,2025-06-28 23:04:07,3,406.84,襄樊地球村网络有限公司智能科技,安徽省畅县房山郑路w座 157129,坤县,内蒙古自治区,951957,中国,襄樊地球村网络有限公司智能科技,江,凤兰,中通快递
245,BF338,7,2026-01-24 07:55:45,2026-02-04 07:55:45,2026-01-27 07:55:45,8,460.96,天开网络有限公司金融科技,广东省长沙市黄浦荆门街a座 399073,南宁市,台湾省,787111,中国,天开网络有限公司金融科技,张,刚,天天快递
246,GR625,4,2025-01-21 00:24:01,2025-01-25 00:24:01,2025-01-25 00:24:01,5,396.71,明腾传媒有限公司互联网服务,澳门特别行政区呼和浩特市沈北新曲街v座 733015,邯郸市,天津市,144183,中国,明腾传媒有限公司互联网服务,赵,晨,申通快递
247,MG296,20,2024-11-25 15:51:03,2024-11-30 15:51:03,2024-11-27 15:51:03,9,180.06,浦华众城网络有限公司信息技术,台湾省倩县涪城陈街U座 719485,浩市,四川省,990712,中国,浦华众城网络有限公司信息技术,欧,娜,德邦物流
248,FB488,19,2025-08-13 05:36:08,2025-08-23 05:36:08,2025-08-16 05:36:08,5,220.81,方正科技科技有限公司互联网服务,新疆维吾尔自治区莉县牧野王路L座 235814,宁德市,湖南省,575121,中国,方正科技科技有限公司互联网服务,田,桂荣,申通快递
249,UY980,8,2025-10-08 15:38:29,2025-10-18 15:38:29,2025-10-12 15:38:29,8,481.81,兰金电子传媒有限公司生物科技,广西壮族自治区香港县六枝特郭路r座 722655,桂香县,广西壮族自治区,205167,中国,兰金电子传媒有限公司生物科技,王,倩,天天快递
250,GC846,9,2025-10-03 21:45:58,2025-10-12 21:45:58,2025-10-05 21:45:58,10,197.13,明腾科技有限公司区块链技术,河南省志强县城东杨路A座 853694,石家庄市,安徽省,450779,中国,明腾科技有限公司区块链技术,王,雪,邮政EMS
251,II746,1,2025-06-04 01:49:46,2025-06-12 01:49:46,2025-06-09 01:49:46,10,57.86,恩悌传媒有限公司虚拟现实,广西壮族自治区哈尔滨县房山辛集路N座 896046,南昌县,甘肃省,203154,中国,恩悌传媒有限公司虚拟现实,王,建平,邮政EMS
252,MZ379,14,2025-06-09 14:01:37,2025-06-14 14:01:37,2025-06-12 14:01:37,9,176.47,联软传媒有限公司区块链技术,台湾省深圳市牧野李街L座 325753,慧县,山东省,556597,中国,联软传媒有限公司区块链技术,张,帅,德邦物流
253,VZ702,15,2026-03-13 23:11:56,2026-03-16 23:11:56,2026-03-15 23:11:56,1,75.0,精芯网络有限公司互联网服务,河北省南京市翔安朱路w座 386632,马鞍山县,广东省,526423,中国,精芯网络有限公司互联网服务,徐,艳,顺丰速运
254,EI532,6,2025-12-03 22:48:31,2025-12-06 22:48:31,2025-12-05 22:48:31,3,113.98,七喜传媒有限公司人工智能,澳门特别行政区磊市门头沟柳州街Z座 473892,丽华县,西藏自治区,358472,中国,七喜传媒有限公司人工智能,彭,桂荣,中通快递
255,LU518,14,2025-02-20 15:10:24,2025-03-04 15:10:24,,2,434.89,易动力传媒有限公司生物科技,河南省贵阳县兴山广州路A座 729306,伟市,陕西省,802027,中国,易动力传媒有限公司生物科技,张,帅,京东物流
256,XA075,13,2025-07-14 03:18:48,2025-07-18 03:18:48,2025-07-17 03:18:48,9,309.9,网新恒天科技有限公司数字科技,青海省佛山县平山辽阳路l座 730177,秀梅县,山东省,267399,中国,网新恒天科技有限公司数字科技,曲,桂花,德邦物流
257,WY218,20,2024-11-30 08:00:11,2024-12-12 08:00:11,,5,378.67,飞海科技传媒有限公司信息技术,河北省楠县南湖胡街i座 304050,济南市,吉林省,373811,中国,飞海科技传媒有限公司信息技术,欧,娜,申通快递
258,MR129,20,2025-04-09 13:34:34,2025-04-12 13:34:34,,1,440.53,太极信息有限公司互联网服务,江苏省六盘水县清浦黄街g座 440842,海门市,福建省,737845,中国,太极信息有限公司互联网服务,欧,娜,顺丰速运
259,AU710,5,2025-04-22 16:13:31,2025-04-30 16:13:31,2025-04-26 16:13:31,2,482.11,巨奥传媒有限公司信息技术,重庆市燕市安次哈尔滨街x座 404214,辛集市,广东省,406351,中国,巨奥传媒有限公司信息技术,林,峰,京东物流
260,DH200,19,2024-12-10 05:51:38,2024-12-21 05:51:38,2024-12-14 05:51:38,3,84.48,盟新传媒有限公司大数据分析,甘肃省红县涪城董路q座 904897,辽阳县,安徽省,428336,中国,盟新传媒有限公司大数据分析,田,桂荣,中通快递
261,GA851,2,2025-11-06 02:06:58,2025-11-14 02:06:58,2025-11-09 02:06:58,3,336.86,明腾传媒有限公司金融科技,天津市阜新县城东吴街m座 830793,齐齐哈尔县,香港特别行政区,636849,中国,明腾传媒有限公司金融科技,江,凤兰,中通快递
262,WW556,17,2025-05-06 13:59:55,2025-05-10 13:59:55,2025-05-11 13:59:55,2,77.03,商软冠联网络有限公司信息技术,福建省兴城县白云赵街c座 153695,梅市,海南省,737913,中国,商软冠联网络有限公司信息技术,陈,杨,京东物流
263,AU710,19,2025-11-12 00:13:44,2025-11-18 00:13:44,2025-11-15 00:13:44,2,459.02,巨奥传媒有限公司信息技术,重庆市燕市安次哈尔滨街x座 404214,辛集市,广东省,406351,中国,巨奥传媒有限公司信息技术,田,桂荣,京东物流
264,ZO854,7,2025-05-04 10:21:48,2025-05-10 10:21:48,2025-05-07 10:21:48,3,143.78,MBP软件科技有限公司信息技术,安徽省瑞市西夏高路i座 571615,丽华县,宁夏回族自治区,300387,中国,MBP软件科技有限公司信息技术,张,刚,中通快递
265,EU335,1,2026-01-02 11:47:47,2026-01-07 11:47:47,2026-01-06 11:47:47,7,280.44,济南亿次元网络有限公司科技公司,甘肃省红县白云巢湖路W座 992584,巢湖市,澳门特别行政区,219657,中国,济南亿次元网络有限公司科技公司,王,建平,百世快递
266,GC846,18,2025-03-26 13:32:22,2025-04-02 13:32:22,2025-03-30 13:32:22,5,40.66,明腾科技有限公司区块链技术,河南省志强县城东杨路A座 853694,石家庄市,安徽省,450779,中国,明腾科技有限公司区块链技术,薛,洋,申通快递
267,RG743,4,2024-07-24 17:18:47,2024-07-28 17:18:47,2024-07-27 17:18:47,5,114.32,快讯信息有限公司智能科技,山东省海口县龙潭杨街q座 232213,勇县,澳门特别行政区,384293,中国,快讯信息有限公司智能科技,赵,晨,申通快递
268,GC890,13,2024-12-04 23:49:36,2024-12-10 23:49:36,2024-12-07 23:49:36,9,369.65,创联世纪信息有限公司移动应用开发,云南省深圳县金平拉萨街l座 585241,福州县,四川省,101164,中国,创联世纪信息有限公司移动应用开发,曲,桂花,德邦物流
269,VC531,6,2025-01-13 00:21:57,2025-01-21 00:21:57,2025-01-17 00:21:57,8,434.63,九方传媒有限公司生物科技,江西省玉梅县城北韦路k座 920415,六盘水市,西藏自治区,774096,中国,九方传媒有限公司生物科技,彭,桂荣,天天快递
270,QL573,4,2026-04-14 23:47:17,2026-04-27 23:47:17,2026-04-15 23:47:17,9,148.43,维涛科技有限公司网络安全,西藏自治区亮市清浦王街I座 399560,永安市,贵州省,583598,中国,维涛科技有限公司网络安全,赵,晨,德邦物流
271,EA575,6,2025-08-28 18:56:53,2025-09-09 18:56:53,2025-08-31 18:56:53,3,165.2,襄樊地球村信息有限公司物联网,云南省婷婷县高明王路e座 823469,丽娟市,四川省,603957,中国,襄樊地球村信息有限公司物联网,彭,桂荣,中通快递
272,WQ849,2,2024-06-19 04:38:39,2024-06-28 04:38:39,2024-06-21 04:38:39,7,315.01,开发区世创科技有限公司科技公司,浙江省香港县翔安潮州街E座 459811,嘉禾市,黑龙江省,948902,中国,开发区世创科技有限公司科技公司,江,凤兰,百世快递
273,MJ814,9,2025-07-27 12:21:27,2025-08-04 12:21:27,2025-08-01 12:21:27,2,479.64,毕博诚科技有限公司互联网服务,安徽省大冶县牧野汪路E座 856404,俊市,宁夏回族自治区,628200,中国,毕博诚科技有限公司互联网服务,王,雪,京东物流
274,XW046,6,2024-10-02 08:41:02,2024-10-09 08:41:02,2024-10-03 08:41:02,1,259.14,鑫博腾飞信息有限公司智能科技,安徽省杭州县新城潮州路U座 487852,兴安盟市,青海省,721718,中国,鑫博腾飞信息有限公司智能科技,彭,桂荣,顺丰速运
275,OA831,2,2026-04-16 17:26:43,2026-04-20 17:26:43,2026-04-21 17:26:43,8,104.76,华泰通安科技有限公司网络安全,香港特别行政区桂兰市城东傅路b座 111143,玉梅市,台湾省,529077,中国,华泰通安科技有限公司网络安全,江,凤兰,天天快递
276,XA075,9,2024-07-16 20:54:23,2024-07-20 20:54:23,2024-07-18 20:54:23,4,48.8,网新恒天科技有限公司数字科技,青海省佛山县平山辽阳路l座 730177,秀梅县,山东省,267399,中国,网新恒天科技有限公司数字科技,王,雪,圆通速递
277,FA862,6,2024-09-08 23:14:59,2024-09-13 23:14:59,2024-09-13 23:14:59,5,110.49,方正科技网络有限公司云计算,河北省乌鲁木齐县房山南路s座 690779,潮州县,福建省,956854,中国,方正科技网络有限公司云计算,彭,桂荣,申通快递
278,FA862,9,2024-12-27 21:37:51,2025-01-06 21:37:51,2025-01-01 21:37:51,8,21.81,方正科技网络有限公司云计算,河北省乌鲁木齐县房山南路s座 690779,潮州县,福建省,956854,中国,方正科技网络有限公司云计算,王,雪,天天快递
279,KM929,15,2025-06-24 00:10:32,2025-06-29 00:10:32,2025-06-28 00:10:32,2,321.91,迪摩科技有限公司电子商务,吉林省香港市白云沈街W座 138703,福州县,海南省,133740,中国,迪摩科技有限公司电子商务,徐,艳,京东物流
280,TW751,11,2025-09-05 05:26:06,2025-09-11 05:26:06,2025-09-08 05:26:06,2,324.72,图龙信息网络有限公司云计算,湖南省兰州县丰都张街B座 954217,宁德市,福建省,905170,中国,图龙信息网络有限公司云计算,张,丹丹,京东物流
281,BP732,5,2026-04-13 17:50:55,2026-04-27 17:50:55,2026-04-18 17:50:55,5,100.29,南康网络有限公司互联网服务,天津市潜江县沈河太原路A座 620715,敏市,福建省,403615,中国,南康网络有限公司互联网服务,林,峰,申通快递
282,PS740,17,2024-11-29 10:26:36,2024-12-13 10:26:36,2024-12-01 10:26:36,8,62.94,国讯科技有限公司金融科技,广东省俊县锡山海门路g座 967844,金凤市,江西省,230194,中国,国讯科技有限公司金融科技,陈,杨,天天快递
283,DX151,4,2024-12-05 12:33:36,2024-12-14 12:33:36,2024-12-09 12:33:36,4,347.98,易动力信息有限公司物联网,辽宁省嘉禾县沈河六安街A座 771273,佛山县,贵州省,255410,中国,易动力信息有限公司物联网,赵,晨,圆通速递
284,XO649,15,2025-07-11 08:41:40,2025-07-20 08:41:40,2025-07-14 08:41:40,10,53.78,晖来计算机传媒有限公司云计算,广东省娟市孝南辽阳路I座 278094,郑州县,江苏省,370443,中国,晖来计算机传媒有限公司云计算,徐,艳,邮政EMS
285,AK874,2,2025-08-27 13:39:00,2025-09-10 13:39:00,2025-08-29 13:39:00,1,382.62,昊嘉信息有限公司区块链技术,广东省莹县梁平李路D座 332586,雷市,天津市,614583,中国,昊嘉信息有限公司区块链技术,江,凤兰,顺丰速运
286,CS287,20,2025-05-17 10:39:14,2025-05-30 10:39:14,2025-05-21 10:39:14,10,293.82,和泰网络有限公司电子商务,山东省台北市南湖刘路G座 282213,玲市,江苏省,453351,中国,和泰网络有限公司电子商务,欧,娜,邮政EMS
287,KS630,6,2024-09-10 01:46:12,2024-09-19 01:46:12,2024-09-15 01:46:12,2,136.23,良诺信息有限公司网络安全,四川省西安市魏都邓路Q座 814705,潮州市,内蒙古自治区,453855,中国,良诺信息有限公司网络安全,彭,桂荣,京东物流
288,QU287,18,2025-11-13 20:56:00,2025-11-17 20:56:00,2025-11-14 20:56:00,8,420.08,戴硕电子科技有限公司移动应用开发,台湾省天津市清城郑州街K座 578950,瑜市,陕西省,996204,中国,戴硕电子科技有限公司移动应用开发,薛,洋,天天快递
289,ZO854,10,2024-12-22 10:55:40,2024-12-27 10:55:40,2024-12-23 10:55:40,10,65.54,MBP软件科技有限公司信息技术,安徽省瑞市西夏高路i座 571615,丽华县,宁夏回族自治区,300387,中国,MBP软件科技有限公司信息技术,林,磊,邮政EMS
290,FB488,9,2024-11-09 23:46:49,2024-11-20 23:46:49,2024-11-14 23:46:49,3,339.25,方正科技科技有限公司互联网服务,新疆维吾尔自治区莉县牧野王路L座 235814,宁德市,湖南省,575121,中国,方正科技科技有限公司互联网服务,王,雪,中通快递
291,WN094,4,2026-03-14 14:52:41,2026-03-24 14:52:41,2026-03-19 14:52:41,10,275.81,菊风公司传媒有限公司数字科技,广东省哈尔滨市高坪王路l座 274673,秀梅市,黑龙江省,610381,中国,菊风公司传媒有限公司数字科技,赵,晨,邮政EMS
292,VX147,17,2024-11-26 00:40:48,2024-11-30 00:40:48,2024-11-28 00:40:48,2,462.86,东方峻景传媒有限公司金融科技,江西省利市东城任街V座 970735,海门县,湖南省,667608,中国,东方峻景传媒有限公司金融科技,陈,杨,京东物流
293,WB890,4,2025-08-16 04:48:22,2025-08-23 04:48:22,2025-08-19 04:48:22,6,454.93,鑫博腾飞网络有限公司金融科技,河南省嘉禾市沙市陈路m座 407126,马鞍山市,江苏省,823492,中国,鑫博腾飞网络有限公司金融科技,赵,晨,韵达快递
294,RY548,13,2025-07-16 18:44:58,2025-07-20 18:44:58,2025-07-19 18:44:58,8,227.96,易动力信息有限公司网络安全,青海省宜都县合川朱路g座 383744,斌县,江西省,652523,中国,易动力信息有限公司网络安全,曲,桂花,天天快递
295,CS287,7,2025-06-11 17:00:44,2025-06-19 17:00:44,2025-06-12 17:00:44,10,199.35,和泰网络有限公司电子商务,山东省台北市南湖刘路G座 282213,玲市,江苏省,453351,中国,和泰网络有限公司电子商务,张,刚,邮政EMS
296,FN522,13,2025-04-20 11:47:46,2025-05-03 11:47:46,2025-04-22 11:47:46,4,35.76,新宇龙信息科技有限公司电子商务,宁夏回族自治区大冶市梁平鲁路j座 404484,磊县,辽宁省,988357,中国,新宇龙信息科技有限公司电子商务,曲,桂花,圆通速递
297,UY980,2,2025-09-30 11:36:26,2025-10-12 11:36:26,2025-10-03 11:36:26,6,138.94,兰金电子传媒有限公司生物科技,广西壮族自治区香港县六枝特郭路r座 722655,桂香县,广西壮族自治区,205167,中国,兰金电子传媒有限公司生物科技,江,凤兰,韵达快递
298,EK253,5,2026-03-01 09:47:12,2026-03-15 09:47:12,2026-03-02 09:47:12,8,70.01,兰金电子科技有限公司区块链技术,吉林省齐齐哈尔县沈河深圳街p座 109059,南昌市,台湾省,701156,中国,兰金电子科技有限公司区块链技术,林,峰,天天快递
299,WY218,7,2026-03-12 00:00:05,2026-03-19 00:00:05,2026-03-16 00:00:05,3,347.85,飞海科技传媒有限公司信息技术,河北省楠县南湖胡街i座 304050,济南市,吉林省,373811,中国,飞海科技传媒有限公司信息技术,张,刚,中通快递
300,ZV584,16,2024-10-06 12:27:05,2024-10-19 12:27:05,2024-10-10 12:27:05,4,168.63,维旺明科技有限公司大数据分析,山东省雷县涪城王路f座 739633,杭州市,福建省,105798,中国,维旺明科技有限公司大数据分析,李,玉珍,圆通速递
301,JT617,9,2025-03-17 22:25:53,2025-03-23 22:25:53,2025-03-21 22:25:53,3,131.82,时空盒数字信息有限公司智能科技,山东省巢湖县清浦缪街U座 742478,郑州县,陕西省,364545,中国,时空盒数字信息有限公司智能科技,王,雪,中通快递
302,GC846,18,2024-10-08 20:55:06,2024-10-20 20:55:06,2024-10-12 20:55:06,3,333.43,明腾科技有限公司区块链技术,河南省志强县城东杨路A座 853694,石家庄市,安徽省,450779,中国,明腾科技有限公司区块链技术,薛,洋,中通快递
303,PJ659,9,2025-04-05 10:46:16,2025-04-12 10:46:16,,5,273.3,超艺网络有限公司人工智能,四川省梅市高明潮州路u座 815912,武汉市,四川省,103035,中国,超艺网络有限公司人工智能,王,雪,申通快递
304,WQ849,11,2026-04-12 12:39:29,2026-04-20 12:39:29,2026-04-16 12:39:29,9,62.54,开发区世创科技有限公司科技公司,浙江省香港县翔安潮州街E座 459811,嘉禾市,黑龙江省,948902,中国,开发区世创科技有限公司科技公司,张,丹丹,德邦物流
305,FN522,11,2025-02-08 05:07:58,2025-02-14 05:07:58,2025-02-12 05:07:58,10,213.19,新宇龙信息科技有限公司电子商务,宁夏回族自治区大冶市梁平鲁路j座 404484,磊县,辽宁省,988357,中国,新宇龙信息科技有限公司电子商务,张,丹丹,邮政EMS
306,TW751,12,2025-07-26 04:16:55,2025-08-02 04:16:55,2025-07-29 04:16:55,1,96.03,图龙信息网络有限公司云计算,湖南省兰州县丰都张街B座 954217,宁德市,福建省,905170,中国,图龙信息网络有限公司云计算,曹,洁,顺丰速运
307,GJ116,10,2026-05-25 09:11:35,2026-06-04 09:11:35,2026-05-29 09:11:35,10,369.09,良诺信息有限公司生物科技,云南省雷市东城巫街s座 382268,红市,海南省,562035,中国,良诺信息有限公司生物科技,林,磊,邮政EMS
308,NU012,16,2026-04-27 11:45:54,2026-05-11 11:45:54,,3,482.15,商软冠联传媒有限公司智能科技,甘肃省阜新县江北白路G座 114919,太原县,黑龙江省,500377,中国,商软冠联传媒有限公司智能科技,李,玉珍,中通快递
309,ZU351,6,2026-02-13 15:22:25,2026-02-19 15:22:25,2026-02-16 15:22:25,5,316.74,银嘉科技有限公司科技公司,山东省深圳县孝南黄街c座 290750,秀荣市,宁夏回族自治区,662554,中国,银嘉科技有限公司科技公司,彭,桂荣,申通快递
310,PC764,3,2024-11-01 07:40:43,2024-11-14 07:40:43,,7,345.11,恒聪百汇传媒有限公司虚拟现实,福建省兴城市高明邓街U座 898971,重庆市,河南省,796218,中国,恒聪百汇传媒有限公司虚拟现实,王,斌,百世快递
311,CC657,18,2025-08-03 00:12:45,2025-08-16 00:12:45,2025-08-07 00:12:45,9,244.79,昊嘉信息有限公司信息技术,天津市伟县清城何路W座 931319,军县,辽宁省,815449,中国,昊嘉信息有限公司信息技术,薛,洋,德邦物流
312,PE529,15,2025-10-28 09:41:07,2025-11-01 09:41:07,2025-10-30 09:41:07,8,416.99,易动力网络有限公司信息技术,山西省广州县淄川王路j座 894925,英县,山东省,228414,中国,易动力网络有限公司信息技术,徐,艳,天天快递
313,DX151,13,2025-10-20 13:17:44,2025-11-02 13:17:44,,7,374.14,易动力信息有限公司物联网,辽宁省嘉禾县沈河六安街A座 771273,佛山县,贵州省,255410,中国,易动力信息有限公司物联网,曲,桂花,百世快递
314,NQ176,19,2026-04-05 17:21:07,2026-04-17 17:21:07,2026-04-10 17:21:07,6,450.78,图龙信息传媒有限公司数字科技,天津市梧州市安次彭路t座 336734,南昌市,江西省,117022,中国,图龙信息传媒有限公司数字科技,田,桂荣,韵达快递
315,GL926,14,2025-12-27 10:12:49,2026-01-06 10:12:49,2025-12-29 10:12:49,8,120.99,时空盒数字传媒有限公司大数据分析,湖北省梧州县锡山周路M座 618236,巢湖市,贵州省,903078,中国,时空盒数字传媒有限公司大数据分析,张,帅,天天快递
316,NQ176,11,2025-06-09 16:58:59,2025-06-13 16:58:59,,3,490.9,图龙信息传媒有限公司数字科技,天津市梧州市安次彭路t座 336734,南昌市,江西省,117022,中国,图龙信息传媒有限公司数字科技,张,丹丹,中通快递
317,CS287,5,2025-12-10 09:45:25,2025-12-21 09:45:25,2025-12-13 09:45:25,5,212.79,和泰网络有限公司电子商务,山东省台北市南湖刘路G座 282213,玲市,江苏省,453351,中国,和泰网络有限公司电子商务,林,峰,申通快递
318,HD242,18,2024-08-15 17:30:40,2024-08-22 17:30:40,2024-08-20 17:30:40,5,36.96,富罳科技有限公司生物科技,青海省贵阳市友好范街A座 611700,想县,甘肃省,415348,中国,富罳科技有限公司生物科技,薛,洋,申通快递
319,MJ814,12,2026-01-08 03:34:39,2026-01-14 03:34:39,2026-01-13 03:34:39,8,432.8,毕博诚科技有限公司互联网服务,安徽省大冶县牧野汪路E座 856404,俊市,宁夏回族自治区,628200,中国,毕博诚科技有限公司互联网服务,曹,洁,天天快递
320,CZ861,3,2025-03-24 12:44:50,2025-04-05 12:44:50,2025-03-28 12:44:50,1,248.34,合联电子科技有限公司信息技术,辽宁省琴县高明北京街p座 129411,荣市,重庆市,992062,中国,合联电子科技有限公司信息技术,王,斌,顺丰速运
321,ME428,10,2024-09-27 09:10:59,2024-10-08 09:10:59,2024-09-30 09:10:59,2,112.87,创汇网络有限公司虚拟现实,北京市玉珍市朝阳赵路P座 508928,秀英市,福建省,862920,中国,创汇网络有限公司虚拟现实,林,磊,京东物流
322,VZ702,9,2025-11-23 04:25:40,2025-11-29 04:25:40,2025-11-25 04:25:40,7,327.49,精芯网络有限公司互联网服务,河北省南京市翔安朱路w座 386632,马鞍山县,广东省,526423,中国,精芯网络有限公司互联网服务,王,雪,百世快递
323,ZF801,17,2025-08-29 16:04:43,2025-09-05 16:04:43,,3,433.91,易动力科技有限公司科技公司,北京市佛山县合川香港街U座 292593,沈阳县,广西壮族自治区,104016,中国,易动力科技有限公司科技公司,陈,杨,中通快递
324,ME428,18,2024-10-11 17:01:43,2024-10-18 17:01:43,2024-10-13 17:01:43,6,215.87,创汇网络有限公司虚拟现实,北京市玉珍市朝阳赵路P座 508928,秀英市,福建省,862920,中国,创汇网络有限公司虚拟现实,薛,洋,韵达快递
325,XA254,15,2025-10-02 03:12:39,2025-10-11 03:12:39,,7,394.98,易动力信息有限公司物联网,陕西省关岭县高坪淮安街k座 604446,齐齐哈尔市,贵州省,989116,中国,易动力信息有限公司物联网,徐,艳,百世快递
326,IP471,16,2025-09-06 02:58:35,2025-09-09 02:58:35,2025-09-07 02:58:35,4,414.96,银嘉信息有限公司移动应用开发,河南省洋县门头沟张家港路q座 708953,荆门市,江西省,960045,中国,银嘉信息有限公司移动应用开发,李,玉珍,圆通速递
327,GC890,15,2024-07-24 14:05:43,2024-07-30 14:05:43,2024-07-28 14:05:43,10,217.15,创联世纪信息有限公司移动应用开发,云南省深圳县金平拉萨街l座 585241,福州县,四川省,101164,中国,创联世纪信息有限公司移动应用开发,徐,艳,邮政EMS
328,NU012,17,2025-02-13 10:40:47,2025-02-27 10:40:47,2025-02-16 10:40:47,8,85.67,商软冠联传媒有限公司智能科技,甘肃省阜新县江北白路G座 114919,太原县,黑龙江省,500377,中国,商软冠联传媒有限公司智能科技,陈,杨,天天快递
329,EU335,17,2026-04-08 00:19:44,2026-04-13 00:19:44,,7,280.32,济南亿次元网络有限公司科技公司,甘肃省红县白云巢湖路W座 992584,巢湖市,澳门特别行政区,219657,中国,济南亿次元网络有限公司科技公司,陈,杨,百世快递
330,PC764,7,2025-01-26 22:00:23,2025-02-08 22:00:23,2025-01-27 22:00:23,2,247.74,恒聪百汇传媒有限公司虚拟现实,福建省兴城市高明邓街U座 898971,重庆市,河南省,796218,中国,恒聪百汇传媒有限公司虚拟现实,张,刚,京东物流
331,IP471,11,2025-06-15 07:57:40,2025-06-25 07:57:40,2025-06-17 07:57:40,3,176.17,银嘉信息有限公司移动应用开发,河南省洋县门头沟张家港路q座 708953,荆门市,江西省,960045,中国,银嘉信息有限公司移动应用开发,张,丹丹,中通快递
332,XN875,15,2026-04-26 02:55:05,2026-05-05 02:55:05,2026-04-28 02:55:05,1,312.7,天开传媒有限公司网络安全,香港特别行政区澳门市清浦许路G座 380354,芳市,云南省,252621,中国,天开传媒有限公司网络安全,徐,艳,顺丰速运
333,EI532,11,2025-03-18 00:25:59,2025-03-21 00:25:59,2025-03-19 00:25:59,6,82.07,七喜传媒有限公司人工智能,澳门特别行政区磊市门头沟柳州街Z座 473892,丽华县,西藏自治区,358472,中国,七喜传媒有限公司人工智能,张,丹丹,韵达快递
334,DW607,19,2025-06-16 15:11:37,2025-06-20 15:11:37,2025-06-19 15:11:37,5,455.1,银嘉网络有限公司云计算,四川省秀华县金平合山街C座 522476,杨县,江苏省,112129,中国,银嘉网络有限公司云计算,田,桂荣,申通快递
335,FA862,7,2026-05-09 21:34:07,2026-05-12 21:34:07,2026-05-11 21:34:07,9,125.92,方正科技网络有限公司云计算,河北省乌鲁木齐县房山南路s座 690779,潮州县,福建省,956854,中国,方正科技网络有限公司云计算,张,刚,德邦物流
336,PL616,18,2024-12-30 15:26:26,2025-01-07 15:26:26,2024-12-31 15:26:26,5,351.87,巨奥网络有限公司金融科技,陕西省慧市锡山王街R座 594310,明市,天津市,692056,中国,巨奥网络有限公司金融科技,薛,洋,申通快递
337,EB652,4,2025-02-17 20:02:12,2025-02-21 20:02:12,2025-02-21 20:02:12,4,307.38,凌云信息有限公司虚拟现实,香港特别行政区福州市城北太原街O座 751024,秀珍县,福建省,531973,中国,凌云信息有限公司虚拟现实,赵,晨,圆通速递
338,YR398,17,2026-01-27 05:47:03,2026-01-31 05:47:03,2026-01-28 05:47:03,10,145.42,浦华众城信息有限公司虚拟现实,新疆维吾尔自治区福州市翔安李路i座 712866,大冶市,广东省,992649,中国,浦华众城信息有限公司虚拟现实,陈,杨,邮政EMS
339,WY218,11,2025-01-11 19:49:08,2025-01-21 19:49:08,2025-01-15 19:49:08,1,11.86,飞海科技传媒有限公司信息技术,河北省楠县南湖胡街i座 304050,济南市,吉林省,373811,中国,飞海科技传媒有限公司信息技术,张,丹丹,顺丰速运
340,KS630,8,2024-12-15 18:41:40,2024-12-21 18:41:40,2024-12-16 18:41:40,3,353.09,良诺信息有限公司网络安全,四川省西安市魏都邓路Q座 814705,潮州市,内蒙古自治区,453855,中国,良诺信息有限公司网络安全,王,倩,中通快递
341,XW046,20,2025-09-04 11:01:00,2025-09-07 11:01:00,,9,370.6,鑫博腾飞信息有限公司智能科技,安徽省杭州县新城潮州路U座 487852,兴安盟市,青海省,721718,中国,鑫博腾飞信息有限公司智能科技,欧,娜,德邦物流
342,US056,2,2025-06-06 02:58:37,2025-06-11 02:58:37,2025-06-09 02:58:37,1,119.26,国讯网络有限公司移动应用开发,甘肃省芳市东丽游街c座 967469,文市,浙江省,216352,中国,国讯网络有限公司移动应用开发,江,凤兰,顺丰速运
343,VZ702,10,2026-03-09 19:39:11,2026-03-22 19:39:11,2026-03-14 19:39:11,10,336.53,精芯网络有限公司互联网服务,河北省南京市翔安朱路w座 386632,马鞍山县,广东省,526423,中国,精芯网络有限公司互联网服务,林,磊,邮政EMS
344,XA254,6,2024-10-24 12:52:24,2024-11-03 12:52:24,2024-10-25 12:52:24,2,98.8,易动力信息有限公司物联网,陕西省关岭县高坪淮安街k座 604446,齐齐哈尔市,贵州省,989116,中国,易动力信息有限公司物联网,彭,桂荣,京东物流
345,AU710,6,2024-06-14 11:02:23,2024-06-20 11:02:23,2024-06-15 11:02:23,7,493.53,巨奥传媒有限公司信息技术,重庆市燕市安次哈尔滨街x座 404214,辛集市,广东省,406351,中国,巨奥传媒有限公司信息技术,彭,桂荣,百世快递
346,II746,8,2024-08-04 14:53:28,2024-08-10 14:53:28,,8,401.09,恩悌传媒有限公司虚拟现实,广西壮族自治区哈尔滨县房山辛集路N座 896046,南昌县,甘肃省,203154,中国,恩悌传媒有限公司虚拟现实,王,倩,天天快递
347,AU710,7,2025-09-25 07:55:22,2025-10-01 07:55:22,2025-09-30 07:55:22,3,450.31,巨奥传媒有限公司信息技术,重庆市燕市安次哈尔滨街x座 404214,辛集市,广东省,406351,中国,巨奥传媒有限公司信息技术,张,刚,中通快递
348,CA470,14,2025-12-31 07:23:22,2026-01-12 07:23:22,,4,419.4,南康传媒有限公司生物科技,广西壮族自治区汕尾县兴山王街m座 315775,贵阳市,吉林省,458093,中国,南康传媒有限公司生物科技,张,帅,圆通速递
349,LU518,16,2025-09-11 16:37:21,2025-09-24 16:37:21,2025-09-15 16:37:21,8,498.54,易动力传媒有限公司生物科技,河南省贵阳县兴山广州路A座 729306,伟市,陕西省,802027,中国,易动力传媒有限公司生物科技,李,玉珍,天天快递
350,DV182,7,2025-01-04 19:18:14,2025-01-15 19:18:14,,8,413.47,艾提科信传媒有限公司网络安全,西藏自治区凤兰县朝阳林街U座 372877,桂荣市,山西省,386526,中国,艾提科信传媒有限公司网络安全,张,刚,天天快递
351,QL573,18,2025-11-15 19:57:37,2025-11-26 19:57:37,,6,424.44,维涛科技有限公司网络安全,西藏自治区亮市清浦王街I座 399560,永安市,贵州省,583598,中国,维涛科技有限公司网络安全,薛,洋,韵达快递
352,FB488,3,2024-11-24 00:47:08,2024-11-27 00:47:08,2024-11-26 00:47:08,7,310.15,方正科技科技有限公司互联网服务,新疆维吾尔自治区莉县牧野王路L座 235814,宁德市,湖南省,575121,中国,方正科技科技有限公司互联网服务,王,斌,百世快递
353,BN418,6,2025-01-14 08:36:14,2025-01-22 08:36:14,2025-01-17 08:36:14,3,46.84,易动力网络有限公司移动应用开发,海南省上海县西夏董路s座 290290,重庆市,陕西省,583718,中国,易动力网络有限公司移动应用开发,彭,桂荣,中通快递
354,AW347,15,2024-09-16 03:45:35,2024-09-19 03:45:35,,2,148.41,鸿睿思博传媒有限公司智能科技,浙江省柳州县安次李路G座 326030,武汉市,广西壮族自治区,986110,中国,鸿睿思博传媒有限公司智能科技,徐,艳,京东物流
355,RG743,7,2026-02-24 22:08:15,2026-03-02 22:08:15,,9,284.31,快讯信息有限公司智能科技,山东省海口县龙潭杨街q座 232213,勇县,澳门特别行政区,384293,中国,快讯信息有限公司智能科技,张,刚,德邦物流
356,PC764,15,2024-12-11 08:11:15,2024-12-18 08:11:15,2024-12-14 08:11:15,6,168.21,恒聪百汇传媒有限公司虚拟现实,福建省兴城市高明邓街U座 898971,重庆市,河南省,796218,中国,恒聪百汇传媒有限公司虚拟现实,徐,艳,韵达快递
357,FB488,3,2024-09-18 23:50:35,2024-10-02 23:50:35,2024-09-22 23:50:35,8,50.78,方正科技科技有限公司互联网服务,新疆维吾尔自治区莉县牧野王路L座 235814,宁德市,湖南省,575121,中国,方正科技科技有限公司互联网服务,王,斌,天天快递
358,VC531,10,2026-02-24 11:25:11,2026-03-02 11:25:11,,5,322.44,九方传媒有限公司生物科技,江西省玉梅县城北韦路k座 920415,六盘水市,西藏自治区,774096,中国,九方传媒有限公司生物科技,林,磊,申通快递
359,VQ233,9,2026-02-27 15:53:03,2026-03-08 15:53:03,2026-03-03 15:53:03,6,405.44,和泰信息有限公司信息技术,江苏省俊市璧山陈路I座 849236,成都市,四川省,430904,中国,和泰信息有限公司信息技术,王,雪,韵达快递
360,GC846,9,2025-05-20 17:24:35,2025-05-29 17:24:35,2025-05-24 17:24:35,8,483.63,明腾科技有限公司区块链技术,河南省志强县城东杨路A座 853694,石家庄市,安徽省,450779,中国,明腾科技有限公司区块链技术,王,雪,天天快递
361,MZ379,4,2026-03-15 21:06:53,2026-03-21 21:06:53,2026-03-16 21:06:53,2,253.44,联软传媒有限公司区块链技术,台湾省深圳市牧野李街L座 325753,慧县,山东省,556597,中国,联软传媒有限公司区块链技术,赵,晨,京东物流
362,FJ947,6,2025-04-05 10:11:41,2025-04-15 10:11:41,2025-04-07 10:11:41,1,427.69,浙大万朋信息有限公司生物科技,海南省巢湖市徐汇成都街E座 239900,鑫市,内蒙古自治区,548115,中国,浙大万朋信息有限公司生物科技,彭,桂荣,顺丰速运
363,PS740,8,2025-01-10 20:44:01,2025-01-23 20:44:01,2025-01-15 20:44:01,1,342.2,国讯科技有限公司金融科技,广东省俊县锡山海门路g座 967844,金凤市,江西省,230194,中国,国讯科技有限公司金融科技,王,倩,顺丰速运
364,AD089,18,2024-07-11 12:25:11,2024-07-25 12:25:11,2024-07-16 12:25:11,6,176.61,创亿网络有限公司移动应用开发,陕西省慧市西夏李街d座 273215,楠市,贵州省,437029,中国,创亿网络有限公司移动应用开发,薛,洋,韵达快递
365,QJ392,16,2026-04-12 06:47:09,2026-04-20 06:47:09,2026-04-16 06:47:09,7,418.72,创亿网络有限公司金融科技,浙江省台北县六枝特张家港路l座 913606,重庆市,湖南省,684944,中国,创亿网络有限公司金融科技,李,玉珍,百世快递
366,ZV584,11,2026-04-04 10:14:59,2026-04-11 10:14:59,2026-04-09 10:14:59,8,137.61,维旺明科技有限公司大数据分析,山东省雷县涪城王路f座 739633,杭州市,福建省,105798,中国,维旺明科技有限公司大数据分析,张,丹丹,天天快递
367,WB209,11,2025-03-05 14:14:24,2025-03-14 14:14:24,2025-03-08 14:14:24,10,196.18,维涛传媒有限公司云计算,内蒙古自治区上海市海陵武汉路o座 271535,秀华县,宁夏回族自治区,490120,中国,维涛传媒有限公司云计算,张,丹丹,邮政EMS
368,QI779,19,2026-01-29 05:55:19,2026-02-02 05:55:19,,5,460.17,合联电子科技有限公司网络安全,新疆维吾尔自治区波市牧野潜江街w座 187520,沈阳县,江苏省,734012,中国,合联电子科技有限公司网络安全,田,桂荣,申通快递
369,ZF061,20,2024-11-08 23:55:02,2024-11-22 23:55:02,,9,281.21,维旺明信息有限公司人工智能,安徽省东莞市静安银川街g座 149650,坤县,山西省,734784,中国,维旺明信息有限公司人工智能,欧,娜,德邦物流
370,NU012,15,2026-04-17 20:22:25,2026-04-29 20:22:25,,9,482.1,商软冠联传媒有限公司智能科技,甘肃省阜新县江北白路G座 114919,太原县,黑龙江省,500377,中国,商软冠联传媒有限公司智能科技,徐,艳,德邦物流
371,ME428,15,2026-04-11 18:00:07,2026-04-18 18:00:07,2026-04-13 18:00:07,2,70.07,创汇网络有限公司虚拟现实,北京市玉珍市朝阳赵路P座 508928,秀英市,福建省,862920,中国,创汇网络有限公司虚拟现实,徐,艳,京东物流
372,IP471,5,2024-08-01 05:15:38,2024-08-08 05:15:38,2024-08-04 05:15:38,1,203.11,银嘉信息有限公司移动应用开发,河南省洋县门头沟张家港路q座 708953,荆门市,江西省,960045,中国,银嘉信息有限公司移动应用开发,林,峰,顺丰速运
373,KS630,8,2026-02-07 15:55:00,2026-02-13 15:55:00,2026-02-10 15:55:00,7,366.76,良诺信息有限公司网络安全,四川省西安市魏都邓路Q座 814705,潮州市,内蒙古自治区,453855,中国,良诺信息有限公司网络安全,王,倩,百世快递
374,FA862,20,2026-03-29 08:57:58,2026-04-05 08:57:58,,4,322.67,方正科技网络有限公司云计算,河北省乌鲁木齐县房山南路s座 690779,潮州县,福建省,956854,中国,方正科技网络有限公司云计算,欧,娜,圆通速递
375,WQ849,5,2024-07-21 14:18:36,2024-08-02 14:18:36,2024-07-24 14:18:36,1,89.59,开发区世创科技有限公司科技公司,浙江省香港县翔安潮州街E座 459811,嘉禾市,黑龙江省,948902,中国,开发区世创科技有限公司科技公司,林,峰,顺丰速运
376,PV664,6,2025-08-30 19:06:30,2025-09-12 19:06:30,2025-08-31 19:06:30,4,181.96,毕博诚信息有限公司信息技术,天津市颖县华龙武街i座 729878,柳州县,贵州省,534760,中国,毕博诚信息有限公司信息技术,彭,桂荣,圆通速递
377,NU711,4,2025-12-01 17:13:37,2025-12-13 17:13:37,,2,19.58,易动力科技有限公司人工智能,宁夏回族自治区强县黄浦张路s座 615830,桂兰县,广西壮族自治区,372804,中国,易动力科技有限公司人工智能,赵,晨,京东物流
378,BF338,16,2024-06-27 05:21:41,2024-07-06 05:21:41,,2,107.69,天开网络有限公司金融科技,广东省长沙市黄浦荆门街a座 399073,南宁市,台湾省,787111,中国,天开网络有限公司金融科技,李,玉珍,京东物流
379,EA575,17,2024-09-30 12:31:10,2024-10-08 12:31:10,2024-10-04 12:31:10,6,401.98,襄樊地球村信息有限公司物联网,云南省婷婷县高明王路e座 823469,丽娟市,四川省,603957,中国,襄樊地球村信息有限公司物联网,陈,杨,韵达快递
380,LU518,10,2025-03-10 05:47:22,2025-03-14 05:47:22,,3,54.78,易动力传媒有限公司生物科技,河南省贵阳县兴山广州路A座 729306,伟市,陕西省,802027,中国,易动力传媒有限公司生物科技,林,磊,中通快递
381,BF338,14,2025-08-06 22:03:05,2025-08-15 22:03:05,2025-08-10 22:03:05,4,254.39,天开网络有限公司金融科技,广东省长沙市黄浦荆门街a座 399073,南宁市,台湾省,787111,中国,天开网络有限公司金融科技,张,帅,圆通速递
382,ZO854,19,2025-08-12 19:08:16,2025-08-24 19:08:16,2025-08-15 19:08:16,9,478.66,MBP软件科技有限公司信息技术,安徽省瑞市西夏高路i座 571615,丽华县,宁夏回族自治区,300387,中国,MBP软件科技有限公司信息技术,田,桂荣,德邦物流
383,FN522,9,2024-08-17 00:04:47,2024-08-25 00:04:47,2024-08-21 00:04:47,6,306.02,新宇龙信息科技有限公司电子商务,宁夏回族自治区大冶市梁平鲁路j座 404484,磊县,辽宁省,988357,中国,新宇龙信息科技有限公司电子商务,王,雪,韵达快递
384,NQ176,14,2025-02-03 20:08:52,2025-02-07 20:08:52,2025-02-05 20:08:52,6,403.04,图龙信息传媒有限公司数字科技,天津市梧州市安次彭路t座 336734,南昌市,江西省,117022,中国,图龙信息传媒有限公司数字科技,张,帅,韵达快递
385,DH200,8,2024-11-28 00:05:54,2024-12-07 00:05:54,,8,167.12,盟新传媒有限公司大数据分析,甘肃省红县涪城董路q座 904897,辽阳县,安徽省,428336,中国,盟新传媒有限公司大数据分析,王,倩,天天快递
386,LB704,6,2024-11-18 05:37:48,2024-11-24 05:37:48,2024-11-19 05:37:48,9,251.06,群英信息有限公司金融科技,山东省丽县长寿邯郸路S座 956071,昆明县,河南省,785495,中国,群英信息有限公司金融科技,彭,桂荣,德邦物流
387,EA575,7,2025-03-09 09:03:00,2025-03-14 09:03:00,2025-03-11 09:03:00,4,194.43,襄樊地球村信息有限公司物联网,云南省婷婷县高明王路e座 823469,丽娟市,四川省,603957,中国,襄樊地球村信息有限公司物联网,张,刚,圆通速递
388,TE207,4,2025-08-26 08:55:43,2025-09-02 08:55:43,2025-08-31 08:55:43,2,413.55,新宇龙信息传媒有限公司人工智能,澳门特别行政区合山县门头沟赵路X座 921614,张家港市,香港特别行政区,309847,中国,新宇龙信息传媒有限公司人工智能,赵,晨,京东物流
389,VX147,12,2025-09-06 08:45:32,2025-09-16 08:45:32,2025-09-07 08:45:32,2,318.33,东方峻景传媒有限公司金融科技,江西省利市东城任街V座 970735,海门县,湖南省,667608,中国,东方峻景传媒有限公司金融科技,曹,洁,京东物流
390,XW046,1,2025-01-31 12:33:35,2025-02-06 12:33:35,2025-02-02 12:33:35,2,307.64,鑫博腾飞信息有限公司智能科技,安徽省杭州县新城潮州路U座 487852,兴安盟市,青海省,721718,中国,鑫博腾飞信息有限公司智能科技,王,建平,京东物流
391,IP471,17,2025-01-10 06:39:03,2025-01-22 06:39:03,2025-01-13 06:39:03,4,424.24,银嘉信息有限公司移动应用开发,河南省洋县门头沟张家港路q座 708953,荆门市,江西省,960045,中国,银嘉信息有限公司移动应用开发,陈,杨,圆通速递
392,KS630,17,2024-06-07 16:52:41,2024-06-21 16:52:41,2024-06-09 16:52:41,4,26.75,良诺信息有限公司网络安全,四川省西安市魏都邓路Q座 814705,潮州市,内蒙古自治区,453855,中国,良诺信息有限公司网络安全,陈,杨,圆通速递
393,FB488,9,2026-01-12 08:57:39,2026-01-21 08:57:39,2026-01-17 08:57:39,8,389.78,方正科技科技有限公司互联网服务,新疆维吾尔自治区莉县牧野王路L座 235814,宁德市,湖南省,575121,中国,方正科技科技有限公司互联网服务,王,雪,天天快递
394,EA575,4,2026-05-30 14:10:46,2026-06-10 14:10:46,2026-06-03 14:10:46,8,301.82,襄樊地球村信息有限公司物联网,云南省婷婷县高明王路e座 823469,丽娟市,四川省,603957,中国,襄樊地球村信息有限公司物联网,赵,晨,天天快递
395,AY876,14,2025-06-21 00:16:41,2025-07-05 00:16:41,2025-06-24 00:16:41,3,206.43,精芯传媒有限公司物联网,湖北省杭州市华龙宜都路G座 885926,武汉市,湖北省,378841,中国,精芯传媒有限公司物联网,张,帅,中通快递
396,FA862,8,2026-03-20 10:45:47,2026-03-25 10:45:47,2026-03-21 10:45:47,8,419.65,方正科技网络有限公司云计算,河北省乌鲁木齐县房山南路s座 690779,潮州县,福建省,956854,中国,方正科技网络有限公司云计算,王,倩,天天快递
397,MR129,14,2025-03-21 14:37:32,2025-03-29 14:37:32,2025-03-26 14:37:32,7,246.51,太极信息有限公司互联网服务,江苏省六盘水县清浦黄街g座 440842,海门市,福建省,737845,中国,太极信息有限公司互联网服务,张,帅,百世快递
398,XA075,6,2024-10-09 18:41:58,2024-10-17 18:41:58,,5,77.83,网新恒天科技有限公司数字科技,青海省佛山县平山辽阳路l座 730177,秀梅县,山东省,267399,中国,网新恒天科技有限公司数字科技,彭,桂荣,申通快递
399,CS287,16,2025-08-13 14:38:59,2025-08-27 14:38:59,2025-08-16 14:38:59,2,121.74,和泰网络有限公司电子商务,山东省台北市南湖刘路G座 282213,玲市,江苏省,453351,中国,和泰网络有限公司电子商务,李,玉珍,京东物流
400,QT258,16,2025-10-20 01:07:29,2025-10-26 01:07:29,2025-10-22 01:07:29,5,427.09,商软冠联传媒有限公司大数据分析,湖北省强县新城古路N座 931706,玉珍县,澳门特别行政区,424628,中国,商软冠联传媒有限公司大数据分析,李,玉珍,申通快递
401,AW347,2,2025-11-18 01:56:18,2025-11-22 01:56:18,2025-11-23 01:56:18,6,398.5,鸿睿思博传媒有限公司智能科技,浙江省柳州县安次李路G座 326030,武汉市,广西壮族自治区,986110,中国,鸿睿思博传媒有限公司智能科技,江,凤兰,韵达快递
402,GR729,20,2024-11-30 08:07:00,2024-12-05 08:07:00,2024-12-01 08:07:00,9,228.31,中建创业网络有限公司移动应用开发,江西省辛集县沈北新昆明街r座 719259,辽阳县,台湾省,639438,中国,中建创业网络有限公司移动应用开发,欧,娜,德邦物流
403,GR729,19,2026-06-03 14:10:14,2026-06-07 14:10:14,,4,122.46,中建创业网络有限公司移动应用开发,江西省辛集县沈北新昆明街r座 719259,辽阳县,台湾省,639438,中国,中建创业网络有限公司移动应用开发,田,桂荣,圆通速递
404,EM821,6,2026-02-17 14:33:21,2026-02-25 14:33:21,2026-02-21 14:33:21,5,86.33,泰麒麟信息有限公司人工智能,广东省想市新城曾路g座 582475,香港县,广西壮族自治区,358806,中国,泰麒麟信息有限公司人工智能,彭,桂荣,申通快递
405,ME428,6,2025-11-21 08:34:22,2025-12-04 08:34:22,2025-11-24 08:34:22,7,445.38,创汇网络有限公司虚拟现实,北京市玉珍市朝阳赵路P座 508928,秀英市,福建省,862920,中国,创汇网络有限公司虚拟现实,彭,桂荣,百世快递
406,ZF801,20,2026-04-24 20:39:52,2026-05-07 20:39:52,2026-04-27 20:39:52,10,92.44,易动力科技有限公司科技公司,北京市佛山县合川香港街U座 292593,沈阳县,广西壮族自治区,104016,中国,易动力科技有限公司科技公司,欧,娜,邮政EMS
407,DV182,2,2024-07-08 13:57:22,2024-07-14 13:57:22,2024-07-12 13:57:22,4,195.94,艾提科信传媒有限公司网络安全,西藏自治区凤兰县朝阳林街U座 372877,桂荣市,山西省,386526,中国,艾提科信传媒有限公司网络安全,江,凤兰,圆通速递
408,XA075,9,2025-02-08 03:06:52,2025-02-19 03:06:52,,1,346.76,网新恒天科技有限公司数字科技,青海省佛山县平山辽阳路l座 730177,秀梅县,山东省,267399,中国,网新恒天科技有限公司数字科技,王,雪,顺丰速运
409,LB704,16,2025-07-08 01:22:58,2025-07-21 01:22:58,2025-07-12 01:22:58,8,38.82,群英信息有限公司金融科技,山东省丽县长寿邯郸路S座 956071,昆明县,河南省,785495,中国,群英信息有限公司金融科技,李,玉珍,天天快递
410,JT617,15,2026-06-02 10:32:58,2026-06-07 10:32:58,,4,152.57,时空盒数字信息有限公司智能科技,山东省巢湖县清浦缪街U座 742478,郑州县,陕西省,364545,中国,时空盒数字信息有限公司智能科技,徐,艳,圆通速递
411,BI759,18,2024-08-28 21:57:22,2024-09-11 21:57:22,,6,233.78,时空盒数字信息有限公司虚拟现实,湖南省杭州市清河柳州路s座 365953,荣市,海南省,934862,中国,时空盒数字信息有限公司虚拟现实,薛,洋,韵达快递
412,GR625,18,2024-08-15 11:29:58,2024-08-21 11:29:58,2024-08-16 11:29:58,4,462.54,明腾传媒有限公司互联网服务,澳门特别行政区呼和浩特市沈北新曲街v座 733015,邯郸市,天津市,144183,中国,明腾传媒有限公司互联网服务,薛,洋,圆通速递
413,GR729,15,2024-08-02 07:28:54,2024-08-08 07:28:54,2024-08-06 07:28:54,6,314.66,中建创业网络有限公司移动应用开发,江西省辛集县沈北新昆明街r座 719259,辽阳县,台湾省,639438,中国,中建创业网络有限公司移动应用开发,徐,艳,韵达快递
414,PE529,3,2025-06-20 20:52:56,2025-06-25 20:52:56,2025-06-24 20:52:56,5,10.19,易动力网络有限公司信息技术,山西省广州县淄川王路j座 894925,英县,山东省,228414,中国,易动力网络有限公司信息技术,王,斌,申通快递
415,FB488,6,2025-12-12 22:34:45,2025-12-18 22:34:45,2025-12-13 22:34:45,8,367.47,方正科技科技有限公司互联网服务,新疆维吾尔自治区莉县牧野王路L座 235814,宁德市,湖南省,575121,中国,方正科技科技有限公司互联网服务,彭,桂荣,天天快递
416,ZV584,10,2025-09-25 13:42:35,2025-10-02 13:42:35,2025-09-29 13:42:35,6,444.38,维旺明科技有限公司大数据分析,山东省雷县涪城王路f座 739633,杭州市,福建省,105798,中国,维旺明科技有限公司大数据分析,林,磊,韵达快递
417,RY548,12,2024-08-12 15:19:35,2024-08-18 15:19:35,2024-08-14 15:19:35,3,239.75,易动力信息有限公司网络安全,青海省宜都县合川朱路g座 383744,斌县,江西省,652523,中国,易动力信息有限公司网络安全,曹,洁,中通快递
418,CA470,14,2025-07-17 07:57:49,2025-07-25 07:57:49,2025-07-20 07:57:49,2,147.89,南康传媒有限公司生物科技,广西壮族自治区汕尾县兴山王街m座 315775,贵阳市,吉林省,458093,中国,南康传媒有限公司生物科技,张,帅,京东物流
419,ZV584,20,2025-11-20 12:24:24,2025-11-27 12:24:24,,10,180.26,维旺明科技有限公司大数据分析,山东省雷县涪城王路f座 739633,杭州市,福建省,105798,中国,维旺明科技有限公司大数据分析,欧,娜,邮政EMS
420,VQ233,12,2025-11-20 07:31:28,2025-11-23 07:31:28,2025-11-23 07:31:28,2,81.96,和泰信息有限公司信息技术,江苏省俊市璧山陈路I座 849236,成都市,四川省,430904,中国,和泰信息有限公司信息技术,曹,洁,京东物流
421,GC890,12,2024-06-25 11:47:02,2024-06-28 11:47:02,2024-06-30 11:47:02,4,23.0,创联世纪信息有限公司移动应用开发,云南省深圳县金平拉萨街l座 585241,福州县,四川省,101164,中国,创联世纪信息有限公司移动应用开发,曹,洁,圆通速递
422,RY548,5,2025-12-10 22:13:53,2025-12-16 22:13:53,,8,407.67,易动力信息有限公司网络安全,青海省宜都县合川朱路g座 383744,斌县,江西省,652523,中国,易动力信息有限公司网络安全,林,峰,天天快递
423,RY572,6,2026-03-07 19:11:02,2026-03-11 19:11:02,2026-03-08 19:11:02,7,468.11,中建创业信息有限公司虚拟现实,黑龙江省天津县清浦贵阳路S座 666651,冬梅县,内蒙古自治区,866120,中国,中建创业信息有限公司虚拟现实,彭,桂荣,百世快递
424,EM821,6,2025-01-08 11:56:01,2025-01-18 11:56:01,2025-01-09 11:56:01,1,42.25,泰麒麟信息有限公司人工智能,广东省想市新城曾路g座 582475,香港县,广西壮族自治区,358806,中国,泰麒麟信息有限公司人工智能,彭,桂荣,顺丰速运
425,US056,1,2026-04-06 18:22:07,2026-04-14 18:22:07,2026-04-11 18:22:07,9,43.34,国讯网络有限公司移动应用开发,甘肃省芳市东丽游街c座 967469,文市,浙江省,216352,中国,国讯网络有限公司移动应用开发,王,建平,德邦物流
426,UY980,14,2025-03-22 11:10:28,2025-04-04 11:10:28,,9,327.79,兰金电子传媒有限公司生物科技,广西壮族自治区香港县六枝特郭路r座 722655,桂香县,广西壮族自治区,205167,中国,兰金电子传媒有限公司生物科技,张,帅,德邦物流
427,GL926,15,2026-01-31 03:24:11,2026-02-04 03:24:11,2026-02-02 03:24:11,3,481.25,时空盒数字传媒有限公司大数据分析,湖北省梧州县锡山周路M座 618236,巢湖市,贵州省,903078,中国,时空盒数字传媒有限公司大数据分析,徐,艳,中通快递
428,ZF801,4,2024-09-04 18:51:50,2024-09-13 18:51:50,2024-09-05 18:51:50,6,433.96,易动力科技有限公司科技公司,北京市佛山县合川香港街U座 292593,沈阳县,广西壮族自治区,104016,中国,易动力科技有限公司科技公司,赵,晨,韵达快递
429,US056,11,2024-09-17 10:54:32,2024-09-20 10:54:32,2024-09-20 10:54:32,10,231.07,国讯网络有限公司移动应用开发,甘肃省芳市东丽游街c座 967469,文市,浙江省,216352,中国,国讯网络有限公司移动应用开发,张,丹丹,邮政EMS
430,DX151,9,2025-06-25 14:55:18,2025-07-09 14:55:18,2025-06-29 14:55:18,8,194.5,易动力信息有限公司物联网,辽宁省嘉禾县沈河六安街A座 771273,佛山县,贵州省,255410,中国,易动力信息有限公司物联网,王,雪,天天快递
431,PV664,2,2025-03-09 20:28:20,2025-03-17 20:28:20,2025-03-12 20:28:20,1,381.44,毕博诚信息有限公司信息技术,天津市颖县华龙武街i座 729878,柳州县,贵州省,534760,中国,毕博诚信息有限公司信息技术,江,凤兰,顺丰速运
432,EA575,6,2024-07-14 05:36:18,2024-07-18 05:36:18,2024-07-18 05:36:18,2,31.85,襄樊地球村信息有限公司物联网,云南省婷婷县高明王路e座 823469,丽娟市,四川省,603957,中国,襄樊地球村信息有限公司物联网,彭,桂荣,京东物流
433,EB652,20,2026-05-11 12:48:56,2026-05-15 12:48:56,2026-05-12 12:48:56,10,256.14,凌云信息有限公司虚拟现实,香港特别行政区福州市城北太原街O座 751024,秀珍县,福建省,531973,中国,凌云信息有限公司虚拟现实,欧,娜,邮政EMS
434,MJ814,16,2026-06-04 13:12:42,2026-06-18 13:12:42,2026-06-07 13:12:42,7,442.63,毕博诚科技有限公司互联网服务,安徽省大冶县牧野汪路E座 856404,俊市,宁夏回族自治区,628200,中国,毕博诚科技有限公司互联网服务,李,玉珍,百世快递
435,WB890,12,2024-12-16 20:43:43,2024-12-27 20:43:43,2024-12-19 20:43:43,4,85.46,鑫博腾飞网络有限公司金融科技,河南省嘉禾市沙市陈路m座 407126,马鞍山市,江苏省,823492,中国,鑫博腾飞网络有限公司金融科技,曹,洁,圆通速递
436,GR625,15,2025-07-20 00:06:29,2025-07-27 00:06:29,2025-07-23 00:06:29,7,68.74,明腾传媒有限公司互联网服务,澳门特别行政区呼和浩特市沈北新曲街v座 733015,邯郸市,天津市,144183,中国,明腾传媒有限公司互联网服务,徐,艳,百世快递
437,NU711,2,2026-02-23 21:35:59,2026-02-27 21:35:59,2026-02-27 21:35:59,9,184.23,易动力科技有限公司人工智能,宁夏回族自治区强县黄浦张路s座 615830,桂兰县,广西壮族自治区,372804,中国,易动力科技有限公司人工智能,江,凤兰,德邦物流
438,ZO854,9,2026-03-26 11:15:00,2026-04-07 11:15:00,,4,445.67,MBP软件科技有限公司信息技术,安徽省瑞市西夏高路i座 571615,丽华县,宁夏回族自治区,300387,中国,MBP软件科技有限公司信息技术,王,雪,圆通速递
439,ZF061,19,2025-08-16 13:37:24,2025-08-28 13:37:24,2025-08-20 13:37:24,10,189.74,维旺明信息有限公司人工智能,安徽省东莞市静安银川街g座 149650,坤县,山西省,734784,中国,维旺明信息有限公司人工智能,田,桂荣,邮政EMS
440,MJ814,9,2025-08-06 12:44:57,2025-08-15 12:44:57,2025-08-07 12:44:57,10,453.86,毕博诚科技有限公司互联网服务,安徽省大冶县牧野汪路E座 856404,俊市,宁夏回族自治区,628200,中国,毕博诚科技有限公司互联网服务,王,雪,邮政EMS
441,MJ814,12,2024-08-15 10:09:18,2024-08-24 10:09:18,2024-08-20 10:09:18,6,60.21,毕博诚科技有限公司互联网服务,安徽省大冶县牧野汪路E座 856404,俊市,宁夏回族自治区,628200,中国,毕博诚科技有限公司互联网服务,曹,洁,韵达快递
442,TB616,6,2025-06-15 22:40:12,2025-06-20 22:40:12,2025-06-18 22:40:12,10,268.48,晖来计算机网络有限公司虚拟现实,湖北省银川县长寿佛山街w座 577399,梅县,新疆维吾尔自治区,509148,中国,晖来计算机网络有限公司虚拟现实,彭,桂荣,邮政EMS
443,TO444,2,2025-09-19 13:59:44,2025-09-29 13:59:44,2025-09-24 13:59:44,9,476.73,MBP软件网络有限公司移动应用开发,青海省颖县山亭西安路G座 992594,辛集市,重庆市,516137,中国,MBP软件网络有限公司移动应用开发,江,凤兰,德邦物流
444,ZO854,12,2026-02-26 08:59:47,2026-03-10 08:59:47,2026-03-02 08:59:47,6,202.09,MBP软件科技有限公司信息技术,安徽省瑞市西夏高路i座 571615,丽华县,宁夏回族自治区,300387,中国,MBP软件科技有限公司信息技术,曹,洁,韵达快递
445,LB704,2,2026-04-03 23:52:11,2026-04-14 23:52:11,2026-04-05 23:52:11,9,196.65,群英信息有限公司金融科技,山东省丽县长寿邯郸路S座 956071,昆明县,河南省,785495,中国,群英信息有限公司金融科技,江,凤兰,德邦物流
446,NQ176,2,2026-04-20 08:35:56,2026-04-30 08:35:56,,4,42.56,图龙信息传媒有限公司数字科技,天津市梧州市安次彭路t座 336734,南昌市,江西省,117022,中国,图龙信息传媒有限公司数字科技,江,凤兰,圆通速递
447,CA470,6,2024-08-25 14:41:57,2024-09-07 14:41:57,2024-08-28 14:41:57,9,28.37,南康传媒有限公司生物科技,广西壮族自治区汕尾县兴山王街m座 315775,贵阳市,吉林省,458093,中国,南康传媒有限公司生物科技,彭,桂荣,德邦物流
448,PS740,12,2025-02-09 20:39:04,2025-02-21 20:39:04,,10,57.47,国讯科技有限公司金融科技,广东省俊县锡山海门路g座 967844,金凤市,江西省,230194,中国,国讯科技有限公司金融科技,曹,洁,邮政EMS
449,BN418,15,2025-08-20 15:22:28,2025-08-25 15:22:28,2025-08-24 15:22:28,6,167.7,易动力网络有限公司移动应用开发,海南省上海县西夏董路s座 290290,重庆市,陕西省,583718,中国,易动力网络有限公司移动应用开发,徐,艳,韵达快递
450,FJ947,18,2026-04-30 15:55:55,2026-05-11 15:55:55,2026-05-04 15:55:55,2,263.81,浙大万朋信息有限公司生物科技,海南省巢湖市徐汇成都街E座 239900,鑫市,内蒙古自治区,548115,中国,浙大万朋信息有限公司生物科技,薛,洋,京东物流
451,WW556,11,2024-08-13 05:34:04,2024-08-22 05:34:04,2024-08-14 05:34:04,9,59.35,商软冠联网络有限公司信息技术,福建省兴城县白云赵街c座 153695,梅市,海南省,737913,中国,商软冠联网络有限公司信息技术,张,丹丹,德邦物流
452,TE207,14,2025-05-22 18:55:50,2025-06-05 18:55:50,2025-05-25 18:55:50,6,481.04,新宇龙信息传媒有限公司人工智能,澳门特别行政区合山县门头沟赵路X座 921614,张家港市,香港特别行政区,309847,中国,新宇龙信息传媒有限公司人工智能,张,帅,韵达快递
453,OA831,16,2024-09-04 03:41:45,2024-09-09 03:41:45,,5,154.85,华泰通安科技有限公司网络安全,香港特别行政区桂兰市城东傅路b座 111143,玉梅市,台湾省,529077,中国,华泰通安科技有限公司网络安全,李,玉珍,申通快递
454,US056,13,2024-08-29 01:21:44,2024-09-08 01:21:44,2024-09-01 01:21:44,4,166.28,国讯网络有限公司移动应用开发,甘肃省芳市东丽游街c座 967469,文市,浙江省,216352,中国,国讯网络有限公司移动应用开发,曲,桂花,圆通速递
455,GA851,8,2025-06-03 02:56:02,2025-06-16 02:56:02,2025-06-06 02:56:02,9,237.96,明腾传媒有限公司金融科技,天津市阜新县城东吴街m座 830793,齐齐哈尔县,香港特别行政区,636849,中国,明腾传媒有限公司金融科技,王,倩,德邦物流
456,ZF801,10,2024-11-16 16:49:43,2024-11-27 16:49:43,2024-11-18 16:49:43,7,450.24,易动力科技有限公司科技公司,北京市佛山县合川香港街U座 292593,沈阳县,广西壮族自治区,104016,中国,易动力科技有限公司科技公司,林,磊,百世快递
457,BP732,19,2024-11-21 19:24:02,2024-11-24 19:24:02,2024-11-22 19:24:02,1,439.98,南康网络有限公司互联网服务,天津市潜江县沈河太原路A座 620715,敏市,福建省,403615,中国,南康网络有限公司互联网服务,田,桂荣,顺丰速运
458,WB209,16,2024-10-29 04:53:58,2024-11-11 04:53:58,2024-11-02 04:53:58,5,152.66,维涛传媒有限公司云计算,内蒙古自治区上海市海陵武汉路o座 271535,秀华县,宁夏回族自治区,490120,中国,维涛传媒有限公司云计算,李,玉珍,申通快递
459,WB890,1,2026-02-23 03:34:04,2026-03-03 03:34:04,2026-02-27 03:34:04,3,346.44,鑫博腾飞网络有限公司金融科技,河南省嘉禾市沙市陈路m座 407126,马鞍山市,江苏省,823492,中国,鑫博腾飞网络有限公司金融科技,王,建平,中通快递
460,FA862,11,2026-02-09 04:03:58,2026-02-17 04:03:58,2026-02-11 04:03:58,8,153.07,方正科技网络有限公司云计算,河北省乌鲁木齐县房山南路s座 690779,潮州县,福建省,956854,中国,方正科技网络有限公司云计算,张,丹丹,天天快递
461,US056,15,2025-03-07 07:13:01,2025-03-11 07:13:01,,6,18.39,国讯网络有限公司移动应用开发,甘肃省芳市东丽游街c座 967469,文市,浙江省,216352,中国,国讯网络有限公司移动应用开发,徐,艳,韵达快递
462,EB652,18,2025-03-25 11:46:20,2025-04-08 11:46:20,2025-03-29 11:46:20,5,274.14,凌云信息有限公司虚拟现实,香港特别行政区福州市城北太原街O座 751024,秀珍县,福建省,531973,中国,凌云信息有限公司虚拟现实,薛,洋,申通快递
463,CZ861,1,2026-04-30 15:47:41,2026-05-12 15:47:41,2026-05-04 15:47:41,7,285.06,合联电子科技有限公司信息技术,辽宁省琴县高明北京街p座 129411,荣市,重庆市,992062,中国,合联电子科技有限公司信息技术,王,建平,百世快递
464,MJ814,11,2025-09-21 23:20:47,2025-09-29 23:20:47,2025-09-26 23:20:47,6,157.57,毕博诚科技有限公司互联网服务,安徽省大冶县牧野汪路E座 856404,俊市,宁夏回族自治区,628200,中国,毕博诚科技有限公司互联网服务,张,丹丹,韵达快递
465,TW751,6,2024-12-16 14:40:54,2024-12-22 14:40:54,2024-12-17 14:40:54,8,442.53,图龙信息网络有限公司云计算,湖南省兰州县丰都张街B座 954217,宁德市,福建省,905170,中国,图龙信息网络有限公司云计算,彭,桂荣,天天快递
466,BI759,2,2026-02-17 16:54:24,2026-02-27 16:54:24,,3,449.67,时空盒数字信息有限公司虚拟现实,湖南省杭州市清河柳州路s座 365953,荣市,海南省,934862,中国,时空盒数字信息有限公司虚拟现实,江,凤兰,中通快递
467,ZF801,1,2025-05-23 13:35:17,2025-06-01 13:35:17,2025-05-28 13:35:17,9,473.14,易动力科技有限公司科技公司,北京市佛山县合川香港街U座 292593,沈阳县,广西壮族自治区,104016,中国,易动力科技有限公司科技公司,王,建平,德邦物流
468,MA264,8,2025-01-22 19:46:19,2025-02-03 19:46:19,2025-01-26 19:46:19,10,455.28,时刻网络有限公司信息技术,辽宁省长春县高港大冶街E座 299146,梅县,山西省,257161,中国,时刻网络有限公司信息技术,王,倩,邮政EMS
469,EK253,3,2025-11-18 14:02:00,2025-12-02 14:02:00,2025-11-23 14:02:00,5,75.05,兰金电子科技有限公司区块链技术,吉林省齐齐哈尔县沈河深圳街p座 109059,南昌市,台湾省,701156,中国,兰金电子科技有限公司区块链技术,王,斌,申通快递
470,XO649,9,2025-05-19 13:53:51,2025-06-01 13:53:51,2025-05-20 13:53:51,4,486.62,晖来计算机传媒有限公司云计算,广东省娟市孝南辽阳路I座 278094,郑州县,江苏省,370443,中国,晖来计算机传媒有限公司云计算,王,雪,圆通速递
471,WN094,19,2025-07-21 23:13:39,2025-08-02 23:13:39,2025-07-22 23:13:39,6,169.2,菊风公司传媒有限公司数字科技,广东省哈尔滨市高坪王路l座 274673,秀梅市,黑龙江省,610381,中国,菊风公司传媒有限公司数字科技,田,桂荣,韵达快递
472,GC846,19,2025-04-28 04:56:21,2025-05-07 04:56:21,2025-04-29 04:56:21,7,151.04,明腾科技有限公司区块链技术,河南省志强县城东杨路A座 853694,石家庄市,安徽省,450779,中国,明腾科技有限公司区块链技术,田,桂荣,百世快递
473,DV182,12,2026-01-06 16:49:25,2026-01-14 16:49:25,2026-01-08 16:49:25,6,150.43,艾提科信传媒有限公司网络安全,西藏自治区凤兰县朝阳林街U座 372877,桂荣市,山西省,386526,中国,艾提科信传媒有限公司网络安全,曹,洁,韵达快递
474,CM245,4,2024-06-07 04:02:11,2024-06-17 04:02:11,2024-06-08 04:02:11,10,363.36,万迅电脑信息有限公司科技公司,澳门特别行政区沈阳市秀英向路j座 232419,洋县,宁夏回族自治区,487088,中国,万迅电脑信息有限公司科技公司,赵,晨,邮政EMS
475,RY548,7,2025-05-05 19:37:06,2025-05-17 19:37:06,2025-05-06 19:37:06,4,292.0,易动力信息有限公司网络安全,青海省宜都县合川朱路g座 383744,斌县,江西省,652523,中国,易动力信息有限公司网络安全,张,刚,圆通速递
476,WY218,2,2024-11-25 11:21:25,2024-11-28 11:21:25,2024-11-30 11:21:25,1,307.85,飞海科技传媒有限公司信息技术,河北省楠县南湖胡街i座 304050,济南市,吉林省,373811,中国,飞海科技传媒有限公司信息技术,江,凤兰,顺丰速运
477,XW046,9,2026-04-22 01:05:29,2026-04-25 01:05:29,,6,499.97,鑫博腾飞信息有限公司智能科技,安徽省杭州县新城潮州路U座 487852,兴安盟市,青海省,721718,中国,鑫博腾飞信息有限公司智能科技,王,雪,韵达快递
478,AD089,16,2025-11-30 11:53:16,2025-12-11 11:53:16,2025-12-01 11:53:16,8,293.63,创亿网络有限公司移动应用开发,陕西省慧市西夏李街d座 273215,楠市,贵州省,437029,中国,创亿网络有限公司移动应用开发,李,玉珍,天天快递
479,ZV584,3,2025-03-30 21:39:09,2025-04-09 21:39:09,,5,137.61,维旺明科技有限公司大数据分析,山东省雷县涪城王路f座 739633,杭州市,福建省,105798,中国,维旺明科技有限公司大数据分析,王,斌,申通快递
480,QT258,1,2025-08-02 14:28:49,2025-08-10 14:28:49,,9,41.1,商软冠联传媒有限公司大数据分析,湖北省强县新城古路N座 931706,玉珍县,澳门特别行政区,424628,中国,商软冠联传媒有限公司大数据分析,王,建平,德邦物流
481,NQ176,10,2025-07-10 10:43:43,2025-07-20 10:43:43,2025-07-14 10:43:43,1,287.07,图龙信息传媒有限公司数字科技,天津市梧州市安次彭路t座 336734,南昌市,江西省,117022,中国,图龙信息传媒有限公司数字科技,林,磊,顺丰速运
482,ZV584,12,2026-06-01 05:11:23,2026-06-06 05:11:23,,8,449.09,维旺明科技有限公司大数据分析,山东省雷县涪城王路f座 739633,杭州市,福建省,105798,中国,维旺明科技有限公司大数据分析,曹,洁,天天快递
483,AK874,14,2024-12-30 13:03:08,2025-01-12 13:03:08,,5,472.21,昊嘉信息有限公司区块链技术,广东省莹县梁平李路D座 332586,雷市,天津市,614583,中国,昊嘉信息有限公司区块链技术,张,帅,申通快递
484,NQ176,19,2024-11-22 10:11:59,2024-11-28 10:11:59,2024-11-24 10:11:59,5,52.21,图龙信息传媒有限公司数字科技,天津市梧州市安次彭路t座 336734,南昌市,江西省,117022,中国,图龙信息传媒有限公司数字科技,田,桂荣,申通快递
485,ZF801,6,2025-07-09 16:00:27,2025-07-20 16:00:27,2025-07-11 16:00:27,8,98.29,易动力科技有限公司科技公司,北京市佛山县合川香港街U座 292593,沈阳县,广西壮族自治区,104016,中国,易动力科技有限公司科技公司,彭,桂荣,天天快递
486,MR129,9,2024-11-13 22:17:33,2024-11-22 22:17:33,2024-11-14 22:17:33,5,376.36,太极信息有限公司互联网服务,江苏省六盘水县清浦黄街g座 440842,海门市,福建省,737845,中国,太极信息有限公司互联网服务,王,雪,申通快递
487,WQ849,11,2024-09-14 20:17:06,2024-09-23 20:17:06,2024-09-17 20:17:06,7,197.88,开发区世创科技有限公司科技公司,浙江省香港县翔安潮州街E座 459811,嘉禾市,黑龙江省,948902,中国,开发区世创科技有限公司科技公司,张,丹丹,百世快递
488,AK874,2,2024-12-27 23:21:34,2025-01-05 23:21:34,2024-12-28 23:21:34,4,308.13,昊嘉信息有限公司区块链技术,广东省莹县梁平李路D座 332586,雷市,天津市,614583,中国,昊嘉信息有限公司区块链技术,江,凤兰,圆通速递
489,MZ379,20,2025-04-10 07:20:08,2025-04-24 07:20:08,2025-04-15 07:20:08,4,167.04,联软传媒有限公司区块链技术,台湾省深圳市牧野李街L座 325753,慧县,山东省,556597,中国,联软传媒有限公司区块链技术,欧,娜,圆通速递
490,NU012,16,2025-05-09 06:45:25,2025-05-20 06:45:25,2025-05-11 06:45:25,3,441.21,商软冠联传媒有限公司智能科技,甘肃省阜新县江北白路G座 114919,太原县,黑龙江省,500377,中国,商软冠联传媒有限公司智能科技,李,玉珍,中通快递
491,US056,9,2024-08-28 04:28:37,2024-09-06 04:28:37,,10,437.6,国讯网络有限公司移动应用开发,甘肃省芳市东丽游街c座 967469,文市,浙江省,216352,中国,国讯网络有限公司移动应用开发,王,雪,邮政EMS
492,EM821,9,2025-04-19 08:03:05,2025-05-02 08:03:05,2025-04-21 08:03:05,5,300.48,泰麒麟信息有限公司人工智能,广东省想市新城曾路g座 582475,香港县,广西壮族自治区,358806,中国,泰麒麟信息有限公司人工智能,王,雪,申通快递
493,WB209,20,2026-03-23 00:36:51,2026-04-02 00:36:51,2026-03-25 00:36:51,6,156.83,维涛传媒有限公司云计算,内蒙古自治区上海市海陵武汉路o座 271535,秀华县,宁夏回族自治区,490120,中国,维涛传媒有限公司云计算,欧,娜,韵达快递
494,RY572,3,2026-04-13 20:03:38,2026-04-18 20:03:38,2026-04-15 20:03:38,7,465.34,中建创业信息有限公司虚拟现实,黑龙江省天津县清浦贵阳路S座 666651,冬梅县,内蒙古自治区,866120,中国,中建创业信息有限公司虚拟现实,王,斌,百世快递
495,MA264,8,2024-09-11 21:42:55,2024-09-23 21:42:55,2024-09-13 21:42:55,6,486.95,时刻网络有限公司信息技术,辽宁省长春县高港大冶街E座 299146,梅县,山西省,257161,中国,时刻网络有限公司信息技术,王,倩,韵达快递
496,AY876,2,2025-01-06 04:18:04,2025-01-13 04:18:04,2025-01-11 04:18:04,5,372.71,精芯传媒有限公司物联网,湖北省杭州市华龙宜都路G座 885926,武汉市,湖北省,378841,中国,精芯传媒有限公司物联网,江,凤兰,申通快递
497,HD242,11,2024-10-03 11:22:36,2024-10-13 11:22:36,2024-10-05 11:22:36,4,300.92,富罳科技有限公司生物科技,青海省贵阳市友好范街A座 611700,想县,甘肃省,415348,中国,富罳科技有限公司生物科技,张,丹丹,圆通速递
498,MG296,20,2025-03-30 05:16:33,2025-04-04 05:16:33,2025-03-31 05:16:33,2,328.62,浦华众城网络有限公司信息技术,台湾省倩县涪城陈街U座 719485,浩市,四川省,990712,中国,浦华众城网络有限公司信息技术,欧,娜,京东物流
499,GJ116,16,2024-09-01 12:19:57,2024-09-12 12:19:57,,4,498.89,良诺信息有限公司生物科技,云南省雷市东城巫街s座 382268,红市,海南省,562035,中国,良诺信息有限公司生物科技,李,玉珍,圆通速递
500,XA254,5,2026-04-18 05:12:51,2026-04-27 05:12:51,2026-04-23 05:12:51,6,466.24,易动力信息有限公司物联网,陕西省关岭县高坪淮安街k座 604446,齐齐哈尔市,贵州省,989116,中国,易动力信息有限公司物联网,林,峰,韵达快递
501,LU518,14,2025-03-04 03:35:30,2025-03-13 03:35:30,,4,195.52,易动力传媒有限公司生物科技,河南省贵阳县兴山广州路A座 729306,伟市,陕西省,802027,中国,易动力传媒有限公司生物科技,张,帅,圆通速递
502,BI759,12,2025-02-05 01:54:08,2025-02-17 01:54:08,2025-02-09 01:54:08,4,80.38,时空盒数字信息有限公司虚拟现实,湖南省杭州市清河柳州路s座 365953,荣市,海南省,934862,中国,时空盒数字信息有限公司虚拟现实,曹,洁,圆通速递
503,WW556,19,2024-10-04 07:45:57,2024-10-16 07:45:57,2024-10-07 07:45:57,3,236.39,商软冠联网络有限公司信息技术,福建省兴城县白云赵街c座 153695,梅市,海南省,737913,中国,商软冠联网络有限公司信息技术,田,桂荣,中通快递
504,FB488,11,2025-06-23 19:47:51,2025-06-26 19:47:51,2025-06-26 19:47:51,9,40.22,方正科技科技有限公司互联网服务,新疆维吾尔自治区莉县牧野王路L座 235814,宁德市,湖南省,575121,中国,方正科技科技有限公司互联网服务,张,丹丹,德邦物流
505,FC418,5,2024-06-18 05:57:06,2024-06-26 05:57:06,2024-06-23 05:57:06,3,95.57,网新恒天网络有限公司生物科技,山东省贵阳县上街蔡路H座 193448,秀珍县,湖南省,879752,中国,网新恒天网络有限公司生物科技,林,峰,中通快递
506,AK874,18,2025-05-06 23:25:15,2025-05-20 23:25:15,2025-05-11 23:25:15,8,191.17,昊嘉信息有限公司区块链技术,广东省莹县梁平李路D座 332586,雷市,天津市,614583,中国,昊嘉信息有限公司区块链技术,薛,洋,天天快递
507,FA862,10,2025-05-27 12:34:02,2025-06-10 12:34:02,2025-05-30 12:34:02,3,318.25,方正科技网络有限公司云计算,河北省乌鲁木齐县房山南路s座 690779,潮州县,福建省,956854,中国,方正科技网络有限公司云计算,林,磊,中通快递
508,GR625,2,2025-08-05 14:55:29,2025-08-19 14:55:29,2025-08-07 14:55:29,6,434.36,明腾传媒有限公司互联网服务,澳门特别行政区呼和浩特市沈北新曲街v座 733015,邯郸市,天津市,144183,中国,明腾传媒有限公司互联网服务,江,凤兰,韵达快递
509,RV310,16,2025-07-18 19:23:05,2025-07-28 19:23:05,2025-07-21 19:23:05,2,260.05,银嘉科技有限公司云计算,北京市强县牧野惠州路G座 671226,重庆县,云南省,471017,中国,银嘉科技有限公司云计算,李,玉珍,京东物流
510,MJ814,10,2025-05-12 05:57:50,2025-05-24 05:57:50,2025-05-13 05:57:50,2,136.26,毕博诚科技有限公司互联网服务,安徽省大冶县牧野汪路E座 856404,俊市,宁夏回族自治区,628200,中国,毕博诚科技有限公司互联网服务,林,磊,京东物流
511,ZU351,17,2026-03-08 19:38:17,2026-03-22 19:38:17,2026-03-11 19:38:17,8,207.9,银嘉科技有限公司科技公司,山东省深圳县孝南黄街c座 290750,秀荣市,宁夏回族自治区,662554,中国,银嘉科技有限公司科技公司,陈,杨,天天快递
512,HD242,4,2026-01-29 05:25:22,2026-02-12 05:25:22,2026-01-30 05:25:22,2,322.9,富罳科技有限公司生物科技,青海省贵阳市友好范街A座 611700,想县,甘肃省,415348,中国,富罳科技有限公司生物科技,赵,晨,京东物流
513,LB704,8,2024-08-07 16:12:08,2024-08-10 16:12:08,,1,197.77,群英信息有限公司金融科技,山东省丽县长寿邯郸路S座 956071,昆明县,河南省,785495,中国,群英信息有限公司金融科技,王,倩,顺丰速运
514,EK253,10,2024-12-28 04:46:22,2025-01-02 04:46:22,2025-01-01 04:46:22,8,422.79,兰金电子科技有限公司区块链技术,吉林省齐齐哈尔县沈河深圳街p座 109059,南昌市,台湾省,701156,中国,兰金电子科技有限公司区块链技术,林,磊,天天快递
515,ZG109,12,2024-10-07 06:59:07,2024-10-11 06:59:07,2024-10-10 06:59:07,5,137.36,襄樊地球村网络有限公司智能科技,安徽省畅县房山郑路w座 157129,坤县,内蒙古自治区,951957,中国,襄樊地球村网络有限公司智能科技,曹,洁,申通快递
516,AU710,16,2026-01-13 18:06:19,2026-01-16 18:06:19,2026-01-14 18:06:19,8,206.36,巨奥传媒有限公司信息技术,重庆市燕市安次哈尔滨街x座 404214,辛集市,广东省,406351,中国,巨奥传媒有限公司信息技术,李,玉珍,天天快递
517,CA470,15,2024-08-26 01:50:33,2024-08-29 01:50:33,,6,72.26,南康传媒有限公司生物科技,广西壮族自治区汕尾县兴山王街m座 315775,贵阳市,吉林省,458093,中国,南康传媒有限公司生物科技,徐,艳,韵达快递
518,ZF801,6,2025-04-30 12:51:38,2025-05-08 12:51:38,,7,416.52,易动力科技有限公司科技公司,北京市佛山县合川香港街U座 292593,沈阳县,广西壮族自治区,104016,中国,易动力科技有限公司科技公司,彭,桂荣,百世快递
519,EA575,2,2026-02-13 20:30:23,2026-02-16 20:30:23,2026-02-16 20:30:23,8,435.48,襄樊地球村信息有限公司物联网,云南省婷婷县高明王路e座 823469,丽娟市,四川省,603957,中国,襄樊地球村信息有限公司物联网,江,凤兰,天天快递
520,QJ392,6,2025-11-23 11:05:08,2025-11-28 11:05:08,2025-11-25 11:05:08,1,188.05,创亿网络有限公司金融科技,浙江省台北县六枝特张家港路l座 913606,重庆市,湖南省,684944,中国,创亿网络有限公司金融科技,彭,桂荣,顺丰速运
521,MJ814,17,2026-03-06 23:29:15,2026-03-15 23:29:15,,5,248.29,毕博诚科技有限公司互联网服务,安徽省大冶县牧野汪路E座 856404,俊市,宁夏回族自治区,628200,中国,毕博诚科技有限公司互联网服务,陈,杨,申通快递
522,RY572,3,2025-01-05 14:23:46,2025-01-09 14:23:46,2025-01-10 14:23:46,5,204.01,中建创业信息有限公司虚拟现实,黑龙江省天津县清浦贵阳路S座 666651,冬梅县,内蒙古自治区,866120,中国,中建创业信息有限公司虚拟现实,王,斌,申通快递
523,GC890,7,2025-02-05 20:12:16,2025-02-09 20:12:16,2025-02-10 20:12:16,10,184.04,创联世纪信息有限公司移动应用开发,云南省深圳县金平拉萨街l座 585241,福州县,四川省,101164,中国,创联世纪信息有限公司移动应用开发,张,刚,邮政EMS
524,RV310,18,2025-11-12 20:02:32,2025-11-23 20:02:32,2025-11-17 20:02:32,4,451.98,银嘉科技有限公司云计算,北京市强县牧野惠州路G座 671226,重庆县,云南省,471017,中国,银嘉科技有限公司云计算,薛,洋,圆通速递
525,DW607,8,2024-08-30 06:42:58,2024-09-04 06:42:58,2024-08-31 06:42:58,4,349.61,银嘉网络有限公司云计算,四川省秀华县金平合山街C座 522476,杨县,江苏省,112129,中国,银嘉网络有限公司云计算,王,倩,圆通速递
526,NU012,17,2026-01-25 04:29:03,2026-01-28 04:29:03,2026-01-27 04:29:03,9,327.22,商软冠联传媒有限公司智能科技,甘肃省阜新县江北白路G座 114919,太原县,黑龙江省,500377,中国,商软冠联传媒有限公司智能科技,陈,杨,德邦物流
527,CS287,6,2025-08-20 21:42:11,2025-09-03 21:42:11,2025-08-25 21:42:11,6,344.28,和泰网络有限公司电子商务,山东省台北市南湖刘路G座 282213,玲市,江苏省,453351,中国,和泰网络有限公司电子商务,彭,桂荣,韵达快递
528,YZ898,2,2026-06-03 13:20:01,2026-06-11 13:20:01,2026-06-07 13:20:01,7,467.29,通际名联科技有限公司金融科技,黑龙江省利县江北曹路r座 182732,济南市,台湾省,380850,中国,通际名联科技有限公司金融科技,江,凤兰,百世快递
529,EB652,1,2025-11-16 01:24:25,2025-11-29 01:24:25,2025-11-17 01:24:25,10,88.11,凌云信息有限公司虚拟现实,香港特别行政区福州市城北太原街O座 751024,秀珍县,福建省,531973,中国,凌云信息有限公司虚拟现实,王,建平,邮政EMS
530,GJ116,15,2025-07-26 00:47:20,2025-07-31 00:47:20,2025-07-31 00:47:20,1,213.12,良诺信息有限公司生物科技,云南省雷市东城巫街s座 382268,红市,海南省,562035,中国,良诺信息有限公司生物科技,徐,艳,顺丰速运
531,GL926,3,2025-09-07 19:37:59,2025-09-14 19:37:59,2025-09-08 19:37:59,2,143.37,时空盒数字传媒有限公司大数据分析,湖北省梧州县锡山周路M座 618236,巢湖市,贵州省,903078,中国,时空盒数字传媒有限公司大数据分析,王,斌,京东物流
532,BW289,16,2025-06-13 04:04:37,2025-06-17 04:04:37,2025-06-16 04:04:37,3,195.35,海创网络有限公司生物科技,香港特别行政区雷市翔安赵街a座 431269,汕尾县,北京市,156019,中国,海创网络有限公司生物科技,李,玉珍,中通快递
533,LB704,5,2024-10-10 11:59:46,2024-10-21 11:59:46,,8,151.13,群英信息有限公司金融科技,山东省丽县长寿邯郸路S座 956071,昆明县,河南省,785495,中国,群英信息有限公司金融科技,林,峰,天天快递
534,ZF061,9,2026-04-19 20:53:55,2026-04-25 20:53:55,,7,432.59,维旺明信息有限公司人工智能,安徽省东莞市静安银川街g座 149650,坤县,山西省,734784,中国,维旺明信息有限公司人工智能,王,雪,百世快递
535,EA575,3,2024-07-08 04:32:56,2024-07-16 04:32:56,2024-07-12 04:32:56,9,385.84,襄樊地球村信息有限公司物联网,云南省婷婷县高明王路e座 823469,丽娟市,四川省,603957,中国,襄樊地球村信息有限公司物联网,王,斌,德邦物流
536,AK874,4,2024-09-06 06:54:42,2024-09-16 06:54:42,2024-09-08 06:54:42,7,45.73,昊嘉信息有限公司区块链技术,广东省莹县梁平李路D座 332586,雷市,天津市,614583,中国,昊嘉信息有限公司区块链技术,赵,晨,百世快递
537,MA264,10,2024-09-21 13:49:43,2024-09-30 13:49:43,,6,22.37,时刻网络有限公司信息技术,辽宁省长春县高港大冶街E座 299146,梅县,山西省,257161,中国,时刻网络有限公司信息技术,林,磊,韵达快递
538,PJ659,10,2024-10-12 23:23:23,2024-10-20 23:23:23,2024-10-15 23:23:23,9,433.58,超艺网络有限公司人工智能,四川省梅市高明潮州路u座 815912,武汉市,四川省,103035,中国,超艺网络有限公司人工智能,林,磊,德邦物流
539,QL573,2,2025-02-08 17:10:41,2025-02-15 17:10:41,,3,105.5,维涛科技有限公司网络安全,西藏自治区亮市清浦王街I座 399560,永安市,贵州省,583598,中国,维涛科技有限公司网络安全,江,凤兰,中通快递
540,PL616,9,2025-09-14 21:29:32,2025-09-22 21:29:32,2025-09-18 21:29:32,2,179.32,巨奥网络有限公司金融科技,陕西省慧市锡山王街R座 594310,明市,天津市,692056,中国,巨奥网络有限公司金融科技,王,雪,京东物流
541,DH200,14,2024-08-17 21:12:04,2024-08-23 21:12:04,2024-08-21 21:12:04,4,399.37,盟新传媒有限公司大数据分析,甘肃省红县涪城董路q座 904897,辽阳县,安徽省,428336,中国,盟新传媒有限公司大数据分析,张,帅,圆通速递
542,VC531,8,2024-10-13 13:22:57,2024-10-18 13:22:57,2024-10-14 13:22:57,8,35.39,九方传媒有限公司生物科技,江西省玉梅县城北韦路k座 920415,六盘水市,西藏自治区,774096,中国,九方传媒有限公司生物科技,王,倩,天天快递
543,WY218,17,2025-09-08 09:06:10,2025-09-15 09:06:10,,6,482.26,飞海科技传媒有限公司信息技术,河北省楠县南湖胡街i座 304050,济南市,吉林省,373811,中国,飞海科技传媒有限公司信息技术,陈,杨,韵达快递
544,PC764,15,2025-11-23 09:09:24,2025-12-02 09:09:24,2025-11-24 09:09:24,2,185.34,恒聪百汇传媒有限公司虚拟现实,福建省兴城市高明邓街U座 898971,重庆市,河南省,796218,中国,恒聪百汇传媒有限公司虚拟现实,徐,艳,京东物流
545,RY548,2,2026-04-14 00:48:11,2026-04-24 00:48:11,2026-04-17 00:48:11,4,357.07,易动力信息有限公司网络安全,青海省宜都县合川朱路g座 383744,斌县,江西省,652523,中国,易动力信息有限公司网络安全,江,凤兰,圆通速递
546,GA851,17,2024-07-04 03:34:53,2024-07-11 03:34:53,2024-07-05 03:34:53,5,247.65,明腾传媒有限公司金融科技,天津市阜新县城东吴街m座 830793,齐齐哈尔县,香港特别行政区,636849,中国,明腾传媒有限公司金融科技,陈,杨,申通快递
547,GR625,14,2025-07-28 15:14:40,2025-08-04 15:14:40,,3,76.26,明腾传媒有限公司互联网服务,澳门特别行政区呼和浩特市沈北新曲街v座 733015,邯郸市,天津市,144183,中国,明腾传媒有限公司互联网服务,张,帅,中通快递
548,WB890,13,2025-12-14 16:36:06,2025-12-22 16:36:06,,9,424.39,鑫博腾飞网络有限公司金融科技,河南省嘉禾市沙市陈路m座 407126,马鞍山市,江苏省,823492,中国,鑫博腾飞网络有限公司金融科技,曲,桂花,德邦物流
549,FN522,3,2026-04-13 21:58:03,2026-04-26 21:58:03,2026-04-16 21:58:03,5,34.78,新宇龙信息科技有限公司电子商务,宁夏回族自治区大冶市梁平鲁路j座 404484,磊县,辽宁省,988357,中国,新宇龙信息科技有限公司电子商务,王,斌,申通快递
550,ZH741,7,2025-09-14 01:44:43,2025-09-25 01:44:43,2025-09-16 01:44:43,3,374.09,巨奥科技有限公司信息技术,辽宁省兵县门头沟黄路R座 339119,峰县,河南省,970735,中国,巨奥科技有限公司信息技术,张,刚,中通快递
551,TW751,15,2024-07-14 03:15:02,2024-07-23 03:15:02,,10,444.76,图龙信息网络有限公司云计算,湖南省兰州县丰都张街B座 954217,宁德市,福建省,905170,中国,图龙信息网络有限公司云计算,徐,艳,邮政EMS
552,MR129,4,2025-11-07 21:13:17,2025-11-17 21:13:17,2025-11-12 21:13:17,5,14.48,太极信息有限公司互联网服务,江苏省六盘水县清浦黄街g座 440842,海门市,福建省,737845,中国,太极信息有限公司互联网服务,赵,晨,申通快递
553,EM821,15,2025-06-23 03:28:25,2025-07-05 03:28:25,2025-06-25 03:28:25,5,77.82,泰麒麟信息有限公司人工智能,广东省想市新城曾路g座 582475,香港县,广西壮族自治区,358806,中国,泰麒麟信息有限公司人工智能,徐,艳,申通快递
554,DW607,5,2024-06-04 21:09:46,2024-06-11 21:09:46,2024-06-08 21:09:46,7,310.91,银嘉网络有限公司云计算,四川省秀华县金平合山街C座 522476,杨县,江苏省,112129,中国,银嘉网络有限公司云计算,林,峰,百世快递
555,QJ392,16,2024-06-20 11:11:25,2024-07-01 11:11:25,2024-06-22 11:11:25,3,459.53,创亿网络有限公司金融科技,浙江省台北县六枝特张家港路l座 913606,重庆市,湖南省,684944,中国,创亿网络有限公司金融科技,李,玉珍,中通快递
556,BN418,18,2025-12-03 14:30:19,2025-12-14 14:30:19,2025-12-04 14:30:19,6,309.72,易动力网络有限公司移动应用开发,海南省上海县西夏董路s座 290290,重庆市,陕西省,583718,中国,易动力网络有限公司移动应用开发,薛,洋,韵达快递
557,MR129,5,2025-12-03 21:38:28,2025-12-17 21:38:28,2025-12-07 21:38:28,2,417.62,太极信息有限公司互联网服务,江苏省六盘水县清浦黄街g座 440842,海门市,福建省,737845,中国,太极信息有限公司互联网服务,林,峰,京东物流
558,EA575,12,2025-12-05 09:02:29,2025-12-16 09:02:29,,8,248.0,襄樊地球村信息有限公司物联网,云南省婷婷县高明王路e座 823469,丽娟市,四川省,603957,中国,襄樊地球村信息有限公司物联网,曹,洁,天天快递
559,DW607,3,2024-12-19 18:55:26,2024-12-25 18:55:26,2024-12-21 18:55:26,8,131.13,银嘉网络有限公司云计算,四川省秀华县金平合山街C座 522476,杨县,江苏省,112129,中国,银嘉网络有限公司云计算,王,斌,天天快递
560,II746,2,2024-07-15 20:53:46,2024-07-20 20:53:46,2024-07-18 20:53:46,4,378.18,恩悌传媒有限公司虚拟现实,广西壮族自治区哈尔滨县房山辛集路N座 896046,南昌县,甘肃省,203154,中国,恩悌传媒有限公司虚拟现实,江,凤兰,圆通速递
561,EK253,17,2026-04-26 20:21:57,2026-05-02 20:21:57,,3,77.8,兰金电子科技有限公司区块链技术,吉林省齐齐哈尔县沈河深圳街p座 109059,南昌市,台湾省,701156,中国,兰金电子科技有限公司区块链技术,陈,杨,中通快递
562,JT617,20,2025-09-02 19:56:03,2025-09-08 19:56:03,2025-09-07 19:56:03,5,429.39,时空盒数字信息有限公司智能科技,山东省巢湖县清浦缪街U座 742478,郑州县,陕西省,364545,中国,时空盒数字信息有限公司智能科技,欧,娜,申通快递
563,EB652,7,2025-07-28 23:58:41,2025-07-31 23:58:41,2025-07-30 23:58:41,6,311.11,凌云信息有限公司虚拟现实,香港特别行政区福州市城北太原街O座 751024,秀珍县,福建省,531973,中国,凌云信息有限公司虚拟现实,张,刚,韵达快递
564,NQ176,4,2025-01-30 21:21:32,2025-02-13 21:21:32,2025-02-04 21:21:32,10,32.58,图龙信息传媒有限公司数字科技,天津市梧州市安次彭路t座 336734,南昌市,江西省,117022,中国,图龙信息传媒有限公司数字科技,赵,晨,邮政EMS
565,LU518,14,2025-07-30 16:20:17,2025-08-02 16:20:17,2025-07-31 16:20:17,7,442.76,易动力传媒有限公司生物科技,河南省贵阳县兴山广州路A座 729306,伟市,陕西省,802027,中国,易动力传媒有限公司生物科技,张,帅,百世快递
566,GA851,6,2024-12-21 23:41:50,2025-01-03 23:41:50,2024-12-24 23:41:50,4,128.42,明腾传媒有限公司金融科技,天津市阜新县城东吴街m座 830793,齐齐哈尔县,香港特别行政区,636849,中国,明腾传媒有限公司金融科技,彭,桂荣,圆通速递
567,NU711,3,2026-01-03 10:39:59,2026-01-16 10:39:59,2026-01-08 10:39:59,3,182.53,易动力科技有限公司人工智能,宁夏回族自治区强县黄浦张路s座 615830,桂兰县,广西壮族自治区,372804,中国,易动力科技有限公司人工智能,王,斌,中通快递
568,RY572,3,2026-05-30 20:31:44,2026-06-04 20:31:44,2026-06-02 20:31:44,10,386.97,中建创业信息有限公司虚拟现实,黑龙江省天津县清浦贵阳路S座 666651,冬梅县,内蒙古自治区,866120,中国,中建创业信息有限公司虚拟现实,王,斌,邮政EMS
569,WY218,15,2026-03-01 16:51:09,2026-03-10 16:51:09,,5,232.37,飞海科技传媒有限公司信息技术,河北省楠县南湖胡街i座 304050,济南市,吉林省,373811,中国,飞海科技传媒有限公司信息技术,徐,艳,申通快递
570,IK721,16,2024-08-05 17:30:05,2024-08-18 17:30:05,2024-08-10 17:30:05,8,168.26,诺依曼软件传媒有限公司物联网,广东省重庆市沈北新深圳路t座 370139,华市,广西壮族自治区,558601,中国,诺依曼软件传媒有限公司物联网,李,玉珍,天天快递
571,VH856,5,2026-03-31 12:01:23,2026-04-09 12:01:23,2026-04-02 12:01:23,6,279.31,鑫博腾飞科技有限公司电子商务,吉林省英市海陵李街x座 709778,英县,江西省,294218,中国,鑫博腾飞科技有限公司电子商务,林,峰,韵达快递
572,VQ233,7,2025-05-18 13:35:30,2025-05-24 13:35:30,,2,474.34,和泰信息有限公司信息技术,江苏省俊市璧山陈路I座 849236,成都市,四川省,430904,中国,和泰信息有限公司信息技术,张,刚,京东物流
573,RY572,19,2025-04-01 00:39:54,2025-04-06 00:39:54,,7,374.21,中建创业信息有限公司虚拟现实,黑龙江省天津县清浦贵阳路S座 666651,冬梅县,内蒙古自治区,866120,中国,中建创业信息有限公司虚拟现实,田,桂荣,百世快递
574,MJ814,17,2024-12-16 20:20:34,2024-12-25 20:20:34,2024-12-19 20:20:34,4,303.94,毕博诚科技有限公司互联网服务,安徽省大冶县牧野汪路E座 856404,俊市,宁夏回族自治区,628200,中国,毕博诚科技有限公司互联网服务,陈,杨,圆通速递
575,YZ898,16,2025-05-16 09:47:33,2025-05-27 09:47:33,,8,388.13,通际名联科技有限公司金融科技,黑龙江省利县江北曹路r座 182732,济南市,台湾省,380850,中国,通际名联科技有限公司金融科技,李,玉珍,天天快递
576,AU710,9,2026-04-19 04:58:59,2026-05-01 04:58:59,2026-04-20 04:58:59,3,329.7,巨奥传媒有限公司信息技术,重庆市燕市安次哈尔滨街x座 404214,辛集市,广东省,406351,中国,巨奥传媒有限公司信息技术,王,雪,中通快递
577,CC657,10,2026-02-23 08:14:39,2026-03-08 08:14:39,2026-02-26 08:14:39,10,456.19,昊嘉信息有限公司信息技术,天津市伟县清城何路W座 931319,军县,辽宁省,815449,中国,昊嘉信息有限公司信息技术,林,磊,邮政EMS
578,PL616,17,2025-06-20 15:06:11,2025-07-03 15:06:11,2025-06-23 15:06:11,8,255.12,巨奥网络有限公司金融科技,陕西省慧市锡山王街R座 594310,明市,天津市,692056,中国,巨奥网络有限公司金融科技,陈,杨,天天快递
579,AD089,3,2025-08-28 10:21:17,2025-09-11 10:21:17,2025-08-31 10:21:17,4,213.53,创亿网络有限公司移动应用开发,陕西省慧市西夏李街d座 273215,楠市,贵州省,437029,中国,创亿网络有限公司移动应用开发,王,斌,圆通速递
580,PL616,12,2025-08-21 18:18:38,2025-08-30 18:18:38,2025-08-26 18:18:38,1,283.32,巨奥网络有限公司金融科技,陕西省慧市锡山王街R座 594310,明市,天津市,692056,中国,巨奥网络有限公司金融科技,曹,洁,顺丰速运
581,WY218,2,2025-09-04 01:24:40,2025-09-15 01:24:40,,1,330.88,飞海科技传媒有限公司信息技术,河北省楠县南湖胡街i座 304050,济南市,吉林省,373811,中国,飞海科技传媒有限公司信息技术,江,凤兰,顺丰速运
582,MA264,19,2024-08-24 00:27:36,2024-08-31 00:27:36,2024-08-28 00:27:36,9,178.73,时刻网络有限公司信息技术,辽宁省长春县高港大冶街E座 299146,梅县,山西省,257161,中国,时刻网络有限公司信息技术,田,桂荣,德邦物流
583,FJ947,16,2025-08-27 04:14:29,2025-08-31 04:14:29,2025-08-28 04:14:29,5,411.8,浙大万朋信息有限公司生物科技,海南省巢湖市徐汇成都街E座 239900,鑫市,内蒙古自治区,548115,中国,浙大万朋信息有限公司生物科技,李,玉珍,申通快递
584,QI779,13,2026-06-03 15:24:30,2026-06-08 15:24:30,,1,219.51,合联电子科技有限公司网络安全,新疆维吾尔自治区波市牧野潜江街w座 187520,沈阳县,江苏省,734012,中国,合联电子科技有限公司网络安全,曲,桂花,顺丰速运
585,KS630,18,2025-01-03 12:58:48,2025-01-10 12:58:48,2025-01-04 12:58:48,8,81.37,良诺信息有限公司网络安全,四川省西安市魏都邓路Q座 814705,潮州市,内蒙古自治区,453855,中国,良诺信息有限公司网络安全,薛,洋,天天快递
586,QJ392,15,2026-01-20 23:49:36,2026-01-29 23:49:36,2026-01-22 23:49:36,6,465.59,创亿网络有限公司金融科技,浙江省台北县六枝特张家港路l座 913606,重庆市,湖南省,684944,中国,创亿网络有限公司金融科技,徐,艳,韵达快递
587,XO649,17,2024-10-08 06:24:20,2024-10-21 06:24:20,2024-10-11 06:24:20,2,282.8,晖来计算机传媒有限公司云计算,广东省娟市孝南辽阳路I座 278094,郑州县,江苏省,370443,中国,晖来计算机传媒有限公司云计算,陈,杨,京东物流
588,FN522,17,2026-02-06 11:46:06,2026-02-14 11:46:06,,5,316.23,新宇龙信息科技有限公司电子商务,宁夏回族自治区大冶市梁平鲁路j座 404484,磊县,辽宁省,988357,中国,新宇龙信息科技有限公司电子商务,陈,杨,申通快递
589,BI759,4,2025-03-04 01:29:44,2025-03-09 01:29:44,2025-03-07 01:29:44,1,317.37,时空盒数字信息有限公司虚拟现实,湖南省杭州市清河柳州路s座 365953,荣市,海南省,934862,中国,时空盒数字信息有限公司虚拟现实,赵,晨,顺丰速运
590,ZG109,9,2025-06-27 18:51:14,2025-07-06 18:51:14,2025-06-30 18:51:14,3,203.4,襄樊地球村网络有限公司智能科技,安徽省畅县房山郑路w座 157129,坤县,内蒙古自治区,951957,中国,襄樊地球村网络有限公司智能科技,王,雪,中通快递
591,WY218,14,2025-01-20 18:21:14,2025-01-29 18:21:14,2025-01-22 18:21:14,10,153.17,飞海科技传媒有限公司信息技术,河北省楠县南湖胡街i座 304050,济南市,吉林省,373811,中国,飞海科技传媒有限公司信息技术,张,帅,邮政EMS
592,PS740,17,2025-04-27 18:03:05,2025-05-05 18:03:05,2025-05-01 18:03:05,6,440.51,国讯科技有限公司金融科技,广东省俊县锡山海门路g座 967844,金凤市,江西省,230194,中国,国讯科技有限公司金融科技,陈,杨,韵达快递
593,TE207,12,2026-04-25 10:02:40,2026-05-05 10:02:40,2026-04-27 10:02:40,6,118.74,新宇龙信息传媒有限公司人工智能,澳门特别行政区合山县门头沟赵路X座 921614,张家港市,香港特别行政区,309847,中国,新宇龙信息传媒有限公司人工智能,曹,洁,韵达快递
594,BW289,11,2025-04-03 13:30:51,2025-04-16 13:30:51,2025-04-06 13:30:51,1,353.42,海创网络有限公司生物科技,香港特别行政区雷市翔安赵街a座 431269,汕尾县,北京市,156019,中国,海创网络有限公司生物科技,张,丹丹,顺丰速运
595,FA862,20,2025-07-14 22:22:41,2025-07-28 22:22:41,2025-07-17 22:22:41,10,71.35,方正科技网络有限公司云计算,河北省乌鲁木齐县房山南路s座 690779,潮州县,福建省,956854,中国,方正科技网络有限公司云计算,欧,娜,邮政EMS
596,ZF061,5,2026-04-21 05:32:32,2026-05-04 05:32:32,2026-04-25 05:32:32,6,146.86,维旺明信息有限公司人工智能,安徽省东莞市静安银川街g座 149650,坤县,山西省,734784,中国,维旺明信息有限公司人工智能,林,峰,韵达快递
597,FN522,13,2025-04-05 16:00:28,2025-04-19 16:00:28,2025-04-09 16:00:28,9,187.51,新宇龙信息科技有限公司电子商务,宁夏回族自治区大冶市梁平鲁路j座 404484,磊县,辽宁省,988357,中国,新宇龙信息科技有限公司电子商务,曲,桂花,德邦物流
598,UY980,14,2025-02-10 15:26:31,2025-02-20 15:26:31,2025-02-12 15:26:31,4,268.98,兰金电子传媒有限公司生物科技,广西壮族自治区香港县六枝特郭路r座 722655,桂香县,广西壮族自治区,205167,中国,兰金电子传媒有限公司生物科技,张,帅,圆通速递
599,BN418,7,2024-06-26 03:58:58,2024-07-02 03:58:58,2024-06-30 03:58:58,4,497.59,易动力网络有限公司移动应用开发,海南省上海县西夏董路s座 290290,重庆市,陕西省,583718,中国,易动力网络有限公司移动应用开发,张,刚,圆通速递
600,DV182,18,2026-04-04 21:07:03,2026-04-16 21:07:03,2026-04-09 21:07:03,7,169.84,艾提科信传媒有限公司网络安全,西藏自治区凤兰县朝阳林街U座 372877,桂荣市,山西省,386526,中国,艾提科信传媒有限公司网络安全,薛,洋,百世快递
601,FA862,9,2025-07-18 12:41:16,2025-07-31 12:41:16,2025-07-21 12:41:16,8,423.31,方正科技网络有限公司云计算,河北省乌鲁木齐县房山南路s座 690779,潮州县,福建省,956854,中国,方正科技网络有限公司云计算,王,雪,天天快递
602,RG743,13,2026-03-31 23:53:39,2026-04-03 23:53:39,2026-04-03 23:53:39,6,95.89,快讯信息有限公司智能科技,山东省海口县龙潭杨街q座 232213,勇县,澳门特别行政区,384293,中国,快讯信息有限公司智能科技,曲,桂花,韵达快递
603,TO444,10,2024-09-03 05:02:35,2024-09-10 05:02:35,2024-09-07 05:02:35,4,143.96,MBP软件网络有限公司移动应用开发,青海省颖县山亭西安路G座 992594,辛集市,重庆市,516137,中国,MBP软件网络有限公司移动应用开发,林,磊,圆通速递
604,MJ814,18,2026-01-07 11:34:59,2026-01-18 11:34:59,2026-01-12 11:34:59,9,385.7,毕博诚科技有限公司互联网服务,安徽省大冶县牧野汪路E座 856404,俊市,宁夏回族自治区,628200,中国,毕博诚科技有限公司互联网服务,薛,洋,德邦物流
605,JT617,4,2025-02-03 10:21:41,2025-02-10 10:21:41,2025-02-04 10:21:41,7,254.25,时空盒数字信息有限公司智能科技,山东省巢湖县清浦缪街U座 742478,郑州县,陕西省,364545,中国,时空盒数字信息有限公司智能科技,赵,晨,百世快递
606,MG296,5,2026-01-13 00:23:35,2026-01-22 00:23:35,2026-01-14 00:23:35,3,328.45,浦华众城网络有限公司信息技术,台湾省倩县涪城陈街U座 719485,浩市,四川省,990712,中国,浦华众城网络有限公司信息技术,林,峰,中通快递
607,VX147,2,2025-01-10 16:59:44,2025-01-19 16:59:44,2025-01-13 16:59:44,3,97.45,东方峻景传媒有限公司金融科技,江西省利市东城任街V座 970735,海门县,湖南省,667608,中国,东方峻景传媒有限公司金融科技,江,凤兰,中通快递
608,AD089,2,2025-03-24 02:14:12,2025-03-29 02:14:12,2025-03-26 02:14:12,7,406.12,创亿网络有限公司移动应用开发,陕西省慧市西夏李街d座 273215,楠市,贵州省,437029,中国,创亿网络有限公司移动应用开发,江,凤兰,百世快递
609,CZ861,1,2026-05-29 11:07:22,2026-06-02 11:07:22,2026-06-01 11:07:22,1,207.09,合联电子科技有限公司信息技术,辽宁省琴县高明北京街p座 129411,荣市,重庆市,992062,中国,合联电子科技有限公司信息技术,王,建平,顺丰速运
610,XW046,8,2024-08-14 12:55:33,2024-08-17 12:55:33,2024-08-15 12:55:33,10,64.96,鑫博腾飞信息有限公司智能科技,安徽省杭州县新城潮州路U座 487852,兴安盟市,青海省,721718,中国,鑫博腾飞信息有限公司智能科技,王,倩,邮政EMS
611,US056,10,2024-12-02 14:24:12,2024-12-15 14:24:12,,9,288.49,国讯网络有限公司移动应用开发,甘肃省芳市东丽游街c座 967469,文市,浙江省,216352,中国,国讯网络有限公司移动应用开发,林,磊,德邦物流
612,RY572,3,2025-07-16 08:12:17,2025-07-26 08:12:17,2025-07-17 08:12:17,2,145.07,中建创业信息有限公司虚拟现实,黑龙江省天津县清浦贵阳路S座 666651,冬梅县,内蒙古自治区,866120,中国,中建创业信息有限公司虚拟现实,王,斌,京东物流
613,YZ898,15,2025-08-31 19:29:27,2025-09-06 19:29:27,2025-09-02 19:29:27,1,462.87,通际名联科技有限公司金融科技,黑龙江省利县江北曹路r座 182732,济南市,台湾省,380850,中国,通际名联科技有限公司金融科技,徐,艳,顺丰速运
614,NQ176,7,2026-02-08 06:32:34,2026-02-21 06:32:34,2026-02-11 06:32:34,10,432.57,图龙信息传媒有限公司数字科技,天津市梧州市安次彭路t座 336734,南昌市,江西省,117022,中国,图龙信息传媒有限公司数字科技,张,刚,邮政EMS
615,WY218,13,2026-05-31 03:02:32,2026-06-11 03:02:32,2026-06-04 03:02:32,2,97.84,飞海科技传媒有限公司信息技术,河北省楠县南湖胡街i座 304050,济南市,吉林省,373811,中国,飞海科技传媒有限公司信息技术,曲,桂花,京东物流
616,ZH741,14,2025-04-16 10:11:07,2025-04-28 10:11:07,2025-04-17 10:11:07,4,122.36,巨奥科技有限公司信息技术,辽宁省兵县门头沟黄路R座 339119,峰县,河南省,970735,中国,巨奥科技有限公司信息技术,张,帅,圆通速递
617,CM245,18,2024-12-08 00:06:56,2024-12-16 00:06:56,2024-12-09 00:06:56,6,257.54,万迅电脑信息有限公司科技公司,澳门特别行政区沈阳市秀英向路j座 232419,洋县,宁夏回族自治区,487088,中国,万迅电脑信息有限公司科技公司,薛,洋,韵达快递
618,AW347,18,2025-09-25 12:22:14,2025-10-08 12:22:14,2025-09-30 12:22:14,10,302.59,鸿睿思博传媒有限公司智能科技,浙江省柳州县安次李路G座 326030,武汉市,广西壮族自治区,986110,中国,鸿睿思博传媒有限公司智能科技,薛,洋,邮政EMS
619,PE529,5,2025-01-09 12:19:43,2025-01-14 12:19:43,2025-01-13 12:19:43,7,280.45,易动力网络有限公司信息技术,山西省广州县淄川王路j座 894925,英县,山东省,228414,中国,易动力网络有限公司信息技术,林,峰,百世快递
620,VQ233,6,2025-12-04 20:10:24,2025-12-08 20:10:24,2025-12-09 20:10:24,2,148.97,和泰信息有限公司信息技术,江苏省俊市璧山陈路I座 849236,成都市,四川省,430904,中国,和泰信息有限公司信息技术,彭,桂荣,京东物流
621,DX151,6,2025-07-14 23:13:12,2025-07-22 23:13:12,,5,107.51,易动力信息有限公司物联网,辽宁省嘉禾县沈河六安街A座 771273,佛山县,贵州省,255410,中国,易动力信息有限公司物联网,彭,桂荣,申通快递
622,JT617,20,2025-07-18 11:48:15,2025-07-24 11:48:15,2025-07-22 11:48:15,3,79.53,时空盒数字信息有限公司智能科技,山东省巢湖县清浦缪街U座 742478,郑州县,陕西省,364545,中国,时空盒数字信息有限公司智能科技,欧,娜,中通快递
623,CS287,20,2025-01-21 03:31:14,2025-02-02 03:31:14,2025-01-22 03:31:14,10,263.32,和泰网络有限公司电子商务,山东省台北市南湖刘路G座 282213,玲市,江苏省,453351,中国,和泰网络有限公司电子商务,欧,娜,邮政EMS
624,DX151,18,2025-09-02 13:21:24,2025-09-09 13:21:24,,4,165.15,易动力信息有限公司物联网,辽宁省嘉禾县沈河六安街A座 771273,佛山县,贵州省,255410,中国,易动力信息有限公司物联网,薛,洋,圆通速递
625,XW046,4,2024-06-16 12:07:04,2024-06-22 12:07:04,2024-06-21 12:07:04,6,463.2,鑫博腾飞信息有限公司智能科技,安徽省杭州县新城潮州路U座 487852,兴安盟市,青海省,721718,中国,鑫博腾飞信息有限公司智能科技,赵,晨,韵达快递
626,XN875,16,2025-05-01 01:02:35,2025-05-13 01:02:35,2025-05-06 01:02:35,7,121.05,天开传媒有限公司网络安全,香港特别行政区澳门市清浦许路G座 380354,芳市,云南省,252621,中国,天开传媒有限公司网络安全,李,玉珍,百世快递
627,BI759,19,2026-01-05 02:54:20,2026-01-19 02:54:20,2026-01-07 02:54:20,6,337.08,时空盒数字信息有限公司虚拟现实,湖南省杭州市清河柳州路s座 365953,荣市,海南省,934862,中国,时空盒数字信息有限公司虚拟现实,田,桂荣,韵达快递
628,ZG109,19,2024-12-07 14:07:34,2024-12-15 14:07:34,2024-12-09 14:07:34,1,22.58,襄樊地球村网络有限公司智能科技,安徽省畅县房山郑路w座 157129,坤县,内蒙古自治区,951957,中国,襄樊地球村网络有限公司智能科技,田,桂荣,顺丰速运
629,TW751,18,2024-12-28 00:29:23,2025-01-08 00:29:23,2024-12-30 00:29:23,8,311.77,图龙信息网络有限公司云计算,湖南省兰州县丰都张街B座 954217,宁德市,福建省,905170,中国,图龙信息网络有限公司云计算,薛,洋,天天快递
630,XA254,4,2025-02-19 10:42:28,2025-03-02 10:42:28,2025-02-24 10:42:28,3,135.62,易动力信息有限公司物联网,陕西省关岭县高坪淮安街k座 604446,齐齐哈尔市,贵州省,989116,中国,易动力信息有限公司物联网,赵,晨,中通快递
631,EA575,17,2025-06-16 13:06:39,2025-06-27 13:06:39,2025-06-17 13:06:39,6,335.69,襄樊地球村信息有限公司物联网,云南省婷婷县高明王路e座 823469,丽娟市,四川省,603957,中国,襄樊地球村信息有限公司物联网,陈,杨,韵达快递
632,GR729,18,2026-02-07 10:44:20,2026-02-13 10:44:20,2026-02-10 10:44:20,5,357.84,中建创业网络有限公司移动应用开发,江西省辛集县沈北新昆明街r座 719259,辽阳县,台湾省,639438,中国,中建创业网络有限公司移动应用开发,薛,洋,申通快递
633,IP471,11,2026-02-26 11:39:28,2026-03-12 11:39:28,2026-02-28 11:39:28,4,412.64,银嘉信息有限公司移动应用开发,河南省洋县门头沟张家港路q座 708953,荆门市,江西省,960045,中国,银嘉信息有限公司移动应用开发,张,丹丹,圆通速递
634,WW556,1,2025-10-26 12:41:33,2025-10-29 12:41:33,2025-10-30 12:41:33,10,321.05,商软冠联网络有限公司信息技术,福建省兴城县白云赵街c座 153695,梅市,海南省,737913,中国,商软冠联网络有限公司信息技术,王,建平,邮政EMS
635,ZV584,11,2025-12-17 13:22:15,2025-12-26 13:22:15,2025-12-20 13:22:15,2,484.33,维旺明科技有限公司大数据分析,山东省雷县涪城王路f座 739633,杭州市,福建省,105798,中国,维旺明科技有限公司大数据分析,张,丹丹,京东物流
636,JT617,5,2024-09-29 07:17:53,2024-10-04 07:17:53,2024-10-01 07:17:53,3,388.28,时空盒数字信息有限公司智能科技,山东省巢湖县清浦缪街U座 742478,郑州县,陕西省,364545,中国,时空盒数字信息有限公司智能科技,林,峰,中通快递
637,ZF801,16,2025-04-11 11:10:16,2025-04-14 11:10:16,,5,163.49,易动力科技有限公司科技公司,北京市佛山县合川香港街U座 292593,沈阳县,广西壮族自治区,104016,中国,易动力科技有限公司科技公司,李,玉珍,申通快递
638,GL926,13,2024-06-12 22:36:40,2024-06-23 22:36:40,2024-06-13 22:36:40,3,306.57,时空盒数字传媒有限公司大数据分析,湖北省梧州县锡山周路M座 618236,巢湖市,贵州省,903078,中国,时空盒数字传媒有限公司大数据分析,曲,桂花,中通快递
639,YZ898,1,2025-08-10 12:55:37,2025-08-23 12:55:37,2025-08-12 12:55:37,7,37.84,通际名联科技有限公司金融科技,黑龙江省利县江北曹路r座 182732,济南市,台湾省,380850,中国,通际名联科技有限公司金融科技,王,建平,百世快递
640,AK874,2,2024-12-26 01:37:29,2025-01-02 01:37:29,2024-12-30 01:37:29,1,394.07,昊嘉信息有限公司区块链技术,广东省莹县梁平李路D座 332586,雷市,天津市,614583,中国,昊嘉信息有限公司区块链技术,江,凤兰,顺丰速运
641,BW289,6,2025-02-26 12:22:12,2025-03-02 12:22:12,2025-03-01 12:22:12,5,391.73,海创网络有限公司生物科技,香港特别行政区雷市翔安赵街a座 431269,汕尾县,北京市,156019,中国,海创网络有限公司生物科技,彭,桂荣,申通快递
642,AU710,11,2024-08-29 06:25:44,2024-09-01 06:25:44,,6,127.52,巨奥传媒有限公司信息技术,重庆市燕市安次哈尔滨街x座 404214,辛集市,广东省,406351,中国,巨奥传媒有限公司信息技术,张,丹丹,韵达快递
643,EU335,8,2026-04-09 15:05:25,2026-04-13 15:05:25,2026-04-13 15:05:25,2,453.38,济南亿次元网络有限公司科技公司,甘肃省红县白云巢湖路W座 992584,巢湖市,澳门特别行政区,219657,中国,济南亿次元网络有限公司科技公司,王,倩,京东物流
644,WB209,15,2026-02-22 20:19:42,2026-03-04 20:19:42,2026-02-23 20:19:42,2,490.45,维涛传媒有限公司云计算,内蒙古自治区上海市海陵武汉路o座 271535,秀华县,宁夏回族自治区,490120,中国,维涛传媒有限公司云计算,徐,艳,京东物流
645,AU710,19,2026-04-30 13:28:25,2026-05-06 13:28:25,2026-05-03 13:28:25,3,298.01,巨奥传媒有限公司信息技术,重庆市燕市安次哈尔滨街x座 404214,辛集市,广东省,406351,中国,巨奥传媒有限公司信息技术,田,桂荣,中通快递
646,EA575,16,2024-07-07 12:39:39,2024-07-21 12:39:39,,10,98.63,襄樊地球村信息有限公司物联网,云南省婷婷县高明王路e座 823469,丽娟市,四川省,603957,中国,襄樊地球村信息有限公司物联网,李,玉珍,邮政EMS
647,KS630,20,2025-07-12 03:21:17,2025-07-16 03:21:17,2025-07-17 03:21:17,6,124.48,良诺信息有限公司网络安全,四川省西安市魏都邓路Q座 814705,潮州市,内蒙古自治区,453855,中国,良诺信息有限公司网络安全,欧,娜,韵达快递
648,OA831,16,2025-06-18 13:24:33,2025-06-27 13:24:33,2025-06-23 13:24:33,6,80.93,华泰通安科技有限公司网络安全,香港特别行政区桂兰市城东傅路b座 111143,玉梅市,台湾省,529077,中国,华泰通安科技有限公司网络安全,李,玉珍,韵达快递
649,AK874,11,2025-07-23 06:47:06,2025-08-03 06:47:06,2025-07-25 06:47:06,1,262.17,昊嘉信息有限公司区块链技术,广东省莹县梁平李路D座 332586,雷市,天津市,614583,中国,昊嘉信息有限公司区块链技术,张,丹丹,顺丰速运
650,EM821,15,2025-11-01 18:27:48,2025-11-15 18:27:48,2025-11-04 18:27:48,1,201.0,泰麒麟信息有限公司人工智能,广东省想市新城曾路g座 582475,香港县,广西壮族自治区,358806,中国,泰麒麟信息有限公司人工智能,徐,艳,顺丰速运
651,QJ392,3,2026-01-01 02:57:25,2026-01-04 02:57:25,2026-01-06 02:57:25,1,418.15,创亿网络有限公司金融科技,浙江省台北县六枝特张家港路l座 913606,重庆市,湖南省,684944,中国,创亿网络有限公司金融科技,王,斌,顺丰速运
652,EA575,4,2025-01-16 10:19:21,2025-01-23 10:19:21,2025-01-19 10:19:21,8,43.0,襄樊地球村信息有限公司物联网,云南省婷婷县高明王路e座 823469,丽娟市,四川省,603957,中国,襄樊地球村信息有限公司物联网,赵,晨,天天快递
653,US056,13,2025-01-13 22:45:25,2025-01-20 22:45:25,2025-01-15 22:45:25,1,481.05,国讯网络有限公司移动应用开发,甘肃省芳市东丽游街c座 967469,文市,浙江省,216352,中国,国讯网络有限公司移动应用开发,曲,桂花,顺丰速运
654,FB488,12,2026-01-13 10:44:37,2026-01-20 10:44:37,2026-01-14 10:44:37,3,452.23,方正科技科技有限公司互联网服务,新疆维吾尔自治区莉县牧野王路L座 235814,宁德市,湖南省,575121,中国,方正科技科技有限公司互联网服务,曹,洁,中通快递
655,NU012,11,2026-03-27 00:37:39,2026-03-31 00:37:39,2026-03-28 00:37:39,6,108.58,商软冠联传媒有限公司智能科技,甘肃省阜新县江北白路G座 114919,太原县,黑龙江省,500377,中国,商软冠联传媒有限公司智能科技,张,丹丹,韵达快递
656,ZU351,17,2024-08-08 21:38:33,2024-08-11 21:38:33,,1,43.39,银嘉科技有限公司科技公司,山东省深圳县孝南黄街c座 290750,秀荣市,宁夏回族自治区,662554,中国,银嘉科技有限公司科技公司,陈,杨,顺丰速运
657,BN418,2,2025-05-11 04:44:10,2025-05-19 04:44:10,2025-05-13 04:44:10,1,331.75,易动力网络有限公司移动应用开发,海南省上海县西夏董路s座 290290,重庆市,陕西省,583718,中国,易动力网络有限公司移动应用开发,江,凤兰,顺丰速运
658,TO444,10,2026-03-10 02:29:56,2026-03-15 02:29:56,2026-03-13 02:29:56,3,379.72,MBP软件网络有限公司移动应用开发,青海省颖县山亭西安路G座 992594,辛集市,重庆市,516137,中国,MBP软件网络有限公司移动应用开发,林,磊,中通快递
659,RV310,3,2025-02-19 01:18:25,2025-03-04 01:18:25,,7,44.79,银嘉科技有限公司云计算,北京市强县牧野惠州路G座 671226,重庆县,云南省,471017,中国,银嘉科技有限公司云计算,王,斌,百世快递
660,ZO854,12,2024-07-04 09:17:23,2024-07-12 09:17:23,2024-07-05 09:17:23,8,71.44,MBP软件科技有限公司信息技术,安徽省瑞市西夏高路i座 571615,丽华县,宁夏回族自治区,300387,中国,MBP软件科技有限公司信息技术,曹,洁,天天快递
661,MG296,11,2024-10-07 13:49:10,2024-10-11 13:49:10,2024-10-10 13:49:10,3,112.46,浦华众城网络有限公司信息技术,台湾省倩县涪城陈街U座 719485,浩市,四川省,990712,中国,浦华众城网络有限公司信息技术,张,丹丹,中通快递
662,MJ814,12,2024-09-19 17:12:41,2024-09-22 17:12:41,2024-09-22 17:12:41,8,188.61,毕博诚科技有限公司互联网服务,安徽省大冶县牧野汪路E座 856404,俊市,宁夏回族自治区,628200,中国,毕博诚科技有限公司互联网服务,曹,洁,天天快递
663,LB704,13,2024-07-06 12:10:53,2024-07-10 12:10:53,2024-07-08 12:10:53,5,323.86,群英信息有限公司金融科技,山东省丽县长寿邯郸路S座 956071,昆明县,河南省,785495,中国,群英信息有限公司金融科技,曲,桂花,申通快递
664,PV664,13,2025-03-22 03:41:33,2025-03-27 03:41:33,2025-03-26 03:41:33,5,127.3,毕博诚信息有限公司信息技术,天津市颖县华龙武街i座 729878,柳州县,贵州省,534760,中国,毕博诚信息有限公司信息技术,曲,桂花,申通快递
665,YR398,11,2024-11-09 18:06:23,2024-11-19 18:06:23,2024-11-14 18:06:23,7,294.87,浦华众城信息有限公司虚拟现实,新疆维吾尔自治区福州市翔安李路i座 712866,大冶市,广东省,992649,中国,浦华众城信息有限公司虚拟现实,张,丹丹,百世快递
666,GC890,3,2026-02-18 11:12:32,2026-02-28 11:12:32,2026-02-20 11:12:32,7,328.58,创联世纪信息有限公司移动应用开发,云南省深圳县金平拉萨街l座 585241,福州县,四川省,101164,中国,创联世纪信息有限公司移动应用开发,王,斌,百世快递
667,BW289,5,2025-07-03 10:10:07,2025-07-07 10:10:07,2025-07-06 10:10:07,5,338.29,海创网络有限公司生物科技,香港特别行政区雷市翔安赵街a座 431269,汕尾县,北京市,156019,中国,海创网络有限公司生物科技,林,峰,申通快递
668,AD089,3,2025-05-17 06:54:50,2025-05-22 06:54:50,,1,188.62,创亿网络有限公司移动应用开发,陕西省慧市西夏李街d座 273215,楠市,贵州省,437029,中国,创亿网络有限公司移动应用开发,王,斌,顺丰速运
669,FJ947,1,2026-01-06 07:47:25,2026-01-14 07:47:25,2026-01-09 07:47:25,5,396.76,浙大万朋信息有限公司生物科技,海南省巢湖市徐汇成都街E座 239900,鑫市,内蒙古自治区,548115,中国,浙大万朋信息有限公司生物科技,王,建平,申通快递
670,NU711,11,2024-09-07 08:34:47,2024-09-10 08:34:47,2024-09-08 08:34:47,2,419.28,易动力科技有限公司人工智能,宁夏回族自治区强县黄浦张路s座 615830,桂兰县,广西壮族自治区,372804,中国,易动力科技有限公司人工智能,张,丹丹,京东物流
671,II746,18,2025-07-01 16:35:09,2025-07-09 16:35:09,2025-07-04 16:35:09,8,231.94,恩悌传媒有限公司虚拟现实,广西壮族自治区哈尔滨县房山辛集路N座 896046,南昌县,甘肃省,203154,中国,恩悌传媒有限公司虚拟现实,薛,洋,天天快递
672,GC890,17,2026-03-12 17:10:14,2026-03-21 17:10:14,,4,362.81,创联世纪信息有限公司移动应用开发,云南省深圳县金平拉萨街l座 585241,福州县,四川省,101164,中国,创联世纪信息有限公司移动应用开发,陈,杨,圆通速递
673,PJ659,13,2026-01-07 05:56:26,2026-01-20 05:56:26,,5,315.38,超艺网络有限公司人工智能,四川省梅市高明潮州路u座 815912,武汉市,四川省,103035,中国,超艺网络有限公司人工智能,曲,桂花,申通快递
674,OA831,18,2024-09-12 01:15:52,2024-09-21 01:15:52,2024-09-17 01:15:52,8,307.61,华泰通安科技有限公司网络安全,香港特别行政区桂兰市城东傅路b座 111143,玉梅市,台湾省,529077,中国,华泰通安科技有限公司网络安全,薛,洋,天天快递
675,MJ814,10,2025-07-26 01:17:42,2025-08-09 01:17:42,2025-07-28 01:17:42,6,421.36,毕博诚科技有限公司互联网服务,安徽省大冶县牧野汪路E座 856404,俊市,宁夏回族自治区,628200,中国,毕博诚科技有限公司互联网服务,林,磊,韵达快递
676,TB616,5,2024-12-23 09:19:07,2025-01-03 09:19:07,,8,50.27,晖来计算机网络有限公司虚拟现实,湖北省银川县长寿佛山街w座 577399,梅县,新疆维吾尔自治区,509148,中国,晖来计算机网络有限公司虚拟现实,林,峰,天天快递
677,IK721,10,2024-12-25 21:01:04,2025-01-06 21:01:04,2024-12-30 21:01:04,5,297.63,诺依曼软件传媒有限公司物联网,广东省重庆市沈北新深圳路t座 370139,华市,广西壮族自治区,558601,中国,诺依曼软件传媒有限公司物联网,林,磊,申通快递
678,PJ659,7,2025-12-30 17:04:18,2026-01-03 17:04:18,,7,315.03,超艺网络有限公司人工智能,四川省梅市高明潮州路u座 815912,武汉市,四川省,103035,中国,超艺网络有限公司人工智能,张,刚,百世快递
679,II746,11,2026-02-12 19:30:04,2026-02-22 19:30:04,2026-02-15 19:30:04,7,27.82,恩悌传媒有限公司虚拟现实,广西壮族自治区哈尔滨县房山辛集路N座 896046,南昌县,甘肃省,203154,中国,恩悌传媒有限公司虚拟现实,张,丹丹,百世快递
680,DX151,9,2024-10-02 07:41:36,2024-10-11 07:41:36,2024-10-03 07:41:36,8,468.63,易动力信息有限公司物联网,辽宁省嘉禾县沈河六安街A座 771273,佛山县,贵州省,255410,中国,易动力信息有限公司物联网,王,雪,天天快递
681,US056,7,2025-06-11 15:58:09,2025-06-16 15:58:09,2025-06-13 15:58:09,10,452.04,国讯网络有限公司移动应用开发,甘肃省芳市东丽游街c座 967469,文市,浙江省,216352,中国,国讯网络有限公司移动应用开发,张,刚,邮政EMS
682,IP471,6,2025-11-18 09:15:48,2025-11-30 09:15:48,2025-11-19 09:15:48,5,347.77,银嘉信息有限公司移动应用开发,河南省洋县门头沟张家港路q座 708953,荆门市,江西省,960045,中国,银嘉信息有限公司移动应用开发,彭,桂荣,申通快递
683,OA831,1,2025-10-02 12:59:20,2025-10-13 12:59:20,,10,345.85,华泰通安科技有限公司网络安全,香港特别行政区桂兰市城东傅路b座 111143,玉梅市,台湾省,529077,中国,华泰通安科技有限公司网络安全,王,建平,邮政EMS
684,CA470,14,2025-07-01 10:19:22,2025-07-13 10:19:22,2025-07-03 10:19:22,2,371.95,南康传媒有限公司生物科技,广西壮族自治区汕尾县兴山王街m座 315775,贵阳市,吉林省,458093,中国,南康传媒有限公司生物科技,张,帅,京东物流
685,PS740,3,2025-02-19 17:59:14,2025-03-05 17:59:14,2025-02-20 17:59:14,1,189.22,国讯科技有限公司金融科技,广东省俊县锡山海门路g座 967844,金凤市,江西省,230194,中国,国讯科技有限公司金融科技,王,斌,顺丰速运
686,CM245,1,2024-10-26 16:07:31,2024-11-07 16:07:31,2024-10-28 16:07:31,3,225.0,万迅电脑信息有限公司科技公司,澳门特别行政区沈阳市秀英向路j座 232419,洋县,宁夏回族自治区,487088,中国,万迅电脑信息有限公司科技公司,王,建平,中通快递
687,MA264,9,2025-07-25 00:33:10,2025-08-01 00:33:10,2025-07-26 00:33:10,8,462.85,时刻网络有限公司信息技术,辽宁省长春县高港大冶街E座 299146,梅县,山西省,257161,中国,时刻网络有限公司信息技术,王,雪,天天快递
688,MJ814,15,2024-06-10 16:02:12,2024-06-23 16:02:12,2024-06-13 16:02:12,2,130.92,毕博诚科技有限公司互联网服务,安徽省大冶县牧野汪路E座 856404,俊市,宁夏回族自治区,628200,中国,毕博诚科技有限公司互联网服务,徐,艳,京东物流
689,MJ814,3,2024-10-22 20:51:09,2024-10-26 20:51:09,2024-10-27 20:51:09,4,167.45,毕博诚科技有限公司互联网服务,安徽省大冶县牧野汪路E座 856404,俊市,宁夏回族自治区,628200,中国,毕博诚科技有限公司互联网服务,王,斌,圆通速递
690,PE529,3,2025-02-13 17:35:15,2025-02-18 17:35:15,2025-02-18 17:35:15,7,181.49,易动力网络有限公司信息技术,山西省广州县淄川王路j座 894925,英县,山东省,228414,中国,易动力网络有限公司信息技术,王,斌,百世快递
691,MZ379,11,2025-09-24 21:32:10,2025-10-04 21:32:10,2025-09-27 21:32:10,6,480.71,联软传媒有限公司区块链技术,台湾省深圳市牧野李街L座 325753,慧县,山东省,556597,中国,联软传媒有限公司区块链技术,张,丹丹,韵达快递
692,PJ659,11,2025-03-20 08:00:49,2025-03-29 08:00:49,2025-03-23 08:00:49,4,192.93,超艺网络有限公司人工智能,四川省梅市高明潮州路u座 815912,武汉市,四川省,103035,中国,超艺网络有限公司人工智能,张,丹丹,圆通速递
693,BW289,5,2024-12-28 07:37:34,2025-01-02 07:37:34,,8,467.92,海创网络有限公司生物科技,香港特别行政区雷市翔安赵街a座 431269,汕尾县,北京市,156019,中国,海创网络有限公司生物科技,林,峰,天天快递
694,BP732,13,2025-06-08 04:44:26,2025-06-17 04:44:26,2025-06-12 04:44:26,3,264.19,南康网络有限公司互联网服务,天津市潜江县沈河太原路A座 620715,敏市,福建省,403615,中国,南康网络有限公司互联网服务,曲,桂花,中通快递
695,ZO854,12,2024-09-03 07:03:57,2024-09-08 07:03:57,2024-09-06 07:03:57,8,19.01,MBP软件科技有限公司信息技术,安徽省瑞市西夏高路i座 571615,丽华县,宁夏回族自治区,300387,中国,MBP软件科技有限公司信息技术,曹,洁,天天快递
696,YZ898,19,2024-10-05 20:35:25,2024-10-18 20:35:25,2024-10-07 20:35:25,3,91.58,通际名联科技有限公司金融科技,黑龙江省利县江北曹路r座 182732,济南市,台湾省,380850,中国,通际名联科技有限公司金融科技,田,桂荣,中通快递
697,US056,4,2025-09-10 22:35:03,2025-09-20 22:35:03,,2,404.1,国讯网络有限公司移动应用开发,甘肃省芳市东丽游街c座 967469,文市,浙江省,216352,中国,国讯网络有限公司移动应用开发,赵,晨,京东物流
698,ME428,14,2024-08-17 10:23:22,2024-08-28 10:23:22,2024-08-18 10:23:22,2,110.07,创汇网络有限公司虚拟现实,北京市玉珍市朝阳赵路P座 508928,秀英市,福建省,862920,中国,创汇网络有限公司虚拟现实,张,帅,京东物流
699,EK253,10,2026-05-08 06:52:30,2026-05-18 06:52:30,,1,122.71,兰金电子科技有限公司区块链技术,吉林省齐齐哈尔县沈河深圳街p座 109059,南昌市,台湾省,701156,中国,兰金电子科技有限公司区块链技术,林,磊,顺丰速运
700,IK721,3,2024-07-29 20:40:47,2024-08-08 20:40:47,2024-08-01 20:40:47,10,199.88,诺依曼软件传媒有限公司物联网,广东省重庆市沈北新深圳路t座 370139,华市,广西壮族自治区,558601,中国,诺依曼软件传媒有限公司物联网,王,斌,邮政EMS
701,FJ947,15,2025-06-05 00:59:41,2025-06-18 00:59:41,2025-06-09 00:59:41,10,402.99,浙大万朋信息有限公司生物科技,海南省巢湖市徐汇成都街E座 239900,鑫市,内蒙古自治区,548115,中国,浙大万朋信息有限公司生物科技,徐,艳,邮政EMS
702,FJ947,10,2025-05-26 09:30:12,2025-06-02 09:30:12,2025-05-27 09:30:12,4,324.46,浙大万朋信息有限公司生物科技,海南省巢湖市徐汇成都街E座 239900,鑫市,内蒙古自治区,548115,中国,浙大万朋信息有限公司生物科技,林,磊,圆通速递
703,IK721,1,2025-03-13 18:10:24,2025-03-20 18:10:24,2025-03-18 18:10:24,9,84.28,诺依曼软件传媒有限公司物联网,广东省重庆市沈北新深圳路t座 370139,华市,广西壮族自治区,558601,中国,诺依曼软件传媒有限公司物联网,王,建平,德邦物流
704,DX151,16,2024-09-11 04:07:34,2024-09-14 04:07:34,,4,57.53,易动力信息有限公司物联网,辽宁省嘉禾县沈河六安街A座 771273,佛山县,贵州省,255410,中国,易动力信息有限公司物联网,李,玉珍,圆通速递
705,ZF801,11,2025-08-23 15:54:25,2025-08-31 15:54:25,2025-08-26 15:54:25,6,33.47,易动力科技有限公司科技公司,北京市佛山县合川香港街U座 292593,沈阳县,广西壮族自治区,104016,中国,易动力科技有限公司科技公司,张,丹丹,韵达快递
706,YZ898,20,2025-06-27 02:12:33,2025-07-11 02:12:33,2025-06-28 02:12:33,4,50.57,通际名联科技有限公司金融科技,黑龙江省利县江北曹路r座 182732,济南市,台湾省,380850,中国,通际名联科技有限公司金融科技,欧,娜,圆通速递
707,NU012,17,2024-06-17 19:50:47,2024-06-20 19:50:47,2024-06-20 19:50:47,3,259.83,商软冠联传媒有限公司智能科技,甘肃省阜新县江北白路G座 114919,太原县,黑龙江省,500377,中国,商软冠联传媒有限公司智能科技,陈,杨,中通快递
708,TO444,6,2025-11-30 21:23:46,2025-12-09 21:23:46,,4,215.91,MBP软件网络有限公司移动应用开发,青海省颖县山亭西安路G座 992594,辛集市,重庆市,516137,中国,MBP软件网络有限公司移动应用开发,彭,桂荣,圆通速递
709,US056,16,2024-06-07 05:05:31,2024-06-21 05:05:31,2024-06-11 05:05:31,6,42.59,国讯网络有限公司移动应用开发,甘肃省芳市东丽游街c座 967469,文市,浙江省,216352,中国,国讯网络有限公司移动应用开发,李,玉珍,韵达快递
710,AD089,5,2026-05-09 15:05:56,2026-05-18 15:05:56,2026-05-12 15:05:56,8,371.73,创亿网络有限公司移动应用开发,陕西省慧市西夏李街d座 273215,楠市,贵州省,437029,中国,创亿网络有限公司移动应用开发,林,峰,天天快递
711,GL926,10,2025-07-22 07:57:47,2025-07-27 07:57:47,2025-07-23 07:57:47,10,95.06,时空盒数字传媒有限公司大数据分析,湖北省梧州县锡山周路M座 618236,巢湖市,贵州省,903078,中国,时空盒数字传媒有限公司大数据分析,林,磊,邮政EMS
712,HD242,14,2025-04-25 03:45:23,2025-04-30 03:45:23,2025-04-30 03:45:23,2,482.22,富罳科技有限公司生物科技,青海省贵阳市友好范街A座 611700,想县,甘肃省,415348,中国,富罳科技有限公司生物科技,张,帅,京东物流
713,RV310,16,2025-10-21 15:04:18,2025-11-04 15:04:18,2025-10-22 15:04:18,4,174.93,银嘉科技有限公司云计算,北京市强县牧野惠州路G座 671226,重庆县,云南省,471017,中国,银嘉科技有限公司云计算,李,玉珍,圆通速递
714,EI532,12,2025-10-18 06:51:15,2025-10-28 06:51:15,2025-10-22 06:51:15,5,221.91,七喜传媒有限公司人工智能,澳门特别行政区磊市门头沟柳州街Z座 473892,丽华县,西藏自治区,358472,中国,七喜传媒有限公司人工智能,曹,洁,申通快递
715,XA075,8,2025-11-09 08:51:15,2025-11-12 08:51:15,,10,154.23,网新恒天科技有限公司数字科技,青海省佛山县平山辽阳路l座 730177,秀梅县,山东省,267399,中国,网新恒天科技有限公司数字科技,王,倩,邮政EMS
716,QJ392,19,2024-07-02 14:03:32,2024-07-08 14:03:32,2024-07-05 14:03:32,10,217.92,创亿网络有限公司金融科技,浙江省台北县六枝特张家港路l座 913606,重庆市,湖南省,684944,中国,创亿网络有限公司金融科技,田,桂荣,邮政EMS
717,GC890,20,2025-10-15 11:41:17,2025-10-26 11:41:17,2025-10-20 11:41:17,9,289.39,创联世纪信息有限公司移动应用开发,云南省深圳县金平拉萨街l座 585241,福州县,四川省,101164,中国,创联世纪信息有限公司移动应用开发,欧,娜,德邦物流
718,MA264,17,2024-07-25 11:01:36,2024-07-31 11:01:36,2024-07-26 11:01:36,4,481.94,时刻网络有限公司信息技术,辽宁省长春县高港大冶街E座 299146,梅县,山西省,257161,中国,时刻网络有限公司信息技术,陈,杨,圆通速递
719,MR129,9,2025-06-12 06:13:45,2025-06-18 06:13:45,2025-06-17 06:13:45,4,38.24,太极信息有限公司互联网服务,江苏省六盘水县清浦黄街g座 440842,海门市,福建省,737845,中国,太极信息有限公司互联网服务,王,雪,圆通速递
720,CS287,8,2026-05-13 07:29:16,2026-05-16 07:29:16,2026-05-18 07:29:16,9,432.9,和泰网络有限公司电子商务,山东省台北市南湖刘路G座 282213,玲市,江苏省,453351,中国,和泰网络有限公司电子商务,王,倩,德邦物流
721,II746,5,2025-05-25 22:27:32,2025-06-03 22:27:32,2025-05-28 22:27:32,6,156.14,恩悌传媒有限公司虚拟现实,广西壮族自治区哈尔滨县房山辛集路N座 896046,南昌县,甘肃省,203154,中国,恩悌传媒有限公司虚拟现实,林,峰,韵达快递
722,PV664,15,2024-11-23 00:13:48,2024-12-07 00:13:48,2024-11-28 00:13:48,6,70.18,毕博诚信息有限公司信息技术,天津市颖县华龙武街i座 729878,柳州县,贵州省,534760,中国,毕博诚信息有限公司信息技术,徐,艳,韵达快递
723,CA470,14,2026-01-05 04:44:31,2026-01-10 04:44:31,2026-01-08 04:44:31,2,65.92,南康传媒有限公司生物科技,广西壮族自治区汕尾县兴山王街m座 315775,贵阳市,吉林省,458093,中国,南康传媒有限公司生物科技,张,帅,京东物流
724,VZ702,3,2024-08-03 02:09:54,2024-08-15 02:09:54,2024-08-05 02:09:54,6,261.37,精芯网络有限公司互联网服务,河北省南京市翔安朱路w座 386632,马鞍山县,广东省,526423,中国,精芯网络有限公司互联网服务,王,斌,韵达快递
725,EM821,1,2025-02-13 08:43:32,2025-02-19 08:43:32,2025-02-18 08:43:32,10,204.9,泰麒麟信息有限公司人工智能,广东省想市新城曾路g座 582475,香港县,广西壮族自治区,358806,中国,泰麒麟信息有限公司人工智能,王,建平,邮政EMS
726,VH856,2,2025-05-06 22:20:38,2025-05-16 22:20:38,2025-05-09 22:20:38,3,353.5,鑫博腾飞科技有限公司电子商务,吉林省英市海陵李街x座 709778,英县,江西省,294218,中国,鑫博腾飞科技有限公司电子商务,江,凤兰,中通快递
727,UY980,14,2024-10-02 23:47:40,2024-10-06 23:47:40,2024-10-07 23:47:40,7,453.25,兰金电子传媒有限公司生物科技,广西壮族自治区香港县六枝特郭路r座 722655,桂香县,广西壮族自治区,205167,中国,兰金电子传媒有限公司生物科技,张,帅,百世快递
728,BP732,16,2024-10-20 22:18:19,2024-10-27 22:18:19,,8,46.0,南康网络有限公司互联网服务,天津市潜江县沈河太原路A座 620715,敏市,福建省,403615,中国,南康网络有限公司互联网服务,李,玉珍,天天快递
729,NU012,7,2024-10-16 20:02:29,2024-10-24 20:02:29,2024-10-20 20:02:29,6,242.06,商软冠联传媒有限公司智能科技,甘肃省阜新县江北白路G座 114919,太原县,黑龙江省,500377,中国,商软冠联传媒有限公司智能科技,张,刚,韵达快递
730,YR398,9,2024-10-29 22:44:33,2024-11-10 22:44:33,2024-11-03 22:44:33,10,205.27,浦华众城信息有限公司虚拟现实,新疆维吾尔自治区福州市翔安李路i座 712866,大冶市,广东省,992649,中国,浦华众城信息有限公司虚拟现实,王,雪,邮政EMS
731,ZO854,4,2025-04-27 14:30:23,2025-05-06 14:30:23,2025-04-29 14:30:23,10,14.31,MBP软件科技有限公司信息技术,安徽省瑞市西夏高路i座 571615,丽华县,宁夏回族自治区,300387,中国,MBP软件科技有限公司信息技术,赵,晨,邮政EMS
732,ZH741,13,2025-07-15 11:44:03,2025-07-19 11:44:03,,5,280.16,巨奥科技有限公司信息技术,辽宁省兵县门头沟黄路R座 339119,峰县,河南省,970735,中国,巨奥科技有限公司信息技术,曲,桂花,申通快递
733,FB488,10,2024-11-28 08:22:36,2024-12-11 08:22:36,2024-12-03 08:22:36,2,222.2,方正科技科技有限公司互联网服务,新疆维吾尔自治区莉县牧野王路L座 235814,宁德市,湖南省,575121,中国,方正科技科技有限公司互联网服务,林,磊,京东物流
734,ZH741,12,2024-09-07 10:44:09,2024-09-12 10:44:09,2024-09-08 10:44:09,6,494.28,巨奥科技有限公司信息技术,辽宁省兵县门头沟黄路R座 339119,峰县,河南省,970735,中国,巨奥科技有限公司信息技术,曹,洁,韵达快递
735,PE529,15,2025-11-09 21:55:50,2025-11-19 21:55:50,,3,250.43,易动力网络有限公司信息技术,山西省广州县淄川王路j座 894925,英县,山东省,228414,中国,易动力网络有限公司信息技术,徐,艳,中通快递
736,KM929,7,2025-12-31 20:41:27,2026-01-14 20:41:27,,4,341.07,迪摩科技有限公司电子商务,吉林省香港市白云沈街W座 138703,福州县,海南省,133740,中国,迪摩科技有限公司电子商务,张,刚,圆通速递
737,YR398,3,2025-04-05 22:40:08,2025-04-08 22:40:08,2025-04-06 22:40:08,7,481.31,浦华众城信息有限公司虚拟现实,新疆维吾尔自治区福州市翔安李路i座 712866,大冶市,广东省,992649,中国,浦华众城信息有限公司虚拟现实,王,斌,百世快递
738,QI779,15,2024-09-29 09:34:04,2024-10-06 09:34:04,2024-09-30 09:34:04,10,58.56,合联电子科技有限公司网络安全,新疆维吾尔自治区波市牧野潜江街w座 187520,沈阳县,江苏省,734012,中国,合联电子科技有限公司网络安全,徐,艳,邮政EMS
739,RY548,10,2025-10-06 22:13:22,2025-10-18 22:13:22,2025-10-07 22:13:22,3,447.7,易动力信息有限公司网络安全,青海省宜都县合川朱路g座 383744,斌县,江西省,652523,中国,易动力信息有限公司网络安全,林,磊,中通快递
740,WW556,17,2025-06-28 17:21:35,2025-07-12 17:21:35,2025-07-01 17:21:35,7,170.47,商软冠联网络有限公司信息技术,福建省兴城县白云赵街c座 153695,梅市,海南省,737913,中国,商软冠联网络有限公司信息技术,陈,杨,百世快递
741,NU711,12,2026-05-12 00:11:16,2026-05-23 00:11:16,,5,122.12,易动力科技有限公司人工智能,宁夏回族自治区强县黄浦张路s座 615830,桂兰县,广西壮族自治区,372804,中国,易动力科技有限公司人工智能,曹,洁,申通快递
742,EA575,17,2024-09-27 23:28:50,2024-10-11 23:28:50,2024-10-01 23:28:50,4,237.49,襄樊地球村信息有限公司物联网,云南省婷婷县高明王路e座 823469,丽娟市,四川省,603957,中国,襄樊地球村信息有限公司物联网,陈,杨,圆通速递
743,PV664,18,2026-03-28 10:51:33,2026-04-11 10:51:33,,8,355.06,毕博诚信息有限公司信息技术,天津市颖县华龙武街i座 729878,柳州县,贵州省,534760,中国,毕博诚信息有限公司信息技术,薛,洋,天天快递
744,PJ659,19,2024-07-15 03:17:17,2024-07-21 03:17:17,2024-07-19 03:17:17,9,187.6,超艺网络有限公司人工智能,四川省梅市高明潮州路u座 815912,武汉市,四川省,103035,中国,超艺网络有限公司人工智能,田,桂荣,德邦物流
745,CA470,19,2024-10-08 21:34:09,2024-10-13 21:34:09,2024-10-11 21:34:09,1,184.29,南康传媒有限公司生物科技,广西壮族自治区汕尾县兴山王街m座 315775,贵阳市,吉林省,458093,中国,南康传媒有限公司生物科技,田,桂荣,顺丰速运
746,GJ116,6,2025-06-04 05:54:44,2025-06-18 05:54:44,2025-06-07 05:54:44,9,355.74,良诺信息有限公司生物科技,云南省雷市东城巫街s座 382268,红市,海南省,562035,中国,良诺信息有限公司生物科技,彭,桂荣,德邦物流
747,VH856,7,2025-04-09 01:05:02,2025-04-21 01:05:02,2025-04-14 01:05:02,1,480.78,鑫博腾飞科技有限公司电子商务,吉林省英市海陵李街x座 709778,英县,江西省,294218,中国,鑫博腾飞科技有限公司电子商务,张,刚,顺丰速运
748,PS740,5,2024-11-19 11:02:59,2024-11-28 11:02:59,2024-11-24 11:02:59,4,375.44,国讯科技有限公司金融科技,广东省俊县锡山海门路g座 967844,金凤市,江西省,230194,中国,国讯科技有限公司金融科技,林,峰,圆通速递
749,FN522,14,2025-08-08 07:37:40,2025-08-13 07:37:40,2025-08-11 07:37:40,8,42.43,新宇龙信息科技有限公司电子商务,宁夏回族自治区大冶市梁平鲁路j座 404484,磊县,辽宁省,988357,中国,新宇龙信息科技有限公司电子商务,张,帅,天天快递
750,VZ702,6,2025-02-26 06:16:16,2025-03-09 06:16:16,2025-03-01 06:16:16,8,84.72,精芯网络有限公司互联网服务,河北省南京市翔安朱路w座 386632,马鞍山县,广东省,526423,中国,精芯网络有限公司互联网服务,彭,桂荣,天天快递
751,BP732,15,2025-03-16 05:51:59,2025-03-30 05:51:59,2025-03-21 05:51:59,5,20.32,南康网络有限公司互联网服务,天津市潜江县沈河太原路A座 620715,敏市,福建省,403615,中国,南康网络有限公司互联网服务,徐,艳,申通快递
752,FB488,2,2026-02-08 01:39:53,2026-02-22 01:39:53,2026-02-13 01:39:53,8,135.44,方正科技科技有限公司互联网服务,新疆维吾尔自治区莉县牧野王路L座 235814,宁德市,湖南省,575121,中国,方正科技科技有限公司互联网服务,江,凤兰,天天快递
753,FN522,10,2024-10-23 09:22:31,2024-11-04 09:22:31,2024-10-26 09:22:31,10,278.94,新宇龙信息科技有限公司电子商务,宁夏回族自治区大冶市梁平鲁路j座 404484,磊县,辽宁省,988357,中国,新宇龙信息科技有限公司电子商务,林,磊,邮政EMS
754,YZ898,18,2025-09-22 01:55:58,2025-10-03 01:55:58,2025-09-23 01:55:58,1,163.75,通际名联科技有限公司金融科技,黑龙江省利县江北曹路r座 182732,济南市,台湾省,380850,中国,通际名联科技有限公司金融科技,薛,洋,顺丰速运
755,VH856,18,2025-02-04 21:47:58,2025-02-08 21:47:58,2025-02-09 21:47:58,1,208.53,鑫博腾飞科技有限公司电子商务,吉林省英市海陵李街x座 709778,英县,江西省,294218,中国,鑫博腾飞科技有限公司电子商务,薛,洋,顺丰速运
756,TO444,18,2026-04-20 00:20:39,2026-05-02 00:20:39,2026-04-23 00:20:39,7,125.26,MBP软件网络有限公司移动应用开发,青海省颖县山亭西安路G座 992594,辛集市,重庆市,516137,中国,MBP软件网络有限公司移动应用开发,薛,洋,百世快递
757,RY572,2,2025-11-13 11:48:11,2025-11-23 11:48:11,2025-11-14 11:48:11,10,292.44,中建创业信息有限公司虚拟现实,黑龙江省天津县清浦贵阳路S座 666651,冬梅县,内蒙古自治区,866120,中国,中建创业信息有限公司虚拟现实,江,凤兰,邮政EMS
758,WQ849,5,2025-05-31 07:08:29,2025-06-12 07:08:29,2025-06-02 07:08:29,5,457.52,开发区世创科技有限公司科技公司,浙江省香港县翔安潮州街E座 459811,嘉禾市,黑龙江省,948902,中国,开发区世创科技有限公司科技公司,林,峰,申通快递
759,MR129,19,2025-10-16 21:46:00,2025-10-24 21:46:00,,7,20.96,太极信息有限公司互联网服务,江苏省六盘水县清浦黄街g座 440842,海门市,福建省,737845,中国,太极信息有限公司互联网服务,田,桂荣,百世快递
760,ZO854,17,2024-11-26 15:26:17,2024-12-10 15:26:17,2024-11-28 15:26:17,2,389.38,MBP软件科技有限公司信息技术,安徽省瑞市西夏高路i座 571615,丽华县,宁夏回族自治区,300387,中国,MBP软件科技有限公司信息技术,陈,杨,京东物流
761,YZ898,19,2024-10-15 18:53:18,2024-10-18 18:53:18,2024-10-19 18:53:18,8,470.25,通际名联科技有限公司金融科技,黑龙江省利县江北曹路r座 182732,济南市,台湾省,380850,中国,通际名联科技有限公司金融科技,田,桂荣,天天快递
762,WB209,16,2026-05-27 20:00:50,2026-06-02 20:00:50,2026-05-29 20:00:50,3,347.26,维涛传媒有限公司云计算,内蒙古自治区上海市海陵武汉路o座 271535,秀华县,宁夏回族自治区,490120,中国,维涛传媒有限公司云计算,李,玉珍,中通快递
763,GJ116,9,2024-09-07 19:13:59,2024-09-17 19:13:59,,5,235.92,良诺信息有限公司生物科技,云南省雷市东城巫街s座 382268,红市,海南省,562035,中国,良诺信息有限公司生物科技,王,雪,申通快递
764,GL926,6,2025-11-22 02:21:50,2025-12-04 02:21:50,2025-11-23 02:21:50,2,321.64,时空盒数字传媒有限公司大数据分析,湖北省梧州县锡山周路M座 618236,巢湖市,贵州省,903078,中国,时空盒数字传媒有限公司大数据分析,彭,桂荣,京东物流
765,XA075,14,2024-12-13 13:37:02,2024-12-19 13:37:02,2024-12-18 13:37:02,7,305.43,网新恒天科技有限公司数字科技,青海省佛山县平山辽阳路l座 730177,秀梅县,山东省,267399,中国,网新恒天科技有限公司数字科技,张,帅,百世快递
766,WY218,13,2024-06-18 08:03:47,2024-06-26 08:03:47,2024-06-21 08:03:47,4,346.74,飞海科技传媒有限公司信息技术,河北省楠县南湖胡街i座 304050,济南市,吉林省,373811,中国,飞海科技传媒有限公司信息技术,曲,桂花,圆通速递
767,GL926,20,2026-01-24 22:02:46,2026-01-29 22:02:46,2026-01-27 22:02:46,7,366.28,时空盒数字传媒有限公司大数据分析,湖北省梧州县锡山周路M座 618236,巢湖市,贵州省,903078,中国,时空盒数字传媒有限公司大数据分析,欧,娜,百世快递
768,NU012,3,2025-10-22 11:40:16,2025-10-31 11:40:16,,8,41.92,商软冠联传媒有限公司智能科技,甘肃省阜新县江北白路G座 114919,太原县,黑龙江省,500377,中国,商软冠联传媒有限公司智能科技,王,斌,天天快递
769,EM821,4,2024-10-09 04:57:58,2024-10-17 04:57:58,,5,41.06,泰麒麟信息有限公司人工智能,广东省想市新城曾路g座 582475,香港县,广西壮族自治区,358806,中国,泰麒麟信息有限公司人工智能,赵,晨,申通快递
770,QJ392,7,2025-05-15 06:13:21,2025-05-22 06:13:21,2025-05-16 06:13:21,7,240.99,创亿网络有限公司金融科技,浙江省台北县六枝特张家港路l座 913606,重庆市,湖南省,684944,中国,创亿网络有限公司金融科技,张,刚,百世快递
771,FC418,8,2025-01-24 15:27:22,2025-02-05 15:27:22,,8,436.8,网新恒天网络有限公司生物科技,山东省贵阳县上街蔡路H座 193448,秀珍县,湖南省,879752,中国,网新恒天网络有限公司生物科技,王,倩,天天快递
772,VX147,18,2024-10-21 20:01:59,2024-10-25 20:01:59,2024-10-23 20:01:59,7,316.23,东方峻景传媒有限公司金融科技,江西省利市东城任街V座 970735,海门县,湖南省,667608,中国,东方峻景传媒有限公司金融科技,薛,洋,百世快递
773,ZG109,1,2025-10-09 13:31:16,2025-10-18 13:31:16,2025-10-12 13:31:16,4,111.95,襄樊地球村网络有限公司智能科技,安徽省畅县房山郑路w座 157129,坤县,内蒙古自治区,951957,中国,襄樊地球村网络有限公司智能科技,王,建平,圆通速递
774,ZG109,11,2024-10-01 19:36:31,2024-10-05 19:36:31,2024-10-03 19:36:31,8,108.63,襄樊地球村网络有限公司智能科技,安徽省畅县房山郑路w座 157129,坤县,内蒙古自治区,951957,中国,襄樊地球村网络有限公司智能科技,张,丹丹,天天快递
775,DW607,19,2025-09-13 15:01:10,2025-09-27 15:01:10,,6,419.59,银嘉网络有限公司云计算,四川省秀华县金平合山街C座 522476,杨县,江苏省,112129,中国,银嘉网络有限公司云计算,田,桂荣,韵达快递
776,VZ702,6,2025-11-20 15:59:01,2025-12-01 15:59:01,2025-11-21 15:59:01,3,13.21,精芯网络有限公司互联网服务,河北省南京市翔安朱路w座 386632,马鞍山县,广东省,526423,中国,精芯网络有限公司互联网服务,彭,桂荣,中通快递
777,XN875,5,2025-01-11 07:19:34,2025-01-15 07:19:34,,2,364.97,天开传媒有限公司网络安全,香港特别行政区澳门市清浦许路G座 380354,芳市,云南省,252621,中国,天开传媒有限公司网络安全,林,峰,京东物流
778,EI532,14,2026-03-18 08:22:46,2026-03-26 08:22:46,2026-03-19 08:22:46,3,33.23,七喜传媒有限公司人工智能,澳门特别行政区磊市门头沟柳州街Z座 473892,丽华县,西藏自治区,358472,中国,七喜传媒有限公司人工智能,张,帅,中通快递
779,RV310,9,2026-06-03 09:04:55,2026-06-14 09:04:55,2026-06-05 09:04:55,8,449.57,银嘉科技有限公司云计算,北京市强县牧野惠州路G座 671226,重庆县,云南省,471017,中国,银嘉科技有限公司云计算,王,雪,天天快递
780,EA575,3,2024-08-04 01:24:57,2024-08-08 01:24:57,2024-08-06 01:24:57,4,367.43,襄樊地球村信息有限公司物联网,云南省婷婷县高明王路e座 823469,丽娟市,四川省,603957,中国,襄樊地球村信息有限公司物联网,王,斌,圆通速递
781,DW607,2,2024-10-31 01:13:01,2024-11-07 01:13:01,2024-11-01 01:13:01,7,94.12,银嘉网络有限公司云计算,四川省秀华县金平合山街C座 522476,杨县,江苏省,112129,中国,银嘉网络有限公司云计算,江,凤兰,百世快递
782,FC418,1,2025-09-13 03:21:44,2025-09-22 03:21:44,2025-09-16 03:21:44,10,439.58,网新恒天网络有限公司生物科技,山东省贵阳县上街蔡路H座 193448,秀珍县,湖南省,879752,中国,网新恒天网络有限公司生物科技,王,建平,邮政EMS
783,ZU351,19,2025-08-11 19:33:09,2025-08-21 19:33:09,,4,438.7,银嘉科技有限公司科技公司,山东省深圳县孝南黄街c座 290750,秀荣市,宁夏回族自治区,662554,中国,银嘉科技有限公司科技公司,田,桂荣,圆通速递
784,PL616,16,2024-06-17 01:18:47,2024-06-25 01:18:47,2024-06-19 01:18:47,5,340.63,巨奥网络有限公司金融科技,陕西省慧市锡山王街R座 594310,明市,天津市,692056,中国,巨奥网络有限公司金融科技,李,玉珍,申通快递
785,DX151,3,2024-06-16 10:07:33,2024-06-26 10:07:33,2024-06-17 10:07:33,10,30.92,易动力信息有限公司物联网,辽宁省嘉禾县沈河六安街A座 771273,佛山县,贵州省,255410,中国,易动力信息有限公司物联网,王,斌,邮政EMS
786,GA851,10,2026-05-05 15:04:37,2026-05-16 15:04:37,2026-05-06 15:04:37,10,412.22,明腾传媒有限公司金融科技,天津市阜新县城东吴街m座 830793,齐齐哈尔县,香港特别行政区,636849,中国,明腾传媒有限公司金融科技,林,磊,邮政EMS
787,EB652,11,2026-02-19 20:18:32,2026-02-27 20:18:32,2026-02-22 20:18:32,7,261.98,凌云信息有限公司虚拟现实,香港特别行政区福州市城北太原街O座 751024,秀珍县,福建省,531973,中国,凌云信息有限公司虚拟现实,张,丹丹,百世快递
788,TW751,20,2024-06-21 15:21:04,2024-06-29 15:21:04,2024-06-23 15:21:04,8,415.02,图龙信息网络有限公司云计算,湖南省兰州县丰都张街B座 954217,宁德市,福建省,905170,中国,图龙信息网络有限公司云计算,欧,娜,天天快递
789,LU518,6,2026-02-09 21:11:41,2026-02-22 21:11:41,2026-02-14 21:11:41,4,422.93,易动力传媒有限公司生物科技,河南省贵阳县兴山广州路A座 729306,伟市,陕西省,802027,中国,易动力传媒有限公司生物科技,彭,桂荣,圆通速递
790,GR625,20,2024-10-19 20:05:28,2024-10-29 20:05:28,2024-10-20 20:05:28,7,305.44,明腾传媒有限公司互联网服务,澳门特别行政区呼和浩特市沈北新曲街v座 733015,邯郸市,天津市,144183,中国,明腾传媒有限公司互联网服务,欧,娜,百世快递
791,PJ659,15,2025-02-19 01:53:52,2025-02-22 01:53:52,,9,491.65,超艺网络有限公司人工智能,四川省梅市高明潮州路u座 815912,武汉市,四川省,103035,中国,超艺网络有限公司人工智能,徐,艳,德邦物流
792,CM245,11,2025-10-16 07:48:25,2025-10-20 07:48:25,,8,417.09,万迅电脑信息有限公司科技公司,澳门特别行政区沈阳市秀英向路j座 232419,洋县,宁夏回族自治区,487088,中国,万迅电脑信息有限公司科技公司,张,丹丹,天天快递
793,EB652,9,2024-08-20 23:20:53,2024-09-03 23:20:53,2024-08-25 23:20:53,5,148.18,凌云信息有限公司虚拟现实,香港特别行政区福州市城北太原街O座 751024,秀珍县,福建省,531973,中国,凌云信息有限公司虚拟现实,王,雪,申通快递
794,CS287,15,2025-10-05 06:29:12,2025-10-16 06:29:12,2025-10-08 06:29:12,9,369.48,和泰网络有限公司电子商务,山东省台北市南湖刘路G座 282213,玲市,江苏省,453351,中国,和泰网络有限公司电子商务,徐,艳,德邦物流
795,WQ849,18,2025-12-28 13:37:52,2026-01-06 13:37:52,,9,467.77,开发区世创科技有限公司科技公司,浙江省香港县翔安潮州街E座 459811,嘉禾市,黑龙江省,948902,中国,开发区世创科技有限公司科技公司,薛,洋,德邦物流
796,GC846,11,2025-07-10 15:43:17,2025-07-23 15:43:17,,5,31.93,明腾科技有限公司区块链技术,河南省志强县城东杨路A座 853694,石家庄市,安徽省,450779,中国,明腾科技有限公司区块链技术,张,丹丹,申通快递
797,QJ392,11,2025-11-30 14:12:49,2025-12-14 14:12:49,2025-12-04 14:12:49,1,482.2,创亿网络有限公司金融科技,浙江省台北县六枝特张家港路l座 913606,重庆市,湖南省,684944,中国,创亿网络有限公司金融科技,张,丹丹,顺丰速运
798,RG743,19,2026-06-02 09:20:46,2026-06-14 09:20:46,,8,269.72,快讯信息有限公司智能科技,山东省海口县龙潭杨街q座 232213,勇县,澳门特别行政区,384293,中国,快讯信息有限公司智能科技,田,桂荣,天天快递
799,YR398,12,2025-01-02 19:21:46,2025-01-07 19:21:46,,4,330.87,浦华众城信息有限公司虚拟现实,新疆维吾尔自治区福州市翔安李路i座 712866,大冶市,广东省,992649,中国,浦华众城信息有限公司虚拟现实,曹,洁,圆通速递
800,MJ814,11,2025-12-29 13:18:55,2026-01-12 13:18:55,,1,70.07,毕博诚科技有限公司互联网服务,安徽省大冶县牧野汪路E座 856404,俊市,宁夏回族自治区,628200,中国,毕博诚科技有限公司互联网服务,张,丹丹,顺丰速运
801,MA264,5,2025-02-07 14:11:37,2025-02-14 14:11:37,2025-02-11 14:11:37,10,19.77,时刻网络有限公司信息技术,辽宁省长春县高港大冶街E座 299146,梅县,山西省,257161,中国,时刻网络有限公司信息技术,林,峰,邮政EMS
802,BF338,14,2026-02-28 15:33:33,2026-03-11 15:33:33,2026-03-04 15:33:33,6,25.9,天开网络有限公司金融科技,广东省长沙市黄浦荆门街a座 399073,南宁市,台湾省,787111,中国,天开网络有限公司金融科技,张,帅,韵达快递
803,DX151,15,2026-02-21 21:33:30,2026-02-27 21:33:30,2026-02-26 21:33:30,10,283.44,易动力信息有限公司物联网,辽宁省嘉禾县沈河六安街A座 771273,佛山县,贵州省,255410,中国,易动力信息有限公司物联网,徐,艳,邮政EMS
804,CA470,3,2024-10-16 01:12:08,2024-10-22 01:12:08,2024-10-17 01:12:08,10,477.02,南康传媒有限公司生物科技,广西壮族自治区汕尾县兴山王街m座 315775,贵阳市,吉林省,458093,中国,南康传媒有限公司生物科技,王,斌,邮政EMS
805,UY980,9,2025-07-19 07:28:11,2025-07-22 07:28:11,2025-07-24 07:28:11,7,117.49,兰金电子传媒有限公司生物科技,广西壮族自治区香港县六枝特郭路r座 722655,桂香县,广西壮族自治区,205167,中国,兰金电子传媒有限公司生物科技,王,雪,百世快递
806,DV182,10,2024-09-24 04:30:33,2024-10-03 04:30:33,2024-09-27 04:30:33,6,357.01,艾提科信传媒有限公司网络安全,西藏自治区凤兰县朝阳林街U座 372877,桂荣市,山西省,386526,中国,艾提科信传媒有限公司网络安全,林,磊,韵达快递
807,IP471,19,2025-03-15 16:10:50,2025-03-28 16:10:50,2025-03-19 16:10:50,3,119.99,银嘉信息有限公司移动应用开发,河南省洋县门头沟张家港路q座 708953,荆门市,江西省,960045,中国,银嘉信息有限公司移动应用开发,田,桂荣,中通快递
808,YZ898,14,2024-11-17 19:27:28,2024-11-30 19:27:28,,4,83.81,通际名联科技有限公司金融科技,黑龙江省利县江北曹路r座 182732,济南市,台湾省,380850,中国,通际名联科技有限公司金融科技,张,帅,圆通速递
809,GR729,18,2025-09-06 05:05:38,2025-09-11 05:05:38,,3,489.92,中建创业网络有限公司移动应用开发,江西省辛集县沈北新昆明街r座 719259,辽阳县,台湾省,639438,中国,中建创业网络有限公司移动应用开发,薛,洋,中通快递
810,KS630,8,2026-04-26 12:49:30,2026-05-04 12:49:30,,1,12.34,良诺信息有限公司网络安全,四川省西安市魏都邓路Q座 814705,潮州市,内蒙古自治区,453855,中国,良诺信息有限公司网络安全,王,倩,顺丰速运
811,WW556,18,2025-05-03 02:59:05,2025-05-07 02:59:05,2025-05-05 02:59:05,1,295.7,商软冠联网络有限公司信息技术,福建省兴城县白云赵街c座 153695,梅市,海南省,737913,中国,商软冠联网络有限公司信息技术,薛,洋,顺丰速运
812,WW556,10,2025-05-16 14:42:10,2025-05-20 14:42:10,2025-05-21 14:42:10,4,164.21,商软冠联网络有限公司信息技术,福建省兴城县白云赵街c座 153695,梅市,海南省,737913,中国,商软冠联网络有限公司信息技术,林,磊,圆通速递
813,DV182,5,2024-11-26 23:03:12,2024-12-05 23:03:12,2024-11-30 23:03:12,8,365.14,艾提科信传媒有限公司网络安全,西藏自治区凤兰县朝阳林街U座 372877,桂荣市,山西省,386526,中国,艾提科信传媒有限公司网络安全,林,峰,天天快递
814,GL926,10,2025-07-16 19:10:11,2025-07-21 19:10:11,2025-07-17 19:10:11,1,400.08,时空盒数字传媒有限公司大数据分析,湖北省梧州县锡山周路M座 618236,巢湖市,贵州省,903078,中国,时空盒数字传媒有限公司大数据分析,林,磊,顺丰速运
815,XA254,15,2024-11-20 21:47:11,2024-12-03 21:47:11,2024-11-23 21:47:11,1,383.78,易动力信息有限公司物联网,陕西省关岭县高坪淮安街k座 604446,齐齐哈尔市,贵州省,989116,中国,易动力信息有限公司物联网,徐,艳,顺丰速运
816,PL616,13,2025-03-19 07:03:39,2025-04-02 07:03:39,2025-03-22 07:03:39,4,165.65,巨奥网络有限公司金融科技,陕西省慧市锡山王街R座 594310,明市,天津市,692056,中国,巨奥网络有限公司金融科技,曲,桂花,圆通速递
817,LB704,5,2026-02-23 20:20:46,2026-03-03 20:20:46,2026-02-26 20:20:46,6,151.22,群英信息有限公司金融科技,山东省丽县长寿邯郸路S座 956071,昆明县,河南省,785495,中国,群英信息有限公司金融科技,林,峰,韵达快递
818,ZV584,1,2024-11-15 17:54:08,2024-11-26 17:54:08,2024-11-20 17:54:08,5,383.85,维旺明科技有限公司大数据分析,山东省雷县涪城王路f座 739633,杭州市,福建省,105798,中国,维旺明科技有限公司大数据分析,王,建平,申通快递
819,WN094,20,2024-10-20 03:28:27,2024-10-23 03:28:27,2024-10-24 03:28:27,10,336.99,菊风公司传媒有限公司数字科技,广东省哈尔滨市高坪王路l座 274673,秀梅市,黑龙江省,610381,中国,菊风公司传媒有限公司数字科技,欧,娜,邮政EMS
820,VX147,20,2025-02-11 21:01:17,2025-02-18 21:01:17,2025-02-13 21:01:17,1,222.87,东方峻景传媒有限公司金融科技,江西省利市东城任街V座 970735,海门县,湖南省,667608,中国,东方峻景传媒有限公司金融科技,欧,娜,顺丰速运
821,MJ814,2,2024-08-23 17:54:12,2024-08-30 17:54:12,,8,190.49,毕博诚科技有限公司互联网服务,安徽省大冶县牧野汪路E座 856404,俊市,宁夏回族自治区,628200,中国,毕博诚科技有限公司互联网服务,江,凤兰,天天快递
822,AW347,9,2024-12-05 23:19:52,2024-12-09 23:19:52,2024-12-10 23:19:52,8,140.47,鸿睿思博传媒有限公司智能科技,浙江省柳州县安次李路G座 326030,武汉市,广西壮族自治区,986110,中国,鸿睿思博传媒有限公司智能科技,王,雪,天天快递
823,EK253,16,2026-05-27 15:48:23,2026-06-07 15:48:23,,2,92.78,兰金电子科技有限公司区块链技术,吉林省齐齐哈尔县沈河深圳街p座 109059,南昌市,台湾省,701156,中国,兰金电子科技有限公司区块链技术,李,玉珍,京东物流
824,XO649,11,2025-11-02 14:36:26,2025-11-06 14:36:26,,7,12.11,晖来计算机传媒有限公司云计算,广东省娟市孝南辽阳路I座 278094,郑州县,江苏省,370443,中国,晖来计算机传媒有限公司云计算,张,丹丹,百世快递
825,ZO854,5,2025-01-30 01:26:19,2025-02-05 01:26:19,2025-01-31 01:26:19,3,77.63,MBP软件科技有限公司信息技术,安徽省瑞市西夏高路i座 571615,丽华县,宁夏回族自治区,300387,中国,MBP软件科技有限公司信息技术,林,峰,中通快递
826,GR625,4,2025-10-25 21:50:31,2025-10-31 21:50:31,2025-10-26 21:50:31,5,31.02,明腾传媒有限公司互联网服务,澳门特别行政区呼和浩特市沈北新曲街v座 733015,邯郸市,天津市,144183,中国,明腾传媒有限公司互联网服务,赵,晨,申通快递
827,AD089,16,2025-07-29 06:10:23,2025-08-10 06:10:23,2025-07-31 06:10:23,7,80.6,创亿网络有限公司移动应用开发,陕西省慧市西夏李街d座 273215,楠市,贵州省,437029,中国,创亿网络有限公司移动应用开发,李,玉珍,百世快递
828,XN875,2,2024-09-25 16:26:30,2024-10-08 16:26:30,2024-09-30 16:26:30,3,93.82,天开传媒有限公司网络安全,香港特别行政区澳门市清浦许路G座 380354,芳市,云南省,252621,中国,天开传媒有限公司网络安全,江,凤兰,中通快递
829,PL616,1,2024-09-07 19:08:40,2024-09-11 19:08:40,2024-09-10 19:08:40,9,331.36,巨奥网络有限公司金融科技,陕西省慧市锡山王街R座 594310,明市,天津市,692056,中国,巨奥网络有限公司金融科技,王,建平,德邦物流
830,BF338,17,2024-08-19 01:07:53,2024-08-30 01:07:53,,3,344.95,天开网络有限公司金融科技,广东省长沙市黄浦荆门街a座 399073,南宁市,台湾省,787111,中国,天开网络有限公司金融科技,陈,杨,中通快递
831,BF338,20,2025-02-19 03:03:03,2025-02-28 03:03:03,,6,323.06,天开网络有限公司金融科技,广东省长沙市黄浦荆门街a座 399073,南宁市,台湾省,787111,中国,天开网络有限公司金融科技,欧,娜,韵达快递
832,DH200,11,2025-03-21 03:09:53,2025-03-26 03:09:53,2025-03-22 03:09:53,10,496.95,盟新传媒有限公司大数据分析,甘肃省红县涪城董路q座 904897,辽阳县,安徽省,428336,中国,盟新传媒有限公司大数据分析,张,丹丹,邮政EMS
833,OA831,15,2025-07-04 06:49:11,2025-07-15 06:49:11,2025-07-06 06:49:11,9,279.92,华泰通安科技有限公司网络安全,香港特别行政区桂兰市城东傅路b座 111143,玉梅市,台湾省,529077,中国,华泰通安科技有限公司网络安全,徐,艳,德邦物流
834,US056,3,2024-12-01 13:16:14,2024-12-07 13:16:14,2024-12-05 13:16:14,10,313.46,国讯网络有限公司移动应用开发,甘肃省芳市东丽游街c座 967469,文市,浙江省,216352,中国,国讯网络有限公司移动应用开发,王,斌,邮政EMS
835,ME428,11,2025-09-14 11:18:40,2025-09-19 11:18:40,2025-09-18 11:18:40,5,242.87,创汇网络有限公司虚拟现实,北京市玉珍市朝阳赵路P座 508928,秀英市,福建省,862920,中国,创汇网络有限公司虚拟现实,张,丹丹,申通快递
836,QI779,10,2026-02-13 04:28:28,2026-02-26 04:28:28,2026-02-15 04:28:28,6,137.87,合联电子科技有限公司网络安全,新疆维吾尔自治区波市牧野潜江街w座 187520,沈阳县,江苏省,734012,中国,合联电子科技有限公司网络安全,林,磊,韵达快递
837,CM245,14,2025-01-03 12:15:00,2025-01-15 12:15:00,2025-01-07 12:15:00,4,416.53,万迅电脑信息有限公司科技公司,澳门特别行政区沈阳市秀英向路j座 232419,洋县,宁夏回族自治区,487088,中国,万迅电脑信息有限公司科技公司,张,帅,圆通速递
838,DX151,3,2025-11-04 03:50:04,2025-11-07 03:50:04,,4,346.61,易动力信息有限公司物联网,辽宁省嘉禾县沈河六安街A座 771273,佛山县,贵州省,255410,中国,易动力信息有限公司物联网,王,斌,圆通速递
839,TE207,5,2024-09-07 19:45:55,2024-09-16 19:45:55,2024-09-11 19:45:55,10,243.76,新宇龙信息传媒有限公司人工智能,澳门特别行政区合山县门头沟赵路X座 921614,张家港市,香港特别行政区,309847,中国,新宇龙信息传媒有限公司人工智能,林,峰,邮政EMS
840,EK253,14,2025-07-06 09:52:24,2025-07-20 09:52:24,2025-07-07 09:52:24,5,365.93,兰金电子科技有限公司区块链技术,吉林省齐齐哈尔县沈河深圳街p座 109059,南昌市,台湾省,701156,中国,兰金电子科技有限公司区块链技术,张,帅,申通快递
841,XO649,2,2025-01-05 00:30:04,2025-01-09 00:30:04,2025-01-10 00:30:04,3,384.85,晖来计算机传媒有限公司云计算,广东省娟市孝南辽阳路I座 278094,郑州县,江苏省,370443,中国,晖来计算机传媒有限公司云计算,江,凤兰,中通快递
842,VH856,5,2025-05-14 04:38:13,2025-05-19 04:38:13,2025-05-17 04:38:13,8,173.02,鑫博腾飞科技有限公司电子商务,吉林省英市海陵李街x座 709778,英县,江西省,294218,中国,鑫博腾飞科技有限公司电子商务,林,峰,天天快递
843,YZ898,3,2026-03-02 10:57:26,2026-03-15 10:57:26,2026-03-04 10:57:26,7,163.46,通际名联科技有限公司金融科技,黑龙江省利县江北曹路r座 182732,济南市,台湾省,380850,中国,通际名联科技有限公司金融科技,王,斌,百世快递
844,WB209,15,2025-09-02 03:26:14,2025-09-05 03:26:14,2025-09-03 03:26:14,5,38.82,维涛传媒有限公司云计算,内蒙古自治区上海市海陵武汉路o座 271535,秀华县,宁夏回族自治区,490120,中国,维涛传媒有限公司云计算,徐,艳,申通快递
845,EB652,17,2024-06-21 21:22:59,2024-06-27 21:22:59,,2,482.89,凌云信息有限公司虚拟现实,香港特别行政区福州市城北太原街O座 751024,秀珍县,福建省,531973,中国,凌云信息有限公司虚拟现实,陈,杨,京东物流
846,TW751,4,2025-09-23 22:36:23,2025-09-26 22:36:23,2025-09-26 22:36:23,2,287.57,图龙信息网络有限公司云计算,湖南省兰州县丰都张街B座 954217,宁德市,福建省,905170,中国,图龙信息网络有限公司云计算,赵,晨,京东物流
847,IK721,10,2024-11-09 14:00:15,2024-11-17 14:00:15,2024-11-14 14:00:15,4,228.07,诺依曼软件传媒有限公司物联网,广东省重庆市沈北新深圳路t座 370139,华市,广西壮族自治区,558601,中国,诺依曼软件传媒有限公司物联网,林,磊,圆通速递
848,FA862,15,2026-04-29 04:45:38,2026-05-13 04:45:38,,2,214.63,方正科技网络有限公司云计算,河北省乌鲁木齐县房山南路s座 690779,潮州县,福建省,956854,中国,方正科技网络有限公司云计算,徐,艳,京东物流
849,YR398,5,2025-01-08 01:44:02,2025-01-13 01:44:02,2025-01-10 01:44:02,6,413.6,浦华众城信息有限公司虚拟现实,新疆维吾尔自治区福州市翔安李路i座 712866,大冶市,广东省,992649,中国,浦华众城信息有限公司虚拟现实,林,峰,韵达快递
850,FA862,17,2025-11-01 21:23:23,2025-11-15 21:23:23,,4,284.89,方正科技网络有限公司云计算,河北省乌鲁木齐县房山南路s座 690779,潮州县,福建省,956854,中国,方正科技网络有限公司云计算,陈,杨,圆通速递
851,GR729,17,2025-03-23 07:59:49,2025-04-02 07:59:49,2025-03-27 07:59:49,8,31.7,中建创业网络有限公司移动应用开发,江西省辛集县沈北新昆明街r座 719259,辽阳县,台湾省,639438,中国,中建创业网络有限公司移动应用开发,陈,杨,天天快递
852,TO444,9,2026-01-02 21:16:50,2026-01-12 21:16:50,2026-01-04 21:16:50,1,26.18,MBP软件网络有限公司移动应用开发,青海省颖县山亭西安路G座 992594,辛集市,重庆市,516137,中国,MBP软件网络有限公司移动应用开发,王,雪,顺丰速运
853,AU710,20,2026-04-11 10:14:55,2026-04-22 10:14:55,2026-04-14 10:14:55,1,165.55,巨奥传媒有限公司信息技术,重庆市燕市安次哈尔滨街x座 404214,辛集市,广东省,406351,中国,巨奥传媒有限公司信息技术,欧,娜,顺丰速运
854,KM929,15,2025-10-15 15:20:55,2025-10-22 15:20:55,2025-10-19 15:20:55,10,419.43,迪摩科技有限公司电子商务,吉林省香港市白云沈街W座 138703,福州县,海南省,133740,中国,迪摩科技有限公司电子商务,徐,艳,邮政EMS
855,ZU351,14,2025-08-13 20:32:43,2025-08-25 20:32:43,2025-08-15 20:32:43,2,411.03,银嘉科技有限公司科技公司,山东省深圳县孝南黄街c座 290750,秀荣市,宁夏回族自治区,662554,中国,银嘉科技有限公司科技公司,张,帅,京东物流
856,PC764,2,2025-12-27 21:50:41,2026-01-01 21:50:41,2025-12-29 21:50:41,2,237.18,恒聪百汇传媒有限公司虚拟现实,福建省兴城市高明邓街U座 898971,重庆市,河南省,796218,中国,恒聪百汇传媒有限公司虚拟现实,江,凤兰,京东物流
857,CS287,20,2024-08-13 03:16:38,2024-08-24 03:16:38,2024-08-15 03:16:38,3,79.45,和泰网络有限公司电子商务,山东省台北市南湖刘路G座 282213,玲市,江苏省,453351,中国,和泰网络有限公司电子商务,欧,娜,中通快递
858,WN094,7,2024-10-16 09:17:51,2024-10-25 09:17:51,2024-10-18 09:17:51,4,443.14,菊风公司传媒有限公司数字科技,广东省哈尔滨市高坪王路l座 274673,秀梅市,黑龙江省,610381,中国,菊风公司传媒有限公司数字科技,张,刚,圆通速递
859,GC846,20,2025-02-09 00:59:47,2025-02-17 00:59:47,,9,192.43,明腾科技有限公司区块链技术,河南省志强县城东杨路A座 853694,石家庄市,安徽省,450779,中国,明腾科技有限公司区块链技术,欧,娜,德邦物流
860,QJ392,11,2024-09-13 04:36:51,2024-09-25 04:36:51,2024-09-14 04:36:51,6,81.61,创亿网络有限公司金融科技,浙江省台北县六枝特张家港路l座 913606,重庆市,湖南省,684944,中国,创亿网络有限公司金融科技,张,丹丹,韵达快递
861,ZV584,18,2025-06-15 21:20:15,2025-06-29 21:20:15,2025-06-19 21:20:15,7,445.22,维旺明科技有限公司大数据分析,山东省雷县涪城王路f座 739633,杭州市,福建省,105798,中国,维旺明科技有限公司大数据分析,薛,洋,百世快递
862,CC657,5,2025-11-16 01:21:24,2025-11-19 01:21:24,2025-11-21 01:21:24,9,77.13,昊嘉信息有限公司信息技术,天津市伟县清城何路W座 931319,军县,辽宁省,815449,中国,昊嘉信息有限公司信息技术,林,峰,德邦物流
863,XA075,17,2025-10-30 20:33:01,2025-11-09 20:33:01,2025-11-02 20:33:01,1,281.77,网新恒天科技有限公司数字科技,青海省佛山县平山辽阳路l座 730177,秀梅县,山东省,267399,中国,网新恒天科技有限公司数字科技,陈,杨,顺丰速运
864,JT617,1,2025-06-17 06:16:23,2025-06-27 06:16:23,2025-06-21 06:16:23,9,211.52,时空盒数字信息有限公司智能科技,山东省巢湖县清浦缪街U座 742478,郑州县,陕西省,364545,中国,时空盒数字信息有限公司智能科技,王,建平,德邦物流
865,QL573,14,2026-01-11 05:31:58,2026-01-25 05:31:58,2026-01-13 05:31:58,6,342.94,维涛科技有限公司网络安全,西藏自治区亮市清浦王街I座 399560,永安市,贵州省,583598,中国,维涛科技有限公司网络安全,张,帅,韵达快递
866,WY218,18,2025-10-16 11:00:56,2025-10-24 11:00:56,,8,291.13,飞海科技传媒有限公司信息技术,河北省楠县南湖胡街i座 304050,济南市,吉林省,373811,中国,飞海科技传媒有限公司信息技术,薛,洋,天天快递
867,TO444,7,2026-03-10 13:00:05,2026-03-18 13:00:05,2026-03-13 13:00:05,5,450.54,MBP软件网络有限公司移动应用开发,青海省颖县山亭西安路G座 992594,辛集市,重庆市,516137,中国,MBP软件网络有限公司移动应用开发,张,刚,申通快递
868,ZU351,13,2025-10-17 18:26:06,2025-10-31 18:26:06,2025-10-21 18:26:06,7,355.76,银嘉科技有限公司科技公司,山东省深圳县孝南黄街c座 290750,秀荣市,宁夏回族自治区,662554,中国,银嘉科技有限公司科技公司,曲,桂花,百世快递
869,VH856,10,2025-02-25 03:22:35,2025-03-09 03:22:35,2025-02-28 03:22:35,4,370.43,鑫博腾飞科技有限公司电子商务,吉林省英市海陵李街x座 709778,英县,江西省,294218,中国,鑫博腾飞科技有限公司电子商务,林,磊,圆通速递
870,TO444,15,2024-08-23 22:56:50,2024-08-29 22:56:50,2024-08-26 22:56:50,9,168.49,MBP软件网络有限公司移动应用开发,青海省颖县山亭西安路G座 992594,辛集市,重庆市,516137,中国,MBP软件网络有限公司移动应用开发,徐,艳,德邦物流
871,AY876,1,2024-11-09 21:30:06,2024-11-21 21:30:06,2024-11-11 21:30:06,7,409.06,精芯传媒有限公司物联网,湖北省杭州市华龙宜都路G座 885926,武汉市,湖北省,378841,中国,精芯传媒有限公司物联网,王,建平,百世快递
872,PC764,14,2026-03-28 14:33:25,2026-04-02 14:33:25,2026-04-02 14:33:25,10,423.01,恒聪百汇传媒有限公司虚拟现实,福建省兴城市高明邓街U座 898971,重庆市,河南省,796218,中国,恒聪百汇传媒有限公司虚拟现实,张,帅,邮政EMS
873,TE207,8,2025-06-27 04:05:38,2025-07-08 04:05:38,2025-07-01 04:05:38,3,481.06,新宇龙信息传媒有限公司人工智能,澳门特别行政区合山县门头沟赵路X座 921614,张家港市,香港特别行政区,309847,中国,新宇龙信息传媒有限公司人工智能,王,倩,中通快递
874,VH856,5,2025-08-27 20:51:18,2025-09-05 20:51:18,2025-08-29 20:51:18,10,179.84,鑫博腾飞科技有限公司电子商务,吉林省英市海陵李街x座 709778,英县,江西省,294218,中国,鑫博腾飞科技有限公司电子商务,林,峰,邮政EMS
875,CM245,13,2024-11-03 02:53:23,2024-11-10 02:53:23,2024-11-04 02:53:23,8,12.1,万迅电脑信息有限公司科技公司,澳门特别行政区沈阳市秀英向路j座 232419,洋县,宁夏回族自治区,487088,中国,万迅电脑信息有限公司科技公司,曲,桂花,天天快递
876,IP471,1,2024-09-09 18:59:48,2024-09-23 18:59:48,,9,271.68,银嘉信息有限公司移动应用开发,河南省洋县门头沟张家港路q座 708953,荆门市,江西省,960045,中国,银嘉信息有限公司移动应用开发,王,建平,德邦物流
877,DH200,11,2026-04-09 20:03:41,2026-04-23 20:03:41,,6,315.33,盟新传媒有限公司大数据分析,甘肃省红县涪城董路q座 904897,辽阳县,安徽省,428336,中国,盟新传媒有限公司大数据分析,张,丹丹,韵达快递
878,NQ176,13,2025-11-26 09:05:30,2025-12-09 09:05:30,2025-11-29 09:05:30,6,274.15,图龙信息传媒有限公司数字科技,天津市梧州市安次彭路t座 336734,南昌市,江西省,117022,中国,图龙信息传媒有限公司数字科技,曲,桂花,韵达快递
879,JT617,20,2026-04-03 07:02:22,2026-04-07 07:02:22,2026-04-05 07:02:22,2,384.34,时空盒数字信息有限公司智能科技,山东省巢湖县清浦缪街U座 742478,郑州县,陕西省,364545,中国,时空盒数字信息有限公司智能科技,欧,娜,京东物流
880,RY548,7,2026-01-15 14:50:39,2026-01-26 14:50:39,2026-01-19 14:50:39,6,315.66,易动力信息有限公司网络安全,青海省宜都县合川朱路g座 383744,斌县,江西省,652523,中国,易动力信息有限公司网络安全,张,刚,韵达快递
881,UY980,18,2025-09-21 08:31:55,2025-10-04 08:31:55,2025-09-25 08:31:55,8,193.77,兰金电子传媒有限公司生物科技,广西壮族自治区香港县六枝特郭路r座 722655,桂香县,广西壮族自治区,205167,中国,兰金电子传媒有限公司生物科技,薛,洋,天天快递
882,CC657,1,2025-11-12 01:34:37,2025-11-23 01:34:37,2025-11-15 01:34:37,6,100.66,昊嘉信息有限公司信息技术,天津市伟县清城何路W座 931319,军县,辽宁省,815449,中国,昊嘉信息有限公司信息技术,王,建平,韵达快递
883,MA264,14,2025-09-26 15:12:48,2025-10-08 15:12:48,2025-09-27 15:12:48,8,173.52,时刻网络有限公司信息技术,辽宁省长春县高港大冶街E座 299146,梅县,山西省,257161,中国,时刻网络有限公司信息技术,张,帅,天天快递
884,BI759,18,2026-01-07 19:57:56,2026-01-14 19:57:56,,7,138.13,时空盒数字信息有限公司虚拟现实,湖南省杭州市清河柳州路s座 365953,荣市,海南省,934862,中国,时空盒数字信息有限公司虚拟现实,薛,洋,百世快递
885,ME428,20,2024-06-17 21:01:29,2024-06-29 21:01:29,2024-06-18 21:01:29,4,368.57,创汇网络有限公司虚拟现实,北京市玉珍市朝阳赵路P座 508928,秀英市,福建省,862920,中国,创汇网络有限公司虚拟现实,欧,娜,圆通速递
886,VX147,2,2024-11-11 01:37:51,2024-11-17 01:37:51,2024-11-14 01:37:51,3,272.31,东方峻景传媒有限公司金融科技,江西省利市东城任街V座 970735,海门县,湖南省,667608,中国,东方峻景传媒有限公司金融科技,江,凤兰,中通快递
887,WB209,6,2025-06-09 09:09:50,2025-06-15 09:09:50,2025-06-10 09:09:50,10,236.89,维涛传媒有限公司云计算,内蒙古自治区上海市海陵武汉路o座 271535,秀华县,宁夏回族自治区,490120,中国,维涛传媒有限公司云计算,彭,桂荣,邮政EMS
888,LB704,7,2025-04-16 17:13:46,2025-04-30 17:13:46,,1,344.08,群英信息有限公司金融科技,山东省丽县长寿邯郸路S座 956071,昆明县,河南省,785495,中国,群英信息有限公司金融科技,张,刚,顺丰速运
889,CM245,18,2024-12-25 07:17:52,2025-01-03 07:17:52,2024-12-30 07:17:52,4,298.37,万迅电脑信息有限公司科技公司,澳门特别行政区沈阳市秀英向路j座 232419,洋县,宁夏回族自治区,487088,中国,万迅电脑信息有限公司科技公司,薛,洋,圆通速递
890,WY218,5,2024-10-09 18:55:10,2024-10-14 18:55:10,2024-10-11 18:55:10,8,462.08,飞海科技传媒有限公司信息技术,河北省楠县南湖胡街i座 304050,济南市,吉林省,373811,中国,飞海科技传媒有限公司信息技术,林,峰,天天快递
891,WW556,15,2026-04-24 13:51:22,2026-04-29 13:51:22,,5,426.65,商软冠联网络有限公司信息技术,福建省兴城县白云赵街c座 153695,梅市,海南省,737913,中国,商软冠联网络有限公司信息技术,徐,艳,申通快递
892,WN094,15,2025-03-01 20:41:54,2025-03-11 20:41:54,2025-03-06 20:41:54,9,293.47,菊风公司传媒有限公司数字科技,广东省哈尔滨市高坪王路l座 274673,秀梅市,黑龙江省,610381,中国,菊风公司传媒有限公司数字科技,徐,艳,德邦物流
893,PJ659,12,2026-05-11 07:40:17,2026-05-19 07:40:17,2026-05-12 07:40:17,1,14.62,超艺网络有限公司人工智能,四川省梅市高明潮州路u座 815912,武汉市,四川省,103035,中国,超艺网络有限公司人工智能,曹,洁,顺丰速运
894,GJ116,15,2025-08-09 07:33:29,2025-08-18 07:33:29,2025-08-11 07:33:29,4,429.46,良诺信息有限公司生物科技,云南省雷市东城巫街s座 382268,红市,海南省,562035,中国,良诺信息有限公司生物科技,徐,艳,圆通速递
895,CA470,8,2026-01-26 14:09:36,2026-02-03 14:09:36,,9,135.16,南康传媒有限公司生物科技,广西壮族自治区汕尾县兴山王街m座 315775,贵阳市,吉林省,458093,中国,南康传媒有限公司生物科技,王,倩,德邦物流
896,II746,12,2026-04-18 20:17:10,2026-05-01 20:17:10,2026-04-22 20:17:10,3,303.39,恩悌传媒有限公司虚拟现实,广西壮族自治区哈尔滨县房山辛集路N座 896046,南昌县,甘肃省,203154,中国,恩悌传媒有限公司虚拟现实,曹,洁,中通快递
897,BW289,16,2024-11-30 08:51:09,2024-12-07 08:51:09,2024-12-02 08:51:09,1,233.23,海创网络有限公司生物科技,香港特别行政区雷市翔安赵街a座 431269,汕尾县,北京市,156019,中国,海创网络有限公司生物科技,李,玉珍,顺丰速运
898,VZ702,16,2025-01-26 23:46:02,2025-01-31 23:46:02,2025-01-29 23:46:02,5,485.46,精芯网络有限公司互联网服务,河北省南京市翔安朱路w座 386632,马鞍山县,广东省,526423,中国,精芯网络有限公司互联网服务,李,玉珍,申通快递
899,QJ392,20,2025-02-28 07:30:58,2025-03-10 07:30:58,2025-03-03 07:30:58,2,280.22,创亿网络有限公司金融科技,浙江省台北县六枝特张家港路l座 913606,重庆市,湖南省,684944,中国,创亿网络有限公司金融科技,欧,娜,京东物流
900,EI532,3,2026-01-28 10:05:59,2026-02-04 10:05:59,2026-01-29 10:05:59,7,408.8,七喜传媒有限公司人工智能,澳门特别行政区磊市门头沟柳州街Z座 473892,丽华县,西藏自治区,358472,中国,七喜传媒有限公司人工智能,王,斌,百世快递
901,WQ849,14,2024-07-05 18:50:41,2024-07-11 18:50:41,2024-07-10 18:50:41,4,129.7,开发区世创科技有限公司科技公司,浙江省香港县翔安潮州街E座 459811,嘉禾市,黑龙江省,948902,中国,开发区世创科技有限公司科技公司,张,帅,圆通速递
902,NU711,5,2026-04-24 09:38:22,2026-04-28 09:38:22,2026-04-27 09:38:22,7,403.41,易动力科技有限公司人工智能,宁夏回族自治区强县黄浦张路s座 615830,桂兰县,广西壮族自治区,372804,中国,易动力科技有限公司人工智能,林,峰,百世快递
903,BF338,1,2026-02-01 18:10:11,2026-02-15 18:10:11,,4,119.95,天开网络有限公司金融科技,广东省长沙市黄浦荆门街a座 399073,南宁市,台湾省,787111,中国,天开网络有限公司金融科技,王,建平,圆通速递
904,FN522,4,2024-07-07 21:36:05,2024-07-20 21:36:05,2024-07-08 21:36:05,1,325.46,新宇龙信息科技有限公司电子商务,宁夏回族自治区大冶市梁平鲁路j座 404484,磊县,辽宁省,988357,中国,新宇龙信息科技有限公司电子商务,赵,晨,顺丰速运
905,US056,9,2026-02-07 21:28:47,2026-02-21 21:28:47,2026-02-10 21:28:47,5,467.9,国讯网络有限公司移动应用开发,甘肃省芳市东丽游街c座 967469,文市,浙江省,216352,中国,国讯网络有限公司移动应用开发,王,雪,申通快递
906,AD089,4,2026-02-06 22:04:33,2026-02-11 22:04:33,2026-02-07 22:04:33,1,281.79,创亿网络有限公司移动应用开发,陕西省慧市西夏李街d座 273215,楠市,贵州省,437029,中国,创亿网络有限公司移动应用开发,赵,晨,顺丰速运
907,NU012,14,2025-10-25 15:50:43,2025-10-28 15:50:43,2025-10-30 15:50:43,10,276.61,商软冠联传媒有限公司智能科技,甘肃省阜新县江北白路G座 114919,太原县,黑龙江省,500377,中国,商软冠联传媒有限公司智能科技,张,帅,邮政EMS
908,ZF801,15,2025-07-25 02:10:13,2025-08-07 02:10:13,2025-07-29 02:10:13,2,486.3,易动力科技有限公司科技公司,北京市佛山县合川香港街U座 292593,沈阳县,广西壮族自治区,104016,中国,易动力科技有限公司科技公司,徐,艳,京东物流
909,GR625,15,2024-10-07 05:10:06,2024-10-19 05:10:06,2024-10-09 05:10:06,7,410.8,明腾传媒有限公司互联网服务,澳门特别行政区呼和浩特市沈北新曲街v座 733015,邯郸市,天津市,144183,中国,明腾传媒有限公司互联网服务,徐,艳,百世快递
910,GR625,3,2026-05-21 21:54:02,2026-05-24 21:54:02,2026-05-24 21:54:02,4,104.33,明腾传媒有限公司互联网服务,澳门特别行政区呼和浩特市沈北新曲街v座 733015,邯郸市,天津市,144183,中国,明腾传媒有限公司互联网服务,王,斌,圆通速递
911,VX147,18,2026-03-05 13:42:57,2026-03-08 13:42:57,2026-03-08 13:42:57,7,147.81,东方峻景传媒有限公司金融科技,江西省利市东城任街V座 970735,海门县,湖南省,667608,中国,东方峻景传媒有限公司金融科技,薛,洋,百世快递
912,RG743,13,2024-12-23 13:17:20,2025-01-01 13:17:20,2024-12-28 13:17:20,3,272.3,快讯信息有限公司智能科技,山东省海口县龙潭杨街q座 232213,勇县,澳门特别行政区,384293,中国,快讯信息有限公司智能科技,曲,桂花,中通快递
913,ME428,3,2024-09-08 05:27:22,2024-09-22 05:27:22,2024-09-09 05:27:22,3,272.94,创汇网络有限公司虚拟现实,北京市玉珍市朝阳赵路P座 508928,秀英市,福建省,862920,中国,创汇网络有限公司虚拟现实,王,斌,中通快递
914,VZ702,8,2025-04-24 08:22:07,2025-05-08 08:22:07,2025-04-29 08:22:07,8,392.57,精芯网络有限公司互联网服务,河北省南京市翔安朱路w座 386632,马鞍山县,广东省,526423,中国,精芯网络有限公司互联网服务,王,倩,天天快递
915,II746,9,2025-04-04 10:27:49,2025-04-10 10:27:49,2025-04-07 10:27:49,6,128.21,恩悌传媒有限公司虚拟现实,广西壮族自治区哈尔滨县房山辛集路N座 896046,南昌县,甘肃省,203154,中国,恩悌传媒有限公司虚拟现实,王,雪,韵达快递
916,QL573,4,2025-12-06 03:18:18,2025-12-16 03:18:18,,5,265.02,维涛科技有限公司网络安全,西藏自治区亮市清浦王街I座 399560,永安市,贵州省,583598,中国,维涛科技有限公司网络安全,赵,晨,申通快递
917,FN522,17,2025-07-14 19:15:02,2025-07-17 19:15:02,2025-07-15 19:15:02,5,259.24,新宇龙信息科技有限公司电子商务,宁夏回族自治区大冶市梁平鲁路j座 404484,磊县,辽宁省,988357,中国,新宇龙信息科技有限公司电子商务,陈,杨,申通快递
918,FA862,8,2025-07-12 16:21:27,2025-07-23 16:21:27,2025-07-13 16:21:27,2,171.12,方正科技网络有限公司云计算,河北省乌鲁木齐县房山南路s座 690779,潮州县,福建省,956854,中国,方正科技网络有限公司云计算,王,倩,京东物流
919,CA470,15,2024-07-06 06:47:54,2024-07-14 06:47:54,2024-07-09 06:47:54,9,375.33,南康传媒有限公司生物科技,广西壮族自治区汕尾县兴山王街m座 315775,贵阳市,吉林省,458093,中国,南康传媒有限公司生物科技,徐,艳,德邦物流
920,VX147,16,2026-04-14 23:05:13,2026-04-23 23:05:13,2026-04-15 23:05:13,4,16.18,东方峻景传媒有限公司金融科技,江西省利市东城任街V座 970735,海门县,湖南省,667608,中国,东方峻景传媒有限公司金融科技,李,玉珍,圆通速递
921,GJ116,6,2026-02-07 01:32:37,2026-02-19 01:32:37,2026-02-10 01:32:37,9,356.83,良诺信息有限公司生物科技,云南省雷市东城巫街s座 382268,红市,海南省,562035,中国,良诺信息有限公司生物科技,彭,桂荣,德邦物流
922,WB209,17,2026-05-07 01:01:29,2026-05-15 01:01:29,2026-05-10 01:01:29,10,397.78,维涛传媒有限公司云计算,内蒙古自治区上海市海陵武汉路o座 271535,秀华县,宁夏回族自治区,490120,中国,维涛传媒有限公司云计算,陈,杨,邮政EMS
923,GA851,18,2025-08-30 20:25:49,2025-09-12 20:25:49,2025-09-03 20:25:49,5,458.29,明腾传媒有限公司金融科技,天津市阜新县城东吴街m座 830793,齐齐哈尔县,香港特别行政区,636849,中国,明腾传媒有限公司金融科技,薛,洋,申通快递
924,RG743,20,2025-02-05 11:57:10,2025-02-08 11:57:10,2025-02-08 11:57:10,10,264.34,快讯信息有限公司智能科技,山东省海口县龙潭杨街q座 232213,勇县,澳门特别行政区,384293,中国,快讯信息有限公司智能科技,欧,娜,邮政EMS
925,ZO854,16,2025-10-24 05:43:47,2025-11-04 05:43:47,2025-10-28 05:43:47,5,55.79,MBP软件科技有限公司信息技术,安徽省瑞市西夏高路i座 571615,丽华县,宁夏回族自治区,300387,中国,MBP软件科技有限公司信息技术,李,玉珍,申通快递
926,RG743,18,2025-06-07 10:26:24,2025-06-20 10:26:24,2025-06-09 10:26:24,6,80.9,快讯信息有限公司智能科技,山东省海口县龙潭杨街q座 232213,勇县,澳门特别行政区,384293,中国,快讯信息有限公司智能科技,薛,洋,韵达快递
927,LB704,16,2024-07-23 09:41:43,2024-07-31 09:41:43,,3,156.14,群英信息有限公司金融科技,山东省丽县长寿邯郸路S座 956071,昆明县,河南省,785495,中国,群英信息有限公司金融科技,李,玉珍,中通快递
928,QT258,6,2025-02-19 18:54:16,2025-02-27 18:54:16,2025-02-22 18:54:16,4,199.51,商软冠联传媒有限公司大数据分析,湖北省强县新城古路N座 931706,玉珍县,澳门特别行政区,424628,中国,商软冠联传媒有限公司大数据分析,彭,桂荣,圆通速递
929,MG296,13,2025-02-20 00:08:00,2025-02-28 00:08:00,2025-02-21 00:08:00,8,389.78,浦华众城网络有限公司信息技术,台湾省倩县涪城陈街U座 719485,浩市,四川省,990712,中国,浦华众城网络有限公司信息技术,曲,桂花,天天快递
930,PL616,9,2026-05-19 13:26:14,2026-05-31 13:26:14,2026-05-24 13:26:14,7,71.82,巨奥网络有限公司金融科技,陕西省慧市锡山王街R座 594310,明市,天津市,692056,中国,巨奥网络有限公司金融科技,王,雪,百世快递
931,II746,10,2025-01-28 22:16:26,2025-02-11 22:16:26,2025-01-29 22:16:26,1,342.54,恩悌传媒有限公司虚拟现实,广西壮族自治区哈尔滨县房山辛集路N座 896046,南昌县,甘肃省,203154,中国,恩悌传媒有限公司虚拟现实,林,磊,顺丰速运
932,QJ392,14,2025-05-04 03:54:04,2025-05-14 03:54:04,2025-05-08 03:54:04,10,262.77,创亿网络有限公司金融科技,浙江省台北县六枝特张家港路l座 913606,重庆市,湖南省,684944,中国,创亿网络有限公司金融科技,张,帅,邮政EMS
933,RG743,2,2024-11-20 01:19:45,2024-11-26 01:19:45,2024-11-21 01:19:45,5,137.31,快讯信息有限公司智能科技,山东省海口县龙潭杨街q座 232213,勇县,澳门特别行政区,384293,中国,快讯信息有限公司智能科技,江,凤兰,申通快递
934,AK874,20,2025-04-05 20:07:56,2025-04-12 20:07:56,2025-04-06 20:07:56,10,419.75,昊嘉信息有限公司区块链技术,广东省莹县梁平李路D座 332586,雷市,天津市,614583,中国,昊嘉信息有限公司区块链技术,欧,娜,邮政EMS
935,KS630,19,2025-12-02 20:28:59,2025-12-06 20:28:59,2025-12-03 20:28:59,9,488.25,良诺信息有限公司网络安全,四川省西安市魏都邓路Q座 814705,潮州市,内蒙古自治区,453855,中国,良诺信息有限公司网络安全,田,桂荣,德邦物流
936,XN875,1,2025-09-25 05:20:59,2025-10-06 05:20:59,,7,177.04,天开传媒有限公司网络安全,香港特别行政区澳门市清浦许路G座 380354,芳市,云南省,252621,中国,天开传媒有限公司网络安全,王,建平,百世快递
937,ZF801,12,2026-03-22 17:26:46,2026-04-01 17:26:46,2026-03-25 17:26:46,8,453.51,易动力科技有限公司科技公司,北京市佛山县合川香港街U座 292593,沈阳县,广西壮族自治区,104016,中国,易动力科技有限公司科技公司,曹,洁,天天快递
938,XO649,20,2026-05-28 00:16:17,2026-06-06 00:16:17,2026-05-29 00:16:17,3,436.26,晖来计算机传媒有限公司云计算,广东省娟市孝南辽阳路I座 278094,郑州县,江苏省,370443,中国,晖来计算机传媒有限公司云计算,欧,娜,中通快递
939,BW289,2,2026-03-23 17:43:52,2026-04-04 17:43:52,2026-03-24 17:43:52,2,328.13,海创网络有限公司生物科技,香港特别行政区雷市翔安赵街a座 431269,汕尾县,北京市,156019,中国,海创网络有限公司生物科技,江,凤兰,京东物流
940,FB488,15,2025-10-17 10:39:41,2025-10-29 10:39:41,2025-10-18 10:39:41,9,464.42,方正科技科技有限公司互联网服务,新疆维吾尔自治区莉县牧野王路L座 235814,宁德市,湖南省,575121,中国,方正科技科技有限公司互联网服务,徐,艳,德邦物流
941,WY218,14,2025-09-14 19:25:05,2025-09-18 19:25:05,2025-09-19 19:25:05,3,295.91,飞海科技传媒有限公司信息技术,河北省楠县南湖胡街i座 304050,济南市,吉林省,373811,中国,飞海科技传媒有限公司信息技术,张,帅,中通快递
942,WN094,8,2024-09-18 09:03:57,2024-09-29 09:03:57,2024-09-20 09:03:57,2,470.98,菊风公司传媒有限公司数字科技,广东省哈尔滨市高坪王路l座 274673,秀梅市,黑龙江省,610381,中国,菊风公司传媒有限公司数字科技,王,倩,京东物流
943,CZ861,1,2025-11-08 16:49:40,2025-11-11 16:49:40,2025-11-12 16:49:40,4,187.38,合联电子科技有限公司信息技术,辽宁省琴县高明北京街p座 129411,荣市,重庆市,992062,中国,合联电子科技有限公司信息技术,王,建平,圆通速递
944,BW289,17,2025-05-31 04:10:46,2025-06-08 04:10:46,,9,208.55,海创网络有限公司生物科技,香港特别行政区雷市翔安赵街a座 431269,汕尾县,北京市,156019,中国,海创网络有限公司生物科技,陈,杨,德邦物流
945,VX147,11,2024-11-08 22:47:56,2024-11-17 22:47:56,2024-11-11 22:47:56,3,438.52,东方峻景传媒有限公司金融科技,江西省利市东城任街V座 970735,海门县,湖南省,667608,中国,东方峻景传媒有限公司金融科技,张,丹丹,中通快递
946,YZ898,6,2025-11-26 16:56:45,2025-12-03 16:56:45,2025-11-29 16:56:45,5,257.16,通际名联科技有限公司金融科技,黑龙江省利县江北曹路r座 182732,济南市,台湾省,380850,中国,通际名联科技有限公司金融科技,彭,桂荣,申通快递
947,ZU351,8,2024-09-20 22:46:51,2024-09-27 22:46:51,,5,251.03,银嘉科技有限公司科技公司,山东省深圳县孝南黄街c座 290750,秀荣市,宁夏回族自治区,662554,中国,银嘉科技有限公司科技公司,王,倩,申通快递
948,GL926,18,2024-09-29 14:49:13,2024-10-02 14:49:13,2024-10-04 14:49:13,8,445.02,时空盒数字传媒有限公司大数据分析,湖北省梧州县锡山周路M座 618236,巢湖市,贵州省,903078,中国,时空盒数字传媒有限公司大数据分析,薛,洋,天天快递
949,BI759,9,2025-03-14 18:57:59,2025-03-19 18:57:59,2025-03-15 18:57:59,9,55.91,时空盒数字信息有限公司虚拟现实,湖南省杭州市清河柳州路s座 365953,荣市,海南省,934862,中国,时空盒数字信息有限公司虚拟现实,王,雪,德邦物流
950,EI532,9,2024-10-16 11:14:45,2024-10-29 11:14:45,2024-10-17 11:14:45,6,124.0,七喜传媒有限公司人工智能,澳门特别行政区磊市门头沟柳州街Z座 473892,丽华县,西藏自治区,358472,中国,七喜传媒有限公司人工智能,王,雪,韵达快递
951,CC657,5,2024-08-24 13:55:59,2024-09-01 13:55:59,,9,112.64,昊嘉信息有限公司信息技术,天津市伟县清城何路W座 931319,军县,辽宁省,815449,中国,昊嘉信息有限公司信息技术,林,峰,德邦物流
952,QT258,2,2025-09-30 11:14:04,2025-10-03 11:14:04,2025-10-02 11:14:04,5,143.44,商软冠联传媒有限公司大数据分析,湖北省强县新城古路N座 931706,玉珍县,澳门特别行政区,424628,中国,商软冠联传媒有限公司大数据分析,江,凤兰,申通快递
953,IK721,8,2026-01-15 00:00:09,2026-01-20 00:00:09,2026-01-17 00:00:09,2,161.87,诺依曼软件传媒有限公司物联网,广东省重庆市沈北新深圳路t座 370139,华市,广西壮族自治区,558601,中国,诺依曼软件传媒有限公司物联网,王,倩,京东物流
954,ZO854,4,2026-05-26 03:34:15,2026-06-01 03:34:15,2026-05-27 03:34:15,6,316.3,MBP软件科技有限公司信息技术,安徽省瑞市西夏高路i座 571615,丽华县,宁夏回族自治区,300387,中国,MBP软件科技有限公司信息技术,赵,晨,韵达快递
955,VC531,4,2024-12-01 18:36:47,2024-12-04 18:36:47,2024-12-02 18:36:47,9,153.98,九方传媒有限公司生物科技,江西省玉梅县城北韦路k座 920415,六盘水市,西藏自治区,774096,中国,九方传媒有限公司生物科技,赵,晨,德邦物流
956,GC890,19,2025-09-22 15:06:08,2025-09-29 15:06:08,2025-09-27 15:06:08,9,338.74,创联世纪信息有限公司移动应用开发,云南省深圳县金平拉萨街l座 585241,福州县,四川省,101164,中国,创联世纪信息有限公司移动应用开发,田,桂荣,德邦物流
957,TB616,12,2025-06-26 00:53:17,2025-07-08 00:53:17,2025-06-30 00:53:17,9,146.08,晖来计算机网络有限公司虚拟现实,湖北省银川县长寿佛山街w座 577399,梅县,新疆维吾尔自治区,509148,中国,晖来计算机网络有限公司虚拟现实,曹,洁,德邦物流
958,MJ814,18,2025-12-12 14:56:22,2025-12-24 14:56:22,2025-12-16 14:56:22,7,440.69,毕博诚科技有限公司互联网服务,安徽省大冶县牧野汪路E座 856404,俊市,宁夏回族自治区,628200,中国,毕博诚科技有限公司互联网服务,薛,洋,百世快递
959,XW046,12,2025-09-07 20:20:30,2025-09-19 20:20:30,,6,108.69,鑫博腾飞信息有限公司智能科技,安徽省杭州县新城潮州路U座 487852,兴安盟市,青海省,721718,中国,鑫博腾飞信息有限公司智能科技,曹,洁,韵达快递
960,BW289,8,2024-08-26 14:36:48,2024-09-06 14:36:48,2024-08-29 14:36:48,1,351.51,海创网络有限公司生物科技,香港特别行政区雷市翔安赵街a座 431269,汕尾县,北京市,156019,中国,海创网络有限公司生物科技,王,倩,顺丰速运
961,QL573,12,2025-04-15 18:30:31,2025-04-25 18:30:31,2025-04-18 18:30:31,1,263.92,维涛科技有限公司网络安全,西藏自治区亮市清浦王街I座 399560,永安市,贵州省,583598,中国,维涛科技有限公司网络安全,曹,洁,顺丰速运
962,CC657,6,2026-01-19 13:43:25,2026-01-22 13:43:25,2026-01-21 13:43:25,2,98.58,昊嘉信息有限公司信息技术,天津市伟县清城何路W座 931319,军县,辽宁省,815449,中国,昊嘉信息有限公司信息技术,彭,桂荣,京东物流
963,FC418,4,2024-10-04 07:29:29,2024-10-12 07:29:29,2024-10-09 07:29:29,10,135.69,网新恒天网络有限公司生物科技,山东省贵阳县上街蔡路H座 193448,秀珍县,湖南省,879752,中国,网新恒天网络有限公司生物科技,赵,晨,邮政EMS
964,II746,17,2026-05-09 05:06:16,2026-05-22 05:06:16,2026-05-10 05:06:16,6,234.17,恩悌传媒有限公司虚拟现实,广西壮族自治区哈尔滨县房山辛集路N座 896046,南昌县,甘肃省,203154,中国,恩悌传媒有限公司虚拟现实,陈,杨,韵达快递
965,WN094,19,2024-08-31 05:20:05,2024-09-09 05:20:05,2024-09-02 05:20:05,10,39.05,菊风公司传媒有限公司数字科技,广东省哈尔滨市高坪王路l座 274673,秀梅市,黑龙江省,610381,中国,菊风公司传媒有限公司数字科技,田,桂荣,邮政EMS
966,RY572,18,2025-05-11 05:50:00,2025-05-19 05:50:00,2025-05-16 05:50:00,10,346.28,中建创业信息有限公司虚拟现实,黑龙江省天津县清浦贵阳路S座 666651,冬梅县,内蒙古自治区,866120,中国,中建创业信息有限公司虚拟现实,薛,洋,邮政EMS
967,PC764,12,2025-11-24 20:27:27,2025-11-28 20:27:27,2025-11-29 20:27:27,3,413.53,恒聪百汇传媒有限公司虚拟现实,福建省兴城市高明邓街U座 898971,重庆市,河南省,796218,中国,恒聪百汇传媒有限公司虚拟现实,曹,洁,中通快递
968,RG743,19,2026-02-03 11:42:05,2026-02-12 11:42:05,,7,227.54,快讯信息有限公司智能科技,山东省海口县龙潭杨街q座 232213,勇县,澳门特别行政区,384293,中国,快讯信息有限公司智能科技,田,桂荣,百世快递
969,MA264,3,2024-12-14 11:01:27,2024-12-19 11:01:27,2024-12-17 11:01:27,5,448.38,时刻网络有限公司信息技术,辽宁省长春县高港大冶街E座 299146,梅县,山西省,257161,中国,时刻网络有限公司信息技术,王,斌,申通快递
970,QT258,14,2026-02-01 15:01:25,2026-02-07 15:01:25,2026-02-04 15:01:25,5,124.73,商软冠联传媒有限公司大数据分析,湖北省强县新城古路N座 931706,玉珍县,澳门特别行政区,424628,中国,商软冠联传媒有限公司大数据分析,张,帅,申通快递
971,NQ176,14,2024-12-13 08:53:21,2024-12-24 08:53:21,2024-12-16 08:53:21,1,158.03,图龙信息传媒有限公司数字科技,天津市梧州市安次彭路t座 336734,南昌市,江西省,117022,中国,图龙信息传媒有限公司数字科技,张,帅,顺丰速运
972,TW751,17,2025-12-21 18:12:35,2026-01-01 18:12:35,2025-12-24 18:12:35,10,99.81,图龙信息网络有限公司云计算,湖南省兰州县丰都张街B座 954217,宁德市,福建省,905170,中国,图龙信息网络有限公司云计算,陈,杨,邮政EMS
973,QU287,15,2026-01-25 12:59:59,2026-02-06 12:59:59,2026-01-29 12:59:59,1,266.78,戴硕电子科技有限公司移动应用开发,台湾省天津市清城郑州街K座 578950,瑜市,陕西省,996204,中国,戴硕电子科技有限公司移动应用开发,徐,艳,顺丰速运
974,BW289,13,2025-07-08 13:25:13,2025-07-12 13:25:13,2025-07-13 13:25:13,4,91.78,海创网络有限公司生物科技,香港特别行政区雷市翔安赵街a座 431269,汕尾县,北京市,156019,中国,海创网络有限公司生物科技,曲,桂花,圆通速递
975,EU335,16,2025-02-28 00:08:27,2025-03-05 00:08:27,2025-03-04 00:08:27,5,31.91,济南亿次元网络有限公司科技公司,甘肃省红县白云巢湖路W座 992584,巢湖市,澳门特别行政区,219657,中国,济南亿次元网络有限公司科技公司,李,玉珍,申通快递
976,AU710,5,2025-05-01 08:17:04,2025-05-07 08:17:04,2025-05-02 08:17:04,3,358.16,巨奥传媒有限公司信息技术,重庆市燕市安次哈尔滨街x座 404214,辛集市,广东省,406351,中国,巨奥传媒有限公司信息技术,林,峰,中通快递
977,GL926,5,2026-01-12 04:39:20,2026-01-16 04:39:20,2026-01-16 04:39:20,6,186.0,时空盒数字传媒有限公司大数据分析,湖北省梧州县锡山周路M座 618236,巢湖市,贵州省,903078,中国,时空盒数字传媒有限公司大数据分析,林,峰,韵达快递
978,RY572,9,2025-10-04 17:44:14,2025-10-08 17:44:14,2025-10-09 17:44:14,3,399.64,中建创业信息有限公司虚拟现实,黑龙江省天津县清浦贵阳路S座 666651,冬梅县,内蒙古自治区,866120,中国,中建创业信息有限公司虚拟现实,王,雪,中通快递
979,ZF061,2,2025-03-23 22:59:47,2025-03-30 22:59:47,2025-03-26 22:59:47,2,110.62,维旺明信息有限公司人工智能,安徽省东莞市静安银川街g座 149650,坤县,山西省,734784,中国,维旺明信息有限公司人工智能,江,凤兰,京东物流
980,JT617,18,2025-07-31 05:32:39,2025-08-05 05:32:39,2025-08-04 05:32:39,9,343.34,时空盒数字信息有限公司智能科技,山东省巢湖县清浦缪街U座 742478,郑州县,陕西省,364545,中国,时空盒数字信息有限公司智能科技,薛,洋,德邦物流
981,DV182,8,2026-01-23 12:26:04,2026-02-05 12:26:04,2026-01-24 12:26:04,5,170.31,艾提科信传媒有限公司网络安全,西藏自治区凤兰县朝阳林街U座 372877,桂荣市,山西省,386526,中国,艾提科信传媒有限公司网络安全,王,倩,申通快递
982,MR129,15,2024-08-12 01:18:31,2024-08-19 01:18:31,2024-08-17 01:18:31,10,325.72,太极信息有限公司互联网服务,江苏省六盘水县清浦黄街g座 440842,海门市,福建省,737845,中国,太极信息有限公司互联网服务,徐,艳,邮政EMS
983,XA254,2,2026-01-10 03:37:53,2026-01-14 03:37:53,2026-01-12 03:37:53,7,473.1,易动力信息有限公司物联网,陕西省关岭县高坪淮安街k座 604446,齐齐哈尔市,贵州省,989116,中国,易动力信息有限公司物联网,江,凤兰,百世快递
984,BI759,13,2026-01-09 02:29:16,2026-01-23 02:29:16,,6,366.95,时空盒数字信息有限公司虚拟现实,湖南省杭州市清河柳州路s座 365953,荣市,海南省,934862,中国,时空盒数字信息有限公司虚拟现实,曲,桂花,韵达快递
985,NQ176,11,2024-08-24 00:26:47,2024-08-31 00:26:47,2024-08-28 00:26:47,8,155.67,图龙信息传媒有限公司数字科技,天津市梧州市安次彭路t座 336734,南昌市,江西省,117022,中国,图龙信息传媒有限公司数字科技,张,丹丹,天天快递
986,VX147,2,2025-09-07 09:03:29,2025-09-19 09:03:29,,8,53.14,东方峻景传媒有限公司金融科技,江西省利市东城任街V座 970735,海门县,湖南省,667608,中国,东方峻景传媒有限公司金融科技,江,凤兰,天天快递
987,JT617,2,2026-01-19 23:09:46,2026-01-25 23:09:46,2026-01-22 23:09:46,7,356.86,时空盒数字信息有限公司智能科技,山东省巢湖县清浦缪街U座 742478,郑州县,陕西省,364545,中国,时空盒数字信息有限公司智能科技,江,凤兰,百世快递
988,ME428,8,2025-03-02 13:00:26,2025-03-09 13:00:26,,6,138.86,创汇网络有限公司虚拟现实,北京市玉珍市朝阳赵路P座 508928,秀英市,福建省,862920,中国,创汇网络有限公司虚拟现实,王,倩,韵达快递
989,AW347,14,2024-07-06 01:52:49,2024-07-12 01:52:49,2024-07-10 01:52:49,4,494.09,鸿睿思博传媒有限公司智能科技,浙江省柳州县安次李路G座 326030,武汉市,广西壮族自治区,986110,中国,鸿睿思博传媒有限公司智能科技,张,帅,圆通速递
990,EU335,15,2024-09-25 07:22:46,2024-10-08 07:22:46,2024-09-27 07:22:46,1,364.08,济南亿次元网络有限公司科技公司,甘肃省红县白云巢湖路W座 992584,巢湖市,澳门特别行政区,219657,中国,济南亿次元网络有限公司科技公司,徐,艳,顺丰速运
991,PJ659,1,2026-01-01 19:38:57,2026-01-08 19:38:57,2026-01-06 19:38:57,7,387.43,超艺网络有限公司人工智能,四川省梅市高明潮州路u座 815912,武汉市,四川省,103035,中国,超艺网络有限公司人工智能,王,建平,百世快递
992,QJ392,9,2025-05-15 06:05:08,2025-05-22 06:05:08,2025-05-16 06:05:08,4,222.1,创亿网络有限公司金融科技,浙江省台北县六枝特张家港路l座 913606,重庆市,湖南省,684944,中国,创亿网络有限公司金融科技,王,雪,圆通速递
993,FN522,13,2025-12-04 01:03:17,2025-12-13 01:03:17,2025-12-05 01:03:17,3,168.73,新宇龙信息科技有限公司电子商务,宁夏回族自治区大冶市梁平鲁路j座 404484,磊县,辽宁省,988357,中国,新宇龙信息科技有限公司电子商务,曲,桂花,中通快递
994,EI532,7,2024-07-29 01:46:29,2024-08-12 01:46:29,2024-07-30 01:46:29,3,50.74,七喜传媒有限公司人工智能,澳门特别行政区磊市门头沟柳州街Z座 473892,丽华县,西藏自治区,358472,中国,七喜传媒有限公司人工智能,张,刚,中通快递
995,NU711,10,2026-04-01 05:20:55,2026-04-15 05:20:55,,6,153.9,易动力科技有限公司人工智能,宁夏回族自治区强县黄浦张路s座 615830,桂兰县,广西壮族自治区,372804,中国,易动力科技有限公司人工智能,林,磊,韵达快递
996,DW607,16,2025-10-17 18:09:47,2025-10-27 18:09:47,2025-10-20 18:09:47,4,319.57,银嘉网络有限公司云计算,四川省秀华县金平合山街C座 522476,杨县,江苏省,112129,中国,银嘉网络有限公司云计算,李,玉珍,圆通速递
997,CC657,19,2025-05-18 20:55:17,2025-05-22 20:55:17,2025-05-20 20:55:17,9,255.77,昊嘉信息有限公司信息技术,天津市伟县清城何路W座 931319,军县,辽宁省,815449,中国,昊嘉信息有限公司信息技术,田,桂荣,德邦物流
998,VZ702,4,2025-05-02 22:11:18,2025-05-13 22:11:18,,3,141.47,精芯网络有限公司互联网服务,河北省南京市翔安朱路w座 386632,马鞍山县,广东省,526423,中国,精芯网络有限公司互联网服务,赵,晨,中通快递
