ReviewID,ProductID,CustomerID,Rating,ReviewDate,text,token_count,CategoryName,ProductName,CompanyName
404,2,GC890,3.7,2026-06-03,"客户ID: GC890
客户公司: 创联世纪信息有限公司移动应用开发
客户所在地: 福州县, 中国
产品信息: 美的 智能插座 Standard (类别: 智能插座)
生产商: 美的智能科技
产品价格: 9962.25
评分: 3.7星
评价日期: 2026年06月03日
评价内容: ""这款智能插座一般，做工精细，但是噪音控制有点问题。""",128,智能插座,美的 智能插座 Standard,创联世纪信息有限公司移动应用开发
655,11,RY572,1.3,2026-06-03,"客户ID: RY572
客户公司: 中建创业信息有限公司虚拟现实
客户所在地: 冬梅县, 中国
产品信息: 小米 智能门锁 Mini (类别: 智能门锁)
生产商: 小米智能家居
产品价格: 4624.66
评分: 1.3星
评价日期: 2026年06月03日
评价内容: ""必须承认，这款智能门锁有严重问题。主要问题在于耗电量大。""",129,智能门锁,小米 智能门锁 Mini,中建创业信息有限公司虚拟现实
1095,10,GJ116,3.8,2026-06-03,"客户ID: GJ116
客户公司: 良诺信息有限公司生物科技
客户所在地: 红市, 中国
产品信息: 美的 智能窗帘 Max (类别: 智能窗帘)
生产商: 美的智能科技
产品价格: 1836.78
评分: 3.8星
评价日期: 2026年06月03日
评价内容: ""对比了市面上几款同类产品后，这款智能窗帘一般般。在晚上睡前时使用体验还不错。而且电池寿命有点问题。可以考虑其他品牌的同类产品。""",161,智能窗帘,美的 智能窗帘 Max,良诺信息有限公司生物科技
166,27,WB890,1.8,2026-06-02,"客户ID: WB890
客户公司: 鑫博腾飞网络有限公司金融科技
客户所在地: 马鞍山市, 中国
产品信息: 小米 智能加湿器 Plus (类别: 智能加湿器)
生产商: 小米智能家居
产品价格: 8210.59
评分: 1.8星
评价日期: 2026年06月02日
评价内容: ""不推荐这款智能加湿器，稳定性差，很失望。""",124,智能加湿器,小米 智能加湿器 Plus,鑫博腾飞网络有限公司金融科技
230,80,GJ116,1.9,2026-06-02,"客户ID: GJ116
客户公司: 良诺信息有限公司生物科技
客户所在地: 红市, 中国
产品信息: LG 智能音箱 Lite (类别: 智能音箱)
生产商: LG智能家电
产品价格: 6885.61
评分: 1.9星
评价日期: 2026年06月02日
评价内容: ""说实话，这款LG 智能音箱 Lite使用体验很差。电池寿命简直无法忍受。不推荐任何人购买。""",135,智能音箱,LG 智能音箱 Lite,良诺信息有限公司生物科技
428,23,EI532,1.0,2026-06-02,"客户ID: EI532
客户公司: 七喜传媒有限公司人工智能
客户所在地: 丽华县, 中国
产品信息: 美的 智能净水器 Plus (类别: 智能净水器)
生产商: 美的智能科技
产品价格: 8466.26
评分: 1.0星
评价日期: 2026年06月02日
评价内容: ""从我的使用体验来看，这款智能净水器很失望。在看电影时时完全不能正常工作。希望厂家能重视这些问题。""",149,智能净水器,美的 智能净水器 Plus,七喜传媒有限公司人工智能
1190,1,BN418,1.1,2026-06-01,"客户ID: BN418
客户公司: 易动力网络有限公司移动应用开发
客户所在地: 重庆市, 中国
产品信息: 亚马逊 智能电饭煲 Advanced (类别: 智能电饭煲)
生产商: 亚马逊智能科技
产品价格: 7608.63
评分: 1.1星
评价日期: 2026年06月01日
评价内容: ""老实讲，这款智能电饭煲功能实现得很糟糕。在做饭时时完全不能正常工作。这钱花得太冤枉了。""",149,智能电饭煲,亚马逊 智能电饭煲 Advanced,易动力网络有限公司移动应用开发
1196,91,WB890,3.8,2026-06-01,"客户ID: WB890
客户公司: 鑫博腾飞网络有限公司金融科技
客户所在地: 马鞍山市, 中国
产品信息: 亚马逊 智能音箱 Basic (类别: 智能音箱)
生产商: 亚马逊智能科技
产品价格: 3165.04
评分: 3.8星
评价日期: 2026年06月01日
评价内容: ""这款智能音箱一般，操作简单，但是连接稳定性有点问题。""",130,智能音箱,亚马逊 智能音箱 Basic,鑫博腾飞网络有限公司金融科技
460,74,LB704,4.2,2026-05-30,"客户ID: LB704
客户公司: 群英信息有限公司金融科技
客户所在地: 昆明县, 中国
产品信息: 松下 智能窗帘 Lite (类别: 智能窗帘)
生产商: 松下智能电器
产品价格: 2277.79
评分: 4.2星
评价日期: 2026年05月30日
评价内容: ""这款智能窗帘的自动调节功能很实用，功能齐全。""",121,智能窗帘,松下 智能窗帘 Lite,群英信息有限公司金融科技
1230,49,GL926,2.3,2026-05-29,"客户ID: GL926
客户公司: 时空盒数字传媒有限公司大数据分析
客户所在地: 巢湖市, 中国
产品信息: 松下 智能加湿器 Pro (类别: 智能加湿器)
生产商: 松下智能电器
产品价格: 8374.66
评分: 2.3星
评价日期: 2026年05月29日
评价内容: ""不推荐这款智能加湿器，续航时间短，很失望。""",126,智能加湿器,松下 智能加湿器 Pro,时空盒数字传媒有限公司大数据分析
273,54,US056,4.5,2026-05-28,"客户ID: US056
客户公司: 国讯网络有限公司移动应用开发
客户所在地: 文市, 中国
产品信息: 博世 智能开关 Max (类别: 智能开关)
生产商: 博世智能系统
产品价格: 7392.09
评分: 4.5星
评价日期: 2026年05月28日
评价内容: ""购买后，这款博世 智能开关 Max值得推荐。然而在看电影时时表现尤为出色。比我预期的要好。如果非要说缺点的话，信号强度还有提升空间。推荐给有需要的朋友。""",172,智能开关,博世 智能开关 Max,国讯网络有限公司移动应用开发
596,26,BN418,1.9,2026-05-26,"客户ID: BN418
客户公司: 易动力网络有限公司移动应用开发
客户所在地: 重庆市, 中国
产品信息: 亚马逊 智能扫地机器人 Mini (类别: 智能扫地机器人)
生产商: 亚马逊智能科技
产品价格: 7885.52
评分: 1.9星
评价日期: 2026年05月26日
评价内容: ""从我的使用体验来看，这款亚马逊 智能扫地机器人 Mini质量太差。主要问题在于稳定性差。这钱花得太冤枉了。""",158,智能扫地机器人,亚马逊 智能扫地机器人 Mini,易动力网络有限公司移动应用开发
1224,54,FJ947,2.3,2026-05-26,"客户ID: FJ947
客户公司: 浙大万朋信息有限公司生物科技
客户所在地: 鑫市, 中国
产品信息: 博世 智能开关 Max (类别: 智能开关)
生产商: 博世智能系统
产品价格: 7392.09
评分: 2.3星
评价日期: 2026年05月26日
评价内容: ""不推荐这款智能开关，画质模糊，很失望。""",119,智能开关,博世 智能开关 Max,浙大万朋信息有限公司生物科技
1203,85,WQ849,2.2,2026-05-25,"客户ID: WQ849
客户公司: 开发区世创科技有限公司科技公司
客户所在地: 嘉禾市, 中国
产品信息: 博世 智能马桶 Basic (类别: 智能马桶)
生产商: 博世智能系统
产品价格: 1564.93
评分: 2.2星
评价日期: 2026年05月25日
评价内容: ""收到货后，这款智能马桶不推荐购买。主要问题在于反应迟钝。唯一值得称赞的可能就是包装很精美。这钱花得太冤枉了。""",156,智能马桶,博世 智能马桶 Basic,开发区世创科技有限公司科技公司
1205,14,DX151,3.7,2026-05-25,"客户ID: DX151
客户公司: 易动力信息有限公司物联网
客户所在地: 佛山县, 中国
产品信息: 格力 智能净水器 Mini (类别: 智能净水器)
生产商: 格力智能电器
产品价格: 8271.83
评分: 3.7星
评价日期: 2026年05月25日
评价内容: ""智能净水器的质量还可以，质量很好，不过反应迟钝。""",125,智能净水器,格力 智能净水器 Mini,易动力信息有限公司物联网
663,99,JT617,3.7,2026-05-25,"客户ID: JT617
客户公司: 时空盒数字信息有限公司智能科技
客户所在地: 郑州县, 中国
产品信息: 三星 智能音箱 Basic (类别: 智能音箱)
生产商: 三星智能家电
产品价格: 1681.15
评分: 3.7星
评价日期: 2026年05月25日
评价内容: ""总体来说还行，节能环保，就是耗电量大。""",121,智能音箱,三星 智能音箱 Basic,时空盒数字信息有限公司智能科技
1007,17,VC531,4.4,2026-05-25,"客户ID: VC531
客户公司: 九方传媒有限公司生物科技
客户所在地: 六盘水市, 中国
产品信息: 苹果 智能门锁 Plus (类别: 智能门锁)
生产商: 苹果智能家庭
产品价格: 8194.53
评分: 4.4星
评价日期: 2026年05月25日
评价内容: ""使用后感觉，这款苹果 智能门锁 Plus非常满意。和官方展示的有差距。如果非要说缺点的话，价格稍微贵了一点。总体来说还是很满意的。""",160,智能门锁,苹果 智能门锁 Plus,九方传媒有限公司生物科技
36,50,DH200,2.7,2026-05-24,"客户ID: DH200
客户公司: 盟新传媒有限公司大数据分析
客户所在地: 辽阳县, 中国
产品信息: 苹果 智能空气净化器 Basic (类别: 智能空气净化器)
生产商: 苹果智能家庭
产品价格: 9846.71
评分: 2.7星
评价日期: 2026年05月24日
评价内容: ""散热问题问题很严重，完全不值这个价格。""",125,智能空气净化器,苹果 智能空气净化器 Basic,盟新传媒有限公司大数据分析
537,53,EI532,1.1,2026-05-23,"客户ID: EI532
客户公司: 七喜传媒有限公司人工智能
客户所在地: 丽华县, 中国
产品信息: 华为 智能电视 Lite (类别: 智能电视)
生产商: 华为智能生活
产品价格: 2968.02
评分: 1.1星
评价日期: 2026年05月23日
评价内容: ""散热问题问题很严重，完全不值这个价格。""",118,智能电视,华为 智能电视 Lite,七喜传媒有限公司人工智能
1209,29,BI759,3.3,2026-05-23,"客户ID: BI759
客户公司: 时空盒数字信息有限公司虚拟现实
客户所在地: 荣市, 中国
产品信息: 博世 智能空气净化器 Lite (类别: 智能空气净化器)
生产商: 博世智能系统
产品价格: 6067.97
评分: 3.3星
评价日期: 2026年05月23日
评价内容: ""在多次对比之后选择了这款，这款智能空气净化器优缺点都有。刚收到时，智能学习表现不错。最重要的是使用久了会发现一些小问题。性价比很高。""",173,智能空气净化器,博世 智能空气净化器 Lite,时空盒数字信息有限公司虚拟现实
16,78,PJ659,3.2,2026-05-22,"客户ID: PJ659
客户公司: 超艺网络有限公司人工智能
客户所在地: 武汉市, 中国
产品信息: 三星 智能音箱 Elite (类别: 智能音箱)
生产商: 三星智能家电
产品价格: 5080.6
评分: 3.2星
评价日期: 2026年05月22日
评价内容: ""这款产品优缺点都有，功能齐全，但使用说明不清。""",122,智能音箱,三星 智能音箱 Elite,超艺网络有限公司人工智能
30,88,NU711,3.0,2026-05-22,"客户ID: NU711
客户公司: 易动力科技有限公司人工智能
客户所在地: 桂兰县, 中国
产品信息: 格力 智能体重秤 Ultra (类别: 智能体重秤)
生产商: 格力智能电器
产品价格: 4528.2
评分: 3.0星
评价日期: 2026年05月22日
评价内容: ""对比了市面上几款同类产品后，这款智能体重秤质量还行。在工作时时使用体验还不错。最让我失望的是使用久了会发现一些小问题。这个价位能买到这样的产品已经很不错了。""",180,智能体重秤,格力 智能体重秤 Ultra,易动力科技有限公司人工智能
794,39,BW289,1.6,2026-05-21,"客户ID: BW289
客户公司: 海创网络有限公司生物科技
客户所在地: 汕尾县, 中国
产品信息: 西门子 智能音箱 Mini (类别: 智能音箱)
生产商: 西门子智能家居
产品价格: 1668.63
评分: 1.6星
评价日期: 2026年05月21日
评价内容: ""经过一段时间使用，这款西门子 智能音箱 Mini使用体验很差。噪音控制简直无法忍受。这钱花得太冤枉了。""",147,智能音箱,西门子 智能音箱 Mini,海创网络有限公司生物科技
1146,2,DW607,2.9,2026-05-21,"客户ID: DW607
客户公司: 银嘉网络有限公司云计算
客户所在地: 杨县, 中国
产品信息: 美的 智能插座 Standard (类别: 智能插座)
生产商: 美的智能科技
产品价格: 9962.25
评分: 2.9星
评价日期: 2026年05月21日
评价内容: ""作为第一次购买这类产品的新手，这款智能插座很失望。主要问题在于价格偏高。""",133,智能插座,美的 智能插座 Standard,银嘉网络有限公司云计算
615,72,BN418,4.0,2026-05-20,"客户ID: BN418
客户公司: 易动力网络有限公司移动应用开发
客户所在地: 重庆市, 中国
产品信息: 西门子 智能洗衣机 Pro (类别: 智能洗衣机)
生产商: 西门子智能家居
产品价格: 6209.73
评分: 4.0星
评价日期: 2026年05月20日
评价内容: ""必须承认，这款智能洗衣机超出我的预期。值得一提的是自动升级是我最喜欢的部分。如果非要说缺点的话，可能就是售后服务差。总体来说还是很满意的。""",175,智能洗衣机,西门子 智能洗衣机 Pro,易动力网络有限公司移动应用开发
383,25,ZO854,4.5,2026-05-19,"客户ID: ZO854
客户公司: MBP软件科技有限公司信息技术
客户所在地: 丽华县, 中国
产品信息: 三星 智能窗帘 Basic (类别: 智能窗帘)
生产商: 三星智能家电
产品价格: 9678.27
评分: 4.5星
评价日期: 2026年05月19日
评价内容: ""智能窗帘的设计很人性化，功能齐全，值得推荐。""",122,智能窗帘,三星 智能窗帘 Basic,MBP软件科技有限公司信息技术
774,41,ZO854,1.5,2026-05-19,"客户ID: ZO854
客户公司: MBP软件科技有限公司信息技术
客户所在地: 丽华县, 中国
产品信息: 索尼 智能空气净化器 Ultra (类别: 智能空气净化器)
生产商: 索尼智能科技
产品价格: 9311.59
评分: 1.5星
评价日期: 2026年05月19日
评价内容: ""这款产品有严重问题，使用说明不清，已经申请退款。""",130,智能空气净化器,索尼 智能空气净化器 Ultra,MBP软件科技有限公司信息技术
234,13,BP732,2.5,2026-05-18,"客户ID: BP732
客户公司: 南康网络有限公司互联网服务
客户所在地: 敏市, 中国
产品信息: 三星 智能电饭煲 Max (类别: 智能电饭煲)
生产商: 三星智能家电
产品价格: 3642.29
评分: 2.5星
评价日期: 2026年05月18日
评价内容: ""坦白讲，这款智能电饭煲功能实现得很糟糕。使用不到一周就出现了故障。这钱花得太冤枉了。""",143,智能电饭煲,三星 智能电饭煲 Max,南康网络有限公司互联网服务
551,81,JT617,3.3,2026-05-18,"客户ID: JT617
客户公司: 时空盒数字信息有限公司智能科技
客户所在地: 郑州县, 中国
产品信息: 亚马逊 智能门锁 Max (类别: 智能门锁)
生产商: 亚马逊智能科技
产品价格: 1413.9
评分: 3.3星
评价日期: 2026年05月18日
评价内容: ""用了一段时间，这款智能门锁性价比一般。优点是反应灵敏。不过散热问题有点问题。整体体验不错。""",149,智能门锁,亚马逊 智能门锁 Max,时空盒数字信息有限公司智能科技
183,48,WQ849,3.0,2026-05-17,"客户ID: WQ849
客户公司: 开发区世创科技有限公司科技公司
客户所在地: 嘉禾市, 中国
产品信息: 苹果 智能门锁 Pro (类别: 智能门锁)
生产商: 苹果智能家庭
产品价格: 815.71
评分: 3.0星
评价日期: 2026年05月17日
评价内容: ""这款产品优缺点都有，音质出色，但画质模糊。""",123,智能门锁,苹果 智能门锁 Pro,开发区世创科技有限公司科技公司
956,37,EA575,2.2,2026-05-17,"客户ID: EA575
客户公司: 襄樊地球村信息有限公司物联网
客户所在地: 丽娟市, 中国
产品信息: 飞利浦 智能马桶 Max (类别: 智能马桶)
生产商: 飞利浦智能照明
产品价格: 9941.8
评分: 2.2星
评价日期: 2026年05月17日
评价内容: ""不推荐这款智能马桶，耗电量大，很失望。""",122,智能马桶,飞利浦 智能马桶 Max,襄樊地球村信息有限公司物联网
1163,51,IK721,2.7,2026-05-17,"客户ID: IK721
客户公司: 诺依曼软件传媒有限公司物联网
客户所在地: 华市, 中国
产品信息: 苹果 智能开关 Basic (类别: 智能开关)
生产商: 苹果智能家庭
产品价格: 869.49
评分: 2.7星
评价日期: 2026年05月17日
评价内容: ""说实话，这款苹果 智能开关 Basic完全不符合预期。使用不到一周就出现了损坏。""",134,智能开关,苹果 智能开关 Basic,诺依曼软件传媒有限公司物联网
353,68,RV310,1.8,2026-05-16,"客户ID: RV310
客户公司: 银嘉科技有限公司云计算
客户所在地: 重庆县, 中国
产品信息: 博世 智能插座 Basic (类别: 智能插座)
生产商: 博世智能系统
产品价格: 3665.95
评分: 1.8星
评价日期: 2026年05月16日
评价内容: ""作为第一次购买这类产品的新手，这款博世 智能插座 Basic完全不符合预期。在做饭时时完全不能正常工作。不推荐任何人购买。""",153,智能插座,博世 智能插座 Basic,银嘉科技有限公司云计算
1148,78,GC846,5.0,2026-05-16,"客户ID: GC846
客户公司: 明腾科技有限公司区块链技术
客户所在地: 石家庄市, 中国
产品信息: 三星 智能音箱 Elite (类别: 智能音箱)
生产商: 三星智能家电
产品价格: 5080.6
评分: 5.0星
评价日期: 2026年05月16日
评价内容: ""智能音箱的设计很人性化，外观漂亮，值得推荐。""",123,智能音箱,三星 智能音箱 Elite,明腾科技有限公司区块链技术
117,48,DV182,2.8,2026-05-14,"客户ID: DV182
客户公司: 艾提科信传媒有限公司网络安全
客户所在地: 桂荣市, 中国
产品信息: 苹果 智能门锁 Pro (类别: 智能门锁)
生产商: 苹果智能家庭
产品价格: 815.71
评分: 2.8星
评价日期: 2026年05月14日
评价内容: ""坦白讲，这款苹果 智能门锁 Pro使用体验很差。噪音控制简直无法忍受。唯一值得称赞的可能就是外观设计还不错。不推荐任何人购买。""",160,智能门锁,苹果 智能门锁 Pro,艾提科信传媒有限公司网络安全
277,67,FB488,2.8,2026-05-14,"客户ID: FB488
客户公司: 方正科技科技有限公司互联网服务
客户所在地: 宁德市, 中国
产品信息: 松下 智能电饭煲 Pro (类别: 智能电饭煲)
生产商: 松下智能电器
产品价格: 1510.53
评分: 2.8星
评价日期: 2026年05月14日
评价内容: ""这款产品有严重问题，价格偏高，已经申请退款。""",126,智能电饭煲,松下 智能电饭煲 Pro,方正科技科技有限公司互联网服务
643,26,PE529,2.7,2026-05-14,"客户ID: PE529
客户公司: 易动力网络有限公司信息技术
客户所在地: 英县, 中国
产品信息: 亚马逊 智能扫地机器人 Mini (类别: 智能扫地机器人)
生产商: 亚马逊智能科技
产品价格: 7885.52
评分: 2.7星
评价日期: 2026年05月14日
评价内容: ""作为第一次购买这类产品的新手，这款智能扫地机器人使用体验很差。主要问题在于反应迟钝。希望厂家能重视这些问题。""",161,智能扫地机器人,亚马逊 智能扫地机器人 Mini,易动力网络有限公司信息技术
180,71,ZO854,2.5,2026-05-12,"客户ID: ZO854
客户公司: MBP软件科技有限公司信息技术
客户所在地: 丽华县, 中国
产品信息: 索尼 智能冰箱 Elite (类别: 智能冰箱)
生产商: 索尼智能科技
产品价格: 6386.01
评分: 2.5星
评价日期: 2026年05月12日
评价内容: ""噪音控制问题很严重，完全不值这个价格。""",119,智能冰箱,索尼 智能冰箱 Elite,MBP软件科技有限公司信息技术
762,32,BN418,1.0,2026-05-11,"客户ID: BN418
客户公司: 易动力网络有限公司移动应用开发
客户所在地: 重庆市, 中国
产品信息: 亚马逊 智能马桶 Elite (类别: 智能马桶)
生产商: 亚马逊智能科技
产品价格: 1801.88
评分: 1.0星
评价日期: 2026年05月11日
评价内容: ""购买后，这款智能马桶完全不符合预期。在晚上睡前时完全不能正常工作。已经申请退款了。""",145,智能马桶,亚马逊 智能马桶 Elite,易动力网络有限公司移动应用开发
1214,95,EK253,1.9,2026-05-11,"客户ID: EK253
客户公司: 兰金电子科技有限公司区块链技术
客户所在地: 南昌市, 中国
产品信息: 格力 智能音箱 Advanced (类别: 智能音箱)
生产商: 格力智能电器
产品价格: 8366.34
评分: 1.9星
评价日期: 2026年05月11日
评价内容: ""作为一个经常使用此类产品的人，这款智能音箱完全不符合预期。连接稳定性简直无法忍受。希望厂家能重视这些问题。""",155,智能音箱,格力 智能音箱 Advanced,兰金电子科技有限公司区块链技术
220,19,MA264,5.0,2026-05-10,"客户ID: MA264
客户公司: 时刻网络有限公司信息技术
客户所在地: 梅县, 中国
产品信息: 海尔智慧家庭 智能开关 Plus (类别: 智能开关)
生产商: 海尔智慧家庭
产品价格: 7438.8
评分: 5.0星
评价日期: 2026年05月10日
评价内容: ""非常满意这次购买，外观漂亮，送货也很快。""",122,智能开关,海尔智慧家庭 智能开关 Plus,时刻网络有限公司信息技术
998,88,PL616,4.4,2026-05-10,"客户ID: PL616
客户公司: 巨奥网络有限公司金融科技
客户所在地: 明市, 中国
产品信息: 格力 智能体重秤 Ultra (类别: 智能体重秤)
生产商: 格力智能电器
产品价格: 4528.2
评分: 4.4星
评价日期: 2026年05月10日
评价内容: ""体验下来，这款格力 智能体重秤 Ultra做工精细。最让我失望的是定时功能是我最喜欢的部分。和官方展示的有差距。推荐给有需要的朋友。""",160,智能体重秤,格力 智能体重秤 Ultra,巨奥网络有限公司金融科技
1045,77,BP732,2.9,2026-05-10,"客户ID: BP732
客户公司: 南康网络有限公司互联网服务
客户所在地: 敏市, 中国
产品信息: 美的 智能洗衣机 Advanced (类别: 智能洗衣机)
生产商: 美的智能科技
产品价格: 6994.39
评分: 2.9星
评价日期: 2026年05月10日
评价内容: ""必须承认，这款智能洗衣机性价比极低。在做饭时时完全不能正常工作。已经申请退款了。""",141,智能洗衣机,美的 智能洗衣机 Advanced,南康网络有限公司互联网服务
939,22,LB704,3.9,2026-05-09,"客户ID: LB704
客户公司: 群英信息有限公司金融科技
客户所在地: 昆明县, 中国
产品信息: 美的 智能电视 Basic (类别: 智能电视)
生产商: 美的智能科技
产品价格: 7621.5
评分: 3.9星
评价日期: 2026年05月09日
评价内容: ""这款产品优缺点都有，操作简单，但续航时间短。""",121,智能电视,美的 智能电视 Basic,群英信息有限公司金融科技
1075,33,VQ233,1.4,2026-05-08,"客户ID: VQ233
客户公司: 和泰信息有限公司信息技术
客户所在地: 成都市, 中国
产品信息: 飞利浦 智能加湿器 Ultra (类别: 智能加湿器)
生产商: 飞利浦智能照明
产品价格: 6144.74
评分: 1.4星
评价日期: 2026年05月08日
评价内容: ""不推荐这款智能加湿器，音质一般，很失望。""",123,智能加湿器,飞利浦 智能加湿器 Ultra,和泰信息有限公司信息技术
1178,33,NU711,4.0,2026-05-08,"客户ID: NU711
客户公司: 易动力科技有限公司人工智能
客户所在地: 桂兰县, 中国
产品信息: 飞利浦 智能加湿器 Ultra (类别: 智能加湿器)
生产商: 飞利浦智能照明
产品价格: 6144.74
评分: 4.0星
评价日期: 2026年05月08日
评价内容: ""试用了几天，这款飞利浦 智能加湿器 Ultra很好用。另外在工作时时表现尤为出色。可以考虑其他品牌的同类产品。""",153,智能加湿器,飞利浦 智能加湿器 Ultra,易动力科技有限公司人工智能
1250,83,RG743,1.4,2026-05-08,"客户ID: RG743
客户公司: 快讯信息有限公司智能科技
客户所在地: 勇县, 中国
产品信息: 西门子 智能手环 Standard (类别: 智能手环)
生产商: 西门子智能家居
产品价格: 4892.47
评分: 1.4星
评价日期: 2026年05月08日
评价内容: ""老实讲，这款西门子 智能手环 Standard功能实现得很糟糕。散热问题简直无法忍受。以后不会再考虑这个品牌的产品。""",149,智能手环,西门子 智能手环 Standard,快讯信息有限公司智能科技
737,44,IP471,2.9,2026-05-07,"客户ID: IP471
客户公司: 银嘉信息有限公司移动应用开发
客户所在地: 荆门市, 中国
产品信息: 小米 智能空调 Elite (类别: 智能空调)
生产商: 小米智能家居
产品价格: 7690.31
评分: 2.9星
评价日期: 2026年05月07日
评价内容: ""这款产品有严重问题，稳定性差，已经申请退款。""",123,智能空调,小米 智能空调 Elite,银嘉信息有限公司移动应用开发
283,30,EU335,4.5,2026-05-06,"客户ID: EU335
客户公司: 济南亿次元网络有限公司科技公司
客户所在地: 巢湖市, 中国
产品信息: 小米 智能开关 Ultra (类别: 智能开关)
生产商: 小米智能家居
产品价格: 747.93
评分: 4.5星
评价日期: 2026年05月06日
评价内容: ""这是我用过的最好的智能开关之一，节能环保，性价比很高。""",129,智能开关,小米 智能开关 Ultra,济南亿次元网络有限公司科技公司
1199,25,AU710,3.9,2026-05-06,"客户ID: AU710
客户公司: 巨奥传媒有限公司信息技术
客户所在地: 辛集市, 中国
产品信息: 三星 智能窗帘 Basic (类别: 智能窗帘)
生产商: 三星智能家电
产品价格: 9678.27
评分: 3.9星
评价日期: 2026年05月06日
评价内容: ""这款智能窗帘一般，做工精细，但是电池寿命有点问题。""",124,智能窗帘,三星 智能窗帘 Basic,巨奥传媒有限公司信息技术
1232,60,RY572,2.7,2026-05-06,"客户ID: RY572
客户公司: 中建创业信息有限公司虚拟现实
客户所在地: 冬梅县, 中国
产品信息: 华为 智能窗帘 Basic (类别: 智能窗帘)
生产商: 华为智能生活
产品价格: 2259.63
评分: 2.7星
评价日期: 2026年05月06日
评价内容: ""使用一周后出现故障，音质一般，售后服务也不好。""",124,智能窗帘,华为 智能窗帘 Basic,中建创业信息有限公司虚拟现实
161,8,ZF061,4.6,2026-05-04,"客户ID: ZF061
客户公司: 维旺明信息有限公司人工智能
客户所在地: 坤县, 中国
产品信息: 松下 智能开关 Lite (类别: 智能开关)
生产商: 松下智能电器
产品价格: 9053.56
评分: 4.6星
评价日期: 2026年05月04日
评价内容: ""使用后感觉，这款智能开关真的很不错。除此之外在看电影时时表现尤为出色。如果非要说缺点的话，配件可以再多一些。不太推荐购买。""",160,智能开关,松下 智能开关 Lite,维旺明信息有限公司人工智能
499,27,DV182,4.5,2026-05-04,"客户ID: DV182
客户公司: 艾提科信传媒有限公司网络安全
客户所在地: 桂荣市, 中国
产品信息: 小米 智能加湿器 Plus (类别: 智能加湿器)
生产商: 小米智能家居
产品价格: 8210.59
评分: 4.5星
评价日期: 2026年05月04日
评价内容: ""不得不说，这款小米 智能加湿器 Plus性价比很高。和描述的有些差距。如果非要说缺点的话，可能就是稳定性差。建议慎重考虑。""",159,智能加湿器,小米 智能加湿器 Plus,艾提科信传媒有限公司网络安全
658,45,EA575,1.8,2026-05-04,"客户ID: EA575
客户公司: 襄樊地球村信息有限公司物联网
客户所在地: 丽娟市, 中国
产品信息: 博世 智能马桶 Max (类别: 智能马桶)
生产商: 博世智能系统
产品价格: 7392.23
评分: 1.8星
评价日期: 2026年05月04日
评价内容: ""不推荐这款智能马桶，反应迟钝，很失望。""",120,智能马桶,博世 智能马桶 Max,襄樊地球村信息有限公司物联网
827,74,GR729,3.4,2026-05-04,"客户ID: GR729
客户公司: 中建创业网络有限公司移动应用开发
客户所在地: 辽阳县, 中国
产品信息: 松下 智能窗帘 Lite (类别: 智能窗帘)
生产商: 松下智能电器
产品价格: 2277.79
评分: 3.4星
评价日期: 2026年05月04日
评价内容: ""总体来说还行，反应灵敏，就是安装困难。""",122,智能窗帘,松下 智能窗帘 Lite,中建创业网络有限公司移动应用开发
49,22,RY548,2.0,2026-05-03,"客户ID: RY548
客户公司: 易动力信息有限公司网络安全
客户所在地: 斌县, 中国
产品信息: 美的 智能电视 Basic (类别: 智能电视)
生产商: 美的智能科技
产品价格: 7621.5
评分: 2.0星
评价日期: 2026年05月03日
评价内容: ""不推荐这款智能电视，功能单一，很失望。""",118,智能电视,美的 智能电视 Basic,易动力信息有限公司网络安全
134,62,XW046,3.2,2026-05-03,"客户ID: XW046
客户公司: 鑫博腾飞信息有限公司智能科技
客户所在地: 兴安盟市, 中国
产品信息: 华为 智能洗衣机 Ultra (类别: 智能洗衣机)
生产商: 华为智能生活
产品价格: 8401.38
评分: 3.2星
评价日期: 2026年05月03日
评价内容: ""智能洗衣机的质量还可以，节能环保，不过画质模糊。""",128,智能洗衣机,华为 智能洗衣机 Ultra,鑫博腾飞信息有限公司智能科技
471,77,FJ947,4.0,2026-05-03,"客户ID: FJ947
客户公司: 浙大万朋信息有限公司生物科技
客户所在地: 鑫市, 中国
产品信息: 美的 智能洗衣机 Advanced (类别: 智能洗衣机)
生产商: 美的智能科技
产品价格: 6994.39
评分: 4.0星
评价日期: 2026年05月03日
评价内容: ""老实讲，这款智能洗衣机真的很不错。然而智能场景是我最喜欢的部分。和朋友推荐的一样好用。如果非要说缺点的话，散热问题还有提升空间。对得起这个价格。""",174,智能洗衣机,美的 智能洗衣机 Advanced,浙大万朋信息有限公司生物科技
694,89,VH856,2.7,2026-05-02,"客户ID: VH856
客户公司: 鑫博腾飞科技有限公司电子商务
客户所在地: 英县, 中国
产品信息: 博世 智能空调 Lite (类别: 智能空调)
生产商: 博世智能系统
产品价格: 9160.39
评分: 2.7星
评价日期: 2026年05月02日
评价内容: ""说实话，这款博世 智能空调 Lite不推荐购买。主要问题在于安装困难。""",130,智能空调,博世 智能空调 Lite,鑫博腾飞科技有限公司电子商务
763,100,WY218,4.0,2026-05-02,"客户ID: WY218
客户公司: 飞海科技传媒有限公司信息技术
客户所在地: 济南市, 中国
产品信息: LG 智能插座 Max (类别: 智能插座)
生产商: LG智能家电
产品价格: 8566.89
评分: 4.0星
评价日期: 2026年05月02日
评价内容: ""这款产品的多用户管理特别好用，在日常使用时特别方便。""",125,智能插座,LG 智能插座 Max,飞海科技传媒有限公司信息技术
299,24,FJ947,4.8,2026-05-01,"客户ID: FJ947
客户公司: 浙大万朋信息有限公司生物科技
客户所在地: 鑫市, 中国
产品信息: 西门子 智能电视 Pro (类别: 智能电视)
生产商: 西门子智能家居
产品价格: 6676.17
评分: 4.8星
评价日期: 2026年05月01日
评价内容: ""购买后，这款智能电视非常满意。让我惊喜的是定时功能是我最喜欢的部分。如果非要说缺点的话，可能就是智能化程度低。希望厂家能改进这些问题。""",169,智能电视,西门子 智能电视 Pro,浙大万朋信息有限公司生物科技
877,66,DH200,3.2,2026-05-01,"客户ID: DH200
客户公司: 盟新传媒有限公司大数据分析
客户所在地: 辽阳县, 中国
产品信息: 松下 智能马桶 Elite (类别: 智能马桶)
生产商: 松下智能电器
产品价格: 9184.21
评分: 3.2星
评价日期: 2026年05月01日
评价内容: ""在工作时使用还不错，但在其他情况下表现一般。""",122,智能马桶,松下 智能马桶 Elite,盟新传媒有限公司大数据分析
186,96,EM821,3.7,2026-04-30,"客户ID: EM821
客户公司: 泰麒麟信息有限公司人工智能
客户所在地: 香港县, 中国
产品信息: 博世 智能空调 Lite (类别: 智能空调)
生产商: 博世智能系统
产品价格: 8865.13
评分: 3.7星
评价日期: 2026年04月30日
评价内容: ""这款产品优缺点都有，续航时间长，但稳定性差。""",122,智能空调,博世 智能空调 Lite,泰麒麟信息有限公司人工智能
564,13,YZ898,4.2,2026-04-30,"客户ID: YZ898
客户公司: 通际名联科技有限公司金融科技
客户所在地: 济南市, 中国
产品信息: 三星 智能电饭煲 Max (类别: 智能电饭煲)
生产商: 三星智能家电
产品价格: 3642.29
评分: 4.2星
评价日期: 2026年04月30日
评价内容: ""试用了几天，这款智能电饭煲真的很不错。可惜的是多用户管理是我最喜欢的部分。在同类产品中算是中等水平。如果非要说缺点的话，价格稍微贵了一点。性价比很高。""",178,智能电饭煲,三星 智能电饭煲 Max,通际名联科技有限公司金融科技
1044,4,CA470,3.3,2026-04-29,"客户ID: CA470
客户公司: 南康传媒有限公司生物科技
客户所在地: 贵阳市, 中国
产品信息: 西门子 智能电视 Pro (类别: 智能电视)
生产商: 西门子智能家居
产品价格: 9993.23
评分: 3.3星
评价日期: 2026年04月29日
评价内容: ""总体来说还行，质量很好，就是智能化程度低。""",122,智能电视,西门子 智能电视 Pro,南康传媒有限公司生物科技
1059,87,OA831,3.4,2026-04-29,"客户ID: OA831
客户公司: 华泰通安科技有限公司网络安全
客户所在地: 玉梅市, 中国
产品信息: 美的 智能马桶 Mini (类别: 智能马桶)
生产商: 美的智能科技
产品价格: 3349.58
评分: 3.4星
评价日期: 2026年04月29日
评价内容: ""这款智能马桶一般，节能环保，但是信号强度有点问题。""",126,智能马桶,美的 智能马桶 Mini,华泰通安科技有限公司网络安全
1235,99,YR398,1.1,2026-04-29,"客户ID: YR398
客户公司: 浦华众城信息有限公司虚拟现实
客户所在地: 大冶市, 中国
产品信息: 三星 智能音箱 Basic (类别: 智能音箱)
生产商: 三星智能家电
产品价格: 1681.15
评分: 1.1星
评价日期: 2026年04月29日
评价内容: ""使用一周后出现故障，使用说明不清，售后服务也不好。""",126,智能音箱,三星 智能音箱 Basic,浦华众城信息有限公司虚拟现实
398,93,ZH741,1.9,2026-04-28,"客户ID: ZH741
客户公司: 巨奥科技有限公司信息技术
客户所在地: 峰县, 中国
产品信息: 索尼 智能加湿器 Pro (类别: 智能加湿器)
生产商: 索尼智能科技
产品价格: 5644.5
评分: 1.9星
评价日期: 2026年04月28日
评价内容: ""对这款智能加湿器非常不满意，操作复杂，浪费钱。""",123,智能加湿器,索尼 智能加湿器 Pro,巨奥科技有限公司信息技术
766,79,NU012,1.2,2026-04-28,"客户ID: NU012
客户公司: 商软冠联传媒有限公司智能科技
客户所在地: 太原县, 中国
产品信息: 格力 智能手环 Lite (类别: 智能手环)
生产商: 格力智能电器
产品价格: 9808.19
评分: 1.2星
评价日期: 2026年04月28日
评价内容: ""使用一周后出现故障，操作复杂，售后服务也不好。""",124,智能手环,格力 智能手环 Lite,商软冠联传媒有限公司智能科技
996,60,WW556,1.2,2026-04-28,"客户ID: WW556
客户公司: 商软冠联网络有限公司信息技术
客户所在地: 梅市, 中国
产品信息: 华为 智能窗帘 Basic (类别: 智能窗帘)
生产商: 华为智能生活
产品价格: 2259.63
评分: 1.2星
评价日期: 2026年04月28日
评价内容: ""对比了市面上几款同类产品后，这款华为 智能窗帘 Basic功能实现得很糟糕。使用不到一周就出现了故障。唯一值得称赞的可能就是包装很精美。以后不会再考虑这个品牌的产品。""",177,智能窗帘,华为 智能窗帘 Basic,商软冠联网络有限公司信息技术
406,11,XW046,5.0,2026-04-27,"客户ID: XW046
客户公司: 鑫博腾飞信息有限公司智能科技
客户所在地: 兴安盟市, 中国
产品信息: 小米 智能门锁 Mini (类别: 智能门锁)
生产商: 小米智能家居
产品价格: 4624.66
评分: 5.0星
评价日期: 2026年04月27日
评价内容: ""这款产品的定时功能特别好用，在夜间使用时特别方便。""",127,智能门锁,小米 智能门锁 Mini,鑫博腾飞信息有限公司智能科技
804,44,ZO854,1.2,2026-04-27,"客户ID: ZO854
客户公司: MBP软件科技有限公司信息技术
客户所在地: 丽华县, 中国
产品信息: 小米 智能空调 Elite (类别: 智能空调)
生产商: 小米智能家居
产品价格: 7690.31
评分: 1.2星
评价日期: 2026年04月27日
评价内容: ""不推荐这款智能空调，反应迟钝，很失望。""",119,智能空调,小米 智能空调 Elite,MBP软件科技有限公司信息技术
1020,92,BF338,1.1,2026-04-27,"客户ID: BF338
客户公司: 天开网络有限公司金融科技
客户所在地: 南宁市, 中国
产品信息: 西门子 智能摄像头 Plus (类别: 智能摄像头)
生产商: 西门子智能家居
产品价格: 9026.06
评分: 1.1星
评价日期: 2026年04月27日
评价内容: ""从我的使用体验来看，这款西门子 智能摄像头 Plus完全不符合预期。主要问题在于使用说明不清。唯一值得称赞的可能就是包装很精美。""",162,智能摄像头,西门子 智能摄像头 Plus,天开网络有限公司金融科技
467,1,ZF801,3.9,2026-04-26,"客户ID: ZF801
客户公司: 易动力科技有限公司科技公司
客户所在地: 沈阳县, 中国
产品信息: 亚马逊 智能电饭煲 Advanced (类别: 智能电饭煲)
生产商: 亚马逊智能科技
产品价格: 7608.63
评分: 3.9星
评价日期: 2026年04月26日
评价内容: ""在多次对比之后选择了这款，这款智能电饭煲质量还行。省电模式设计得比较合理。同时使用久了会发现一些小问题。总体来说还是很满意的。""",167,智能电饭煲,亚马逊 智能电饭煲 Advanced,易动力科技有限公司科技公司
484,9,RV310,1.1,2026-04-26,"客户ID: RV310
客户公司: 银嘉科技有限公司云计算
客户所在地: 重庆县, 中国
产品信息: 亚马逊 智能插座 Pro (类别: 智能插座)
生产商: 亚马逊智能科技
产品价格: 6880.25
评分: 1.1星
评价日期: 2026年04月26日
评价内容: ""这款产品有严重问题，操作复杂，已经申请退款。""",122,智能插座,亚马逊 智能插座 Pro,银嘉科技有限公司云计算
1021,64,ZH741,4.4,2026-04-24,"客户ID: ZH741
客户公司: 巨奥科技有限公司信息技术
客户所在地: 峰县, 中国
产品信息: 亚马逊 智能马桶 Standard (类别: 智能马桶)
生产商: 亚马逊智能科技
产品价格: 6039.3
评分: 4.4星
评价日期: 2026年04月24日
评价内容: ""这款产品的自动升级特别好用，在夜间使用时特别方便。""",125,智能马桶,亚马逊 智能马桶 Standard,巨奥科技有限公司信息技术
88,60,PE529,3.9,2026-04-23,"客户ID: PE529
客户公司: 易动力网络有限公司信息技术
客户所在地: 英县, 中国
产品信息: 华为 智能窗帘 Basic (类别: 智能窗帘)
生产商: 华为智能生活
产品价格: 2259.63
评分: 3.9星
评价日期: 2026年04月23日
评价内容: ""老实讲，这款智能窗帘性价比一般。优点是反应灵敏。令人意外的是电池寿命有点问题。期待下一代产品能有所改进。""",151,智能窗帘,华为 智能窗帘 Basic,易动力网络有限公司信息技术
369,71,IP471,2.1,2026-04-23,"客户ID: IP471
客户公司: 银嘉信息有限公司移动应用开发
客户所在地: 荆门市, 中国
产品信息: 索尼 智能冰箱 Elite (类别: 智能冰箱)
生产商: 索尼智能科技
产品价格: 6386.01
评分: 2.1星
评价日期: 2026年04月23日
评价内容: ""收到货后，这款索尼 智能冰箱 Elite质量太差。电池寿命简直无法忍受。希望厂家能重视这些问题。""",143,智能冰箱,索尼 智能冰箱 Elite,银嘉信息有限公司移动应用开发
425,20,ZV584,2.4,2026-04-22,"客户ID: ZV584
客户公司: 维旺明科技有限公司大数据分析
客户所在地: 杭州市, 中国
产品信息: 谷歌 智能净水器 Basic (类别: 智能净水器)
生产商: 谷歌智能设备
产品价格: 2404.37
评分: 2.4星
评价日期: 2026年04月22日
评价内容: ""不推荐这款智能净水器，音质一般，很失望。""",123,智能净水器,谷歌 智能净水器 Basic,维旺明科技有限公司大数据分析
1125,64,LU518,4.4,2026-04-22,"客户ID: LU518
客户公司: 易动力传媒有限公司生物科技
客户所在地: 伟市, 中国
产品信息: 亚马逊 智能马桶 Standard (类别: 智能马桶)
生产商: 亚马逊智能科技
产品价格: 6039.3
评分: 4.4星
评价日期: 2026年04月22日
评价内容: ""智能马桶的设计很人性化，音质出色，值得推荐。""",123,智能马桶,亚马逊 智能马桶 Standard,易动力传媒有限公司生物科技
697,60,DV182,3.0,2026-04-21,"客户ID: DV182
客户公司: 艾提科信传媒有限公司网络安全
客户所在地: 桂荣市, 中国
产品信息: 华为 智能窗帘 Basic (类别: 智能窗帘)
生产商: 华为智能生活
产品价格: 2259.63
评分: 3.0星
评价日期: 2026年04月21日
评价内容: ""坦白讲，这款华为 智能窗帘 Basic没有特别惊喜。在晚上睡前时使用体验还不错。最重要的是使用久了会发现一些小问题。整体体验不错。""",160,智能窗帘,华为 智能窗帘 Basic,艾提科信传媒有限公司网络安全
388,68,WN094,4.5,2026-04-20,"客户ID: WN094
客户公司: 菊风公司传媒有限公司数字科技
客户所在地: 秀梅市, 中国
产品信息: 博世 智能插座 Basic (类别: 智能插座)
生产商: 博世智能系统
产品价格: 3665.95
评分: 4.5星
评价日期: 2026年04月20日
评价内容: ""在看电影时时使用效果很好，特别是省电模式功能。""",124,智能插座,博世 智能插座 Basic,菊风公司传媒有限公司数字科技
411,84,CZ861,3.4,2026-04-20,"客户ID: CZ861
客户公司: 合联电子科技有限公司信息技术
客户所在地: 荣市, 中国
产品信息: 苹果 智能扫地机器人 Pro (类别: 智能扫地机器人)
生产商: 苹果智能家庭
产品价格: 4063.85
评分: 3.4星
评价日期: 2026年04月20日
评价内容: ""总体来说还行，智能化程度高，就是售后服务差。""",128,智能扫地机器人,苹果 智能扫地机器人 Pro,合联电子科技有限公司信息技术
73,90,YZ898,2.6,2026-04-19,"客户ID: YZ898
客户公司: 通际名联科技有限公司金融科技
客户所在地: 济南市, 中国
产品信息: 三星 智能窗帘 Standard (类别: 智能窗帘)
生产商: 三星智能家电
产品价格: 2559.17
评分: 2.6星
评价日期: 2026年04月19日
评价内容: ""不推荐这款智能窗帘，续航时间短，很失望。""",121,智能窗帘,三星 智能窗帘 Standard,通际名联科技有限公司金融科技
75,53,RV310,2.8,2026-04-19,"客户ID: RV310
客户公司: 银嘉科技有限公司云计算
客户所在地: 重庆县, 中国
产品信息: 华为 智能电视 Lite (类别: 智能电视)
生产商: 华为智能生活
产品价格: 2968.02
评分: 2.8星
评价日期: 2026年04月19日
评价内容: ""我觉得，这款华为 智能电视 Lite不推荐购买。连接稳定性简直无法忍受。唯一值得称赞的可能就是送货速度快。已经申请退款了。""",154,智能电视,华为 智能电视 Lite,银嘉科技有限公司云计算
98,20,EM821,1.2,2026-04-18,"客户ID: EM821
客户公司: 泰麒麟信息有限公司人工智能
客户所在地: 香港县, 中国
产品信息: 谷歌 智能净水器 Basic (类别: 智能净水器)
生产商: 谷歌智能设备
产品价格: 2404.37
评分: 1.2星
评价日期: 2026年04月18日
评价内容: ""连接稳定性问题很严重，完全不值这个价格。""",122,智能净水器,谷歌 智能净水器 Basic,泰麒麟信息有限公司人工智能
1276,71,PL616,2.6,2026-04-18,"客户ID: PL616
客户公司: 巨奥网络有限公司金融科技
客户所在地: 明市, 中国
产品信息: 索尼 智能冰箱 Elite (类别: 智能冰箱)
生产商: 索尼智能科技
产品价格: 6386.01
评分: 2.6星
评价日期: 2026年04月18日
评价内容: ""对这款智能冰箱非常不满意，兼容性差，浪费钱。""",120,智能冰箱,索尼 智能冰箱 Elite,巨奥网络有限公司金融科技
1128,95,EU335,4.8,2026-04-17,"客户ID: EU335
客户公司: 济南亿次元网络有限公司科技公司
客户所在地: 巢湖市, 中国
产品信息: 格力 智能音箱 Advanced (类别: 智能音箱)
生产商: 格力智能电器
产品价格: 8366.34
评分: 4.8星
评价日期: 2026年04月17日
评价内容: ""这是我用过的最好的智能音箱之一，性价比高，性价比很高。""",129,智能音箱,格力 智能音箱 Advanced,济南亿次元网络有限公司科技公司
843,32,PL616,1.7,2026-04-16,"客户ID: PL616
客户公司: 巨奥网络有限公司金融科技
客户所在地: 明市, 中国
产品信息: 亚马逊 智能马桶 Elite (类别: 智能马桶)
生产商: 亚马逊智能科技
产品价格: 1801.88
评分: 1.7星
评价日期: 2026年04月16日
评价内容: ""坦白讲，这款智能马桶使用体验很差。使用不到一周就出现了故障。""",130,智能马桶,亚马逊 智能马桶 Elite,巨奥网络有限公司金融科技
1015,58,FA862,4.0,2026-04-16,"客户ID: FA862
客户公司: 方正科技网络有限公司云计算
客户所在地: 潮州县, 中国
产品信息: 松下 智能扫地机器人 Plus (类别: 智能扫地机器人)
生产商: 松下智能电器
产品价格: 998.22
评分: 4.0星
评价日期: 2026年04月16日
评价内容: ""非常满意这次购买，外观漂亮，送货也很快。""",126,智能扫地机器人,松下 智能扫地机器人 Plus,方正科技网络有限公司云计算
1072,34,CC657,1.1,2026-04-16,"客户ID: CC657
客户公司: 昊嘉信息有限公司信息技术
客户所在地: 军县, 中国
产品信息: 松下 智能开关 Advanced (类别: 智能开关)
生产商: 松下智能电器
产品价格: 7248.19
评分: 1.1星
评价日期: 2026年04月16日
评价内容: ""使用一周后出现故障，画质模糊，售后服务也不好。""",121,智能开关,松下 智能开关 Advanced,昊嘉信息有限公司信息技术
176,83,PE529,5.0,2026-04-15,"客户ID: PE529
客户公司: 易动力网络有限公司信息技术
客户所在地: 英县, 中国
产品信息: 西门子 智能手环 Standard (类别: 智能手环)
生产商: 西门子智能家居
产品价格: 4892.47
评分: 5.0星
评价日期: 2026年04月15日
评价内容: ""这款产品的定时功能特别好用，在夜间使用时特别方便。""",126,智能手环,西门子 智能手环 Standard,易动力网络有限公司信息技术
466,13,HD242,4.6,2026-04-15,"客户ID: HD242
客户公司: 富罳科技有限公司生物科技
客户所在地: 想县, 中国
产品信息: 三星 智能电饭煲 Max (类别: 智能电饭煲)
生产商: 三星智能家电
产品价格: 3642.29
评分: 4.6星
评价日期: 2026年04月15日
评价内容: ""这是我用过的最好的智能电饭煲之一，质量很好，性价比很高。""",128,智能电饭煲,三星 智能电饭煲 Max,富罳科技有限公司生物科技
659,15,QU287,2.3,2026-04-15,"客户ID: QU287
客户公司: 戴硕电子科技有限公司移动应用开发
客户所在地: 瑜市, 中国
产品信息: 谷歌 智能音箱 Elite (类别: 智能音箱)
生产商: 谷歌智能设备
产品价格: 6218.93
评分: 2.3星
评价日期: 2026年04月15日
评价内容: ""不推荐这款智能音箱，做工一般，很失望。""",121,智能音箱,谷歌 智能音箱 Elite,戴硕电子科技有限公司移动应用开发
725,24,NU012,4.2,2026-04-15,"客户ID: NU012
客户公司: 商软冠联传媒有限公司智能科技
客户所在地: 太原县, 中国
产品信息: 西门子 智能电视 Pro (类别: 智能电视)
生产商: 西门子智能家居
产品价格: 6676.17
评分: 4.2星
评价日期: 2026年04月15日
评价内容: ""从我的使用体验来看，这款智能电视设计很人性化。在同价位产品中表现最好。如果非要说缺点的话，价格稍微贵了一点。便宜没好货，这句话在这里很适用。""",173,智能电视,西门子 智能电视 Pro,商软冠联传媒有限公司智能科技
281,86,MZ379,2.0,2026-04-14,"客户ID: MZ379
客户公司: 联软传媒有限公司区块链技术
客户所在地: 慧县, 中国
产品信息: 博世 智能摄像头 Standard (类别: 智能摄像头)
生产商: 博世智能系统
产品价格: 8286.27
评分: 2.0星
评价日期: 2026年04月14日
评价内容: ""使用一周后出现故障，反应迟钝，售后服务也不好。""",124,智能摄像头,博世 智能摄像头 Standard,联软传媒有限公司区块链技术
305,70,VZ702,2.9,2026-04-14,"客户ID: VZ702
客户公司: 精芯网络有限公司互联网服务
客户所在地: 马鞍山县, 中国
产品信息: 博世 智能净水器 Max (类别: 智能净水器)
生产商: 博世智能系统
产品价格: 7890.83
评分: 2.9星
评价日期: 2026年04月14日
评价内容: ""对这款智能净水器非常不满意，反应迟钝，浪费钱。""",126,智能净水器,博世 智能净水器 Max,精芯网络有限公司互联网服务
444,20,EI532,2.2,2026-04-14,"客户ID: EI532
客户公司: 七喜传媒有限公司人工智能
客户所在地: 丽华县, 中国
产品信息: 谷歌 智能净水器 Basic (类别: 智能净水器)
生产商: 谷歌智能设备
产品价格: 2404.37
评分: 2.2星
评价日期: 2026年04月14日
评价内容: ""对这款智能净水器非常不满意，稳定性差，浪费钱。""",124,智能净水器,谷歌 智能净水器 Basic,七喜传媒有限公司人工智能
834,73,KS630,2.5,2026-04-13,"客户ID: KS630
客户公司: 良诺信息有限公司网络安全
客户所在地: 潮州市, 中国
产品信息: 飞利浦 智能扫地机器人 Ultra (类别: 智能扫地机器人)
生产商: 飞利浦智能照明
产品价格: 259.27
评分: 2.5星
评价日期: 2026年04月13日
评价内容: ""收到货后，这款智能扫地机器人质量太差。信号强度简直无法忍受。唯一值得称赞的可能就是售后服务态度好。""",156,智能扫地机器人,飞利浦 智能扫地机器人 Ultra,良诺信息有限公司网络安全
963,60,VZ702,4.9,2026-04-13,"客户ID: VZ702
客户公司: 精芯网络有限公司互联网服务
客户所在地: 马鞍山县, 中国
产品信息: 华为 智能窗帘 Basic (类别: 智能窗帘)
生产商: 华为智能生活
产品价格: 2259.63
评分: 4.9星
评价日期: 2026年04月13日
评价内容: ""这款智能窗帘的语音识别功能很实用，智能化程度高。""",125,智能窗帘,华为 智能窗帘 Basic,精芯网络有限公司互联网服务
1244,95,AU710,3.9,2026-04-13,"客户ID: AU710
客户公司: 巨奥传媒有限公司信息技术
客户所在地: 辛集市, 中国
产品信息: 格力 智能音箱 Advanced (类别: 智能音箱)
生产商: 格力智能电器
产品价格: 8366.34
评分: 3.9星
评价日期: 2026年04月13日
评价内容: ""智能音箱的质量还可以，质量很好，不过耗电量大。""",122,智能音箱,格力 智能音箱 Advanced,巨奥传媒有限公司信息技术
667,60,PV664,1.7,2026-04-10,"客户ID: PV664
客户公司: 毕博诚信息有限公司信息技术
客户所在地: 柳州县, 中国
产品信息: 华为 智能窗帘 Basic (类别: 智能窗帘)
生产商: 华为智能生活
产品价格: 2259.63
评分: 1.7星
评价日期: 2026年04月10日
评价内容: ""我发现，这款华为 智能窗帘 Basic存在明显缺陷。主要问题在于续航时间短。以后不会再考虑这个品牌的产品。""",147,智能窗帘,华为 智能窗帘 Basic,毕博诚信息有限公司信息技术
1151,63,FB488,4.1,2026-04-10,"客户ID: FB488
客户公司: 方正科技科技有限公司互联网服务
客户所在地: 宁德市, 中国
产品信息: LG 智能净水器 Basic (类别: 智能净水器)
生产商: LG智能家电
产品价格: 9118.55
评分: 4.1星
评价日期: 2026年04月10日
评价内容: ""非常满意这次购买，外观漂亮，送货也很快。""",122,智能净水器,LG 智能净水器 Basic,方正科技科技有限公司互联网服务
1161,94,PL616,2.0,2026-04-10,"客户ID: PL616
客户公司: 巨奥网络有限公司金融科技
客户所在地: 明市, 中国
产品信息: 格力 智能体重秤 Standard (类别: 智能体重秤)
生产商: 格力智能电器
产品价格: 9138.52
评分: 2.0星
评价日期: 2026年04月10日
评价内容: ""对这款智能体重秤非常不满意，画质模糊，浪费钱。""",123,智能体重秤,格力 智能体重秤 Standard,巨奥网络有限公司金融科技
287,49,FN522,1.4,2026-04-09,"客户ID: FN522
客户公司: 新宇龙信息科技有限公司电子商务
客户所在地: 磊县, 中国
产品信息: 松下 智能加湿器 Pro (类别: 智能加湿器)
生产商: 松下智能电器
产品价格: 8374.66
评分: 1.4星
评价日期: 2026年04月09日
评价内容: ""电池寿命问题很严重，完全不值这个价格。""",122,智能加湿器,松下 智能加湿器 Pro,新宇龙信息科技有限公司电子商务
379,81,CZ861,4.7,2026-04-09,"客户ID: CZ861
客户公司: 合联电子科技有限公司信息技术
客户所在地: 荣市, 中国
产品信息: 亚马逊 智能门锁 Max (类别: 智能门锁)
生产商: 亚马逊智能科技
产品价格: 1413.9
评分: 4.7星
评价日期: 2026年04月09日
评价内容: ""用了一段时间，这款亚马逊 智能门锁 Max非常满意。同时静音设计设计很贴心。和广告宣传的一样好。有点贵了，但质量确实好。""",158,智能门锁,亚马逊 智能门锁 Max,合联电子科技有限公司信息技术
896,12,EU335,3.5,2026-04-09,"客户ID: EU335
客户公司: 济南亿次元网络有限公司科技公司
客户所在地: 巢湖市, 中国
产品信息: 格力 智能空气净化器 Standard (类别: 智能空气净化器)
生产商: 格力智能电器
产品价格: 9181.39
评分: 3.5星
评价日期: 2026年04月09日
评价内容: ""总体来说还行，安装方便，就是画质模糊。""",127,智能空气净化器,格力 智能空气净化器 Standard,济南亿次元网络有限公司科技公司
1295,71,RG743,2.3,2026-04-08,"客户ID: RG743
客户公司: 快讯信息有限公司智能科技
客户所在地: 勇县, 中国
产品信息: 索尼 智能冰箱 Elite (类别: 智能冰箱)
生产商: 索尼智能科技
产品价格: 6386.01
评分: 2.3星
评价日期: 2026年04月08日
评价内容: ""不推荐这款智能冰箱，安装困难，很失望。""",117,智能冰箱,索尼 智能冰箱 Elite,快讯信息有限公司智能科技
171,44,FC418,3.2,2026-04-07,"客户ID: FC418
客户公司: 网新恒天网络有限公司生物科技
客户所在地: 秀珍县, 中国
产品信息: 小米 智能空调 Elite (类别: 智能空调)
生产商: 小米智能家居
产品价格: 7690.31
评分: 3.2星
评价日期: 2026年04月07日
评价内容: ""从我的使用体验来看，这款小米 智能空调 Elite中规中矩。优点是外观漂亮。让我惊喜的是在日常使用场景下表现一般。可以考虑其他品牌的同类产品。""",166,智能空调,小米 智能空调 Elite,网新恒天网络有限公司生物科技
365,38,WB209,2.5,2026-04-06,"客户ID: WB209
客户公司: 维涛传媒有限公司云计算
客户所在地: 秀华县, 中国
产品信息: 西门子 智能冰箱 Standard (类别: 智能冰箱)
生产商: 西门子智能家居
产品价格: 4347.58
评分: 2.5星
评价日期: 2026年04月06日
评价内容: ""对这款智能冰箱非常不满意，反应迟钝，浪费钱。""",122,智能冰箱,西门子 智能冰箱 Standard,维涛传媒有限公司云计算
422,101,ZF061,4.2,2026-04-06,"客户ID: ZF061
客户公司: 维旺明信息有限公司人工智能
客户所在地: 坤县, 中国
产品信息: 三星 智能摄像头 Mini (类别: 智能摄像头)
生产商: 三星智能家电
产品价格: 1662.36
评分: 4.2星
评价日期: 2026年04月06日
评价内容: ""这款产品的智能场景特别好用，在办公环境时特别方便。""",126,智能摄像头,三星 智能摄像头 Mini,维旺明信息有限公司人工智能
546,36,PS740,2.6,2026-04-06,"客户ID: PS740
客户公司: 国讯科技有限公司金融科技
客户所在地: 金凤市, 中国
产品信息: 海尔智慧家庭 智能加湿器 Lite (类别: 智能加湿器)
生产商: 海尔智慧家庭
产品价格: 9057.68
评分: 2.6星
评价日期: 2026年04月06日
评价内容: ""老实讲，这款海尔智慧家庭 智能加湿器 Lite不推荐购买。噪音控制简直无法忍受。唯一值得称赞的可能就是送货速度快。已经申请退款了。""",165,智能加湿器,海尔智慧家庭 智能加湿器 Lite,国讯科技有限公司金融科技
1001,37,AY876,3.5,2026-04-06,"客户ID: AY876
客户公司: 精芯传媒有限公司物联网
客户所在地: 武汉市, 中国
产品信息: 飞利浦 智能马桶 Max (类别: 智能马桶)
生产商: 飞利浦智能照明
产品价格: 9941.8
评分: 3.5星
评价日期: 2026年04月06日
评价内容: ""智能马桶的质量还可以，功能齐全，不过反应迟钝。""",123,智能马桶,飞利浦 智能马桶 Max,精芯传媒有限公司物联网
601,97,XW046,3.8,2026-04-05,"客户ID: XW046
客户公司: 鑫博腾飞信息有限公司智能科技
客户所在地: 兴安盟市, 中国
产品信息: 格力 智能净水器 Ultra (类别: 智能净水器)
生产商: 格力智能电器
产品价格: 9164.46
评分: 3.8星
评价日期: 2026年04月05日
评价内容: ""智能净水器的质量还可以，兼容性强，不过反应迟钝。""",128,智能净水器,格力 智能净水器 Ultra,鑫博腾飞信息有限公司智能科技
851,95,XW046,3.2,2026-04-05,"客户ID: XW046
客户公司: 鑫博腾飞信息有限公司智能科技
客户所在地: 兴安盟市, 中国
产品信息: 格力 智能音箱 Advanced (类别: 智能音箱)
生产商: 格力智能电器
产品价格: 8366.34
评分: 3.2星
评价日期: 2026年04月05日
评价内容: ""试用了几天，这款格力 智能音箱 Advanced优缺点都有。在工作时时使用体验还不错。然而在夜间使用场景下表现一般。整体体验不错。""",158,智能音箱,格力 智能音箱 Advanced,鑫博腾飞信息有限公司智能科技
961,93,XO649,2.4,2026-04-05,"客户ID: XO649
客户公司: 晖来计算机传媒有限公司云计算
客户所在地: 郑州县, 中国
产品信息: 索尼 智能加湿器 Pro (类别: 智能加湿器)
生产商: 索尼智能科技
产品价格: 5644.5
评分: 2.4星
评价日期: 2026年04月05日
评价内容: ""这款产品有严重问题，反应迟钝，已经申请退款。""",125,智能加湿器,索尼 智能加湿器 Pro,晖来计算机传媒有限公司云计算
371,41,UY980,4.0,2026-04-04,"客户ID: UY980
客户公司: 兰金电子传媒有限公司生物科技
客户所在地: 桂香县, 中国
产品信息: 索尼 智能空气净化器 Ultra (类别: 智能空气净化器)
生产商: 索尼智能科技
产品价格: 9311.59
评分: 4.0星
评价日期: 2026年04月04日
评价内容: ""智能空气净化器的设计很人性化，做工精细，值得推荐。""",132,智能空气净化器,索尼 智能空气净化器 Ultra,兰金电子传媒有限公司生物科技
608,82,KM929,3.9,2026-04-04,"客户ID: KM929
客户公司: 迪摩科技有限公司电子商务
客户所在地: 福州县, 中国
产品信息: LG 智能开关 Lite (类别: 智能开关)
生产商: LG智能家电
产品价格: 7112.72
评分: 3.9星
评价日期: 2026年04月04日
评价内容: ""购买后，这款LG 智能开关 Lite没有特别惊喜。在看电影时时使用体验还不错。而且缺点是智能化程度低。有点贵了，但质量确实好。""",154,智能开关,LG 智能开关 Lite,迪摩科技有限公司电子商务
1132,48,WY218,4.1,2026-04-04,"客户ID: WY218
客户公司: 飞海科技传媒有限公司信息技术
客户所在地: 济南市, 中国
产品信息: 苹果 智能门锁 Pro (类别: 智能门锁)
生产商: 苹果智能家庭
产品价格: 815.71
评分: 4.1星
评价日期: 2026年04月04日
评价内容: ""智能门锁的设计很人性化，兼容性强，值得推荐。""",123,智能门锁,苹果 智能门锁 Pro,飞海科技传媒有限公司信息技术
498,28,QL573,1.2,2026-04-03,"客户ID: QL573
客户公司: 维涛科技有限公司网络安全
客户所在地: 永安市, 中国
产品信息: 飞利浦 智能扫地机器人 Plus (类别: 智能扫地机器人)
生产商: 飞利浦智能照明
产品价格: 230.53
评分: 1.2星
评价日期: 2026年04月03日
评价内容: ""对这款智能扫地机器人非常不满意，耗电量大，浪费钱。""",132,智能扫地机器人,飞利浦 智能扫地机器人 Plus,维涛科技有限公司网络安全
520,99,ZF061,3.3,2026-04-03,"客户ID: ZF061
客户公司: 维旺明信息有限公司人工智能
客户所在地: 坤县, 中国
产品信息: 三星 智能音箱 Basic (类别: 智能音箱)
生产商: 三星智能家电
产品价格: 1681.15
评分: 3.3星
评价日期: 2026年04月03日
评价内容: ""智能音箱的质量还可以，外观漂亮，不过使用说明不清。""",124,智能音箱,三星 智能音箱 Basic,维旺明信息有限公司人工智能
1025,88,YR398,3.6,2026-04-03,"客户ID: YR398
客户公司: 浦华众城信息有限公司虚拟现实
客户所在地: 大冶市, 中国
产品信息: 格力 智能体重秤 Ultra (类别: 智能体重秤)
生产商: 格力智能电器
产品价格: 4528.2
评分: 3.6星
评价日期: 2026年04月03日
评价内容: ""智能体重秤的质量还可以，安装方便，不过价格偏高。""",127,智能体重秤,格力 智能体重秤 Ultra,浦华众城信息有限公司虚拟现实
1279,43,ZG109,1.4,2026-04-03,"客户ID: ZG109
客户公司: 襄樊地球村网络有限公司智能科技
客户所在地: 坤县, 中国
产品信息: 华为 智能电视 Max (类别: 智能电视)
生产商: 华为智能生活
产品价格: 4139.84
评分: 1.4星
评价日期: 2026年04月03日
评价内容: ""使用一周后出现故障，功能单一，售后服务也不好。""",124,智能电视,华为 智能电视 Max,襄樊地球村网络有限公司智能科技
1220,37,OA831,2.0,2026-04-02,"客户ID: OA831
客户公司: 华泰通安科技有限公司网络安全
客户所在地: 玉梅市, 中国
产品信息: 飞利浦 智能马桶 Max (类别: 智能马桶)
生产商: 飞利浦智能照明
产品价格: 9941.8
评分: 2.0星
评价日期: 2026年04月02日
评价内容: ""噪音控制问题很严重，完全不值这个价格。""",122,智能马桶,飞利浦 智能马桶 Max,华泰通安科技有限公司网络安全
1291,72,WB890,2.7,2026-04-02,"客户ID: WB890
客户公司: 鑫博腾飞网络有限公司金融科技
客户所在地: 马鞍山市, 中国
产品信息: 西门子 智能洗衣机 Pro (类别: 智能洗衣机)
生产商: 西门子智能家居
产品价格: 6209.73
评分: 2.7星
评价日期: 2026年04月02日
评价内容: ""在多次对比之后选择了这款，这款智能洗衣机不值这个价格。在早晨起床时完全不能正常工作。希望厂家能重视这些问题。""",160,智能洗衣机,西门子 智能洗衣机 Pro,鑫博腾飞网络有限公司金融科技
1202,66,XA254,4.0,2026-04-01,"客户ID: XA254
客户公司: 易动力信息有限公司物联网
客户所在地: 齐齐哈尔市, 中国
产品信息: 松下 智能马桶 Elite (类别: 智能马桶)
生产商: 松下智能电器
产品价格: 9184.21
评分: 4.0星
评价日期: 2026年04月01日
评价内容: ""非常满意这次购买，性价比高，送货也很快。""",121,智能马桶,松下 智能马桶 Elite,易动力信息有限公司物联网
1283,1,US056,3.3,2026-04-01,"客户ID: US056
客户公司: 国讯网络有限公司移动应用开发
客户所在地: 文市, 中国
产品信息: 亚马逊 智能电饭煲 Advanced (类别: 智能电饭煲)
生产商: 亚马逊智能科技
产品价格: 7608.63
评分: 3.3星
评价日期: 2026年04月01日
评价内容: ""收到货后，这款亚马逊 智能电饭煲 Advanced基本符合预期。在冬天使用时，自动调节表现不错。但是在户外活动场景下表现一般。建议慎重考虑。""",165,智能电饭煲,亚马逊 智能电饭煲 Advanced,国讯网络有限公司移动应用开发
1090,29,VC531,2.5,2026-04-01,"客户ID: VC531
客户公司: 九方传媒有限公司生物科技
客户所在地: 六盘水市, 中国
产品信息: 博世 智能空气净化器 Lite (类别: 智能空气净化器)
生产商: 博世智能系统
产品价格: 6067.97
评分: 2.5星
评价日期: 2026年04月01日
评价内容: ""对这款智能空气净化器非常不满意，反应迟钝，浪费钱。""",131,智能空气净化器,博世 智能空气净化器 Lite,九方传媒有限公司生物科技
837,86,MZ379,2.8,2026-03-31,"客户ID: MZ379
客户公司: 联软传媒有限公司区块链技术
客户所在地: 慧县, 中国
产品信息: 博世 智能摄像头 Standard (类别: 智能摄像头)
生产商: 博世智能系统
产品价格: 8286.27
评分: 2.8星
评价日期: 2026年03月31日
评价内容: ""老实讲，这款智能摄像头不值这个价格。电池寿命简直无法忍受。已经申请退款了。""",138,智能摄像头,博世 智能摄像头 Standard,联软传媒有限公司区块链技术
880,94,GA851,3.8,2026-03-31,"客户ID: GA851
客户公司: 明腾传媒有限公司金融科技
客户所在地: 齐齐哈尔县, 中国
产品信息: 格力 智能体重秤 Standard (类别: 智能体重秤)
生产商: 格力智能电器
产品价格: 9138.52
评分: 3.8星
评价日期: 2026年03月31日
评价内容: ""总体来说还行，智能化程度高，就是兼容性差。""",124,智能体重秤,格力 智能体重秤 Standard,明腾传媒有限公司金融科技
424,100,GR625,2.6,2026-03-30,"客户ID: GR625
客户公司: 明腾传媒有限公司互联网服务
客户所在地: 邯郸市, 中国
产品信息: LG 智能插座 Max (类别: 智能插座)
生产商: LG智能家电
产品价格: 8566.89
评分: 2.6星
评价日期: 2026年03月30日
评价内容: ""这款产品有严重问题，画质模糊，已经申请退款。""",120,智能插座,LG 智能插座 Max,明腾传媒有限公司互联网服务
1247,58,NU012,1.1,2026-03-30,"客户ID: NU012
客户公司: 商软冠联传媒有限公司智能科技
客户所在地: 太原县, 中国
产品信息: 松下 智能扫地机器人 Plus (类别: 智能扫地机器人)
生产商: 松下智能电器
产品价格: 998.22
评分: 1.1星
评价日期: 2026年03月30日
评价内容: ""收到货后，这款智能扫地机器人使用体验很差。散热问题简直无法忍受。以后不会再考虑这个品牌的产品。""",154,智能扫地机器人,松下 智能扫地机器人 Plus,商软冠联传媒有限公司智能科技
1258,40,BF338,4.3,2026-03-30,"客户ID: BF338
客户公司: 天开网络有限公司金融科技
客户所在地: 南宁市, 中国
产品信息: 小米 智能马桶 Lite (类别: 智能马桶)
生产商: 小米智能家居
产品价格: 6252.3
评分: 4.3星
评价日期: 2026年03月30日
评价内容: ""智能马桶的设计很人性化，画质清晰，值得推荐。""",121,智能马桶,小米 智能马桶 Lite,天开网络有限公司金融科技
270,85,DV182,4.6,2026-03-29,"客户ID: DV182
客户公司: 艾提科信传媒有限公司网络安全
客户所在地: 桂荣市, 中国
产品信息: 博世 智能马桶 Basic (类别: 智能马桶)
生产商: 博世智能系统
产品价格: 1564.93
评分: 4.6星
评价日期: 2026年03月29日
评价内容: ""非常满意这次购买，兼容性强，送货也很快。""",121,智能马桶,博世 智能马桶 Basic,艾提科信传媒有限公司网络安全
842,65,VC531,4.4,2026-03-29,"客户ID: VC531
客户公司: 九方传媒有限公司生物科技
客户所在地: 六盘水市, 中国
产品信息: 西门子 智能空调 Basic (类别: 智能空调)
生产商: 西门子智能家居
产品价格: 6493.01
评分: 4.4星
评价日期: 2026年03月29日
评价内容: ""这款智能空调的远程控制功能很实用，画质清晰。""",124,智能空调,西门子 智能空调 Basic,九方传媒有限公司生物科技
586,80,PS740,4.5,2026-03-27,"客户ID: PS740
客户公司: 国讯科技有限公司金融科技
客户所在地: 金凤市, 中国
产品信息: LG 智能音箱 Lite (类别: 智能音箱)
生产商: LG智能家电
产品价格: 6885.61
评分: 4.5星
评价日期: 2026年03月27日
评价内容: ""非常满意这次购买，音质出色，送货也很快。""",117,智能音箱,LG 智能音箱 Lite,国讯科技有限公司金融科技
20,72,PL616,2.8,2026-03-26,"客户ID: PL616
客户公司: 巨奥网络有限公司金融科技
客户所在地: 明市, 中国
产品信息: 西门子 智能洗衣机 Pro (类别: 智能洗衣机)
生产商: 西门子智能家居
产品价格: 6209.73
评分: 2.8星
评价日期: 2026年03月26日
评价内容: ""不得不说，这款智能洗衣机不值这个价格。在做饭时时完全不能正常工作。这钱花得太冤枉了。""",144,智能洗衣机,西门子 智能洗衣机 Pro,巨奥网络有限公司金融科技
525,79,IK721,4.2,2026-03-26,"客户ID: IK721
客户公司: 诺依曼软件传媒有限公司物联网
客户所在地: 华市, 中国
产品信息: 格力 智能手环 Lite (类别: 智能手环)
生产商: 格力智能电器
产品价格: 9808.19
评分: 4.2星
评价日期: 2026年03月26日
评价内容: ""智能手环的设计很人性化，性价比高，值得推荐。""",122,智能手环,格力 智能手环 Lite,诺依曼软件传媒有限公司物联网
603,91,NQ176,1.7,2026-03-24,"客户ID: NQ176
客户公司: 图龙信息传媒有限公司数字科技
客户所在地: 南昌市, 中国
产品信息: 亚马逊 智能音箱 Basic (类别: 智能音箱)
生产商: 亚马逊智能科技
产品价格: 3165.04
评分: 1.7星
评价日期: 2026年03月24日
评价内容: ""这款产品有严重问题，画质模糊，已经申请退款。""",125,智能音箱,亚马逊 智能音箱 Basic,图龙信息传媒有限公司数字科技
1237,77,XW046,1.7,2026-03-24,"客户ID: XW046
客户公司: 鑫博腾飞信息有限公司智能科技
客户所在地: 兴安盟市, 中国
产品信息: 美的 智能洗衣机 Advanced (类别: 智能洗衣机)
生产商: 美的智能科技
产品价格: 6994.39
评分: 1.7星
评价日期: 2026年03月24日
评价内容: ""体验下来，这款美的 智能洗衣机 Advanced质量太差。在早晨起床时完全不能正常工作。""",139,智能洗衣机,美的 智能洗衣机 Advanced,鑫博腾飞信息有限公司智能科技
710,86,PE529,3.8,2026-03-22,"客户ID: PE529
客户公司: 易动力网络有限公司信息技术
客户所在地: 英县, 中国
产品信息: 博世 智能摄像头 Standard (类别: 智能摄像头)
生产商: 博世智能系统
产品价格: 8286.27
评分: 3.8星
评价日期: 2026年03月22日
评价内容: ""作为一个经常使用此类产品的人，这款博世 智能摄像头 Standard总体来说还可以。用了一个月后，自动调节表现不错。除此之外在家庭聚会场景下表现一般。有点贵了，但质量确实好。""",179,智能摄像头,博世 智能摄像头 Standard,易动力网络有限公司信息技术
865,68,KM929,1.1,2026-03-22,"客户ID: KM929
客户公司: 迪摩科技有限公司电子商务
客户所在地: 福州县, 中国
产品信息: 博世 智能插座 Basic (类别: 智能插座)
生产商: 博世智能系统
产品价格: 3665.95
评分: 1.1星
评价日期: 2026年03月22日
评价内容: ""这款产品有严重问题，价格偏高，已经申请退款。""",121,智能插座,博世 智能插座 Basic,迪摩科技有限公司电子商务
345,52,XA075,1.7,2026-03-21,"客户ID: XA075
客户公司: 网新恒天科技有限公司数字科技
客户所在地: 秀梅县, 中国
产品信息: 小米 智能插座 Max (类别: 智能插座)
生产商: 小米智能家居
产品价格: 5793.04
评分: 1.7星
评价日期: 2026年03月21日
评价内容: ""不推荐这款智能插座，功能单一，很失望。""",120,智能插座,小米 智能插座 Max,网新恒天科技有限公司数字科技
420,11,RG743,2.4,2026-03-21,"客户ID: RG743
客户公司: 快讯信息有限公司智能科技
客户所在地: 勇县, 中国
产品信息: 小米 智能门锁 Mini (类别: 智能门锁)
生产商: 小米智能家居
产品价格: 4624.66
评分: 2.4星
评价日期: 2026年03月21日
评价内容: ""使用一周后出现故障，价格偏高，售后服务也不好。""",121,智能门锁,小米 智能门锁 Mini,快讯信息有限公司智能科技
778,42,GC846,3.7,2026-03-21,"客户ID: GC846
客户公司: 明腾科技有限公司区块链技术
客户所在地: 石家庄市, 中国
产品信息: 谷歌 智能净水器 Ultra (类别: 智能净水器)
生产商: 谷歌智能设备
产品价格: 7844.22
评分: 3.7星
评价日期: 2026年03月21日
评价内容: ""经过一段时间使用，这款智能净水器性价比一般。在晚上睡前时使用体验还不错。除此之外缺点是使用说明不清。整体体验不错。""",160,智能净水器,谷歌 智能净水器 Ultra,明腾科技有限公司区块链技术
1137,40,XO649,3.2,2026-03-21,"客户ID: XO649
客户公司: 晖来计算机传媒有限公司云计算
客户所在地: 郑州县, 中国
产品信息: 小米 智能马桶 Lite (类别: 智能马桶)
生产商: 小米智能家居
产品价格: 6252.3
评分: 3.2星
评价日期: 2026年03月21日
评价内容: ""总体来说还行，安装方便，就是耗电量大。""",120,智能马桶,小米 智能马桶 Lite,晖来计算机传媒有限公司云计算
692,20,WQ849,3.4,2026-03-20,"客户ID: WQ849
客户公司: 开发区世创科技有限公司科技公司
客户所在地: 嘉禾市, 中国
产品信息: 谷歌 智能净水器 Basic (类别: 智能净水器)
生产商: 谷歌智能设备
产品价格: 2404.37
评分: 3.4星
评价日期: 2026年03月20日
评价内容: ""必须承认，这款智能净水器质量还行。使用一周后，语音识别表现不错。遗憾的是在办公环境场景下表现一般。有点贵了，但质量确实好。""",165,智能净水器,谷歌 智能净水器 Basic,开发区世创科技有限公司科技公司
960,5,XW046,2.5,2026-03-20,"客户ID: XW046
客户公司: 鑫博腾飞信息有限公司智能科技
客户所在地: 兴安盟市, 中国
产品信息: 美的 智能电饭煲 Pro (类别: 智能电饭煲)
生产商: 美的智能科技
产品价格: 5002.04
评分: 2.5星
评价日期: 2026年03月20日
评价内容: ""使用一周后出现故障，续航时间短，售后服务也不好。""",128,智能电饭煲,美的 智能电饭煲 Pro,鑫博腾飞信息有限公司智能科技
212,61,TB616,2.1,2026-03-19,"客户ID: TB616
客户公司: 晖来计算机网络有限公司虚拟现实
客户所在地: 梅县, 中国
产品信息: LG 智能洗衣机 Max (类别: 智能洗衣机)
生产商: LG智能家电
产品价格: 759.0
评分: 2.1星
评价日期: 2026年03月19日
评价内容: ""我发现，这款LG 智能洗衣机 Max有严重问题。散热问题简直无法忍受。唯一值得称赞的可能就是价格便宜。""",147,智能洗衣机,LG 智能洗衣机 Max,晖来计算机网络有限公司虚拟现实
500,77,FB488,4.3,2026-03-19,"客户ID: FB488
客户公司: 方正科技科技有限公司互联网服务
客户所在地: 宁德市, 中国
产品信息: 美的 智能洗衣机 Advanced (类别: 智能洗衣机)
生产商: 美的智能科技
产品价格: 6994.39
评分: 4.3星
评价日期: 2026年03月19日
评价内容: ""在工作时时使用效果很好，特别是高清画质功能。""",126,智能洗衣机,美的 智能洗衣机 Advanced,方正科技科技有限公司互联网服务
949,66,DV182,2.5,2026-03-19,"客户ID: DV182
客户公司: 艾提科信传媒有限公司网络安全
客户所在地: 桂荣市, 中国
产品信息: 松下 智能马桶 Elite (类别: 智能马桶)
生产商: 松下智能电器
产品价格: 9184.21
评分: 2.5星
评价日期: 2026年03月19日
评价内容: ""不推荐这款智能马桶，价格偏高，很失望。""",120,智能马桶,松下 智能马桶 Elite,艾提科信传媒有限公司网络安全
972,50,YR398,4.5,2026-03-19,"客户ID: YR398
客户公司: 浦华众城信息有限公司虚拟现实
客户所在地: 大冶市, 中国
产品信息: 苹果 智能空气净化器 Basic (类别: 智能空气净化器)
生产商: 苹果智能家庭
产品价格: 9846.71
评分: 4.5星
评价日期: 2026年03月19日
评价内容: ""这款产品的智能场景特别好用，在夜间使用时特别方便。""",132,智能空气净化器,苹果 智能空气净化器 Basic,浦华众城信息有限公司虚拟现实
1094,39,FN522,2.5,2026-03-19,"客户ID: FN522
客户公司: 新宇龙信息科技有限公司电子商务
客户所在地: 磊县, 中国
产品信息: 西门子 智能音箱 Mini (类别: 智能音箱)
生产商: 西门子智能家居
产品价格: 1668.63
评分: 2.5星
评价日期: 2026年03月19日
评价内容: ""从我的使用体验来看，这款西门子 智能音箱 Mini性价比极低。在看电影时时完全不能正常工作。以后不会再考虑这个品牌的产品。""",159,智能音箱,西门子 智能音箱 Mini,新宇龙信息科技有限公司电子商务
765,7,WB890,4.3,2026-03-18,"客户ID: WB890
客户公司: 鑫博腾飞网络有限公司金融科技
客户所在地: 马鞍山市, 中国
产品信息: 博世 智能扫地机器人 Max (类别: 智能扫地机器人)
生产商: 博世智能系统
产品价格: 1108.4
评分: 4.3星
评价日期: 2026年03月18日
评价内容: ""这是我用过的最好的智能扫地机器人之一，兼容性强，性价比很高。""",138,智能扫地机器人,博世 智能扫地机器人 Max,鑫博腾飞网络有限公司金融科技
266,49,PE529,3.7,2026-03-17,"客户ID: PE529
客户公司: 易动力网络有限公司信息技术
客户所在地: 英县, 中国
产品信息: 松下 智能加湿器 Pro (类别: 智能加湿器)
生产商: 松下智能电器
产品价格: 8374.66
评分: 3.7星
评价日期: 2026年03月17日
评价内容: ""老实讲，这款智能加湿器没有特别惊喜。在早晨起床时使用体验还不错。遗憾的是缺点是耗电量大。不太推荐购买。""",152,智能加湿器,松下 智能加湿器 Pro,易动力网络有限公司信息技术
577,92,BP732,2.0,2026-03-17,"客户ID: BP732
客户公司: 南康网络有限公司互联网服务
客户所在地: 敏市, 中国
产品信息: 西门子 智能摄像头 Plus (类别: 智能摄像头)
生产商: 西门子智能家居
产品价格: 9026.06
评分: 2.0星
评价日期: 2026年03月17日
评价内容: ""不推荐这款智能摄像头，智能化程度低，很失望。""",125,智能摄像头,西门子 智能摄像头 Plus,南康网络有限公司互联网服务
396,80,WB890,2.8,2026-03-16,"客户ID: WB890
客户公司: 鑫博腾飞网络有限公司金融科技
客户所在地: 马鞍山市, 中国
产品信息: LG 智能音箱 Lite (类别: 智能音箱)
生产商: LG智能家电
产品价格: 6885.61
评分: 2.8星
评价日期: 2026年03月16日
评价内容: ""使用一周后出现故障，画质模糊，售后服务也不好。""",123,智能音箱,LG 智能音箱 Lite,鑫博腾飞网络有限公司金融科技
569,60,RV310,2.8,2026-03-16,"客户ID: RV310
客户公司: 银嘉科技有限公司云计算
客户所在地: 重庆县, 中国
产品信息: 华为 智能窗帘 Basic (类别: 智能窗帘)
生产商: 华为智能生活
产品价格: 2259.63
评分: 2.8星
评价日期: 2026年03月16日
评价内容: ""说实话，这款华为 智能窗帘 Basic完全不符合预期。散热问题简直无法忍受。唯一值得称赞的可能就是送货速度快。""",147,智能窗帘,华为 智能窗帘 Basic,银嘉科技有限公司云计算
1144,44,GJ116,3.3,2026-03-16,"客户ID: GJ116
客户公司: 良诺信息有限公司生物科技
客户所在地: 红市, 中国
产品信息: 小米 智能空调 Elite (类别: 智能空调)
生产商: 小米智能家居
产品价格: 7690.31
评分: 3.3星
评价日期: 2026年03月16日
评价内容: ""智能空调的质量还可以，性价比高，不过画质模糊。""",121,智能空调,小米 智能空调 Elite,良诺信息有限公司生物科技
259,96,PL616,4.2,2026-03-15,"客户ID: PL616
客户公司: 巨奥网络有限公司金融科技
客户所在地: 明市, 中国
产品信息: 博世 智能空调 Lite (类别: 智能空调)
生产商: 博世智能系统
产品价格: 8865.13
评分: 4.2星
评价日期: 2026年03月15日
评价内容: ""这是我用过的最好的智能空调之一，性价比高，性价比很高。""",125,智能空调,博世 智能空调 Lite,巨奥网络有限公司金融科技
360,64,PS740,1.9,2026-03-15,"客户ID: PS740
客户公司: 国讯科技有限公司金融科技
客户所在地: 金凤市, 中国
产品信息: 亚马逊 智能马桶 Standard (类别: 智能马桶)
生产商: 亚马逊智能科技
产品价格: 6039.3
评分: 1.9星
评价日期: 2026年03月15日
评价内容: ""不推荐这款智能马桶，稳定性差，很失望。""",120,智能马桶,亚马逊 智能马桶 Standard,国讯科技有限公司金融科技
409,76,KS630,3.2,2026-03-14,"客户ID: KS630
客户公司: 良诺信息有限公司网络安全
客户所在地: 潮州市, 中国
产品信息: 松下 智能窗帘 Advanced (类别: 智能窗帘)
生产商: 松下智能电器
产品价格: 7412.19
评分: 3.2星
评价日期: 2026年03月14日
评价内容: ""智能窗帘的质量还可以，节能环保，不过价格偏高。""",122,智能窗帘,松下 智能窗帘 Advanced,良诺信息有限公司网络安全
19,28,FA862,4.6,2026-03-13,"客户ID: FA862
客户公司: 方正科技网络有限公司云计算
客户所在地: 潮州县, 中国
产品信息: 飞利浦 智能扫地机器人 Plus (类别: 智能扫地机器人)
生产商: 飞利浦智能照明
产品价格: 230.53
评分: 4.6星
评价日期: 2026年03月13日
评价内容: ""在早晨起床时使用效果很好，特别是智能联动功能。""",131,智能扫地机器人,飞利浦 智能扫地机器人 Plus,方正科技网络有限公司云计算
168,68,YR398,1.7,2026-03-13,"客户ID: YR398
客户公司: 浦华众城信息有限公司虚拟现实
客户所在地: 大冶市, 中国
产品信息: 博世 智能插座 Basic (类别: 智能插座)
生产商: 博世智能系统
产品价格: 3665.95
评分: 1.7星
评价日期: 2026年03月13日
评价内容: ""噪音控制问题很严重，完全不值这个价格。""",120,智能插座,博世 智能插座 Basic,浦华众城信息有限公司虚拟现实
869,36,QU287,1.6,2026-03-13,"客户ID: QU287
客户公司: 戴硕电子科技有限公司移动应用开发
客户所在地: 瑜市, 中国
产品信息: 海尔智慧家庭 智能加湿器 Lite (类别: 智能加湿器)
生产商: 海尔智慧家庭
产品价格: 9057.68
评分: 1.6星
评价日期: 2026年03月13日
评价内容: ""连接稳定性问题很严重，完全不值这个价格。""",128,智能加湿器,海尔智慧家庭 智能加湿器 Lite,戴硕电子科技有限公司移动应用开发
926,93,VQ233,5.0,2026-03-12,"客户ID: VQ233
客户公司: 和泰信息有限公司信息技术
客户所在地: 成都市, 中国
产品信息: 索尼 智能加湿器 Pro (类别: 智能加湿器)
生产商: 索尼智能科技
产品价格: 5644.5
评分: 5.0星
评价日期: 2026年03月12日
评价内容: ""购买后，这款索尼 智能加湿器 Pro非常满意。同时高清画质设计很贴心。希望厂家能改进这些问题。""",144,智能加湿器,索尼 智能加湿器 Pro,和泰信息有限公司信息技术
160,98,TB616,4.8,2026-03-11,"客户ID: TB616
客户公司: 晖来计算机网络有限公司虚拟现实
客户所在地: 梅县, 中国
产品信息: 格力 智能电视 Pro (类别: 智能电视)
生产商: 格力智能电器
产品价格: 2676.49
评分: 4.8星
评价日期: 2026年03月11日
评价内容: ""智能电视的设计很人性化，性价比高，值得推荐。""",123,智能电视,格力 智能电视 Pro,晖来计算机网络有限公司虚拟现实
364,5,EB652,3.9,2026-03-10,"客户ID: EB652
客户公司: 凌云信息有限公司虚拟现实
客户所在地: 秀珍县, 中国
产品信息: 美的 智能电饭煲 Pro (类别: 智能电饭煲)
生产商: 美的智能科技
产品价格: 5002.04
评分: 3.9星
评价日期: 2026年03月10日
评价内容: ""这款产品优缺点都有，画质清晰，但价格偏高。""",122,智能电饭煲,美的 智能电饭煲 Pro,凌云信息有限公司虚拟现实
87,91,VZ702,2.1,2026-03-09,"客户ID: VZ702
客户公司: 精芯网络有限公司互联网服务
客户所在地: 马鞍山县, 中国
产品信息: 亚马逊 智能音箱 Basic (类别: 智能音箱)
生产商: 亚马逊智能科技
产品价格: 3165.04
评分: 2.1星
评价日期: 2026年03月09日
评价内容: ""坦白讲，这款亚马逊 智能音箱 Basic质量太差。在工作时时完全不能正常工作。不推荐任何人购买。""",145,智能音箱,亚马逊 智能音箱 Basic,精芯网络有限公司互联网服务
944,19,WW556,4.5,2026-03-08,"客户ID: WW556
客户公司: 商软冠联网络有限公司信息技术
客户所在地: 梅市, 中国
产品信息: 海尔智慧家庭 智能开关 Plus (类别: 智能开关)
生产商: 海尔智慧家庭
产品价格: 7438.8
评分: 4.5星
评价日期: 2026年03月08日
评价内容: ""智能开关的设计很人性化，操作简单，值得推荐。""",126,智能开关,海尔智慧家庭 智能开关 Plus,商软冠联网络有限公司信息技术
952,5,KS630,3.3,2026-03-08,"客户ID: KS630
客户公司: 良诺信息有限公司网络安全
客户所在地: 潮州市, 中国
产品信息: 美的 智能电饭煲 Pro (类别: 智能电饭煲)
生产商: 美的智能科技
产品价格: 5002.04
评分: 3.3星
评价日期: 2026年03月08日
评价内容: ""这款智能电饭煲一般，智能化程度高，但是散热问题有点问题。""",129,智能电饭煲,美的 智能电饭煲 Pro,良诺信息有限公司网络安全
113,55,AK874,3.4,2026-03-07,"客户ID: AK874
客户公司: 昊嘉信息有限公司区块链技术
客户所在地: 雷市, 中国
产品信息: 飞利浦 智能手环 Max (类别: 智能手环)
生产商: 飞利浦智能照明
产品价格: 6762.29
评分: 3.4星
评价日期: 2026年03月07日
评价内容: ""这款智能手环一般，功能齐全，但是散热问题有点问题。""",126,智能手环,飞利浦 智能手环 Max,昊嘉信息有限公司区块链技术
152,2,WB209,2.6,2026-03-06,"客户ID: WB209
客户公司: 维涛传媒有限公司云计算
客户所在地: 秀华县, 中国
产品信息: 美的 智能插座 Standard (类别: 智能插座)
生产商: 美的智能科技
产品价格: 9962.25
评分: 2.6星
评价日期: 2026年03月06日
评价内容: ""个人认为，这款智能插座存在明显缺陷。主要问题在于智能化程度低。唯一值得称赞的可能就是外观设计还不错。这钱花得太冤枉了。""",157,智能插座,美的 智能插座 Standard,维涛传媒有限公司云计算
375,69,RG743,1.5,2026-03-06,"客户ID: RG743
客户公司: 快讯信息有限公司智能科技
客户所在地: 勇县, 中国
产品信息: 谷歌 智能洗衣机 Elite (类别: 智能洗衣机)
生产商: 谷歌智能设备
产品价格: 4072.02
评分: 1.5星
评价日期: 2026年03月06日
评价内容: ""不推荐这款智能洗衣机，兼容性差，很失望。""",120,智能洗衣机,谷歌 智能洗衣机 Elite,快讯信息有限公司智能科技
1023,15,GC890,3.4,2026-03-06,"客户ID: GC890
客户公司: 创联世纪信息有限公司移动应用开发
客户所在地: 福州县, 中国
产品信息: 谷歌 智能音箱 Elite (类别: 智能音箱)
生产商: 谷歌智能设备
产品价格: 6218.93
评分: 3.4星
评价日期: 2026年03月06日
评价内容: ""使用后感觉，这款智能音箱性价比一般。智能联动设计得比较合理。最重要的是缺点是功能单一。期待下一代产品能有所改进。""",159,智能音箱,谷歌 智能音箱 Elite,创联世纪信息有限公司移动应用开发
7,36,MJ814,3.7,2026-03-03,"客户ID: MJ814
客户公司: 毕博诚科技有限公司互联网服务
客户所在地: 俊市, 中国
产品信息: 海尔智慧家庭 智能加湿器 Lite (类别: 智能加湿器)
生产商: 海尔智慧家庭
产品价格: 9057.68
评分: 3.7星
评价日期: 2026年03月03日
评价内容: ""这款产品优缺点都有，安装方便，但操作复杂。""",127,智能加湿器,海尔智慧家庭 智能加湿器 Lite,毕博诚科技有限公司互联网服务
1067,96,EI532,3.0,2026-03-03,"客户ID: EI532
客户公司: 七喜传媒有限公司人工智能
客户所在地: 丽华县, 中国
产品信息: 博世 智能空调 Lite (类别: 智能空调)
生产商: 博世智能系统
产品价格: 8865.13
评分: 3.0星
评价日期: 2026年03月03日
评价内容: ""坦白讲，这款智能空调功能基本满足需求。优点是兼容性强。可惜的是使用久了会发现一些小问题。值得购买。""",148,智能空调,博世 智能空调 Lite,七喜传媒有限公司人工智能
1150,82,QL573,3.7,2026-03-03,"客户ID: QL573
客户公司: 维涛科技有限公司网络安全
客户所在地: 永安市, 中国
产品信息: LG 智能开关 Lite (类别: 智能开关)
生产商: LG智能家电
产品价格: 7112.72
评分: 3.7星
评价日期: 2026年03月03日
评价内容: ""试用了几天，这款LG 智能开关 Lite质量还行。高清画质设计得比较合理。不仅如此信号强度有点问题。希望厂家能改进这些问题。""",153,智能开关,LG 智能开关 Lite,维涛科技有限公司网络安全
1301,91,ZH741,2.9,2026-03-03,"客户ID: ZH741
客户公司: 巨奥科技有限公司信息技术
客户所在地: 峰县, 中国
产品信息: 亚马逊 智能音箱 Basic (类别: 智能音箱)
生产商: 亚马逊智能科技
产品价格: 3165.04
评分: 2.9星
评价日期: 2026年03月03日
评价内容: ""对这款智能音箱非常不满意，操作复杂，浪费钱。""",122,智能音箱,亚马逊 智能音箱 Basic,巨奥科技有限公司信息技术
883,32,WY218,1.0,2026-03-02,"客户ID: WY218
客户公司: 飞海科技传媒有限公司信息技术
客户所在地: 济南市, 中国
产品信息: 亚马逊 智能马桶 Elite (类别: 智能马桶)
生产商: 亚马逊智能科技
产品价格: 1801.88
评分: 1.0星
评价日期: 2026年03月02日
评价内容: ""不推荐这款智能马桶，音质一般，很失望。""",122,智能马桶,亚马逊 智能马桶 Elite,飞海科技传媒有限公司信息技术
1047,64,WQ849,4.0,2026-03-02,"客户ID: WQ849
客户公司: 开发区世创科技有限公司科技公司
客户所在地: 嘉禾市, 中国
产品信息: 亚马逊 智能马桶 Standard (类别: 智能马桶)
生产商: 亚马逊智能科技
产品价格: 6039.3
评分: 4.0星
评价日期: 2026年03月02日
评价内容: ""我觉得，这款亚马逊 智能马桶 Standard值得推荐。此外在工作时时表现尤为出色。如果非要说缺点的话，配件可以再多一些。性价比很高。""",162,智能马桶,亚马逊 智能马桶 Standard,开发区世创科技有限公司科技公司
1238,97,DX151,1.6,2026-03-01,"客户ID: DX151
客户公司: 易动力信息有限公司物联网
客户所在地: 佛山县, 中国
产品信息: 格力 智能净水器 Ultra (类别: 智能净水器)
生产商: 格力智能电器
产品价格: 9164.46
评分: 1.6星
评价日期: 2026年03月01日
评价内容: ""使用一周后出现故障，做工一般，售后服务也不好。""",124,智能净水器,格力 智能净水器 Ultra,易动力信息有限公司物联网
235,56,RY572,4.3,2026-02-28,"客户ID: RY572
客户公司: 中建创业信息有限公司虚拟现实
客户所在地: 冬梅县, 中国
产品信息: 华为 智能体重秤 Advanced (类别: 智能体重秤)
生产商: 华为智能生活
产品价格: 263.12
评分: 4.3星
评价日期: 2026年02月28日
评价内容: ""这款智能体重秤的节能模式功能很实用，兼容性强。""",126,智能体重秤,华为 智能体重秤 Advanced,中建创业信息有限公司虚拟现实
268,76,CM245,1.8,2026-02-27,"客户ID: CM245
客户公司: 万迅电脑信息有限公司科技公司
客户所在地: 洋县, 中国
产品信息: 松下 智能窗帘 Advanced (类别: 智能窗帘)
生产商: 松下智能电器
产品价格: 7412.19
评分: 1.8星
评价日期: 2026年02月27日
评价内容: ""说实话，这款智能窗帘质量太差。在做饭时时完全不能正常工作。唯一值得称赞的可能就是价格便宜。希望厂家能重视这些问题。""",157,智能窗帘,松下 智能窗帘 Advanced,万迅电脑信息有限公司科技公司
721,27,FB488,2.9,2026-02-27,"客户ID: FB488
客户公司: 方正科技科技有限公司互联网服务
客户所在地: 宁德市, 中国
产品信息: 小米 智能加湿器 Plus (类别: 智能加湿器)
生产商: 小米智能家居
产品价格: 8210.59
评分: 2.9星
评价日期: 2026年02月27日
评价内容: ""对这款智能加湿器非常不满意，操作复杂，浪费钱。""",127,智能加湿器,小米 智能加湿器 Plus,方正科技科技有限公司互联网服务
192,101,GJ116,4.5,2026-02-26,"客户ID: GJ116
客户公司: 良诺信息有限公司生物科技
客户所在地: 红市, 中国
产品信息: 三星 智能摄像头 Mini (类别: 智能摄像头)
生产商: 三星智能家电
产品价格: 1662.36
评分: 4.5星
评价日期: 2026年02月26日
评价内容: ""智能摄像头的设计很人性化，操作简单，值得推荐。""",123,智能摄像头,三星 智能摄像头 Mini,良诺信息有限公司生物科技
274,53,FC418,4.8,2026-02-26,"客户ID: FC418
客户公司: 网新恒天网络有限公司生物科技
客户所在地: 秀珍县, 中国
产品信息: 华为 智能电视 Lite (类别: 智能电视)
生产商: 华为智能生活
产品价格: 2968.02
评分: 4.8星
评价日期: 2026年02月26日
评价内容: ""这是我用过的最好的智能电视之一，音质出色，性价比很高。""",128,智能电视,华为 智能电视 Lite,网新恒天网络有限公司生物科技
463,44,XO649,1.3,2026-02-26,"客户ID: XO649
客户公司: 晖来计算机传媒有限公司云计算
客户所在地: 郑州县, 中国
产品信息: 小米 智能空调 Elite (类别: 智能空调)
生产商: 小米智能家居
产品价格: 7690.31
评分: 1.3星
评价日期: 2026年02月26日
评价内容: ""这款产品有严重问题，反应迟钝，已经申请退款。""",123,智能空调,小米 智能空调 Elite,晖来计算机传媒有限公司云计算
730,64,AK874,3.4,2026-02-26,"客户ID: AK874
客户公司: 昊嘉信息有限公司区块链技术
客户所在地: 雷市, 中国
产品信息: 亚马逊 智能马桶 Standard (类别: 智能马桶)
生产商: 亚马逊智能科技
产品价格: 6039.3
评分: 3.4星
评价日期: 2026年02月26日
评价内容: ""使用后感觉，这款智能马桶优缺点都有。在家里使用时，语音识别表现不错。尤其是缺点是音质一般。希望厂家能改进这些问题。""",158,智能马桶,亚马逊 智能马桶 Standard,昊嘉信息有限公司区块链技术
1162,41,WB890,1.3,2026-02-24,"客户ID: WB890
客户公司: 鑫博腾飞网络有限公司金融科技
客户所在地: 马鞍山市, 中国
产品信息: 索尼 智能空气净化器 Ultra (类别: 智能空气净化器)
生产商: 索尼智能科技
产品价格: 9311.59
评分: 1.3星
评价日期: 2026年02月24日
评价内容: ""散热问题问题很严重，完全不值这个价格。""",127,智能空气净化器,索尼 智能空气净化器 Ultra,鑫博腾飞网络有限公司金融科技
1227,45,JT617,4.3,2026-02-24,"客户ID: JT617
客户公司: 时空盒数字信息有限公司智能科技
客户所在地: 郑州县, 中国
产品信息: 博世 智能马桶 Max (类别: 智能马桶)
生产商: 博世智能系统
产品价格: 7392.23
评分: 4.3星
评价日期: 2026年02月24日
评价内容: ""使用了一个月，做工精细，没有发现任何问题。""",123,智能马桶,博世 智能马桶 Max,时空盒数字信息有限公司智能科技
1212,73,XN875,4.7,2026-02-23,"客户ID: XN875
客户公司: 天开传媒有限公司网络安全
客户所在地: 芳市, 中国
产品信息: 飞利浦 智能扫地机器人 Ultra (类别: 智能扫地机器人)
生产商: 飞利浦智能照明
产品价格: 259.27
评分: 4.7星
评价日期: 2026年02月23日
评价内容: ""这款产品的定时功能特别好用，在夜间使用时特别方便。""",131,智能扫地机器人,飞利浦 智能扫地机器人 Ultra,天开传媒有限公司网络安全
9,96,GJ116,3.2,2026-02-23,"客户ID: GJ116
客户公司: 良诺信息有限公司生物科技
客户所在地: 红市, 中国
产品信息: 博世 智能空调 Lite (类别: 智能空调)
生产商: 博世智能系统
产品价格: 8865.13
评分: 3.2星
评价日期: 2026年02月23日
评价内容: ""在晚上睡前使用还不错，但在其他情况下表现一般。""",121,智能空调,博世 智能空调 Lite,良诺信息有限公司生物科技
121,69,MR129,3.3,2026-02-22,"客户ID: MR129
客户公司: 太极信息有限公司互联网服务
客户所在地: 海门市, 中国
产品信息: 谷歌 智能洗衣机 Elite (类别: 智能洗衣机)
生产商: 谷歌智能设备
产品价格: 4072.02
评分: 3.3星
评价日期: 2026年02月22日
评价内容: ""坦白讲，这款智能洗衣机优缺点都有。优点是操作简单。最让我失望的是电池寿命有点问题。这个价位能买到这样的产品已经很不错了。""",162,智能洗衣机,谷歌 智能洗衣机 Elite,太极信息有限公司互联网服务
735,66,TW751,4.8,2026-02-22,"客户ID: TW751
客户公司: 图龙信息网络有限公司云计算
客户所在地: 宁德市, 中国
产品信息: 松下 智能马桶 Elite (类别: 智能马桶)
生产商: 松下智能电器
产品价格: 9184.21
评分: 4.8星
评价日期: 2026年02月22日
评价内容: ""这款产品的一键控制特别好用，在户外活动时特别方便。""",125,智能马桶,松下 智能马桶 Elite,图龙信息网络有限公司云计算
854,62,XO649,4.3,2026-02-21,"客户ID: XO649
客户公司: 晖来计算机传媒有限公司云计算
客户所在地: 郑州县, 中国
产品信息: 华为 智能洗衣机 Ultra (类别: 智能洗衣机)
生产商: 华为智能生活
产品价格: 8401.38
评分: 4.3星
评价日期: 2026年02月21日
评价内容: ""智能洗衣机的设计很人性化，功能齐全，值得推荐。""",126,智能洗衣机,华为 智能洗衣机 Ultra,晖来计算机传媒有限公司云计算
64,100,TB616,1.4,2026-02-20,"客户ID: TB616
客户公司: 晖来计算机网络有限公司虚拟现实
客户所在地: 梅县, 中国
产品信息: LG 智能插座 Max (类别: 智能插座)
生产商: LG智能家电
产品价格: 8566.89
评分: 1.4星
评价日期: 2026年02月20日
评价内容: ""使用一周后出现故障，音质一般，售后服务也不好。""",122,智能插座,LG 智能插座 Max,晖来计算机网络有限公司虚拟现实
395,27,RG743,3.5,2026-02-20,"客户ID: RG743
客户公司: 快讯信息有限公司智能科技
客户所在地: 勇县, 中国
产品信息: 小米 智能加湿器 Plus (类别: 智能加湿器)
生产商: 小米智能家居
产品价格: 8210.59
评分: 3.5星
评价日期: 2026年02月20日
评价内容: ""在做饭时使用还不错，但在其他情况下表现一般。""",122,智能加湿器,小米 智能加湿器 Plus,快讯信息有限公司智能科技
1189,64,BF338,3.9,2026-02-20,"客户ID: BF338
客户公司: 天开网络有限公司金融科技
客户所在地: 南宁市, 中国
产品信息: 亚马逊 智能马桶 Standard (类别: 智能马桶)
生产商: 亚马逊智能科技
产品价格: 6039.3
评分: 3.9星
评价日期: 2026年02月20日
评价内容: ""在早晨起床使用还不错，但在其他情况下表现一般。""",124,智能马桶,亚马逊 智能马桶 Standard,天开网络有限公司金融科技
197,99,ME428,1.5,2026-02-19,"客户ID: ME428
客户公司: 创汇网络有限公司虚拟现实
客户所在地: 秀英市, 中国
产品信息: 三星 智能音箱 Basic (类别: 智能音箱)
生产商: 三星智能家电
产品价格: 1681.15
评分: 1.5星
评价日期: 2026年02月19日
评价内容: ""散热问题问题很严重，完全不值这个价格。""",118,智能音箱,三星 智能音箱 Basic,创汇网络有限公司虚拟现实
312,82,TE207,5.0,2026-02-19,"客户ID: TE207
客户公司: 新宇龙信息传媒有限公司人工智能
客户所在地: 张家港市, 中国
产品信息: LG 智能开关 Lite (类别: 智能开关)
生产商: LG智能家电
产品价格: 7112.72
评分: 5.0星
评价日期: 2026年02月19日
评价内容: ""这款智能开关的自动调节功能很实用，安装方便。""",123,智能开关,LG 智能开关 Lite,新宇龙信息传媒有限公司人工智能
595,47,NU711,4.0,2026-02-19,"客户ID: NU711
客户公司: 易动力科技有限公司人工智能
客户所在地: 桂兰县, 中国
产品信息: 苹果 智能灯具 Basic (类别: 智能灯具)
生产商: 苹果智能家庭
产品价格: 2411.14
评分: 4.0星
评价日期: 2026年02月19日
评价内容: ""这是我用过的最好的智能灯具之一，性价比高，性价比很高。""",127,智能灯具,苹果 智能灯具 Basic,易动力科技有限公司人工智能
607,13,JT617,2.9,2026-02-19,"客户ID: JT617
客户公司: 时空盒数字信息有限公司智能科技
客户所在地: 郑州县, 中国
产品信息: 三星 智能电饭煲 Max (类别: 智能电饭煲)
生产商: 三星智能家电
产品价格: 3642.29
评分: 2.9星
评价日期: 2026年02月19日
评价内容: ""在多次对比之后选择了这款，这款智能电饭煲有严重问题。连接稳定性简直无法忍受。以后不会再考虑这个品牌的产品。""",157,智能电饭煲,三星 智能电饭煲 Max,时空盒数字信息有限公司智能科技
357,7,XW046,3.2,2026-02-18,"客户ID: XW046
客户公司: 鑫博腾飞信息有限公司智能科技
客户所在地: 兴安盟市, 中国
产品信息: 博世 智能扫地机器人 Max (类别: 智能扫地机器人)
生产商: 博世智能系统
产品价格: 1108.4
评分: 3.2星
评价日期: 2026年02月18日
评价内容: ""总体来说还行，续航时间长，就是稳定性差。""",128,智能扫地机器人,博世 智能扫地机器人 Max,鑫博腾飞信息有限公司智能科技
76,84,CC657,3.7,2026-02-16,"客户ID: CC657
客户公司: 昊嘉信息有限公司信息技术
客户所在地: 军县, 中国
产品信息: 苹果 智能扫地机器人 Pro (类别: 智能扫地机器人)
生产商: 苹果智能家庭
产品价格: 4063.85
评分: 3.7星
评价日期: 2026年02月16日
评价内容: ""试用了几天，这款苹果 智能扫地机器人 Pro也没有特别失望。在周末使用时，智能学习表现不错。不过使用久了会发现一些小问题。值得购买。""",166,智能扫地机器人,苹果 智能扫地机器人 Pro,昊嘉信息有限公司信息技术
105,23,ME428,1.1,2026-02-16,"客户ID: ME428
客户公司: 创汇网络有限公司虚拟现实
客户所在地: 秀英市, 中国
产品信息: 美的 智能净水器 Plus (类别: 智能净水器)
生产商: 美的智能科技
产品价格: 8466.26
评分: 1.1星
评价日期: 2026年02月16日
评价内容: ""试用了几天，这款美的 智能净水器 Plus存在明显缺陷。主要问题在于画质模糊。希望厂家能重视这些问题。""",147,智能净水器,美的 智能净水器 Plus,创汇网络有限公司虚拟现实
292,75,XO649,3.4,2026-02-16,"客户ID: XO649
客户公司: 晖来计算机传媒有限公司云计算
客户所在地: 郑州县, 中国
产品信息: 亚马逊 智能空调 Standard (类别: 智能空调)
生产商: 亚马逊智能科技
产品价格: 9247.38
评分: 3.4星
评价日期: 2026年02月16日
评价内容: ""智能空调的质量还可以，性价比高，不过操作复杂。""",126,智能空调,亚马逊 智能空调 Standard,晖来计算机传媒有限公司云计算
298,40,RG743,3.7,2026-02-16,"客户ID: RG743
客户公司: 快讯信息有限公司智能科技
客户所在地: 勇县, 中国
产品信息: 小米 智能马桶 Lite (类别: 智能马桶)
生产商: 小米智能家居
产品价格: 6252.3
评分: 3.7星
评价日期: 2026年02月16日
评价内容: ""在早晨起床使用还不错，但在其他情况下表现一般。""",121,智能马桶,小米 智能马桶 Lite,快讯信息有限公司智能科技
777,20,GC846,1.4,2026-02-16,"客户ID: GC846
客户公司: 明腾科技有限公司区块链技术
客户所在地: 石家庄市, 中国
产品信息: 谷歌 智能净水器 Basic (类别: 智能净水器)
生产商: 谷歌智能设备
产品价格: 2404.37
评分: 1.4星
评价日期: 2026年02月16日
评价内容: ""连接稳定性问题很严重，完全不值这个价格。""",123,智能净水器,谷歌 智能净水器 Basic,明腾科技有限公司区块链技术
940,34,WB209,3.1,2026-02-16,"客户ID: WB209
客户公司: 维涛传媒有限公司云计算
客户所在地: 秀华县, 中国
产品信息: 松下 智能开关 Advanced (类别: 智能开关)
生产商: 松下智能电器
产品价格: 7248.19
评分: 3.1星
评价日期: 2026年02月16日
评价内容: ""说实话，这款智能开关中规中矩。智能联动设计得比较合理。不过电池寿命有点问题。不太推荐购买。""",143,智能开关,松下 智能开关 Advanced,维涛传媒有限公司云计算
1261,22,KS630,4.9,2026-02-16,"客户ID: KS630
客户公司: 良诺信息有限公司网络安全
客户所在地: 潮州市, 中国
产品信息: 美的 智能电视 Basic (类别: 智能电视)
生产商: 美的智能科技
产品价格: 7621.5
评分: 4.9星
评价日期: 2026年02月16日
评价内容: ""这款智能电视质量很好，节能环保。总体来说很满意。""",123,智能电视,美的 智能电视 Basic,良诺信息有限公司网络安全
338,26,GR729,2.6,2026-02-15,"客户ID: GR729
客户公司: 中建创业网络有限公司移动应用开发
客户所在地: 辽阳县, 中国
产品信息: 亚马逊 智能扫地机器人 Mini (类别: 智能扫地机器人)
生产商: 亚马逊智能科技
产品价格: 7885.52
评分: 2.6星
评价日期: 2026年02月15日
评价内容: ""不推荐这款智能扫地机器人，稳定性差，很失望。""",133,智能扫地机器人,亚马逊 智能扫地机器人 Mini,中建创业网络有限公司移动应用开发
568,13,HD242,2.6,2026-02-15,"客户ID: HD242
客户公司: 富罳科技有限公司生物科技
客户所在地: 想县, 中国
产品信息: 三星 智能电饭煲 Max (类别: 智能电饭煲)
生产商: 三星智能家电
产品价格: 3642.29
评分: 2.6星
评价日期: 2026年02月15日
评价内容: ""散热问题问题很严重，完全不值这个价格。""",119,智能电饭煲,三星 智能电饭煲 Max,富罳科技有限公司生物科技
1099,48,CZ861,1.3,2026-02-15,"客户ID: CZ861
客户公司: 合联电子科技有限公司信息技术
客户所在地: 荣市, 中国
产品信息: 苹果 智能门锁 Pro (类别: 智能门锁)
生产商: 苹果智能家庭
产品价格: 815.71
评分: 1.3星
评价日期: 2026年02月15日
评价内容: ""噪音控制问题很严重，完全不值这个价格。""",119,智能门锁,苹果 智能门锁 Pro,合联电子科技有限公司信息技术
196,43,TO444,2.6,2026-02-14,"客户ID: TO444
客户公司: MBP软件网络有限公司移动应用开发
客户所在地: 辛集市, 中国
产品信息: 华为 智能电视 Max (类别: 智能电视)
生产商: 华为智能生活
产品价格: 4139.84
评分: 2.6星
评价日期: 2026年02月14日
评价内容: ""这款产品有严重问题，价格偏高，已经申请退款。""",124,智能电视,华为 智能电视 Max,MBP软件网络有限公司移动应用开发
560,56,PC764,2.7,2026-02-14,"客户ID: PC764
客户公司: 恒聪百汇传媒有限公司虚拟现实
客户所在地: 重庆市, 中国
产品信息: 华为 智能体重秤 Advanced (类别: 智能体重秤)
生产商: 华为智能生活
产品价格: 263.12
评分: 2.7星
评价日期: 2026年02月14日
评价内容: ""老实讲，这款智能体重秤完全不符合预期。信号强度简直无法忍受。希望厂家能重视这些问题。""",145,智能体重秤,华为 智能体重秤 Advanced,恒聪百汇传媒有限公司虚拟现实
955,51,WY218,4.2,2026-02-14,"客户ID: WY218
客户公司: 飞海科技传媒有限公司信息技术
客户所在地: 济南市, 中国
产品信息: 苹果 智能开关 Basic (类别: 智能开关)
生产商: 苹果智能家庭
产品价格: 869.49
评分: 4.2星
评价日期: 2026年02月14日
评价内容: ""这款产品的智能场景特别好用，在户外活动时特别方便。""",126,智能开关,苹果 智能开关 Basic,飞海科技传媒有限公司信息技术
1026,62,VX147,4.2,2026-02-14,"客户ID: VX147
客户公司: 东方峻景传媒有限公司金融科技
客户所在地: 海门县, 中国
产品信息: 华为 智能洗衣机 Ultra (类别: 智能洗衣机)
生产商: 华为智能生活
产品价格: 8401.38
评分: 4.2星
评价日期: 2026年02月14日
评价内容: ""非常满意这次购买，节能环保，送货也很快。""",123,智能洗衣机,华为 智能洗衣机 Ultra,东方峻景传媒有限公司金融科技
439,9,ZO854,1.4,2026-02-13,"客户ID: ZO854
客户公司: MBP软件科技有限公司信息技术
客户所在地: 丽华县, 中国
产品信息: 亚马逊 智能插座 Pro (类别: 智能插座)
生产商: 亚马逊智能科技
产品价格: 6880.25
评分: 1.4星
评价日期: 2026年02月13日
评价内容: ""对这款智能插座非常不满意，使用说明不清，浪费钱。""",126,智能插座,亚马逊 智能插座 Pro,MBP软件科技有限公司信息技术
45,79,RV310,3.6,2026-02-12,"客户ID: RV310
客户公司: 银嘉科技有限公司云计算
客户所在地: 重庆县, 中国
产品信息: 格力 智能手环 Lite (类别: 智能手环)
生产商: 格力智能电器
产品价格: 9808.19
评分: 3.6星
评价日期: 2026年02月12日
评价内容: ""在做饭时使用还不错，但在其他情况下表现一般。""",120,智能手环,格力 智能手环 Lite,银嘉科技有限公司云计算
903,79,RY572,3.7,2026-02-12,"客户ID: RY572
客户公司: 中建创业信息有限公司虚拟现实
客户所在地: 冬梅县, 中国
产品信息: 格力 智能手环 Lite (类别: 智能手环)
生产商: 格力智能电器
产品价格: 9808.19
评分: 3.7星
评价日期: 2026年02月12日
评价内容: ""这款产品优缺点都有，外观漂亮，但画质模糊。""",122,智能手环,格力 智能手环 Lite,中建创业信息有限公司虚拟现实
1081,21,CA470,3.0,2026-02-12,"客户ID: CA470
客户公司: 南康传媒有限公司生物科技
客户所在地: 贵阳市, 中国
产品信息: 华为 智能加湿器 Plus (类别: 智能加湿器)
生产商: 华为智能生活
产品价格: 2510.66
评分: 3.0星
评价日期: 2026年02月12日
评价内容: ""这款产品优缺点都有，画质清晰，但价格偏高。""",122,智能加湿器,华为 智能加湿器 Plus,南康传媒有限公司生物科技
8,32,TO444,1.2,2026-02-11,"客户ID: TO444
客户公司: MBP软件网络有限公司移动应用开发
客户所在地: 辛集市, 中国
产品信息: 亚马逊 智能马桶 Elite (类别: 智能马桶)
生产商: 亚马逊智能科技
产品价格: 1801.88
评分: 1.2星
评价日期: 2026年02月11日
评价内容: ""作为一个经常使用此类产品的人，这款智能马桶性价比极低。在晚上睡前时完全不能正常工作。不推荐任何人购买。""",155,智能马桶,亚马逊 智能马桶 Elite,MBP软件网络有限公司移动应用开发
451,73,HD242,2.6,2026-02-10,"客户ID: HD242
客户公司: 富罳科技有限公司生物科技
客户所在地: 想县, 中国
产品信息: 飞利浦 智能扫地机器人 Ultra (类别: 智能扫地机器人)
生产商: 飞利浦智能照明
产品价格: 259.27
评分: 2.6星
评价日期: 2026年02月10日
评价内容: ""我发现，这款飞利浦 智能扫地机器人 Ultra有严重问题。散热问题简直无法忍受。""",140,智能扫地机器人,飞利浦 智能扫地机器人 Ultra,富罳科技有限公司生物科技
1255,6,VC531,3.3,2026-02-08,"客户ID: VC531
客户公司: 九方传媒有限公司生物科技
客户所在地: 六盘水市, 中国
产品信息: 海尔智慧家庭 智能空气净化器 Basic (类别: 智能空气净化器)
生产商: 海尔智慧家庭
产品价格: 5495.06
评分: 3.3星
评价日期: 2026年02月08日
评价内容: ""说实话，这款海尔智慧家庭 智能空气净化器 Basic中规中矩。在看电影时时使用体验还不错。但是缺点是耗电量大。值得购买。""",164,智能空气净化器,海尔智慧家庭 智能空气净化器 Basic,九方传媒有限公司生物科技
316,45,EI532,3.6,2026-02-07,"客户ID: EI532
客户公司: 七喜传媒有限公司人工智能
客户所在地: 丽华县, 中国
产品信息: 博世 智能马桶 Max (类别: 智能马桶)
生产商: 博世智能系统
产品价格: 7392.23
评分: 3.6星
评价日期: 2026年02月07日
评价内容: ""这款智能马桶一般，续航时间长，但是信号强度有点问题。""",125,智能马桶,博世 智能马桶 Max,七喜传媒有限公司人工智能
3,52,WB209,4.1,2026-02-06,"客户ID: WB209
客户公司: 维涛传媒有限公司云计算
客户所在地: 秀华县, 中国
产品信息: 小米 智能插座 Max (类别: 智能插座)
生产商: 小米智能家居
产品价格: 5793.04
评分: 4.1星
评价日期: 2026年02月06日
评价内容: ""我发现，这款小米 智能插座 Max很好用。总体来说还是很满意的。""",126,智能插座,小米 智能插座 Max,维涛传媒有限公司云计算
18,2,EI532,3.5,2026-02-06,"客户ID: EI532
客户公司: 七喜传媒有限公司人工智能
客户所在地: 丽华县, 中国
产品信息: 美的 智能插座 Standard (类别: 智能插座)
生产商: 美的智能科技
产品价格: 9962.25
评分: 3.5星
评价日期: 2026年02月06日
评价内容: ""智能插座的质量还可以，智能化程度高，不过使用说明不清。""",126,智能插座,美的 智能插座 Standard,七喜传媒有限公司人工智能
247,95,DW607,2.3,2026-02-06,"客户ID: DW607
客户公司: 银嘉网络有限公司云计算
客户所在地: 杨县, 中国
产品信息: 格力 智能音箱 Advanced (类别: 智能音箱)
生产商: 格力智能电器
产品价格: 8366.34
评分: 2.3星
评价日期: 2026年02月06日
评价内容: ""必须承认，这款智能音箱质量太差。散热问题简直无法忍受。唯一值得称赞的可能就是售后服务态度好。不推荐任何人购买。""",152,智能音箱,格力 智能音箱 Advanced,银嘉网络有限公司云计算
1136,52,LU518,4.8,2026-02-06,"客户ID: LU518
客户公司: 易动力传媒有限公司生物科技
客户所在地: 伟市, 中国
产品信息: 小米 智能插座 Max (类别: 智能插座)
生产商: 小米智能家居
产品价格: 5793.04
评分: 4.8星
评价日期: 2026年02月06日
评价内容: ""这款智能插座质量很好，稳定性好。总体来说很满意。""",123,智能插座,小米 智能插座 Max,易动力传媒有限公司生物科技
552,58,VC531,2.3,2026-02-05,"客户ID: VC531
客户公司: 九方传媒有限公司生物科技
客户所在地: 六盘水市, 中国
产品信息: 松下 智能扫地机器人 Plus (类别: 智能扫地机器人)
生产商: 松下智能电器
产品价格: 998.22
评分: 2.3星
评价日期: 2026年02月05日
评价内容: ""不推荐这款智能扫地机器人，续航时间短，很失望。""",129,智能扫地机器人,松下 智能扫地机器人 Plus,九方传媒有限公司生物科技
744,25,RY572,2.2,2026-02-05,"客户ID: RY572
客户公司: 中建创业信息有限公司虚拟现实
客户所在地: 冬梅县, 中国
产品信息: 三星 智能窗帘 Basic (类别: 智能窗帘)
生产商: 三星智能家电
产品价格: 9678.27
评分: 2.2星
评价日期: 2026年02月05日
评价内容: ""从我的使用体验来看，这款三星 智能窗帘 Basic使用体验很差。散热问题简直无法忍受。这钱花得太冤枉了。""",147,智能窗帘,三星 智能窗帘 Basic,中建创业信息有限公司虚拟现实
878,52,MG296,4.7,2026-02-05,"客户ID: MG296
客户公司: 浦华众城网络有限公司信息技术
客户所在地: 浩市, 中国
产品信息: 小米 智能插座 Max (类别: 智能插座)
生产商: 小米智能家居
产品价格: 5793.04
评分: 4.7星
评价日期: 2026年02月05日
评价内容: ""这款智能插座质量很好，做工精细。总体来说很满意。""",124,智能插座,小米 智能插座 Max,浦华众城网络有限公司信息技术
441,58,PE529,2.7,2026-02-04,"客户ID: PE529
客户公司: 易动力网络有限公司信息技术
客户所在地: 英县, 中国
产品信息: 松下 智能扫地机器人 Plus (类别: 智能扫地机器人)
生产商: 松下智能电器
产品价格: 998.22
评分: 2.7星
评价日期: 2026年02月04日
评价内容: ""这款产品有严重问题，画质模糊，已经申请退款。""",127,智能扫地机器人,松下 智能扫地机器人 Plus,易动力网络有限公司信息技术
666,25,KS630,2.3,2026-02-04,"客户ID: KS630
客户公司: 良诺信息有限公司网络安全
客户所在地: 潮州市, 中国
产品信息: 三星 智能窗帘 Basic (类别: 智能窗帘)
生产商: 三星智能家电
产品价格: 9678.27
评分: 2.3星
评价日期: 2026年02月04日
评价内容: ""使用一周后出现故障，售后服务差，售后服务也不好。""",123,智能窗帘,三星 智能窗帘 Basic,良诺信息有限公司网络安全
86,57,BP732,1.2,2026-02-03,"客户ID: BP732
客户公司: 南康网络有限公司互联网服务
客户所在地: 敏市, 中国
产品信息: 博世 智能净水器 Plus (类别: 智能净水器)
生产商: 博世智能系统
产品价格: 4134.03
评分: 1.2星
评价日期: 2026年02月03日
评价内容: ""不推荐这款智能净水器，耗电量大，很失望。""",121,智能净水器,博世 智能净水器 Plus,南康网络有限公司互联网服务
392,3,BF338,2.6,2026-02-03,"客户ID: BF338
客户公司: 天开网络有限公司金融科技
客户所在地: 南宁市, 中国
产品信息: 华为 智能电视 Basic (类别: 智能电视)
生产商: 华为智能生活
产品价格: 8554.76
评分: 2.6星
评价日期: 2026年02月03日
评价内容: ""对这款智能电视非常不满意，使用说明不清，浪费钱。""",123,智能电视,华为 智能电视 Basic,天开网络有限公司金融科技
446,24,VC531,4.2,2026-02-03,"客户ID: VC531
客户公司: 九方传媒有限公司生物科技
客户所在地: 六盘水市, 中国
产品信息: 西门子 智能电视 Pro (类别: 智能电视)
生产商: 西门子智能家居
产品价格: 6676.17
评分: 4.2星
评价日期: 2026年02月03日
评价内容: ""智能电视的设计很人性化，稳定性好，值得推荐。""",124,智能电视,西门子 智能电视 Pro,九方传媒有限公司生物科技
700,53,EB652,3.9,2026-02-03,"客户ID: EB652
客户公司: 凌云信息有限公司虚拟现实
客户所在地: 秀珍县, 中国
产品信息: 华为 智能电视 Lite (类别: 智能电视)
生产商: 华为智能生活
产品价格: 2968.02
评分: 3.9星
评价日期: 2026年02月03日
评价内容: ""这款智能电视一般，性价比高，但是噪音控制有点问题。""",124,智能电视,华为 智能电视 Lite,凌云信息有限公司虚拟现实
674,83,CZ861,3.7,2026-02-02,"客户ID: CZ861
客户公司: 合联电子科技有限公司信息技术
客户所在地: 荣市, 中国
产品信息: 西门子 智能手环 Standard (类别: 智能手环)
生产商: 西门子智能家居
产品价格: 4892.47
评分: 3.7星
评价日期: 2026年02月02日
评价内容: ""这款产品优缺点都有，做工精细，但智能化程度低。""",125,智能手环,西门子 智能手环 Standard,合联电子科技有限公司信息技术
684,62,CM245,3.1,2026-02-02,"客户ID: CM245
客户公司: 万迅电脑信息有限公司科技公司
客户所在地: 洋县, 中国
产品信息: 华为 智能洗衣机 Ultra (类别: 智能洗衣机)
生产商: 华为智能生活
产品价格: 8401.38
评分: 3.1星
评价日期: 2026年02月02日
评价内容: ""作为第一次购买这类产品的新手，这款华为 智能洗衣机 Ultra中规中矩。在早上使用时，远程控制表现不错。不仅如此使用久了会发现一些小问题。性价比很高。""",171,智能洗衣机,华为 智能洗衣机 Ultra,万迅电脑信息有限公司科技公司
1114,65,II746,4.0,2026-02-02,"客户ID: II746
客户公司: 恩悌传媒有限公司虚拟现实
客户所在地: 南昌县, 中国
产品信息: 西门子 智能空调 Basic (类别: 智能空调)
生产商: 西门子智能家居
产品价格: 6493.01
评分: 4.0星
评价日期: 2026年02月02日
评价内容: ""老实讲，这款西门子 智能空调 Basic功能很强大。最让我失望的是在做饭时时表现尤为出色。如果非要说缺点的话，可能就是续航时间短。希望厂家能改进这些问题。""",172,智能空调,西门子 智能空调 Basic,恩悌传媒有限公司虚拟现实
685,1,UY980,3.3,2026-02-01,"客户ID: UY980
客户公司: 兰金电子传媒有限公司生物科技
客户所在地: 桂香县, 中国
产品信息: 亚马逊 智能电饭煲 Advanced (类别: 智能电饭煲)
生产商: 亚马逊智能科技
产品价格: 7608.63
评分: 3.3星
评价日期: 2026年02月01日
评价内容: ""智能电饭煲的质量还可以，节能环保，不过反应迟钝。""",129,智能电饭煲,亚马逊 智能电饭煲 Advanced,兰金电子传媒有限公司生物科技
1054,8,II746,2.3,2026-02-01,"客户ID: II746
客户公司: 恩悌传媒有限公司虚拟现实
客户所在地: 南昌县, 中国
产品信息: 松下 智能开关 Lite (类别: 智能开关)
生产商: 松下智能电器
产品价格: 9053.56
评分: 2.3星
评价日期: 2026年02月01日
评价内容: ""对这款智能开关非常不满意，价格偏高，浪费钱。""",121,智能开关,松下 智能开关 Lite,恩悌传媒有限公司虚拟现实
1210,24,EK253,2.7,2026-02-01,"客户ID: EK253
客户公司: 兰金电子科技有限公司区块链技术
客户所在地: 南昌市, 中国
产品信息: 西门子 智能电视 Pro (类别: 智能电视)
生产商: 西门子智能家居
产品价格: 6676.17
评分: 2.7星
评价日期: 2026年02月01日
评价内容: ""老实讲，这款智能电视功能实现得很糟糕。使用不到一周就出现了损坏。希望厂家能重视这些问题。""",148,智能电视,西门子 智能电视 Pro,兰金电子科技有限公司区块链技术
1236,91,EM821,4.6,2026-01-31,"客户ID: EM821
客户公司: 泰麒麟信息有限公司人工智能
客户所在地: 香港县, 中国
产品信息: 亚马逊 智能音箱 Basic (类别: 智能音箱)
生产商: 亚马逊智能科技
产品价格: 3165.04
评分: 4.6星
评价日期: 2026年01月31日
评价内容: ""试用了几天，这款智能音箱品质很好。特别是多用户管理是我最喜欢的部分。希望厂家能改进这些问题。""",148,智能音箱,亚马逊 智能音箱 Basic,泰麒麟信息有限公司人工智能
248,14,FJ947,1.9,2026-01-31,"客户ID: FJ947
客户公司: 浙大万朋信息有限公司生物科技
客户所在地: 鑫市, 中国
产品信息: 格力 智能净水器 Mini (类别: 智能净水器)
生产商: 格力智能电器
产品价格: 8271.83
评分: 1.9星
评价日期: 2026年01月31日
评价内容: ""对这款智能净水器非常不满意，使用说明不清，浪费钱。""",127,智能净水器,格力 智能净水器 Mini,浙大万朋信息有限公司生物科技
1062,91,EI532,2.0,2026-01-29,"客户ID: EI532
客户公司: 七喜传媒有限公司人工智能
客户所在地: 丽华县, 中国
产品信息: 亚马逊 智能音箱 Basic (类别: 智能音箱)
生产商: 亚马逊智能科技
产品价格: 3165.04
评分: 2.0星
评价日期: 2026年01月29日
评价内容: ""不推荐这款智能音箱，功能单一，很失望。""",120,智能音箱,亚马逊 智能音箱 Basic,七喜传媒有限公司人工智能
1153,54,XW046,2.3,2026-01-29,"客户ID: XW046
客户公司: 鑫博腾飞信息有限公司智能科技
客户所在地: 兴安盟市, 中国
产品信息: 博世 智能开关 Max (类别: 智能开关)
生产商: 博世智能系统
产品价格: 7392.09
评分: 2.3星
评价日期: 2026年01月29日
评价内容: ""说实话，这款智能开关不值这个价格。在做饭时时完全不能正常工作。不推荐任何人购买。""",142,智能开关,博世 智能开关 Max,鑫博腾飞信息有限公司智能科技
126,42,KS630,3.7,2026-01-28,"客户ID: KS630
客户公司: 良诺信息有限公司网络安全
客户所在地: 潮州市, 中国
产品信息: 谷歌 智能净水器 Ultra (类别: 智能净水器)
生产商: 谷歌智能设备
产品价格: 7844.22
评分: 3.7星
评价日期: 2026年01月28日
评价内容: ""体验下来，这款谷歌 智能净水器 Ultra性价比一般。静音设计设计得比较合理。特别是缺点是操作复杂。总体来说还是很满意的。""",156,智能净水器,谷歌 智能净水器 Ultra,良诺信息有限公司网络安全
339,68,ZF801,2.1,2026-01-28,"客户ID: ZF801
客户公司: 易动力科技有限公司科技公司
客户所在地: 沈阳县, 中国
产品信息: 博世 智能插座 Basic (类别: 智能插座)
生产商: 博世智能系统
产品价格: 3665.95
评分: 2.1星
评价日期: 2026年01月28日
评价内容: ""散热问题问题很严重，完全不值这个价格。""",119,智能插座,博世 智能插座 Basic,易动力科技有限公司科技公司
580,75,ME428,2.6,2026-01-28,"客户ID: ME428
客户公司: 创汇网络有限公司虚拟现实
客户所在地: 秀英市, 中国
产品信息: 亚马逊 智能空调 Standard (类别: 智能空调)
生产商: 亚马逊智能科技
产品价格: 9247.38
评分: 2.6星
评价日期: 2026年01月28日
评价内容: ""使用后感觉，这款智能空调不推荐购买。在看电影时时完全不能正常工作。不推荐任何人购买。""",143,智能空调,亚马逊 智能空调 Standard,创汇网络有限公司虚拟现实
541,19,FA862,2.6,2026-01-27,"客户ID: FA862
客户公司: 方正科技网络有限公司云计算
客户所在地: 潮州县, 中国
产品信息: 海尔智慧家庭 智能开关 Plus (类别: 智能开关)
生产商: 海尔智慧家庭
产品价格: 7438.8
评分: 2.6星
评价日期: 2026年01月27日
评价内容: ""对这款智能开关非常不满意，价格偏高，浪费钱。""",126,智能开关,海尔智慧家庭 智能开关 Plus,方正科技网络有限公司云计算
736,80,RY548,3.7,2026-01-27,"客户ID: RY548
客户公司: 易动力信息有限公司网络安全
客户所在地: 斌县, 中国
产品信息: LG 智能音箱 Lite (类别: 智能音箱)
生产商: LG智能家电
产品价格: 6885.61
评分: 3.7星
评价日期: 2026年01月27日
评价内容: ""这款产品优缺点都有，质量很好，但兼容性差。""",118,智能音箱,LG 智能音箱 Lite,易动力信息有限公司网络安全
941,79,NU012,4.6,2026-01-26,"客户ID: NU012
客户公司: 商软冠联传媒有限公司智能科技
客户所在地: 太原县, 中国
产品信息: 格力 智能手环 Lite (类别: 智能手环)
生产商: 格力智能电器
产品价格: 9808.19
评分: 4.6星
评价日期: 2026年01月26日
评价内容: ""这款智能手环的远程控制功能很实用，质量很好。""",123,智能手环,格力 智能手环 Lite,商软冠联传媒有限公司智能科技
1292,18,ZU351,2.7,2026-01-26,"客户ID: ZU351
客户公司: 银嘉科技有限公司科技公司
客户所在地: 秀荣市, 中国
产品信息: 美的 智能门锁 Mini (类别: 智能门锁)
生产商: 美的智能科技
产品价格: 5323.58
评分: 2.7星
评价日期: 2026年01月26日
评价内容: ""我觉得，这款美的 智能门锁 Mini质量太差。使用不到一周就出现了异常。唯一值得称赞的可能就是售后服务态度好。这钱花得太冤枉了。""",158,智能门锁,美的 智能门锁 Mini,银嘉科技有限公司科技公司
21,49,FC418,1.4,2026-01-25,"客户ID: FC418
客户公司: 网新恒天网络有限公司生物科技
客户所在地: 秀珍县, 中国
产品信息: 松下 智能加湿器 Pro (类别: 智能加湿器)
生产商: 松下智能电器
产品价格: 8374.66
评分: 1.4星
评价日期: 2026年01月25日
评价内容: ""坦白讲，这款松下 智能加湿器 Pro很失望。主要问题在于续航时间短。这钱花得太冤枉了。""",142,智能加湿器,松下 智能加湿器 Pro,网新恒天网络有限公司生物科技
325,93,ZU351,3.7,2026-01-25,"客户ID: ZU351
客户公司: 银嘉科技有限公司科技公司
客户所在地: 秀荣市, 中国
产品信息: 索尼 智能加湿器 Pro (类别: 智能加湿器)
生产商: 索尼智能科技
产品价格: 5644.5
评分: 3.7星
评价日期: 2026年01月25日
评价内容: ""这款产品优缺点都有，外观漂亮，但功能单一。""",122,智能加湿器,索尼 智能加湿器 Pro,银嘉科技有限公司科技公司
734,15,DV182,3.8,2026-01-25,"客户ID: DV182
客户公司: 艾提科信传媒有限公司网络安全
客户所在地: 桂荣市, 中国
产品信息: 谷歌 智能音箱 Elite (类别: 智能音箱)
生产商: 谷歌智能设备
产品价格: 6218.93
评分: 3.8星
评价日期: 2026年01月25日
评价内容: ""这款产品优缺点都有，画质清晰，但做工一般。""",122,智能音箱,谷歌 智能音箱 Elite,艾提科信传媒有限公司网络安全
2,101,TW751,4.3,2026-01-24,"客户ID: TW751
客户公司: 图龙信息网络有限公司云计算
客户所在地: 宁德市, 中国
产品信息: 三星 智能摄像头 Mini (类别: 智能摄像头)
生产商: 三星智能家电
产品价格: 1662.36
评分: 4.3星
评价日期: 2026年01月24日
评价内容: ""用了一段时间，这款三星 智能摄像头 Mini做工精细。特别是高清画质设计很贴心。比同事使用的同款要好。如果非要说缺点的话，信号强度还有提升空间。性价比很高。""",175,智能摄像头,三星 智能摄像头 Mini,图龙信息网络有限公司云计算
502,69,CM245,4.3,2026-01-24,"客户ID: CM245
客户公司: 万迅电脑信息有限公司科技公司
客户所在地: 洋县, 中国
产品信息: 谷歌 智能洗衣机 Elite (类别: 智能洗衣机)
生产商: 谷歌智能设备
产品价格: 4072.02
评分: 4.3星
评价日期: 2026年01月24日
评价内容: ""说实话，这款谷歌 智能洗衣机 Elite做工精细。如果非要说缺点的话，价格稍微贵了一点。性价比很高。""",146,智能洗衣机,谷歌 智能洗衣机 Elite,万迅电脑信息有限公司科技公司
649,71,RY548,3.2,2026-01-23,"客户ID: RY548
客户公司: 易动力信息有限公司网络安全
客户所在地: 斌县, 中国
产品信息: 索尼 智能冰箱 Elite (类别: 智能冰箱)
生产商: 索尼智能科技
产品价格: 6386.01
评分: 3.2星
评价日期: 2026年01月23日
评价内容: ""智能冰箱的质量还可以，音质出色，不过智能化程度低。""",124,智能冰箱,索尼 智能冰箱 Elite,易动力信息有限公司网络安全
866,50,DV182,3.2,2026-01-21,"客户ID: DV182
客户公司: 艾提科信传媒有限公司网络安全
客户所在地: 桂荣市, 中国
产品信息: 苹果 智能空气净化器 Basic (类别: 智能空气净化器)
生产商: 苹果智能家庭
产品价格: 9846.71
评分: 3.2星
评价日期: 2026年01月21日
评价内容: ""智能空气净化器的质量还可以，续航时间长，不过耗电量大。""",134,智能空气净化器,苹果 智能空气净化器 Basic,艾提科信传媒有限公司网络安全
1246,17,IK721,2.6,2026-01-21,"客户ID: IK721
客户公司: 诺依曼软件传媒有限公司物联网
客户所在地: 华市, 中国
产品信息: 苹果 智能门锁 Plus (类别: 智能门锁)
生产商: 苹果智能家庭
产品价格: 8194.53
评分: 2.6星
评价日期: 2026年01月21日
评价内容: ""使用一周后出现故障，功能单一，售后服务也不好。""",123,智能门锁,苹果 智能门锁 Plus,诺依曼软件传媒有限公司物联网
224,61,RY572,3.8,2026-01-20,"客户ID: RY572
客户公司: 中建创业信息有限公司虚拟现实
客户所在地: 冬梅县, 中国
产品信息: LG 智能洗衣机 Max (类别: 智能洗衣机)
生产商: LG智能家电
产品价格: 759.0
评分: 3.8星
评价日期: 2026年01月20日
评价内容: ""在晚上睡前使用还不错，但在其他情况下表现一般。""",124,智能洗衣机,LG 智能洗衣机 Max,中建创业信息有限公司虚拟现实
38,59,AK874,2.5,2026-01-19,"客户ID: AK874
客户公司: 昊嘉信息有限公司区块链技术
客户所在地: 雷市, 中国
产品信息: 西门子 智能摄像头 Max (类别: 智能摄像头)
生产商: 西门子智能家居
产品价格: 5402.93
评分: 2.5星
评价日期: 2026年01月19日
评价内容: ""使用后感觉，这款西门子 智能摄像头 Max质量太差。使用不到一周就出现了异常。唯一值得称赞的可能就是包装很精美。不推荐任何人购买。""",164,智能摄像头,西门子 智能摄像头 Max,昊嘉信息有限公司区块链技术
311,5,IP471,3.6,2026-01-19,"客户ID: IP471
客户公司: 银嘉信息有限公司移动应用开发
客户所在地: 荆门市, 中国
产品信息: 美的 智能电饭煲 Pro (类别: 智能电饭煲)
生产商: 美的智能科技
产品价格: 5002.04
评分: 3.6星
评价日期: 2026年01月19日
评价内容: ""智能电饭煲的质量还可以，智能化程度高，不过功能单一。""",129,智能电饭煲,美的 智能电饭煲 Pro,银嘉信息有限公司移动应用开发
5,96,OA831,4.2,2026-01-18,"客户ID: OA831
客户公司: 华泰通安科技有限公司网络安全
客户所在地: 玉梅市, 中国
产品信息: 博世 智能空调 Lite (类别: 智能空调)
生产商: 博世智能系统
产品价格: 8865.13
评分: 4.2星
评价日期: 2026年01月18日
评价内容: ""这款智能空调质量很好，安装方便。总体来说很满意。""",125,智能空调,博世 智能空调 Lite,华泰通安科技有限公司网络安全
211,96,GJ116,4.3,2026-01-18,"客户ID: GJ116
客户公司: 良诺信息有限公司生物科技
客户所在地: 红市, 中国
产品信息: 博世 智能空调 Lite (类别: 智能空调)
生产商: 博世智能系统
产品价格: 8865.13
评分: 4.3星
评价日期: 2026年01月18日
评价内容: ""这款产品的多用户管理特别好用，在日常使用时特别方便。""",124,智能空调,博世 智能空调 Lite,良诺信息有限公司生物科技
322,43,GA851,3.1,2026-01-18,"客户ID: GA851
客户公司: 明腾传媒有限公司金融科技
客户所在地: 齐齐哈尔县, 中国
产品信息: 华为 智能电视 Max (类别: 智能电视)
生产商: 华为智能生活
产品价格: 4139.84
评分: 3.1星
评价日期: 2026年01月18日
评价内容: ""智能电视的质量还可以，续航时间长，不过兼容性差。""",125,智能电视,华为 智能电视 Max,明腾传媒有限公司金融科技
62,57,AW347,1.5,2026-01-17,"客户ID: AW347
客户公司: 鸿睿思博传媒有限公司智能科技
客户所在地: 武汉市, 中国
产品信息: 博世 智能净水器 Plus (类别: 智能净水器)
生产商: 博世智能系统
产品价格: 4134.03
评分: 1.5星
评价日期: 2026年01月17日
评价内容: ""信号强度问题很严重，完全不值这个价格。""",122,智能净水器,博世 智能净水器 Plus,鸿睿思博传媒有限公司智能科技
664,36,GR625,1.6,2026-01-16,"客户ID: GR625
客户公司: 明腾传媒有限公司互联网服务
客户所在地: 邯郸市, 中国
产品信息: 海尔智慧家庭 智能加湿器 Lite (类别: 智能加湿器)
生产商: 海尔智慧家庭
产品价格: 9057.68
评分: 1.6星
评价日期: 2026年01月16日
评价内容: ""购买后，这款海尔智慧家庭 智能加湿器 Lite功能实现得很糟糕。使用不到一周就出现了损坏。已经申请退款了。""",154,智能加湿器,海尔智慧家庭 智能加湿器 Lite,明腾传媒有限公司互联网服务
1286,50,GJ116,3.3,2026-01-16,"客户ID: GJ116
客户公司: 良诺信息有限公司生物科技
客户所在地: 红市, 中国
产品信息: 苹果 智能空气净化器 Basic (类别: 智能空气净化器)
生产商: 苹果智能家庭
产品价格: 9846.71
评分: 3.3星
评价日期: 2026年01月16日
评价内容: ""体验下来，这款智能空气净化器功能基本满足需求。在工作日使用时，远程控制表现不错。不过缺点是操作复杂。价格虽高，但物有所值。""",165,智能空气净化器,苹果 智能空气净化器 Basic,良诺信息有限公司生物科技
426,56,YR398,4.9,2026-01-15,"客户ID: YR398
客户公司: 浦华众城信息有限公司虚拟现实
客户所在地: 大冶市, 中国
产品信息: 华为 智能体重秤 Advanced (类别: 智能体重秤)
生产商: 华为智能生活
产品价格: 263.12
评分: 4.9星
评价日期: 2026年01月15日
评价内容: ""个人认为，这款智能体重秤真的很不错。而且高清画质设计很贴心。如果非要说缺点的话，可能就是反应迟钝。可以考虑其他品牌的同类产品。""",166,智能体重秤,华为 智能体重秤 Advanced,浦华众城信息有限公司虚拟现实
479,44,BI759,4.4,2026-01-15,"客户ID: BI759
客户公司: 时空盒数字信息有限公司虚拟现实
客户所在地: 荣市, 中国
产品信息: 小米 智能空调 Elite (类别: 智能空调)
生产商: 小米智能家居
产品价格: 7690.31
评分: 4.4星
评价日期: 2026年01月15日
评价内容: ""在做饭时时使用效果很好，特别是快速启动功能。""",123,智能空调,小米 智能空调 Elite,时空盒数字信息有限公司虚拟现实
1032,12,BP732,4.3,2026-01-15,"客户ID: BP732
客户公司: 南康网络有限公司互联网服务
客户所在地: 敏市, 中国
产品信息: 格力 智能空气净化器 Standard (类别: 智能空气净化器)
生产商: 格力智能电器
产品价格: 9181.39
评分: 4.3星
评价日期: 2026年01月15日
评价内容: ""收到货后，这款格力 智能空气净化器 Standard超出我的预期。此外远程控制功能特别实用。如果非要说缺点的话，电池寿命还有提升空间。期待下一代产品能有所改进。""",176,智能空气净化器,格力 智能空气净化器 Standard,南康网络有限公司互联网服务
1112,6,QL573,4.3,2026-01-14,"客户ID: QL573
客户公司: 维涛科技有限公司网络安全
客户所在地: 永安市, 中国
产品信息: 海尔智慧家庭 智能空气净化器 Basic (类别: 智能空气净化器)
生产商: 海尔智慧家庭
产品价格: 5495.06
评分: 4.3星
评价日期: 2026年01月14日
评价内容: ""试用了几天，这款海尔智慧家庭 智能空气净化器 Basic品质很好。建议慎重考虑。""",143,智能空气净化器,海尔智慧家庭 智能空气净化器 Basic,维涛科技有限公司网络安全
140,74,XO649,4.4,2026-01-13,"客户ID: XO649
客户公司: 晖来计算机传媒有限公司云计算
客户所在地: 郑州县, 中国
产品信息: 松下 智能窗帘 Lite (类别: 智能窗帘)
生产商: 松下智能电器
产品价格: 2277.79
评分: 4.4星
评价日期: 2026年01月13日
评价内容: ""在多次对比之后选择了这款，这款智能窗帘功能很强大。同时静音设计设计很贴心。比我预期的要好。如果非要说缺点的话，可能就是售后服务差。这个价位能买到这样的产品已经很不错了。""",185,智能窗帘,松下 智能窗帘 Lite,晖来计算机传媒有限公司云计算
879,39,NU711,2.1,2026-01-13,"客户ID: NU711
客户公司: 易动力科技有限公司人工智能
客户所在地: 桂兰县, 中国
产品信息: 西门子 智能音箱 Mini (类别: 智能音箱)
生产商: 西门子智能家居
产品价格: 1668.63
评分: 2.1星
评价日期: 2026年01月13日
评价内容: ""我觉得，这款西门子 智能音箱 Mini有严重问题。使用不到一周就出现了故障。唯一值得称赞的可能就是外观设计还不错。以后不会再考虑这个品牌的产品。""",169,智能音箱,西门子 智能音箱 Mini,易动力科技有限公司人工智能
689,85,CZ861,4.8,2026-01-11,"客户ID: CZ861
客户公司: 合联电子科技有限公司信息技术
客户所在地: 荣市, 中国
产品信息: 博世 智能马桶 Basic (类别: 智能马桶)
生产商: 博世智能系统
产品价格: 1564.93
评分: 4.8星
评价日期: 2026年01月11日
评价内容: ""这是我用过的最好的智能马桶之一，外观漂亮，性价比很高。""",127,智能马桶,博世 智能马桶 Basic,合联电子科技有限公司信息技术
60,41,AK874,4.9,2026-01-10,"客户ID: AK874
客户公司: 昊嘉信息有限公司区块链技术
客户所在地: 雷市, 中国
产品信息: 索尼 智能空气净化器 Ultra (类别: 智能空气净化器)
生产商: 索尼智能科技
产品价格: 9311.59
评分: 4.9星
评价日期: 2026年01月10日
评价内容: ""非常满意这次购买，智能化程度高，送货也很快。""",127,智能空气净化器,索尼 智能空气净化器 Ultra,昊嘉信息有限公司区块链技术
836,15,GJ116,4.4,2026-01-10,"客户ID: GJ116
客户公司: 良诺信息有限公司生物科技
客户所在地: 红市, 中国
产品信息: 谷歌 智能音箱 Elite (类别: 智能音箱)
生产商: 谷歌智能设备
产品价格: 6218.93
评分: 4.4星
评价日期: 2026年01月10日
评价内容: ""这款智能音箱质量很好，画质清晰。总体来说很满意。""",122,智能音箱,谷歌 智能音箱 Elite,良诺信息有限公司生物科技
1142,55,TB616,4.4,2026-01-10,"客户ID: TB616
客户公司: 晖来计算机网络有限公司虚拟现实
客户所在地: 梅县, 中国
产品信息: 飞利浦 智能手环 Max (类别: 智能手环)
生产商: 飞利浦智能照明
产品价格: 6762.29
评分: 4.4星
评价日期: 2026年01月10日
评价内容: ""老实讲，这款智能手环品质很好。另外特别适合户外活动。如果非要说缺点的话，可能就是画质模糊。期待下一代产品能有所改进。""",161,智能手环,飞利浦 智能手环 Max,晖来计算机网络有限公司虚拟现实
1174,72,WY218,2.1,2026-01-10,"客户ID: WY218
客户公司: 飞海科技传媒有限公司信息技术
客户所在地: 济南市, 中国
产品信息: 西门子 智能洗衣机 Pro (类别: 智能洗衣机)
生产商: 西门子智能家居
产品价格: 6209.73
评分: 2.1星
评价日期: 2026年01月10日
评价内容: ""个人认为，这款西门子 智能洗衣机 Pro性价比极低。连接稳定性简直无法忍受。不推荐任何人购买。""",148,智能洗衣机,西门子 智能洗衣机 Pro,飞海科技传媒有限公司信息技术
352,92,GL926,4.9,2026-01-08,"客户ID: GL926
客户公司: 时空盒数字传媒有限公司大数据分析
客户所在地: 巢湖市, 中国
产品信息: 西门子 智能摄像头 Plus (类别: 智能摄像头)
生产商: 西门子智能家居
产品价格: 9026.06
评分: 4.9星
评价日期: 2026年01月08日
评价内容: ""智能摄像头的设计很人性化，兼容性强，值得推荐。""",130,智能摄像头,西门子 智能摄像头 Plus,时空盒数字传媒有限公司大数据分析
1113,18,BW289,1.3,2026-01-08,"客户ID: BW289
客户公司: 海创网络有限公司生物科技
客户所在地: 汕尾县, 中国
产品信息: 美的 智能门锁 Mini (类别: 智能门锁)
生产商: 美的智能科技
产品价格: 5323.58
评分: 1.3星
评价日期: 2026年01月08日
评价内容: ""个人认为，这款智能门锁不推荐购买。在看电影时时完全不能正常工作。已经申请退款了。""",139,智能门锁,美的 智能门锁 Mini,海创网络有限公司生物科技
912,26,CM245,4.4,2026-01-07,"客户ID: CM245
客户公司: 万迅电脑信息有限公司科技公司
客户所在地: 洋县, 中国
产品信息: 亚马逊 智能扫地机器人 Mini (类别: 智能扫地机器人)
生产商: 亚马逊智能科技
产品价格: 7885.52
评分: 4.4星
评价日期: 2026年01月07日
评价内容: ""我觉得，这款亚马逊 智能扫地机器人 Mini非常满意。值得一提的是在做饭时时表现尤为出色。建议慎重考虑。""",155,智能扫地机器人,亚马逊 智能扫地机器人 Mini,万迅电脑信息有限公司科技公司
106,79,MZ379,3.9,2026-01-06,"客户ID: MZ379
客户公司: 联软传媒有限公司区块链技术
客户所在地: 慧县, 中国
产品信息: 格力 智能手环 Lite (类别: 智能手环)
生产商: 格力智能电器
产品价格: 9808.19
评分: 3.9星
评价日期: 2026年01月06日
评价内容: ""总体来说还行，外观漂亮，就是价格偏高。""",118,智能手环,格力 智能手环 Lite,联软传媒有限公司区块链技术
1010,44,CS287,3.7,2026-01-06,"客户ID: CS287
客户公司: 和泰网络有限公司电子商务
客户所在地: 玲市, 中国
产品信息: 小米 智能空调 Elite (类别: 智能空调)
生产商: 小米智能家居
产品价格: 7690.31
评分: 3.7星
评价日期: 2026年01月06日
评价内容: ""这款智能空调一般，安装方便，但是散热问题有点问题。""",123,智能空调,小米 智能空调 Elite,和泰网络有限公司电子商务
442,53,PV664,1.6,2026-01-05,"客户ID: PV664
客户公司: 毕博诚信息有限公司信息技术
客户所在地: 柳州县, 中国
产品信息: 华为 智能电视 Lite (类别: 智能电视)
生产商: 华为智能生活
产品价格: 2968.02
评分: 1.6星
评价日期: 2026年01月05日
评价内容: ""对这款智能电视非常不满意，智能化程度低，浪费钱。""",124,智能电视,华为 智能电视 Lite,毕博诚信息有限公司信息技术
951,40,OA831,3.9,2026-01-05,"客户ID: OA831
客户公司: 华泰通安科技有限公司网络安全
客户所在地: 玉梅市, 中国
产品信息: 小米 智能马桶 Lite (类别: 智能马桶)
生产商: 小米智能家居
产品价格: 6252.3
评分: 3.9星
评价日期: 2026年01月05日
评价内容: ""在晚上睡前使用还不错，但在其他情况下表现一般。""",124,智能马桶,小米 智能马桶 Lite,华泰通安科技有限公司网络安全
34,57,AU710,1.2,2026-01-04,"客户ID: AU710
客户公司: 巨奥传媒有限公司信息技术
客户所在地: 辛集市, 中国
产品信息: 博世 智能净水器 Plus (类别: 智能净水器)
生产商: 博世智能系统
产品价格: 4134.03
评分: 1.2星
评价日期: 2026年01月04日
评价内容: ""使用后感觉，这款智能净水器不值这个价格。使用不到一周就出现了失灵。""",134,智能净水器,博世 智能净水器 Plus,巨奥传媒有限公司信息技术
1103,20,RY572,4.4,2026-01-04,"客户ID: RY572
客户公司: 中建创业信息有限公司虚拟现实
客户所在地: 冬梅县, 中国
产品信息: 谷歌 智能净水器 Basic (类别: 智能净水器)
生产商: 谷歌智能设备
产品价格: 2404.37
评分: 4.4星
评价日期: 2026年01月04日
评价内容: ""智能净水器的设计很人性化，音质出色，值得推荐。""",126,智能净水器,谷歌 智能净水器 Basic,中建创业信息有限公司虚拟现实
55,18,ZH741,1.6,2026-01-03,"客户ID: ZH741
客户公司: 巨奥科技有限公司信息技术
客户所在地: 峰县, 中国
产品信息: 美的 智能门锁 Mini (类别: 智能门锁)
生产商: 美的智能科技
产品价格: 5323.58
评分: 1.6星
评价日期: 2026年01月03日
评价内容: ""个人认为，这款美的 智能门锁 Mini使用体验很差。主要问题在于功能单一。唯一值得称赞的可能就是售后服务态度好。""",149,智能门锁,美的 智能门锁 Mini,巨奥科技有限公司信息技术
389,57,DV182,1.5,2026-01-03,"客户ID: DV182
客户公司: 艾提科信传媒有限公司网络安全
客户所在地: 桂荣市, 中国
产品信息: 博世 智能净水器 Plus (类别: 智能净水器)
生产商: 博世智能系统
产品价格: 4134.03
评分: 1.5星
评价日期: 2026年01月03日
评价内容: ""不推荐这款智能净水器，耗电量大，很失望。""",123,智能净水器,博世 智能净水器 Plus,艾提科信传媒有限公司网络安全
497,22,UY980,1.8,2026-01-03,"客户ID: UY980
客户公司: 兰金电子传媒有限公司生物科技
客户所在地: 桂香县, 中国
产品信息: 美的 智能电视 Basic (类别: 智能电视)
生产商: 美的智能科技
产品价格: 7621.5
评分: 1.8星
评价日期: 2026年01月03日
评价内容: ""体验下来，这款美的 智能电视 Basic质量太差。在看电影时时完全不能正常工作。唯一值得称赞的可能就是包装很精美。""",152,智能电视,美的 智能电视 Basic,兰金电子传媒有限公司生物科技
648,58,TE207,3.3,2026-01-03,"客户ID: TE207
客户公司: 新宇龙信息传媒有限公司人工智能
客户所在地: 张家港市, 中国
产品信息: 松下 智能扫地机器人 Plus (类别: 智能扫地机器人)
生产商: 松下智能电器
产品价格: 998.22
评分: 3.3星
评价日期: 2026年01月03日
评价内容: ""总体来说还行，反应灵敏，就是售后服务差。""",129,智能扫地机器人,松下 智能扫地机器人 Plus,新宇龙信息传媒有限公司人工智能
686,20,EM821,1.2,2026-01-03,"客户ID: EM821
客户公司: 泰麒麟信息有限公司人工智能
客户所在地: 香港县, 中国
产品信息: 谷歌 智能净水器 Basic (类别: 智能净水器)
生产商: 谷歌智能设备
产品价格: 2404.37
评分: 1.2星
评价日期: 2026年01月03日
评价内容: ""连接稳定性问题很严重，完全不值这个价格。""",122,智能净水器,谷歌 智能净水器 Basic,泰麒麟信息有限公司人工智能
228,65,PE529,3.2,2026-01-02,"客户ID: PE529
客户公司: 易动力网络有限公司信息技术
客户所在地: 英县, 中国
产品信息: 西门子 智能空调 Basic (类别: 智能空调)
生产商: 西门子智能家居
产品价格: 6493.01
评分: 3.2星
评价日期: 2026年01月02日
评价内容: ""这款产品优缺点都有，做工精细，但反应迟钝。""",122,智能空调,西门子 智能空调 Basic,易动力网络有限公司信息技术
1077,30,QJ392,2.8,2026-01-02,"客户ID: QJ392
客户公司: 创亿网络有限公司金融科技
客户所在地: 重庆市, 中国
产品信息: 小米 智能开关 Ultra (类别: 智能开关)
生产商: 小米智能家居
产品价格: 747.93
评分: 2.8星
评价日期: 2026年01月02日
评价内容: ""这款产品有严重问题，功能单一，已经申请退款。""",121,智能开关,小米 智能开关 Ultra,创亿网络有限公司金融科技
225,92,GC890,2.8,2025-12-31,"客户ID: GC890
客户公司: 创联世纪信息有限公司移动应用开发
客户所在地: 福州县, 中国
产品信息: 西门子 智能摄像头 Plus (类别: 智能摄像头)
生产商: 西门子智能家居
产品价格: 9026.06
评分: 2.8星
评价日期: 2025年12月31日
评价内容: ""不推荐这款智能摄像头，耗电量大，很失望。""",127,智能摄像头,西门子 智能摄像头 Plus,创联世纪信息有限公司移动应用开发
457,68,GR729,4.8,2025-12-30,"客户ID: GR729
客户公司: 中建创业网络有限公司移动应用开发
客户所在地: 辽阳县, 中国
产品信息: 博世 智能插座 Basic (类别: 智能插座)
生产商: 博世智能系统
产品价格: 3665.95
评分: 4.8星
评价日期: 2025年12月30日
评价内容: ""非常满意这次购买，做工精细，送货也很快。""",123,智能插座,博世 智能插座 Basic,中建创业网络有限公司移动应用开发
423,53,DV182,3.5,2025-12-29,"客户ID: DV182
客户公司: 艾提科信传媒有限公司网络安全
客户所在地: 桂荣市, 中国
产品信息: 华为 智能电视 Lite (类别: 智能电视)
生产商: 华为智能生活
产品价格: 2968.02
评分: 3.5星
评价日期: 2025年12月29日
评价内容: ""这款智能电视一般，做工精细，但是散热问题有点问题。""",126,智能电视,华为 智能电视 Lite,艾提科信传媒有限公司网络安全
1147,95,GL926,2.3,2025-12-29,"客户ID: GL926
客户公司: 时空盒数字传媒有限公司大数据分析
客户所在地: 巢湖市, 中国
产品信息: 格力 智能音箱 Advanced (类别: 智能音箱)
生产商: 格力智能电器
产品价格: 8366.34
评分: 2.3星
评价日期: 2025年12月29日
评价内容: ""使用一周后出现故障，做工一般，售后服务也不好。""",126,智能音箱,格力 智能音箱 Advanced,时空盒数字传媒有限公司大数据分析
245,37,CA470,3.1,2025-12-28,"客户ID: CA470
客户公司: 南康传媒有限公司生物科技
客户所在地: 贵阳市, 中国
产品信息: 飞利浦 智能马桶 Max (类别: 智能马桶)
生产商: 飞利浦智能照明
产品价格: 9941.8
评分: 3.1星
评价日期: 2025年12月28日
评价内容: ""这款智能马桶一般，节能环保，但是噪音控制有点问题。""",126,智能马桶,飞利浦 智能马桶 Max,南康传媒有限公司生物科技
642,21,EI532,1.2,2025-12-28,"客户ID: EI532
客户公司: 七喜传媒有限公司人工智能
客户所在地: 丽华县, 中国
产品信息: 华为 智能加湿器 Plus (类别: 智能加湿器)
生产商: 华为智能生活
产品价格: 2510.66
评分: 1.2星
评价日期: 2025年12月28日
评价内容: ""这款产品有严重问题，价格偏高，已经申请退款。""",123,智能加湿器,华为 智能加湿器 Plus,七喜传媒有限公司人工智能
1016,70,QL573,1.6,2025-12-28,"客户ID: QL573
客户公司: 维涛科技有限公司网络安全
客户所在地: 永安市, 中国
产品信息: 博世 智能净水器 Max (类别: 智能净水器)
生产商: 博世智能系统
产品价格: 7890.83
评分: 1.6星
评价日期: 2025年12月28日
评价内容: ""这款产品有严重问题，价格偏高，已经申请退款。""",123,智能净水器,博世 智能净水器 Max,维涛科技有限公司网络安全
255,24,MJ814,3.3,2025-12-27,"客户ID: MJ814
客户公司: 毕博诚科技有限公司互联网服务
客户所在地: 俊市, 中国
产品信息: 西门子 智能电视 Pro (类别: 智能电视)
生产商: 西门子智能家居
产品价格: 6676.17
评分: 3.3星
评价日期: 2025年12月27日
评价内容: ""在看电影时使用还不错，但在其他情况下表现一般。""",125,智能电视,西门子 智能电视 Pro,毕博诚科技有限公司互联网服务
855,64,PJ659,2.6,2025-12-27,"客户ID: PJ659
客户公司: 超艺网络有限公司人工智能
客户所在地: 武汉市, 中国
产品信息: 亚马逊 智能马桶 Standard (类别: 智能马桶)
生产商: 亚马逊智能科技
产品价格: 6039.3
评分: 2.6星
评价日期: 2025年12月27日
评价内容: ""对这款智能马桶非常不满意，使用说明不清，浪费钱。""",125,智能马桶,亚马逊 智能马桶 Standard,超艺网络有限公司人工智能
1073,4,DW607,2.1,2025-12-26,"客户ID: DW607
客户公司: 银嘉网络有限公司云计算
客户所在地: 杨县, 中国
产品信息: 西门子 智能电视 Pro (类别: 智能电视)
生产商: 西门子智能家居
产品价格: 9993.23
评分: 2.1星
评价日期: 2025年12月26日
评价内容: ""连接稳定性问题很严重，完全不值这个价格。""",119,智能电视,西门子 智能电视 Pro,银嘉网络有限公司云计算
639,69,LU518,1.2,2025-12-24,"客户ID: LU518
客户公司: 易动力传媒有限公司生物科技
客户所在地: 伟市, 中国
产品信息: 谷歌 智能洗衣机 Elite (类别: 智能洗衣机)
生产商: 谷歌智能设备
产品价格: 4072.02
评分: 1.2星
评价日期: 2025年12月24日
评价内容: ""这款产品有严重问题，续航时间短，已经申请退款。""",124,智能洗衣机,谷歌 智能洗衣机 Elite,易动力传媒有限公司生物科技
1188,101,JT617,3.8,2025-12-24,"客户ID: JT617
客户公司: 时空盒数字信息有限公司智能科技
客户所在地: 郑州县, 中国
产品信息: 三星 智能摄像头 Mini (类别: 智能摄像头)
生产商: 三星智能家电
产品价格: 1662.36
评分: 3.8星
评价日期: 2025年12月24日
评价内容: ""这款产品优缺点都有，节能环保，但反应迟钝。""",125,智能摄像头,三星 智能摄像头 Mini,时空盒数字信息有限公司智能科技
162,26,EU335,2.2,2025-12-23,"客户ID: EU335
客户公司: 济南亿次元网络有限公司科技公司
客户所在地: 巢湖市, 中国
产品信息: 亚马逊 智能扫地机器人 Mini (类别: 智能扫地机器人)
生产商: 亚马逊智能科技
产品价格: 7885.52
评分: 2.2星
评价日期: 2025年12月23日
评价内容: ""不推荐这款智能扫地机器人，兼容性差，很失望。""",132,智能扫地机器人,亚马逊 智能扫地机器人 Mini,济南亿次元网络有限公司科技公司
72,67,FN522,2.3,2025-12-22,"客户ID: FN522
客户公司: 新宇龙信息科技有限公司电子商务
客户所在地: 磊县, 中国
产品信息: 松下 智能电饭煲 Pro (类别: 智能电饭煲)
生产商: 松下智能电器
产品价格: 1510.53
评分: 2.3星
评价日期: 2025年12月22日
评价内容: ""对这款智能电饭煲非常不满意，操作复杂，浪费钱。""",126,智能电饭煲,松下 智能电饭煲 Pro,新宇龙信息科技有限公司电子商务
199,23,UY980,2.8,2025-12-22,"客户ID: UY980
客户公司: 兰金电子传媒有限公司生物科技
客户所在地: 桂香县, 中国
产品信息: 美的 智能净水器 Plus (类别: 智能净水器)
生产商: 美的智能科技
产品价格: 8466.26
评分: 2.8星
评价日期: 2025年12月22日
评价内容: ""个人认为，这款美的 智能净水器 Plus质量太差。在做饭时时完全不能正常工作。""",137,智能净水器,美的 智能净水器 Plus,兰金电子传媒有限公司生物科技
806,38,BN418,4.5,2025-12-22,"客户ID: BN418
客户公司: 易动力网络有限公司移动应用开发
客户所在地: 重庆市, 中国
产品信息: 西门子 智能冰箱 Standard (类别: 智能冰箱)
生产商: 西门子智能家居
产品价格: 4347.58
评分: 4.5星
评价日期: 2025年12月22日
评价内容: ""这款产品的定时功能特别好用，在日常使用时特别方便。""",129,智能冰箱,西门子 智能冰箱 Standard,易动力网络有限公司移动应用开发
418,37,XW046,3.5,2025-12-21,"客户ID: XW046
客户公司: 鑫博腾飞信息有限公司智能科技
客户所在地: 兴安盟市, 中国
产品信息: 飞利浦 智能马桶 Max (类别: 智能马桶)
生产商: 飞利浦智能照明
产品价格: 9941.8
评分: 3.5星
评价日期: 2025年12月21日
评价内容: ""智能马桶的质量还可以，音质出色，不过音质一般。""",127,智能马桶,飞利浦 智能马桶 Max,鑫博腾飞信息有限公司智能科技
838,63,EI532,1.8,2025-12-21,"客户ID: EI532
客户公司: 七喜传媒有限公司人工智能
客户所在地: 丽华县, 中国
产品信息: LG 智能净水器 Basic (类别: 智能净水器)
生产商: LG智能家电
产品价格: 9118.55
评分: 1.8星
评价日期: 2025年12月21日
评价内容: ""使用一周后出现故障，售后服务差，售后服务也不好。""",123,智能净水器,LG 智能净水器 Basic,七喜传媒有限公司人工智能
914,66,HD242,4.0,2025-12-20,"客户ID: HD242
客户公司: 富罳科技有限公司生物科技
客户所在地: 想县, 中国
产品信息: 松下 智能马桶 Elite (类别: 智能马桶)
生产商: 松下智能电器
产品价格: 9184.21
评分: 4.0星
评价日期: 2025年12月20日
评价内容: ""这款智能马桶质量很好，节能环保。总体来说很满意。""",122,智能马桶,松下 智能马桶 Elite,富罳科技有限公司生物科技
891,50,PL616,1.5,2025-12-19,"客户ID: PL616
客户公司: 巨奥网络有限公司金融科技
客户所在地: 明市, 中国
产品信息: 苹果 智能空气净化器 Basic (类别: 智能空气净化器)
生产商: 苹果智能家庭
产品价格: 9846.71
评分: 1.5星
评价日期: 2025年12月19日
评价内容: ""用了一段时间，这款苹果 智能空气净化器 Basic完全不符合预期。在做饭时时完全不能正常工作。希望厂家能重视这些问题。""",157,智能空气净化器,苹果 智能空气净化器 Basic,巨奥网络有限公司金融科技
1027,56,VC531,2.1,2025-12-19,"客户ID: VC531
客户公司: 九方传媒有限公司生物科技
客户所在地: 六盘水市, 中国
产品信息: 华为 智能体重秤 Advanced (类别: 智能体重秤)
生产商: 华为智能生活
产品价格: 263.12
评分: 2.1星
评价日期: 2025年12月19日
评价内容: ""这款产品有严重问题，续航时间短，已经申请退款。""",125,智能体重秤,华为 智能体重秤 Advanced,九方传媒有限公司生物科技
691,8,PL616,1.2,2025-12-18,"客户ID: PL616
客户公司: 巨奥网络有限公司金融科技
客户所在地: 明市, 中国
产品信息: 松下 智能开关 Lite (类别: 智能开关)
生产商: 松下智能电器
产品价格: 9053.56
评分: 1.2星
评价日期: 2025年12月18日
评价内容: ""用了一段时间，这款松下 智能开关 Lite性价比极低。电池寿命简直无法忍受。唯一值得称赞的可能就是外观设计还不错。这钱花得太冤枉了。""",159,智能开关,松下 智能开关 Lite,巨奥网络有限公司金融科技
1275,46,CS287,3.6,2025-12-18,"客户ID: CS287
客户公司: 和泰网络有限公司电子商务
客户所在地: 玲市, 中国
产品信息: 小米 智能开关 Max (类别: 智能开关)
生产商: 小米智能家居
产品价格: 2038.82
评分: 3.6星
评价日期: 2025年12月18日
评价内容: ""在早晨起床使用还不错，但在其他情况下表现一般。""",121,智能开关,小米 智能开关 Max,和泰网络有限公司电子商务
1314,64,EU335,2.3,2025-12-18,"客户ID: EU335
客户公司: 济南亿次元网络有限公司科技公司
客户所在地: 巢湖市, 中国
产品信息: 亚马逊 智能马桶 Standard (类别: 智能马桶)
生产商: 亚马逊智能科技
产品价格: 6039.3
评分: 2.3星
评价日期: 2025年12月18日
评价内容: ""作为一个经常使用此类产品的人，这款智能马桶不值这个价格。主要问题在于兼容性差。唯一值得称赞的可能就是外观设计还不错。""",162,智能马桶,亚马逊 智能马桶 Standard,济南亿次元网络有限公司科技公司
238,38,GR729,1.9,2025-12-17,"客户ID: GR729
客户公司: 中建创业网络有限公司移动应用开发
客户所在地: 辽阳县, 中国
产品信息: 西门子 智能冰箱 Standard (类别: 智能冰箱)
生产商: 西门子智能家居
产品价格: 4347.58
评分: 1.9星
评价日期: 2025年12月17日
评价内容: ""这款产品有严重问题，售后服务差，已经申请退款。""",128,智能冰箱,西门子 智能冰箱 Standard,中建创业网络有限公司移动应用开发
1042,50,DW607,2.0,2025-12-17,"客户ID: DW607
客户公司: 银嘉网络有限公司云计算
客户所在地: 杨县, 中国
产品信息: 苹果 智能空气净化器 Basic (类别: 智能空气净化器)
生产商: 苹果智能家庭
产品价格: 9846.71
评分: 2.0星
评价日期: 2025年12月17日
评价内容: ""不推荐这款智能空气净化器，续航时间短，很失望。""",126,智能空气净化器,苹果 智能空气净化器 Basic,银嘉网络有限公司云计算
317,62,HD242,2.1,2025-12-16,"客户ID: HD242
客户公司: 富罳科技有限公司生物科技
客户所在地: 想县, 中国
产品信息: 华为 智能洗衣机 Ultra (类别: 智能洗衣机)
生产商: 华为智能生活
产品价格: 8401.38
评分: 2.1星
评价日期: 2025年12月16日
评价内容: ""购买后，这款智能洗衣机功能实现得很糟糕。主要问题在于操作复杂。不推荐任何人购买。""",140,智能洗衣机,华为 智能洗衣机 Ultra,富罳科技有限公司生物科技
1197,23,KM929,4.4,2025-12-14,"客户ID: KM929
客户公司: 迪摩科技有限公司电子商务
客户所在地: 福州县, 中国
产品信息: 美的 智能净水器 Plus (类别: 智能净水器)
生产商: 美的智能科技
产品价格: 8466.26
评分: 4.4星
评价日期: 2025年12月14日
评价内容: ""非常满意这次购买，音质出色，送货也很快。""",121,智能净水器,美的 智能净水器 Plus,迪摩科技有限公司电子商务
1306,57,MJ814,1.1,2025-12-14,"客户ID: MJ814
客户公司: 毕博诚科技有限公司互联网服务
客户所在地: 俊市, 中国
产品信息: 博世 智能净水器 Plus (类别: 智能净水器)
生产商: 博世智能系统
产品价格: 4134.03
评分: 1.1星
评价日期: 2025年12月14日
评价内容: ""个人认为，这款博世 智能净水器 Plus功能实现得很糟糕。在晚上睡前时完全不能正常工作。唯一值得称赞的可能就是价格便宜。""",157,智能净水器,博世 智能净水器 Plus,毕博诚科技有限公司互联网服务
46,62,BI759,4.7,2025-12-13,"客户ID: BI759
客户公司: 时空盒数字信息有限公司虚拟现实
客户所在地: 荣市, 中国
产品信息: 华为 智能洗衣机 Ultra (类别: 智能洗衣机)
生产商: 华为智能生活
产品价格: 8401.38
评分: 4.7星
评价日期: 2025年12月13日
评价内容: ""这款智能洗衣机质量很好，音质出色。总体来说很满意。""",128,智能洗衣机,华为 智能洗衣机 Ultra,时空盒数字信息有限公司虚拟现实
584,57,PS740,1.9,2025-12-13,"客户ID: PS740
客户公司: 国讯科技有限公司金融科技
客户所在地: 金凤市, 中国
产品信息: 博世 智能净水器 Plus (类别: 智能净水器)
生产商: 博世智能系统
产品价格: 4134.03
评分: 1.9星
评价日期: 2025年12月13日
评价内容: ""对比了市面上几款同类产品后，这款智能净水器功能实现得很糟糕。主要问题在于做工一般。""",142,智能净水器,博世 智能净水器 Plus,国讯科技有限公司金融科技
29,4,WB890,1.5,2025-12-12,"客户ID: WB890
客户公司: 鑫博腾飞网络有限公司金融科技
客户所在地: 马鞍山市, 中国
产品信息: 西门子 智能电视 Pro (类别: 智能电视)
生产商: 西门子智能家居
产品价格: 9993.23
评分: 1.5星
评价日期: 2025年12月12日
评价内容: ""对这款智能电视非常不满意，使用说明不清，浪费钱。""",128,智能电视,西门子 智能电视 Pro,鑫博腾飞网络有限公司金融科技
297,62,QL573,2.6,2025-12-11,"客户ID: QL573
客户公司: 维涛科技有限公司网络安全
客户所在地: 永安市, 中国
产品信息: 华为 智能洗衣机 Ultra (类别: 智能洗衣机)
生产商: 华为智能生活
产品价格: 8401.38
评分: 2.6星
评价日期: 2025年12月11日
评价内容: ""这款产品有严重问题，使用说明不清，已经申请退款。""",125,智能洗衣机,华为 智能洗衣机 Ultra,维涛科技有限公司网络安全
562,64,US056,1.5,2025-12-11,"客户ID: US056
客户公司: 国讯网络有限公司移动应用开发
客户所在地: 文市, 中国
产品信息: 亚马逊 智能马桶 Standard (类别: 智能马桶)
生产商: 亚马逊智能科技
产品价格: 6039.3
评分: 1.5星
评价日期: 2025年12月11日
评价内容: ""对这款智能马桶非常不满意，稳定性差，浪费钱。""",124,智能马桶,亚马逊 智能马桶 Standard,国讯网络有限公司移动应用开发
1266,89,ME428,5.0,2025-12-10,"客户ID: ME428
客户公司: 创汇网络有限公司虚拟现实
客户所在地: 秀英市, 中国
产品信息: 博世 智能空调 Lite (类别: 智能空调)
生产商: 博世智能系统
产品价格: 9160.39
评分: 5.0星
评价日期: 2025年12月10日
评价内容: ""这款产品的多用户管理特别好用，在日常使用时特别方便。""",125,智能空调,博世 智能空调 Lite,创汇网络有限公司虚拟现实
933,92,WB209,3.7,2025-12-09,"客户ID: WB209
客户公司: 维涛传媒有限公司云计算
客户所在地: 秀华县, 中国
产品信息: 西门子 智能摄像头 Plus (类别: 智能摄像头)
生产商: 西门子智能家居
产品价格: 9026.06
评分: 3.7星
评价日期: 2025年12月09日
评价内容: ""总体来说还行，节能环保，就是耗电量大。""",121,智能摄像头,西门子 智能摄像头 Plus,维涛传媒有限公司云计算
419,92,VH856,1.5,2025-12-08,"客户ID: VH856
客户公司: 鑫博腾飞科技有限公司电子商务
客户所在地: 英县, 中国
产品信息: 西门子 智能摄像头 Plus (类别: 智能摄像头)
生产商: 西门子智能家居
产品价格: 9026.06
评分: 1.5星
评价日期: 2025年12月08日
评价内容: ""试用了几天，这款智能摄像头很失望。使用不到一周就出现了问题。希望厂家能重视这些问题。""",146,智能摄像头,西门子 智能摄像头 Plus,鑫博腾飞科技有限公司电子商务
99,1,GJ116,4.4,2025-12-07,"客户ID: GJ116
客户公司: 良诺信息有限公司生物科技
客户所在地: 红市, 中国
产品信息: 亚马逊 智能电饭煲 Advanced (类别: 智能电饭煲)
生产商: 亚马逊智能科技
产品价格: 7608.63
评分: 4.4星
评价日期: 2025年12月07日
评价内容: ""在早晨起床时使用效果很好，特别是快速启动功能。""",125,智能电饭煲,亚马逊 智能电饭煲 Advanced,良诺信息有限公司生物科技
1193,21,EU335,4.2,2025-12-06,"客户ID: EU335
客户公司: 济南亿次元网络有限公司科技公司
客户所在地: 巢湖市, 中国
产品信息: 华为 智能加湿器 Plus (类别: 智能加湿器)
生产商: 华为智能生活
产品价格: 2510.66
评分: 4.2星
评价日期: 2025年12月06日
评价内容: ""经过一段时间使用，这款智能加湿器很好用。和朋友推荐的一样好用。不太推荐购买。""",142,智能加湿器,华为 智能加湿器 Plus,济南亿次元网络有限公司科技公司
114,81,NQ176,3.1,2025-12-05,"客户ID: NQ176
客户公司: 图龙信息传媒有限公司数字科技
客户所在地: 南昌市, 中国
产品信息: 亚马逊 智能门锁 Max (类别: 智能门锁)
生产商: 亚马逊智能科技
产品价格: 1413.9
评分: 3.1星
评价日期: 2025年12月05日
评价内容: ""总体来说还行，安装方便，就是安装困难。""",122,智能门锁,亚马逊 智能门锁 Max,图龙信息传媒有限公司数字科技
170,43,AU710,2.4,2025-12-05,"客户ID: AU710
客户公司: 巨奥传媒有限公司信息技术
客户所在地: 辛集市, 中国
产品信息: 华为 智能电视 Max (类别: 智能电视)
生产商: 华为智能生活
产品价格: 4139.84
评分: 2.4星
评价日期: 2025年12月05日
评价内容: ""不推荐这款智能电视，智能化程度低，很失望。""",120,智能电视,华为 智能电视 Max,巨奥传媒有限公司信息技术
1116,73,ZU351,2.6,2025-12-05,"客户ID: ZU351
客户公司: 银嘉科技有限公司科技公司
客户所在地: 秀荣市, 中国
产品信息: 飞利浦 智能扫地机器人 Ultra (类别: 智能扫地机器人)
生产商: 飞利浦智能照明
产品价格: 259.27
评分: 2.6星
评价日期: 2025年12月05日
评价内容: ""使用一周后出现故障，功能单一，售后服务也不好。""",130,智能扫地机器人,飞利浦 智能扫地机器人 Ultra,银嘉科技有限公司科技公司
578,58,YR398,4.6,2025-12-04,"客户ID: YR398
客户公司: 浦华众城信息有限公司虚拟现实
客户所在地: 大冶市, 中国
产品信息: 松下 智能扫地机器人 Plus (类别: 智能扫地机器人)
生产商: 松下智能电器
产品价格: 998.22
评分: 4.6星
评价日期: 2025年12月04日
评价内容: ""智能扫地机器人的设计很人性化，质量很好，值得推荐。""",132,智能扫地机器人,松下 智能扫地机器人 Plus,浦华众城信息有限公司虚拟现实
138,83,TW751,1.1,2025-12-03,"客户ID: TW751
客户公司: 图龙信息网络有限公司云计算
客户所在地: 宁德市, 中国
产品信息: 西门子 智能手环 Standard (类别: 智能手环)
生产商: 西门子智能家居
产品价格: 4892.47
评分: 1.1星
评价日期: 2025年12月03日
评价内容: ""从我的使用体验来看，这款西门子 智能手环 Standard性价比极低。在工作时时完全不能正常工作。唯一值得称赞的可能就是包装很精美。""",159,智能手环,西门子 智能手环 Standard,图龙信息网络有限公司云计算
1216,30,BW289,3.7,2025-12-03,"客户ID: BW289
客户公司: 海创网络有限公司生物科技
客户所在地: 汕尾县, 中国
产品信息: 小米 智能开关 Ultra (类别: 智能开关)
生产商: 小米智能家居
产品价格: 747.93
评分: 3.7星
评价日期: 2025年12月03日
评价内容: ""用了一段时间，这款小米 智能开关 Ultra性价比一般。在工作时时使用体验还不错。除此之外连接稳定性有点问题。整体体验不错。""",155,智能开关,小米 智能开关 Ultra,海创网络有限公司生物科技
271,73,AK874,1.5,2025-12-02,"客户ID: AK874
客户公司: 昊嘉信息有限公司区块链技术
客户所在地: 雷市, 中国
产品信息: 飞利浦 智能扫地机器人 Ultra (类别: 智能扫地机器人)
生产商: 飞利浦智能照明
产品价格: 259.27
评分: 1.5星
评价日期: 2025年12月02日
评价内容: ""对这款智能扫地机器人非常不满意，续航时间短，浪费钱。""",133,智能扫地机器人,飞利浦 智能扫地机器人 Ultra,昊嘉信息有限公司区块链技术
783,79,QU287,3.7,2025-12-01,"客户ID: QU287
客户公司: 戴硕电子科技有限公司移动应用开发
客户所在地: 瑜市, 中国
产品信息: 格力 智能手环 Lite (类别: 智能手环)
生产商: 格力智能电器
产品价格: 9808.19
评分: 3.7星
评价日期: 2025年12月01日
评价内容: ""使用后感觉，这款格力 智能手环 Lite也没有特别失望。在看电影时时使用体验还不错。而且信号强度有点问题。对得起这个价格。""",158,智能手环,格力 智能手环 Lite,戴硕电子科技有限公司移动应用开发
964,99,MZ379,4.4,2025-12-01,"客户ID: MZ379
客户公司: 联软传媒有限公司区块链技术
客户所在地: 慧县, 中国
产品信息: 三星 智能音箱 Basic (类别: 智能音箱)
生产商: 三星智能家电
产品价格: 1681.15
评分: 4.4星
评价日期: 2025年12月01日
评价内容: ""这是我用过的最好的智能音箱之一，安装方便，性价比很高。""",126,智能音箱,三星 智能音箱 Basic,联软传媒有限公司区块链技术
673,11,PC764,3.8,2025-11-30,"客户ID: PC764
客户公司: 恒聪百汇传媒有限公司虚拟现实
客户所在地: 重庆市, 中国
产品信息: 小米 智能门锁 Mini (类别: 智能门锁)
生产商: 小米智能家居
产品价格: 4624.66
评分: 3.8星
评价日期: 2025年11月30日
评价内容: ""总体来说还行，续航时间长，就是价格偏高。""",121,智能门锁,小米 智能门锁 Mini,恒聪百汇传媒有限公司虚拟现实
1017,8,PC764,2.0,2025-11-29,"客户ID: PC764
客户公司: 恒聪百汇传媒有限公司虚拟现实
客户所在地: 重庆市, 中国
产品信息: 松下 智能开关 Lite (类别: 智能开关)
生产商: 松下智能电器
产品价格: 9053.56
评分: 2.0星
评价日期: 2025年11月29日
评价内容: ""对这款智能开关非常不满意，耗电量大，浪费钱。""",123,智能开关,松下 智能开关 Lite,恒聪百汇传媒有限公司虚拟现实
1097,13,AY876,1.1,2025-11-29,"客户ID: AY876
客户公司: 精芯传媒有限公司物联网
客户所在地: 武汉市, 中国
产品信息: 三星 智能电饭煲 Max (类别: 智能电饭煲)
生产商: 三星智能家电
产品价格: 3642.29
评分: 1.1星
评价日期: 2025年11月29日
评价内容: ""这款产品有严重问题，反应迟钝，已经申请退款。""",122,智能电饭煲,三星 智能电饭煲 Max,精芯传媒有限公司物联网
1158,36,FA862,4.6,2025-11-29,"客户ID: FA862
客户公司: 方正科技网络有限公司云计算
客户所在地: 潮州县, 中国
产品信息: 海尔智慧家庭 智能加湿器 Lite (类别: 智能加湿器)
生产商: 海尔智慧家庭
产品价格: 9057.68
评分: 4.6星
评价日期: 2025年11月29日
评价内容: ""说实话，这款智能加湿器功能很强大。遗憾的是在看电影时时表现尤为出色。如果非要说缺点的话，配件可以再多一些。值得购买。""",164,智能加湿器,海尔智慧家庭 智能加湿器 Lite,方正科技网络有限公司云计算
1200,92,AU710,4.9,2025-11-29,"客户ID: AU710
客户公司: 巨奥传媒有限公司信息技术
客户所在地: 辛集市, 中国
产品信息: 西门子 智能摄像头 Plus (类别: 智能摄像头)
生产商: 西门子智能家居
产品价格: 9026.06
评分: 4.9星
评价日期: 2025年11月29日
评价内容: ""体验下来，这款西门子 智能摄像头 Plus设计很人性化。特别是节能模式功能特别实用。比我预期的要好。如果非要说缺点的话，价格稍微贵了一点。值得购买。""",172,智能摄像头,西门子 智能摄像头 Plus,巨奥传媒有限公司信息技术
687,97,AW347,1.5,2025-11-28,"客户ID: AW347
客户公司: 鸿睿思博传媒有限公司智能科技
客户所在地: 武汉市, 中国
产品信息: 格力 智能净水器 Ultra (类别: 智能净水器)
生产商: 格力智能电器
产品价格: 9164.46
评分: 1.5星
评价日期: 2025年11月28日
评价内容: ""使用一周后出现故障，智能化程度低，售后服务也不好。""",128,智能净水器,格力 智能净水器 Ultra,鸿睿思博传媒有限公司智能科技
1134,15,GR729,4.4,2025-11-27,"客户ID: GR729
客户公司: 中建创业网络有限公司移动应用开发
客户所在地: 辽阳县, 中国
产品信息: 谷歌 智能音箱 Elite (类别: 智能音箱)
生产商: 谷歌智能设备
产品价格: 6218.93
评分: 4.4星
评价日期: 2025年11月27日
评价内容: ""这是我用过的最好的智能音箱之一，做工精细，性价比很高。""",130,智能音箱,谷歌 智能音箱 Elite,中建创业网络有限公司移动应用开发
1208,5,QT258,2.1,2025-11-27,"客户ID: QT258
客户公司: 商软冠联传媒有限公司大数据分析
客户所在地: 玉珍县, 中国
产品信息: 美的 智能电饭煲 Pro (类别: 智能电饭煲)
生产商: 美的智能科技
产品价格: 5002.04
评分: 2.1星
评价日期: 2025年11月27日
评价内容: ""体验下来，这款智能电饭煲功能实现得很糟糕。在做饭时时完全不能正常工作。希望厂家能重视这些问题。""",151,智能电饭煲,美的 智能电饭煲 Pro,商软冠联传媒有限公司大数据分析
713,73,LB704,2.0,2025-11-26,"客户ID: LB704
客户公司: 群英信息有限公司金融科技
客户所在地: 昆明县, 中国
产品信息: 飞利浦 智能扫地机器人 Ultra (类别: 智能扫地机器人)
生产商: 飞利浦智能照明
产品价格: 259.27
评分: 2.0星
评价日期: 2025年11月26日
评价内容: ""信号强度问题很严重，完全不值这个价格。""",126,智能扫地机器人,飞利浦 智能扫地机器人 Ultra,群英信息有限公司金融科技
472,101,YR398,1.3,2025-11-25,"客户ID: YR398
客户公司: 浦华众城信息有限公司虚拟现实
客户所在地: 大冶市, 中国
产品信息: 三星 智能摄像头 Mini (类别: 智能摄像头)
生产商: 三星智能家电
产品价格: 1662.36
评分: 1.3星
评价日期: 2025年11月25日
评价内容: ""连接稳定性问题很严重，完全不值这个价格。""",123,智能摄像头,三星 智能摄像头 Mini,浦华众城信息有限公司虚拟现实
555,79,GL926,4.6,2025-11-25,"客户ID: GL926
客户公司: 时空盒数字传媒有限公司大数据分析
客户所在地: 巢湖市, 中国
产品信息: 格力 智能手环 Lite (类别: 智能手环)
生产商: 格力智能电器
产品价格: 9808.19
评分: 4.6星
评价日期: 2025年11月25日
评价内容: ""说实话，这款格力 智能手环 Lite品质很好。期待下一代产品能有所改进。""",134,智能手环,格力 智能手环 Lite,时空盒数字传媒有限公司大数据分析
792,69,CC657,4.1,2025-11-25,"客户ID: CC657
客户公司: 昊嘉信息有限公司信息技术
客户所在地: 军县, 中国
产品信息: 谷歌 智能洗衣机 Elite (类别: 智能洗衣机)
生产商: 谷歌智能设备
产品价格: 4072.02
评分: 4.1星
评价日期: 2025年11月25日
评价内容: ""我觉得，这款谷歌 智能洗衣机 Elite非常满意。但是自动升级是我最喜欢的部分。如果非要说缺点的话，配件可以再多一些。价格虽高，但物有所值。""",164,智能洗衣机,谷歌 智能洗衣机 Elite,昊嘉信息有限公司信息技术
1133,1,GC846,1.8,2025-11-25,"客户ID: GC846
客户公司: 明腾科技有限公司区块链技术
客户所在地: 石家庄市, 中国
产品信息: 亚马逊 智能电饭煲 Advanced (类别: 智能电饭煲)
生产商: 亚马逊智能科技
产品价格: 7608.63
评分: 1.8星
评价日期: 2025年11月25日
评价内容: ""对这款智能电饭煲非常不满意，安装困难，浪费钱。""",128,智能电饭煲,亚马逊 智能电饭煲 Advanced,明腾科技有限公司区块链技术
1287,20,VZ702,2.2,2025-11-25,"客户ID: VZ702
客户公司: 精芯网络有限公司互联网服务
客户所在地: 马鞍山县, 中国
产品信息: 谷歌 智能净水器 Basic (类别: 智能净水器)
生产商: 谷歌智能设备
产品价格: 2404.37
评分: 2.2星
评价日期: 2025年11月25日
评价内容: ""这款产品有严重问题，兼容性差，已经申请退款。""",125,智能净水器,谷歌 智能净水器 Basic,精芯网络有限公司互联网服务
351,98,PC764,2.8,2025-11-24,"客户ID: PC764
客户公司: 恒聪百汇传媒有限公司虚拟现实
客户所在地: 重庆市, 中国
产品信息: 格力 智能电视 Pro (类别: 智能电视)
生产商: 格力智能电器
产品价格: 2676.49
评分: 2.8星
评价日期: 2025年11月24日
评价内容: ""使用一周后出现故障，价格偏高，售后服务也不好。""",124,智能电视,格力 智能电视 Pro,恒聪百汇传媒有限公司虚拟现实
407,36,FN522,2.9,2025-11-24,"客户ID: FN522
客户公司: 新宇龙信息科技有限公司电子商务
客户所在地: 磊县, 中国
产品信息: 海尔智慧家庭 智能加湿器 Lite (类别: 智能加湿器)
生产商: 海尔智慧家庭
产品价格: 9057.68
评分: 2.9星
评价日期: 2025年11月24日
评价内容: ""坦白讲，这款海尔智慧家庭 智能加湿器 Lite使用体验很差。在看电影时时完全不能正常工作。唯一值得称赞的可能就是包装很精美。""",164,智能加湿器,海尔智慧家庭 智能加湿器 Lite,新宇龙信息科技有限公司电子商务
438,23,TB616,3.6,2025-11-24,"客户ID: TB616
客户公司: 晖来计算机网络有限公司虚拟现实
客户所在地: 梅县, 中国
产品信息: 美的 智能净水器 Plus (类别: 智能净水器)
生产商: 美的智能科技
产品价格: 8466.26
评分: 3.6星
评价日期: 2025年11月24日
评价内容: ""作为第一次购买这类产品的新手，这款智能净水器一般般。刚收到时，语音识别表现不错。遗憾的是缺点是画质模糊。期待下一代产品能有所改进。""",168,智能净水器,美的 智能净水器 Plus,晖来计算机网络有限公司虚拟现实
445,65,XA075,2.1,2025-11-24,"客户ID: XA075
客户公司: 网新恒天科技有限公司数字科技
客户所在地: 秀梅县, 中国
产品信息: 西门子 智能空调 Basic (类别: 智能空调)
生产商: 西门子智能家居
产品价格: 6493.01
评分: 2.1星
评价日期: 2025年11月24日
评价内容: ""老实讲，这款西门子 智能空调 Basic性价比极低。使用不到一周就出现了故障。唯一值得称赞的可能就是售后服务态度好。不推荐任何人购买。""",164,智能空调,西门子 智能空调 Basic,网新恒天科技有限公司数字科技
716,65,GJ116,1.4,2025-11-24,"客户ID: GJ116
客户公司: 良诺信息有限公司生物科技
客户所在地: 红市, 中国
产品信息: 西门子 智能空调 Basic (类别: 智能空调)
生产商: 西门子智能家居
产品价格: 6493.01
评分: 1.4星
评价日期: 2025年11月24日
评价内容: ""使用后感觉，这款西门子 智能空调 Basic不值这个价格。在看电影时时完全不能正常工作。唯一值得称赞的可能就是包装很精美。以后不会再考虑这个品牌的产品。""",170,智能空调,西门子 智能空调 Basic,良诺信息有限公司生物科技
1083,61,YR398,4.7,2025-11-24,"客户ID: YR398
客户公司: 浦华众城信息有限公司虚拟现实
客户所在地: 大冶市, 中国
产品信息: LG 智能洗衣机 Max (类别: 智能洗衣机)
生产商: LG智能家电
产品价格: 759.0
评分: 4.7星
评价日期: 2025年11月24日
评价内容: ""在早晨起床时使用效果很好，特别是智能联动功能。""",124,智能洗衣机,LG 智能洗衣机 Max,浦华众城信息有限公司虚拟现实
125,31,EA575,5.0,2025-11-23,"客户ID: EA575
客户公司: 襄樊地球村信息有限公司物联网
客户所在地: 丽娟市, 中国
产品信息: 三星 智能加湿器 Mini (类别: 智能加湿器)
生产商: 三星智能家电
产品价格: 1356.55
评分: 5.0星
评价日期: 2025年11月23日
评价内容: ""这款智能加湿器的智能学习功能很实用，稳定性好。""",126,智能加湿器,三星 智能加湿器 Mini,襄樊地球村信息有限公司物联网
324,52,YZ898,1.9,2025-11-23,"客户ID: YZ898
客户公司: 通际名联科技有限公司金融科技
客户所在地: 济南市, 中国
产品信息: 小米 智能插座 Max (类别: 智能插座)
生产商: 小米智能家居
产品价格: 5793.04
评分: 1.9星
评价日期: 2025年11月23日
评价内容: ""不推荐这款智能插座，音质一般，很失望。""",120,智能插座,小米 智能插座 Max,通际名联科技有限公司金融科技
1030,70,FJ947,1.2,2025-11-23,"客户ID: FJ947
客户公司: 浙大万朋信息有限公司生物科技
客户所在地: 鑫市, 中国
产品信息: 博世 智能净水器 Max (类别: 智能净水器)
生产商: 博世智能系统
产品价格: 7890.83
评分: 1.2星
评价日期: 2025年11月23日
评价内容: ""不推荐这款智能净水器，使用说明不清，很失望。""",124,智能净水器,博世 智能净水器 Max,浙大万朋信息有限公司生物科技
232,51,NU711,4.6,2025-11-22,"客户ID: NU711
客户公司: 易动力科技有限公司人工智能
客户所在地: 桂兰县, 中国
产品信息: 苹果 智能开关 Basic (类别: 智能开关)
生产商: 苹果智能家庭
产品价格: 869.49
评分: 4.6星
评价日期: 2025年11月22日
评价内容: ""购买后，这款苹果 智能开关 Basic很好用。最让我失望的是特别适合办公环境。价格虽高，但物有所值。""",144,智能开关,苹果 智能开关 Basic,易动力科技有限公司人工智能
772,3,CA470,3.2,2025-11-22,"客户ID: CA470
客户公司: 南康传媒有限公司生物科技
客户所在地: 贵阳市, 中国
产品信息: 华为 智能电视 Basic (类别: 智能电视)
生产商: 华为智能生活
产品价格: 8554.76
评分: 3.2星
评价日期: 2025年11月22日
评价内容: ""在多次对比之后选择了这款，这款智能电视优缺点都有。优点是做工精细。特别是使用久了会发现一些小问题。整体体验不错。""",155,智能电视,华为 智能电视 Basic,南康传媒有限公司生物科技
112,21,GJ116,4.6,2025-11-21,"客户ID: GJ116
客户公司: 良诺信息有限公司生物科技
客户所在地: 红市, 中国
产品信息: 华为 智能加湿器 Plus (类别: 智能加湿器)
生产商: 华为智能生活
产品价格: 2510.66
评分: 4.6星
评价日期: 2025年11月21日
评价内容: ""使用了一个月，节能环保，没有发现任何问题。""",121,智能加湿器,华为 智能加湿器 Plus,良诺信息有限公司生物科技
302,61,CC657,1.3,2025-11-20,"客户ID: CC657
客户公司: 昊嘉信息有限公司信息技术
客户所在地: 军县, 中国
产品信息: LG 智能洗衣机 Max (类别: 智能洗衣机)
生产商: LG智能家电
产品价格: 759.0
评分: 1.3星
评价日期: 2025年11月20日
评价内容: ""对比了市面上几款同类产品后，这款智能洗衣机使用体验很差。在早晨起床时完全不能正常工作。""",141,智能洗衣机,LG 智能洗衣机 Max,昊嘉信息有限公司信息技术
506,59,BP732,1.2,2025-11-20,"客户ID: BP732
客户公司: 南康网络有限公司互联网服务
客户所在地: 敏市, 中国
产品信息: 西门子 智能摄像头 Max (类别: 智能摄像头)
生产商: 西门子智能家居
产品价格: 5402.93
评分: 1.2星
评价日期: 2025年11月20日
评价内容: ""不得不说，这款智能摄像头质量太差。散热问题简直无法忍受。唯一值得称赞的可能就是送货速度快。""",148,智能摄像头,西门子 智能摄像头 Max,南康网络有限公司互联网服务
893,28,AW347,2.2,2025-11-20,"客户ID: AW347
客户公司: 鸿睿思博传媒有限公司智能科技
客户所在地: 武汉市, 中国
产品信息: 飞利浦 智能扫地机器人 Plus (类别: 智能扫地机器人)
生产商: 飞利浦智能照明
产品价格: 230.53
评分: 2.2星
评价日期: 2025年11月20日
评价内容: ""这款产品有严重问题，稳定性差，已经申请退款。""",131,智能扫地机器人,飞利浦 智能扫地机器人 Plus,鸿睿思博传媒有限公司智能科技
976,34,IP471,3.8,2025-11-20,"客户ID: IP471
客户公司: 银嘉信息有限公司移动应用开发
客户所在地: 荆门市, 中国
产品信息: 松下 智能开关 Advanced (类别: 智能开关)
生产商: 松下智能电器
产品价格: 7248.19
评分: 3.8星
评价日期: 2025年11月20日
评价内容: ""这款产品优缺点都有，外观漂亮，但智能化程度低。""",124,智能开关,松下 智能开关 Advanced,银嘉信息有限公司移动应用开发
150,98,RY548,3.8,2025-11-18,"客户ID: RY548
客户公司: 易动力信息有限公司网络安全
客户所在地: 斌县, 中国
产品信息: 格力 智能电视 Pro (类别: 智能电视)
生产商: 格力智能电器
产品价格: 2676.49
评分: 3.8星
评价日期: 2025年11月18日
评价内容: ""这款智能电视一般，安装方便，但是连接稳定性有点问题。""",125,智能电视,格力 智能电视 Pro,易动力信息有限公司网络安全
808,95,ZF061,3.6,2025-11-18,"客户ID: ZF061
客户公司: 维旺明信息有限公司人工智能
客户所在地: 坤县, 中国
产品信息: 格力 智能音箱 Advanced (类别: 智能音箱)
生产商: 格力智能电器
产品价格: 8366.34
评分: 3.6星
评价日期: 2025年11月18日
评价内容: ""智能音箱的质量还可以，智能化程度高，不过画质模糊。""",124,智能音箱,格力 智能音箱 Advanced,维旺明信息有限公司人工智能
1024,73,WW556,1.1,2025-11-18,"客户ID: WW556
客户公司: 商软冠联网络有限公司信息技术
客户所在地: 梅市, 中国
产品信息: 飞利浦 智能扫地机器人 Ultra (类别: 智能扫地机器人)
生产商: 飞利浦智能照明
产品价格: 259.27
评分: 1.1星
评价日期: 2025年11月18日
评价内容: ""使用一周后出现故障，做工一般，售后服务也不好。""",131,智能扫地机器人,飞利浦 智能扫地机器人 Ultra,商软冠联网络有限公司信息技术
1149,70,ZF801,2.5,2025-11-18,"客户ID: ZF801
客户公司: 易动力科技有限公司科技公司
客户所在地: 沈阳县, 中国
产品信息: 博世 智能净水器 Max (类别: 智能净水器)
生产商: 博世智能系统
产品价格: 7890.83
评分: 2.5星
评价日期: 2025年11月18日
评价内容: ""不得不说，这款博世 智能净水器 Max功能实现得很糟糕。噪音控制简直无法忍受。""",137,智能净水器,博世 智能净水器 Max,易动力科技有限公司科技公司
1254,5,BI759,2.5,2025-11-18,"客户ID: BI759
客户公司: 时空盒数字信息有限公司虚拟现实
客户所在地: 荣市, 中国
产品信息: 美的 智能电饭煲 Pro (类别: 智能电饭煲)
生产商: 美的智能科技
产品价格: 5002.04
评分: 2.5星
评价日期: 2025年11月18日
评价内容: ""对这款智能电饭煲非常不满意，音质一般，浪费钱。""",126,智能电饭煲,美的 智能电饭煲 Pro,时空盒数字信息有限公司虚拟现实
829,75,MG296,1.6,2025-11-17,"客户ID: MG296
客户公司: 浦华众城网络有限公司信息技术
客户所在地: 浩市, 中国
产品信息: 亚马逊 智能空调 Standard (类别: 智能空调)
生产商: 亚马逊智能科技
产品价格: 9247.38
评分: 1.6星
评价日期: 2025年11月17日
评价内容: ""使用一周后出现故障，稳定性差，售后服务也不好。""",125,智能空调,亚马逊 智能空调 Standard,浦华众城网络有限公司信息技术
71,34,WY218,2.1,2025-11-16,"客户ID: WY218
客户公司: 飞海科技传媒有限公司信息技术
客户所在地: 济南市, 中国
产品信息: 松下 智能开关 Advanced (类别: 智能开关)
生产商: 松下智能电器
产品价格: 7248.19
评分: 2.1星
评价日期: 2025年11月16日
评价内容: ""我发现，这款松下 智能开关 Advanced不推荐购买。使用不到一周就出现了失灵。这钱花得太冤枉了。""",142,智能开关,松下 智能开关 Advanced,飞海科技传媒有限公司信息技术
590,38,CZ861,4.3,2025-11-16,"客户ID: CZ861
客户公司: 合联电子科技有限公司信息技术
客户所在地: 荣市, 中国
产品信息: 西门子 智能冰箱 Standard (类别: 智能冰箱)
生产商: 西门子智能家居
产品价格: 4347.58
评分: 4.3星
评价日期: 2025年11月16日
评价内容: ""这是我用过的最好的智能冰箱之一，节能环保，性价比很高。""",129,智能冰箱,西门子 智能冰箱 Standard,合联电子科技有限公司信息技术
612,68,EK253,3.2,2025-11-16,"客户ID: EK253
客户公司: 兰金电子科技有限公司区块链技术
客户所在地: 南昌市, 中国
产品信息: 博世 智能插座 Basic (类别: 智能插座)
生产商: 博世智能系统
产品价格: 3665.95
评分: 3.2星
评价日期: 2025年11月16日
评价内容: ""这款产品优缺点都有，安装方便，但耗电量大。""",123,智能插座,博世 智能插座 Basic,兰金电子科技有限公司区块链技术
965,25,WB890,1.4,2025-11-16,"客户ID: WB890
客户公司: 鑫博腾飞网络有限公司金融科技
客户所在地: 马鞍山市, 中国
产品信息: 三星 智能窗帘 Basic (类别: 智能窗帘)
生产商: 三星智能家电
产品价格: 9678.27
评分: 1.4星
评价日期: 2025年11月16日
评价内容: ""对这款智能窗帘非常不满意，售后服务差，浪费钱。""",125,智能窗帘,三星 智能窗帘 Basic,鑫博腾飞网络有限公司金融科技
216,3,VX147,4.0,2025-11-15,"客户ID: VX147
客户公司: 东方峻景传媒有限公司金融科技
客户所在地: 海门县, 中国
产品信息: 华为 智能电视 Basic (类别: 智能电视)
生产商: 华为智能生活
产品价格: 8554.76
评分: 4.0星
评价日期: 2025年11月15日
评价内容: ""我觉得，这款华为 智能电视 Basic性价比很高。此外特别适合夜间使用。比我之前用的产品好多了。如果非要说缺点的话，可能就是反应迟钝。建议慎重考虑。""",169,智能电视,华为 智能电视 Basic,东方峻景传媒有限公司金融科技
157,50,ZO854,1.4,2025-11-14,"客户ID: ZO854
客户公司: MBP软件科技有限公司信息技术
客户所在地: 丽华县, 中国
产品信息: 苹果 智能空气净化器 Basic (类别: 智能空气净化器)
生产商: 苹果智能家庭
产品价格: 9846.71
评分: 1.4星
评价日期: 2025年11月14日
评价内容: ""对这款智能空气净化器非常不满意，兼容性差，浪费钱。""",131,智能空气净化器,苹果 智能空气净化器 Basic,MBP软件科技有限公司信息技术
621,79,KM929,1.3,2025-11-14,"客户ID: KM929
客户公司: 迪摩科技有限公司电子商务
客户所在地: 福州县, 中国
产品信息: 格力 智能手环 Lite (类别: 智能手环)
生产商: 格力智能电器
产品价格: 9808.19
评分: 1.3星
评价日期: 2025年11月14日
评价内容: ""使用一周后出现故障，售后服务差，售后服务也不好。""",123,智能手环,格力 智能手环 Lite,迪摩科技有限公司电子商务
536,48,WN094,2.3,2025-11-13,"客户ID: WN094
客户公司: 菊风公司传媒有限公司数字科技
客户所在地: 秀梅市, 中国
产品信息: 苹果 智能门锁 Pro (类别: 智能门锁)
生产商: 苹果智能家庭
产品价格: 815.71
评分: 2.3星
评价日期: 2025年11月13日
评价内容: ""对这款智能门锁非常不满意，耗电量大，浪费钱。""",123,智能门锁,苹果 智能门锁 Pro,菊风公司传媒有限公司数字科技
654,71,XO649,1.0,2025-11-13,"客户ID: XO649
客户公司: 晖来计算机传媒有限公司云计算
客户所在地: 郑州县, 中国
产品信息: 索尼 智能冰箱 Elite (类别: 智能冰箱)
生产商: 索尼智能科技
产品价格: 6386.01
评分: 1.0星
评价日期: 2025年11月13日
评价内容: ""对这款智能冰箱非常不满意，售后服务差，浪费钱。""",124,智能冰箱,索尼 智能冰箱 Elite,晖来计算机传媒有限公司云计算
811,66,AK874,1.6,2025-11-12,"客户ID: AK874
客户公司: 昊嘉信息有限公司区块链技术
客户所在地: 雷市, 中国
产品信息: 松下 智能马桶 Elite (类别: 智能马桶)
生产商: 松下智能电器
产品价格: 9184.21
评分: 1.6星
评价日期: 2025年11月12日
评价内容: ""不推荐这款智能马桶，反应迟钝，很失望。""",118,智能马桶,松下 智能马桶 Elite,昊嘉信息有限公司区块链技术
848,83,ME428,3.5,2025-11-11,"客户ID: ME428
客户公司: 创汇网络有限公司虚拟现实
客户所在地: 秀英市, 中国
产品信息: 西门子 智能手环 Standard (类别: 智能手环)
生产商: 西门子智能家居
产品价格: 4892.47
评分: 3.5星
评价日期: 2025年11月11日
评价内容: ""智能手环的质量还可以，外观漂亮，不过做工一般。""",124,智能手环,西门子 智能手环 Standard,创汇网络有限公司虚拟现实
858,57,NU711,4.0,2025-11-11,"客户ID: NU711
客户公司: 易动力科技有限公司人工智能
客户所在地: 桂兰县, 中国
产品信息: 博世 智能净水器 Plus (类别: 智能净水器)
生产商: 博世智能系统
产品价格: 4134.03
评分: 4.0星
评价日期: 2025年11月11日
评价内容: ""智能净水器的设计很人性化，音质出色，值得推荐。""",125,智能净水器,博世 智能净水器 Plus,易动力科技有限公司人工智能
306,3,IP471,3.0,2025-11-10,"客户ID: IP471
客户公司: 银嘉信息有限公司移动应用开发
客户所在地: 荆门市, 中国
产品信息: 华为 智能电视 Basic (类别: 智能电视)
生产商: 华为智能生活
产品价格: 8554.76
评分: 3.0星
评价日期: 2025年11月10日
评价内容: ""智能电视的质量还可以，质量很好，不过功能单一。""",124,智能电视,华为 智能电视 Basic,银嘉信息有限公司移动应用开发
1119,59,GC846,3.1,2025-11-10,"客户ID: GC846
客户公司: 明腾科技有限公司区块链技术
客户所在地: 石家庄市, 中国
产品信息: 西门子 智能摄像头 Max (类别: 智能摄像头)
生产商: 西门子智能家居
产品价格: 5402.93
评分: 3.1星
评价日期: 2025年11月10日
评价内容: ""作为一个经常使用此类产品的人，这款西门子 智能摄像头 Max基本符合预期。在工作日使用时，远程控制表现不错。尤其是缺点是续航时间短。建议慎重考虑。""",174,智能摄像头,西门子 智能摄像头 Max,明腾科技有限公司区块链技术
802,11,ZH741,1.8,2025-11-09,"客户ID: ZH741
客户公司: 巨奥科技有限公司信息技术
客户所在地: 峰县, 中国
产品信息: 小米 智能门锁 Mini (类别: 智能门锁)
生产商: 小米智能家居
产品价格: 4624.66
评分: 1.8星
评价日期: 2025年11月09日
评价内容: ""这款产品有严重问题，续航时间短，已经申请退款。""",121,智能门锁,小米 智能门锁 Mini,巨奥科技有限公司信息技术
147,71,RG743,4.1,2025-11-07,"客户ID: RG743
客户公司: 快讯信息有限公司智能科技
客户所在地: 勇县, 中国
产品信息: 索尼 智能冰箱 Elite (类别: 智能冰箱)
生产商: 索尼智能科技
产品价格: 6386.01
评分: 4.1星
评价日期: 2025年11月07日
评价内容: ""在工作时时使用效果很好，特别是静音设计功能。""",120,智能冰箱,索尼 智能冰箱 Elite,快讯信息有限公司智能科技
464,12,GC890,4.8,2025-11-07,"客户ID: GC890
客户公司: 创联世纪信息有限公司移动应用开发
客户所在地: 福州县, 中国
产品信息: 格力 智能空气净化器 Standard (类别: 智能空气净化器)
生产商: 格力智能电器
产品价格: 9181.39
评分: 4.8星
评价日期: 2025年11月07日
评价内容: ""使用了一个月，稳定性好，没有发现任何问题。""",130,智能空气净化器,格力 智能空气净化器 Standard,创联世纪信息有限公司移动应用开发
24,58,AY876,4.2,2025-11-06,"客户ID: AY876
客户公司: 精芯传媒有限公司物联网
客户所在地: 武汉市, 中国
产品信息: 松下 智能扫地机器人 Plus (类别: 智能扫地机器人)
生产商: 松下智能电器
产品价格: 998.22
评分: 4.2星
评价日期: 2025年11月06日
评价内容: ""这是我用过的最好的智能扫地机器人之一，外观漂亮，性价比很高。""",134,智能扫地机器人,松下 智能扫地机器人 Plus,精芯传媒有限公司物联网
852,81,NU711,2.2,2025-11-05,"客户ID: NU711
客户公司: 易动力科技有限公司人工智能
客户所在地: 桂兰县, 中国
产品信息: 亚马逊 智能门锁 Max (类别: 智能门锁)
生产商: 亚马逊智能科技
产品价格: 1413.9
评分: 2.2星
评价日期: 2025年11月05日
评价内容: ""对这款智能门锁非常不满意，智能化程度低，浪费钱。""",126,智能门锁,亚马逊 智能门锁 Max,易动力科技有限公司人工智能
14,45,VQ233,4.4,2025-11-04,"客户ID: VQ233
客户公司: 和泰信息有限公司信息技术
客户所在地: 成都市, 中国
产品信息: 博世 智能马桶 Max (类别: 智能马桶)
生产商: 博世智能系统
产品价格: 7392.23
评分: 4.4星
评价日期: 2025年11月04日
评价内容: ""非常满意这次购买，做工精细，送货也很快。""",119,智能马桶,博世 智能马桶 Max,和泰信息有限公司信息技术
1269,13,VX147,1.4,2025-11-04,"客户ID: VX147
客户公司: 东方峻景传媒有限公司金融科技
客户所在地: 海门县, 中国
产品信息: 三星 智能电饭煲 Max (类别: 智能电饭煲)
生产商: 三星智能家电
产品价格: 3642.29
评分: 1.4星
评价日期: 2025年11月04日
评价内容: ""散热问题问题很严重，完全不值这个价格。""",122,智能电饭煲,三星 智能电饭煲 Max,东方峻景传媒有限公司金融科技
146,85,AU710,3.9,2025-11-03,"客户ID: AU710
客户公司: 巨奥传媒有限公司信息技术
客户所在地: 辛集市, 中国
产品信息: 博世 智能马桶 Basic (类别: 智能马桶)
生产商: 博世智能系统
产品价格: 1564.93
评分: 3.9星
评价日期: 2025年11月03日
评价内容: ""试用了几天，这款智能马桶没有特别惊喜。静音设计设计得比较合理。值得一提的是缺点是兼容性差。性价比很高。""",150,智能马桶,博世 智能马桶 Basic,巨奥传媒有限公司信息技术
222,42,EA575,3.9,2025-11-03,"客户ID: EA575
客户公司: 襄樊地球村信息有限公司物联网
客户所在地: 丽娟市, 中国
产品信息: 谷歌 智能净水器 Ultra (类别: 智能净水器)
生产商: 谷歌智能设备
产品价格: 7844.22
评分: 3.9星
评价日期: 2025年11月03日
评价内容: ""智能净水器的质量还可以，外观漂亮，不过反应迟钝。""",127,智能净水器,谷歌 智能净水器 Ultra,襄樊地球村信息有限公司物联网
833,83,XA254,3.5,2025-11-02,"客户ID: XA254
客户公司: 易动力信息有限公司物联网
客户所在地: 齐齐哈尔市, 中国
产品信息: 西门子 智能手环 Standard (类别: 智能手环)
生产商: 西门子智能家居
产品价格: 4892.47
评分: 3.5星
评价日期: 2025年11月02日
评价内容: ""总体来说还行，做工精细，就是操作复杂。""",122,智能手环,西门子 智能手环 Standard,易动力信息有限公司物联网
1310,53,US056,1.5,2025-11-01,"客户ID: US056
客户公司: 国讯网络有限公司移动应用开发
客户所在地: 文市, 中国
产品信息: 华为 智能电视 Lite (类别: 智能电视)
生产商: 华为智能生活
产品价格: 2968.02
评分: 1.5星
评价日期: 2025年11月01日
评价内容: ""使用一周后出现故障，反应迟钝，售后服务也不好。""",123,智能电视,华为 智能电视 Lite,国讯网络有限公司移动应用开发
37,20,MJ814,1.9,2025-10-30,"客户ID: MJ814
客户公司: 毕博诚科技有限公司互联网服务
客户所在地: 俊市, 中国
产品信息: 谷歌 智能净水器 Basic (类别: 智能净水器)
生产商: 谷歌智能设备
产品价格: 2404.37
评分: 1.9星
评价日期: 2025年10月30日
评价内容: ""这款产品有严重问题，智能化程度低，已经申请退款。""",126,智能净水器,谷歌 智能净水器 Basic,毕博诚科技有限公司互联网服务
54,36,YZ898,4.1,2025-10-30,"客户ID: YZ898
客户公司: 通际名联科技有限公司金融科技
客户所在地: 济南市, 中国
产品信息: 海尔智慧家庭 智能加湿器 Lite (类别: 智能加湿器)
生产商: 海尔智慧家庭
产品价格: 9057.68
评分: 4.1星
评价日期: 2025年10月30日
评价内容: ""使用了一个月，节能环保，没有发现任何问题。""",128,智能加湿器,海尔智慧家庭 智能加湿器 Lite,通际名联科技有限公司金融科技
726,63,DX151,2.0,2025-10-30,"客户ID: DX151
客户公司: 易动力信息有限公司物联网
客户所在地: 佛山县, 中国
产品信息: LG 智能净水器 Basic (类别: 智能净水器)
生产商: LG智能家电
产品价格: 9118.55
评分: 2.0星
评价日期: 2025年10月30日
评价内容: ""这款产品有严重问题，兼容性差，已经申请退款。""",121,智能净水器,LG 智能净水器 Basic,易动力信息有限公司物联网
830,61,CA470,3.9,2025-10-30,"客户ID: CA470
客户公司: 南康传媒有限公司生物科技
客户所在地: 贵阳市, 中国
产品信息: LG 智能洗衣机 Max (类别: 智能洗衣机)
生产商: LG智能家电
产品价格: 759.0
评分: 3.9星
评价日期: 2025年10月30日
评价内容: ""这款智能洗衣机一般，智能化程度高，但是散热问题有点问题。""",127,智能洗衣机,LG 智能洗衣机 Max,南康传媒有限公司生物科技
1018,56,EI532,3.2,2025-10-29,"客户ID: EI532
客户公司: 七喜传媒有限公司人工智能
客户所在地: 丽华县, 中国
产品信息: 华为 智能体重秤 Advanced (类别: 智能体重秤)
生产商: 华为智能生活
产品价格: 263.12
评分: 3.2星
评价日期: 2025年10月29日
评价内容: ""这款智能体重秤一般，操作简单，但是散热问题有点问题。""",127,智能体重秤,华为 智能体重秤 Advanced,七喜传媒有限公司人工智能
1019,61,WY218,2.2,2025-10-29,"客户ID: WY218
客户公司: 飞海科技传媒有限公司信息技术
客户所在地: 济南市, 中国
产品信息: LG 智能洗衣机 Max (类别: 智能洗衣机)
生产商: LG智能家电
产品价格: 759.0
评分: 2.2星
评价日期: 2025年10月29日
评价内容: ""对这款智能洗衣机非常不满意，价格偏高，浪费钱。""",124,智能洗衣机,LG 智能洗衣机 Max,飞海科技传媒有限公司信息技术
1061,101,VX147,1.5,2025-10-29,"客户ID: VX147
客户公司: 东方峻景传媒有限公司金融科技
客户所在地: 海门县, 中国
产品信息: 三星 智能摄像头 Mini (类别: 智能摄像头)
生产商: 三星智能家电
产品价格: 1662.36
评分: 1.5星
评价日期: 2025年10月29日
评价内容: ""说实话，这款智能摄像头存在明显缺陷。主要问题在于价格偏高。希望厂家能重视这些问题。""",144,智能摄像头,三星 智能摄像头 Mini,东方峻景传媒有限公司金融科技
913,67,RY572,2.9,2025-10-28,"客户ID: RY572
客户公司: 中建创业信息有限公司虚拟现实
客户所在地: 冬梅县, 中国
产品信息: 松下 智能电饭煲 Pro (类别: 智能电饭煲)
生产商: 松下智能电器
产品价格: 1510.53
评分: 2.9星
评价日期: 2025年10月28日
评价内容: ""试用了几天，这款智能电饭煲有严重问题。主要问题在于音质一般。希望厂家能重视这些问题。""",145,智能电饭煲,松下 智能电饭煲 Pro,中建创业信息有限公司虚拟现实
1092,54,EM821,4.3,2025-10-28,"客户ID: EM821
客户公司: 泰麒麟信息有限公司人工智能
客户所在地: 香港县, 中国
产品信息: 博世 智能开关 Max (类别: 智能开关)
生产商: 博世智能系统
产品价格: 7392.09
评分: 4.3星
评价日期: 2025年10月28日
评价内容: ""这是我用过的最好的智能开关之一，反应灵敏，性价比很高。""",127,智能开关,博世 智能开关 Max,泰麒麟信息有限公司人工智能
1141,27,AY876,2.2,2025-10-27,"客户ID: AY876
客户公司: 精芯传媒有限公司物联网
客户所在地: 武汉市, 中国
产品信息: 小米 智能加湿器 Plus (类别: 智能加湿器)
生产商: 小米智能家居
产品价格: 8210.59
评分: 2.2星
评价日期: 2025年10月27日
评价内容: ""不推荐这款智能加湿器，功能单一，很失望。""",120,智能加湿器,小米 智能加湿器 Plus,精芯传媒有限公司物联网
1088,73,DW607,2.8,2025-10-26,"客户ID: DW607
客户公司: 银嘉网络有限公司云计算
客户所在地: 杨县, 中国
产品信息: 飞利浦 智能扫地机器人 Ultra (类别: 智能扫地机器人)
生产商: 飞利浦智能照明
产品价格: 259.27
评分: 2.8星
评价日期: 2025年10月26日
评价内容: ""必须承认，这款智能扫地机器人存在明显缺陷。主要问题在于价格偏高。唯一值得称赞的可能就是送货速度快。以后不会再考虑这个品牌的产品。""",169,智能扫地机器人,飞利浦 智能扫地机器人 Ultra,银嘉网络有限公司云计算
1168,75,EB652,2.5,2025-10-26,"客户ID: EB652
客户公司: 凌云信息有限公司虚拟现实
客户所在地: 秀珍县, 中国
产品信息: 亚马逊 智能空调 Standard (类别: 智能空调)
生产商: 亚马逊智能科技
产品价格: 9247.38
评分: 2.5星
评价日期: 2025年10月26日
评价内容: ""这款产品有严重问题，售后服务差，已经申请退款。""",124,智能空调,亚马逊 智能空调 Standard,凌云信息有限公司虚拟现实
779,47,KS630,1.9,2025-10-24,"客户ID: KS630
客户公司: 良诺信息有限公司网络安全
客户所在地: 潮州市, 中国
产品信息: 苹果 智能灯具 Basic (类别: 智能灯具)
生产商: 苹果智能家庭
产品价格: 2411.14
评分: 1.9星
评价日期: 2025年10月24日
评价内容: ""我觉得，这款智能灯具功能实现得很糟糕。在工作时时完全不能正常工作。""",132,智能灯具,苹果 智能灯具 Basic,良诺信息有限公司网络安全
915,70,YZ898,2.7,2025-10-24,"客户ID: YZ898
客户公司: 通际名联科技有限公司金融科技
客户所在地: 济南市, 中国
产品信息: 博世 智能净水器 Max (类别: 智能净水器)
生产商: 博世智能系统
产品价格: 7890.83
评分: 2.7星
评价日期: 2025年10月24日
评价内容: ""不推荐这款智能净水器，智能化程度低，很失望。""",125,智能净水器,博世 智能净水器 Max,通际名联科技有限公司金融科技
1264,46,DX151,2.6,2025-10-23,"客户ID: DX151
客户公司: 易动力信息有限公司物联网
客户所在地: 佛山县, 中国
产品信息: 小米 智能开关 Max (类别: 智能开关)
生产商: 小米智能家居
产品价格: 2038.82
评分: 2.6星
评价日期: 2025年10月23日
评价内容: ""坦白讲，这款智能开关质量太差。使用不到一周就出现了失灵。已经申请退款了。""",135,智能开关,小米 智能开关 Max,易动力信息有限公司物联网
489,38,NU711,4.5,2025-10-22,"客户ID: NU711
客户公司: 易动力科技有限公司人工智能
客户所在地: 桂兰县, 中国
产品信息: 西门子 智能冰箱 Standard (类别: 智能冰箱)
生产商: 西门子智能家居
产品价格: 4347.58
评分: 4.5星
评价日期: 2025年10月22日
评价内容: ""这款智能冰箱质量很好，智能化程度高。总体来说很满意。""",128,智能冰箱,西门子 智能冰箱 Standard,易动力科技有限公司人工智能
510,26,VZ702,4.5,2025-10-22,"客户ID: VZ702
客户公司: 精芯网络有限公司互联网服务
客户所在地: 马鞍山县, 中国
产品信息: 亚马逊 智能扫地机器人 Mini (类别: 智能扫地机器人)
生产商: 亚马逊智能科技
产品价格: 7885.52
评分: 4.5星
评价日期: 2025年10月22日
评价内容: ""购买后，这款智能扫地机器人品质很好。特别是快速启动设计很贴心。总体来说还是很满意的。""",151,智能扫地机器人,亚马逊 智能扫地机器人 Mini,精芯网络有限公司互联网服务
529,14,PV664,4.6,2025-10-22,"客户ID: PV664
客户公司: 毕博诚信息有限公司信息技术
客户所在地: 柳州县, 中国
产品信息: 格力 智能净水器 Mini (类别: 智能净水器)
生产商: 格力智能电器
产品价格: 8271.83
评分: 4.6星
评价日期: 2025年10月22日
评价内容: ""使用了一个月，做工精细，没有发现任何问题。""",123,智能净水器,格力 智能净水器 Mini,毕博诚信息有限公司信息技术
490,16,OA831,1.2,2025-10-21,"客户ID: OA831
客户公司: 华泰通安科技有限公司网络安全
客户所在地: 玉梅市, 中国
产品信息: 小米 智能电饭煲 Ultra (类别: 智能电饭煲)
生产商: 小米智能家居
产品价格: 8557.36
评分: 1.2星
评价日期: 2025年10月21日
评价内容: ""不推荐这款智能电饭煲，价格偏高，很失望。""",123,智能电饭煲,小米 智能电饭煲 Ultra,华泰通安科技有限公司网络安全
556,50,DH200,2.3,2025-10-21,"客户ID: DH200
客户公司: 盟新传媒有限公司大数据分析
客户所在地: 辽阳县, 中国
产品信息: 苹果 智能空气净化器 Basic (类别: 智能空气净化器)
生产商: 苹果智能家庭
产品价格: 9846.71
评分: 2.3星
评价日期: 2025年10月21日
评价内容: ""对这款智能空气净化器非常不满意，做工一般，浪费钱。""",131,智能空气净化器,苹果 智能空气净化器 Basic,盟新传媒有限公司大数据分析
1000,86,PE529,1.0,2025-10-21,"客户ID: PE529
客户公司: 易动力网络有限公司信息技术
客户所在地: 英县, 中国
产品信息: 博世 智能摄像头 Standard (类别: 智能摄像头)
生产商: 博世智能系统
产品价格: 8286.27
评分: 1.0星
评价日期: 2025年10月21日
评价内容: ""作为一个经常使用此类产品的人，这款博世 智能摄像头 Standard使用体验很差。在工作时时完全不能正常工作。唯一值得称赞的可能就是价格便宜。这钱花得太冤枉了。""",172,智能摄像头,博世 智能摄像头 Standard,易动力网络有限公司信息技术
336,76,RG743,4.8,2025-10-20,"客户ID: RG743
客户公司: 快讯信息有限公司智能科技
客户所在地: 勇县, 中国
产品信息: 松下 智能窗帘 Advanced (类别: 智能窗帘)
生产商: 松下智能电器
产品价格: 7412.19
评分: 4.8星
评价日期: 2025年10月20日
评价内容: ""作为一个经常使用此类产品的人，这款智能窗帘超出我的预期。尤其是自动升级是我最喜欢的部分。对得起这个价格。""",150,智能窗帘,松下 智能窗帘 Advanced,快讯信息有限公司智能科技
611,84,WQ849,3.9,2025-10-20,"客户ID: WQ849
客户公司: 开发区世创科技有限公司科技公司
客户所在地: 嘉禾市, 中国
产品信息: 苹果 智能扫地机器人 Pro (类别: 智能扫地机器人)
生产商: 苹果智能家庭
产品价格: 4063.85
评分: 3.9星
评价日期: 2025年10月20日
评价内容: ""使用后感觉，这款苹果 智能扫地机器人 Pro中规中矩。智能联动设计得比较合理。特别是使用久了会发现一些小问题。值得购买。""",164,智能扫地机器人,苹果 智能扫地机器人 Pro,开发区世创科技有限公司科技公司
793,63,NQ176,4.1,2025-10-20,"客户ID: NQ176
客户公司: 图龙信息传媒有限公司数字科技
客户所在地: 南昌市, 中国
产品信息: LG 智能净水器 Basic (类别: 智能净水器)
生产商: LG智能家电
产品价格: 9118.55
评分: 4.1星
评价日期: 2025年10月20日
评价内容: ""这款智能净水器的语音识别功能很实用，操作简单。""",124,智能净水器,LG 智能净水器 Basic,图龙信息传媒有限公司数字科技
258,48,GJ116,4.4,2025-10-19,"客户ID: GJ116
客户公司: 良诺信息有限公司生物科技
客户所在地: 红市, 中国
产品信息: 苹果 智能门锁 Pro (类别: 智能门锁)
生产商: 苹果智能家庭
产品价格: 815.71
评分: 4.4星
评价日期: 2025年10月19日
评价内容: ""这款产品的一键控制特别好用，在夜间使用时特别方便。""",123,智能门锁,苹果 智能门锁 Pro,良诺信息有限公司生物科技
378,63,QI779,3.5,2025-10-18,"客户ID: QI779
客户公司: 合联电子科技有限公司网络安全
客户所在地: 沈阳县, 中国
产品信息: LG 智能净水器 Basic (类别: 智能净水器)
生产商: LG智能家电
产品价格: 9118.55
评分: 3.5星
评价日期: 2025年10月18日
评价内容: ""老实讲，这款智能净水器性价比一般。在特殊场合使用时，节能模式表现不错。最重要的是信号强度有点问题。期待下一代产品能有所改进。""",163,智能净水器,LG 智能净水器 Basic,合联电子科技有限公司网络安全
401,11,IK721,3.8,2025-10-18,"客户ID: IK721
客户公司: 诺依曼软件传媒有限公司物联网
客户所在地: 华市, 中国
产品信息: 小米 智能门锁 Mini (类别: 智能门锁)
生产商: 小米智能家居
产品价格: 4624.66
评分: 3.8星
评价日期: 2025年10月18日
评价内容: ""这款产品优缺点都有，操作简单，但价格偏高。""",121,智能门锁,小米 智能门锁 Mini,诺依曼软件传媒有限公司物联网
107,79,QU287,3.1,2025-10-16,"客户ID: QU287
客户公司: 戴硕电子科技有限公司移动应用开发
客户所在地: 瑜市, 中国
产品信息: 格力 智能手环 Lite (类别: 智能手环)
生产商: 格力智能电器
产品价格: 9808.19
评分: 3.1星
评价日期: 2025年10月16日
评价内容: ""说实话，这款智能手环总体来说还可以。在工作时时使用体验还不错。遗憾的是使用久了会发现一些小问题。对得起这个价格。""",158,智能手环,格力 智能手环 Lite,戴硕电子科技有限公司移动应用开发
355,63,FJ947,4.8,2025-10-16,"客户ID: FJ947
客户公司: 浙大万朋信息有限公司生物科技
客户所在地: 鑫市, 中国
产品信息: LG 智能净水器 Basic (类别: 智能净水器)
生产商: LG智能家电
产品价格: 9118.55
评分: 4.8星
评价日期: 2025年10月16日
评价内容: ""这款智能净水器质量很好，质量很好。总体来说很满意。""",125,智能净水器,LG 智能净水器 Basic,浙大万朋信息有限公司生物科技
962,23,WB209,3.6,2025-10-16,"客户ID: WB209
客户公司: 维涛传媒有限公司云计算
客户所在地: 秀华县, 中国
产品信息: 美的 智能净水器 Plus (类别: 智能净水器)
生产商: 美的智能科技
产品价格: 8466.26
评分: 3.6星
评价日期: 2025年10月16日
评价内容: ""在看电影时使用还不错，但在其他情况下表现一般。""",123,智能净水器,美的 智能净水器 Plus,维涛传媒有限公司云计算
1004,5,AD089,4.6,2025-10-16,"客户ID: AD089
客户公司: 创亿网络有限公司移动应用开发
客户所在地: 楠市, 中国
产品信息: 美的 智能电饭煲 Pro (类别: 智能电饭煲)
生产商: 美的智能科技
产品价格: 5002.04
评分: 4.6星
评价日期: 2025年10月16日
评价内容: ""这款产品的智能场景特别好用，在户外活动时特别方便。""",127,智能电饭煲,美的 智能电饭煲 Pro,创亿网络有限公司移动应用开发
708,74,AY876,3.9,2025-10-15,"客户ID: AY876
客户公司: 精芯传媒有限公司物联网
客户所在地: 武汉市, 中国
产品信息: 松下 智能窗帘 Lite (类别: 智能窗帘)
生产商: 松下智能电器
产品价格: 2277.79
评分: 3.9星
评价日期: 2025年10月15日
评价内容: ""对比了市面上几款同类产品后，这款松下 智能窗帘 Lite也没有特别失望。在工作时时使用体验还不错。并且使用久了会发现一些小问题。期待下一代产品能有所改进。""",170,智能窗帘,松下 智能窗帘 Lite,精芯传媒有限公司物联网
987,10,ZG109,3.5,2025-10-15,"客户ID: ZG109
客户公司: 襄樊地球村网络有限公司智能科技
客户所在地: 坤县, 中国
产品信息: 美的 智能窗帘 Max (类别: 智能窗帘)
生产商: 美的智能科技
产品价格: 1836.78
评分: 3.5星
评价日期: 2025年10月15日
评价内容: ""这款智能窗帘一般，节能环保，但是散热问题有点问题。""",126,智能窗帘,美的 智能窗帘 Max,襄樊地球村网络有限公司智能科技
785,21,QI779,4.8,2025-10-13,"客户ID: QI779
客户公司: 合联电子科技有限公司网络安全
客户所在地: 沈阳县, 中国
产品信息: 华为 智能加湿器 Plus (类别: 智能加湿器)
生产商: 华为智能生活
产品价格: 2510.66
评分: 4.8星
评价日期: 2025年10月13日
评价内容: ""使用后感觉，这款华为 智能加湿器 Plus很好用。最让我失望的是语音识别功能特别实用。在同价位产品中表现最好。推荐给有需要的朋友。""",163,智能加湿器,华为 智能加湿器 Plus,合联电子科技有限公司网络安全
1013,38,WN094,3.0,2025-10-13,"客户ID: WN094
客户公司: 菊风公司传媒有限公司数字科技
客户所在地: 秀梅市, 中国
产品信息: 西门子 智能冰箱 Standard (类别: 智能冰箱)
生产商: 西门子智能家居
产品价格: 4347.58
评分: 3.0星
评价日期: 2025年10月13日
评价内容: ""在看电影时使用还不错，但在其他情况下表现一般。""",126,智能冰箱,西门子 智能冰箱 Standard,菊风公司传媒有限公司数字科技
15,60,ZU351,2.5,2025-10-10,"客户ID: ZU351
客户公司: 银嘉科技有限公司科技公司
客户所在地: 秀荣市, 中国
产品信息: 华为 智能窗帘 Basic (类别: 智能窗帘)
生产商: 华为智能生活
产品价格: 2259.63
评分: 2.5星
评价日期: 2025年10月10日
评价内容: ""使用一周后出现故障，续航时间短，售后服务也不好。""",123,智能窗帘,华为 智能窗帘 Basic,银嘉科技有限公司科技公司
984,43,YZ898,4.7,2025-10-10,"客户ID: YZ898
客户公司: 通际名联科技有限公司金融科技
客户所在地: 济南市, 中国
产品信息: 华为 智能电视 Max (类别: 智能电视)
生产商: 华为智能生活
产品价格: 4139.84
评分: 4.7星
评价日期: 2025年10月10日
评价内容: ""使用后感觉，这款华为 智能电视 Max很好用。而且特别适合户外活动。如果非要说缺点的话，配件可以再多一些。便宜没好货，这句话在这里很适用。""",166,智能电视,华为 智能电视 Max,通际名联科技有限公司金融科技
52,95,EM821,1.9,2025-10-09,"客户ID: EM821
客户公司: 泰麒麟信息有限公司人工智能
客户所在地: 香港县, 中国
产品信息: 格力 智能音箱 Advanced (类别: 智能音箱)
生产商: 格力智能电器
产品价格: 8366.34
评分: 1.9星
评价日期: 2025年10月09日
评价内容: ""不推荐这款智能音箱，续航时间短，很失望。""",120,智能音箱,格力 智能音箱 Advanced,泰麒麟信息有限公司人工智能
768,94,GL926,3.8,2025-10-09,"客户ID: GL926
客户公司: 时空盒数字传媒有限公司大数据分析
客户所在地: 巢湖市, 中国
产品信息: 格力 智能体重秤 Standard (类别: 智能体重秤)
生产商: 格力智能电器
产品价格: 9138.52
评分: 3.8星
评价日期: 2025年10月09日
评价内容: ""总体来说还行，做工精细，就是反应迟钝。""",124,智能体重秤,格力 智能体重秤 Standard,时空盒数字传媒有限公司大数据分析
781,97,VX147,4.6,2025-10-08,"客户ID: VX147
客户公司: 东方峻景传媒有限公司金融科技
客户所在地: 海门县, 中国
产品信息: 格力 智能净水器 Ultra (类别: 智能净水器)
生产商: 格力智能电器
产品价格: 9164.46
评分: 4.6星
评价日期: 2025年10月08日
评价内容: ""这款智能净水器质量很好，质量很好。总体来说很满意。""",128,智能净水器,格力 智能净水器 Ultra,东方峻景传媒有限公司金融科技
698,88,GL926,2.6,2025-10-07,"客户ID: GL926
客户公司: 时空盒数字传媒有限公司大数据分析
客户所在地: 巢湖市, 中国
产品信息: 格力 智能体重秤 Ultra (类别: 智能体重秤)
生产商: 格力智能电器
产品价格: 4528.2
评分: 2.6星
评价日期: 2025年10月07日
评价内容: ""作为一个经常使用此类产品的人，这款格力 智能体重秤 Ultra不值这个价格。主要问题在于稳定性差。""",148,智能体重秤,格力 智能体重秤 Ultra,时空盒数字传媒有限公司大数据分析
748,86,RV310,5.0,2025-10-07,"客户ID: RV310
客户公司: 银嘉科技有限公司云计算
客户所在地: 重庆县, 中国
产品信息: 博世 智能摄像头 Standard (类别: 智能摄像头)
生产商: 博世智能系统
产品价格: 8286.27
评分: 5.0星
评价日期: 2025年10月07日
评价内容: ""使用了一个月，质量很好，没有发现任何问题。""",121,智能摄像头,博世 智能摄像头 Standard,银嘉科技有限公司云计算
1289,87,MZ379,4.5,2025-10-07,"客户ID: MZ379
客户公司: 联软传媒有限公司区块链技术
客户所在地: 慧县, 中国
产品信息: 美的 智能马桶 Mini (类别: 智能马桶)
生产商: 美的智能科技
产品价格: 3349.58
评分: 4.5星
评价日期: 2025年10月07日
评价内容: ""在看电影时时使用效果很好，特别是省电模式功能。""",122,智能马桶,美的 智能马桶 Mini,联软传媒有限公司区块链技术
534,65,DV182,1.7,2025-10-06,"客户ID: DV182
客户公司: 艾提科信传媒有限公司网络安全
客户所在地: 桂荣市, 中国
产品信息: 西门子 智能空调 Basic (类别: 智能空调)
生产商: 西门子智能家居
产品价格: 6493.01
评分: 1.7星
评价日期: 2025年10月06日
评价内容: ""不推荐这款智能空调，操作复杂，很失望。""",122,智能空调,西门子 智能空调 Basic,艾提科信传媒有限公司网络安全
623,29,MR129,2.9,2025-10-06,"客户ID: MR129
客户公司: 太极信息有限公司互联网服务
客户所在地: 海门市, 中国
产品信息: 博世 智能空气净化器 Lite (类别: 智能空气净化器)
生产商: 博世智能系统
产品价格: 6067.97
评分: 2.9星
评价日期: 2025年10月06日
评价内容: ""散热问题问题很严重，完全不值这个价格。""",125,智能空气净化器,博世 智能空气净化器 Lite,太极信息有限公司互联网服务
627,38,KM929,4.7,2025-10-06,"客户ID: KM929
客户公司: 迪摩科技有限公司电子商务
客户所在地: 福州县, 中国
产品信息: 西门子 智能冰箱 Standard (类别: 智能冰箱)
生产商: 西门子智能家居
产品价格: 4347.58
评分: 4.7星
评价日期: 2025年10月06日
评价内容: ""这款智能冰箱质量很好，功能齐全。总体来说很满意。""",125,智能冰箱,西门子 智能冰箱 Standard,迪摩科技有限公司电子商务
971,40,KS630,3.0,2025-10-06,"客户ID: KS630
客户公司: 良诺信息有限公司网络安全
客户所在地: 潮州市, 中国
产品信息: 小米 智能马桶 Lite (类别: 智能马桶)
生产商: 小米智能家居
产品价格: 6252.3
评分: 3.0星
评价日期: 2025年10月06日
评价内容: ""这款智能马桶一般，兼容性强，但是信号强度有点问题。""",124,智能马桶,小米 智能马桶 Lite,良诺信息有限公司网络安全
56,11,PJ659,4.4,2025-10-05,"客户ID: PJ659
客户公司: 超艺网络有限公司人工智能
客户所在地: 武汉市, 中国
产品信息: 小米 智能门锁 Mini (类别: 智能门锁)
生产商: 小米智能家居
产品价格: 4624.66
评分: 4.4星
评价日期: 2025年10月05日
评价内容: ""这款智能门锁的智能学习功能很实用，音质出色。""",121,智能门锁,小米 智能门锁 Mini,超艺网络有限公司人工智能
704,27,NQ176,4.3,2025-10-05,"客户ID: NQ176
客户公司: 图龙信息传媒有限公司数字科技
客户所在地: 南昌市, 中国
产品信息: 小米 智能加湿器 Plus (类别: 智能加湿器)
生产商: 小米智能家居
产品价格: 8210.59
评分: 4.3星
评价日期: 2025年10月05日
评价内容: ""非常满意这次购买，兼容性强，送货也很快。""",123,智能加湿器,小米 智能加湿器 Plus,图龙信息传媒有限公司数字科技
331,88,ZG109,3.0,2025-10-04,"客户ID: ZG109
客户公司: 襄樊地球村网络有限公司智能科技
客户所在地: 坤县, 中国
产品信息: 格力 智能体重秤 Ultra (类别: 智能体重秤)
生产商: 格力智能电器
产品价格: 4528.2
评分: 3.0星
评价日期: 2025年10月04日
评价内容: ""在看电影时使用还不错，但在其他情况下表现一般。""",126,智能体重秤,格力 智能体重秤 Ultra,襄樊地球村网络有限公司智能科技
857,59,XN875,4.2,2025-10-04,"客户ID: XN875
客户公司: 天开传媒有限公司网络安全
客户所在地: 芳市, 中国
产品信息: 西门子 智能摄像头 Max (类别: 智能摄像头)
生产商: 西门子智能家居
产品价格: 5402.93
评分: 4.2星
评价日期: 2025年10月04日
评价内容: ""试用了几天，这款西门子 智能摄像头 Max值得推荐。不过省电模式设计很贴心。在同类产品中算是中等水平。如果非要说缺点的话，配件可以再多一些。整体体验不错。""",175,智能摄像头,西门子 智能摄像头 Max,天开传媒有限公司网络安全
1058,67,MZ379,1.8,2025-10-04,"客户ID: MZ379
客户公司: 联软传媒有限公司区块链技术
客户所在地: 慧县, 中国
产品信息: 松下 智能电饭煲 Pro (类别: 智能电饭煲)
生产商: 松下智能电器
产品价格: 1510.53
评分: 1.8星
评价日期: 2025年10月04日
评价内容: ""这款产品有严重问题，反应迟钝，已经申请退款。""",123,智能电饭煲,松下 智能电饭煲 Pro,联软传媒有限公司区块链技术
1248,83,NU012,1.6,2025-10-04,"客户ID: NU012
客户公司: 商软冠联传媒有限公司智能科技
客户所在地: 太原县, 中国
产品信息: 西门子 智能手环 Standard (类别: 智能手环)
生产商: 西门子智能家居
产品价格: 4892.47
评分: 1.6星
评价日期: 2025年10月04日
评价内容: ""使用一周后出现故障，操作复杂，售后服务也不好。""",126,智能手环,西门子 智能手环 Standard,商软冠联传媒有限公司智能科技
1282,37,MJ814,3.0,2025-10-03,"客户ID: MJ814
客户公司: 毕博诚科技有限公司互联网服务
客户所在地: 俊市, 中国
产品信息: 飞利浦 智能马桶 Max (类别: 智能马桶)
生产商: 飞利浦智能照明
产品价格: 9941.8
评分: 3.0星
评价日期: 2025年10月03日
评价内容: ""我觉得，这款飞利浦 智能马桶 Max中规中矩。在夏天使用时，自动调节表现不错。但是在家庭聚会场景下表现一般。建议慎重考虑。""",159,智能马桶,飞利浦 智能马桶 Max,毕博诚科技有限公司互联网服务
215,21,XA254,3.1,2025-10-03,"客户ID: XA254
客户公司: 易动力信息有限公司物联网
客户所在地: 齐齐哈尔市, 中国
产品信息: 华为 智能加湿器 Plus (类别: 智能加湿器)
生产商: 华为智能生活
产品价格: 2510.66
评分: 3.1星
评价日期: 2025年10月03日
评价内容: ""老实讲，这款智能加湿器一般般。在工作日使用时，语音识别表现不错。更让我满意的是信号强度有点问题。建议慎重考虑。""",158,智能加湿器,华为 智能加湿器 Plus,易动力信息有限公司物联网
315,53,GL926,1.6,2025-10-03,"客户ID: GL926
客户公司: 时空盒数字传媒有限公司大数据分析
客户所在地: 巢湖市, 中国
产品信息: 华为 智能电视 Lite (类别: 智能电视)
生产商: 华为智能生活
产品价格: 2968.02
评分: 1.6星
评价日期: 2025年10月03日
评价内容: ""不推荐这款智能电视，兼容性差，很失望。""",122,智能电视,华为 智能电视 Lite,时空盒数字传媒有限公司大数据分析
901,75,KS630,5.0,2025-10-03,"客户ID: KS630
客户公司: 良诺信息有限公司网络安全
客户所在地: 潮州市, 中国
产品信息: 亚马逊 智能空调 Standard (类别: 智能空调)
生产商: 亚马逊智能科技
产品价格: 9247.38
评分: 5.0星
评价日期: 2025年10月03日
评价内容: ""这是我用过的最好的智能空调之一，续航时间长，性价比很高。""",129,智能空调,亚马逊 智能空调 Standard,良诺信息有限公司网络安全
870,37,OA831,1.1,2025-10-02,"客户ID: OA831
客户公司: 华泰通安科技有限公司网络安全
客户所在地: 玉梅市, 中国
产品信息: 飞利浦 智能马桶 Max (类别: 智能马桶)
生产商: 飞利浦智能照明
产品价格: 9941.8
评分: 1.1星
评价日期: 2025年10月02日
评价内容: ""使用一周后出现故障，稳定性差，售后服务也不好。""",126,智能马桶,飞利浦 智能马桶 Max,华泰通安科技有限公司网络安全
1106,48,VQ233,3.3,2025-10-02,"客户ID: VQ233
客户公司: 和泰信息有限公司信息技术
客户所在地: 成都市, 中国
产品信息: 苹果 智能门锁 Pro (类别: 智能门锁)
生产商: 苹果智能家庭
产品价格: 815.71
评分: 3.3星
评价日期: 2025年10月02日
评价内容: ""这款产品优缺点都有，性价比高，但智能化程度低。""",122,智能门锁,苹果 智能门锁 Pro,和泰信息有限公司信息技术
920,41,MJ814,2.5,2025-10-01,"客户ID: MJ814
客户公司: 毕博诚科技有限公司互联网服务
客户所在地: 俊市, 中国
产品信息: 索尼 智能空气净化器 Ultra (类别: 智能空气净化器)
生产商: 索尼智能科技
产品价格: 9311.59
评分: 2.5星
评价日期: 2025年10月01日
评价内容: ""体验下来，这款索尼 智能空气净化器 Ultra不值这个价格。主要问题在于兼容性差。以后不会再考虑这个品牌的产品。""",156,智能空气净化器,索尼 智能空气净化器 Ultra,毕博诚科技有限公司互联网服务
681,31,PS740,3.0,2025-09-30,"客户ID: PS740
客户公司: 国讯科技有限公司金融科技
客户所在地: 金凤市, 中国
产品信息: 三星 智能加湿器 Mini (类别: 智能加湿器)
生产商: 三星智能家电
产品价格: 1356.55
评分: 3.0星
评价日期: 2025年09月30日
评价内容: ""这款智能加湿器一般，外观漂亮，但是连接稳定性有点问题。""",128,智能加湿器,三星 智能加湿器 Mini,国讯科技有限公司金融科技
1180,88,VX147,2.7,2025-09-30,"客户ID: VX147
客户公司: 东方峻景传媒有限公司金融科技
客户所在地: 海门县, 中国
产品信息: 格力 智能体重秤 Ultra (类别: 智能体重秤)
生产商: 格力智能电器
产品价格: 4528.2
评分: 2.7星
评价日期: 2025年09月30日
评价内容: ""我觉得，这款格力 智能体重秤 Ultra不值这个价格。在早晨起床时完全不能正常工作。唯一值得称赞的可能就是包装很精美。希望厂家能重视这些问题。""",168,智能体重秤,格力 智能体重秤 Ultra,东方峻景传媒有限公司金融科技
26,30,VH856,4.3,2025-09-29,"客户ID: VH856
客户公司: 鑫博腾飞科技有限公司电子商务
客户所在地: 英县, 中国
产品信息: 小米 智能开关 Ultra (类别: 智能开关)
生产商: 小米智能家居
产品价格: 747.93
评分: 4.3星
评价日期: 2025年09月29日
评价内容: ""作为第一次购买这类产品的新手，这款小米 智能开关 Ultra超出我的预期。但是特别适合日常使用。和同价位其他产品相比更胜一筹。如果非要说缺点的话，说明书不够详细。对得起这个价格。""",183,智能开关,小米 智能开关 Ultra,鑫博腾飞科技有限公司电子商务
518,35,MR129,2.3,2025-09-29,"客户ID: MR129
客户公司: 太极信息有限公司互联网服务
客户所在地: 海门市, 中国
产品信息: 亚马逊 智能门铃 Max (类别: 智能门铃)
生产商: 亚马逊智能科技
产品价格: 3226.81
评分: 2.3星
评价日期: 2025年09月29日
评价内容: ""使用一周后出现故障，耗电量大，售后服务也不好。""",125,智能门铃,亚马逊 智能门铃 Max,太极信息有限公司互联网服务
817,93,RG743,1.9,2025-09-29,"客户ID: RG743
客户公司: 快讯信息有限公司智能科技
客户所在地: 勇县, 中国
产品信息: 索尼 智能加湿器 Pro (类别: 智能加湿器)
生产商: 索尼智能科技
产品价格: 5644.5
评分: 1.9星
评价日期: 2025年09月29日
评价内容: ""对这款智能加湿器非常不满意，操作复杂，浪费钱。""",123,智能加湿器,索尼 智能加湿器 Pro,快讯信息有限公司智能科技
265,29,PL616,4.9,2025-09-27,"客户ID: PL616
客户公司: 巨奥网络有限公司金融科技
客户所在地: 明市, 中国
产品信息: 博世 智能空气净化器 Lite (类别: 智能空气净化器)
生产商: 博世智能系统
产品价格: 6067.97
评分: 4.9星
评价日期: 2025年09月27日
评价内容: ""智能空气净化器的设计很人性化，质量很好，值得推荐。""",129,智能空气净化器,博世 智能空气净化器 Lite,巨奥网络有限公司金融科技
922,1,FA862,1.0,2025-09-27,"客户ID: FA862
客户公司: 方正科技网络有限公司云计算
客户所在地: 潮州县, 中国
产品信息: 亚马逊 智能电饭煲 Advanced (类别: 智能电饭煲)
生产商: 亚马逊智能科技
产品价格: 7608.63
评分: 1.0星
评价日期: 2025年09月27日
评价内容: ""对这款智能电饭煲非常不满意，安装困难，浪费钱。""",127,智能电饭煲,亚马逊 智能电饭煲 Advanced,方正科技网络有限公司云计算
1184,45,MJ814,2.7,2025-09-27,"客户ID: MJ814
客户公司: 毕博诚科技有限公司互联网服务
客户所在地: 俊市, 中国
产品信息: 博世 智能马桶 Max (类别: 智能马桶)
生产商: 博世智能系统
产品价格: 7392.23
评分: 2.7星
评价日期: 2025年09月27日
评价内容: ""使用一周后出现故障，反应迟钝，售后服务也不好。""",123,智能马桶,博世 智能马桶 Max,毕博诚科技有限公司互联网服务
1300,41,GL926,4.5,2025-09-27,"客户ID: GL926
客户公司: 时空盒数字传媒有限公司大数据分析
客户所在地: 巢湖市, 中国
产品信息: 索尼 智能空气净化器 Ultra (类别: 智能空气净化器)
生产商: 索尼智能科技
产品价格: 9311.59
评分: 4.5星
评价日期: 2025年09月27日
评价内容: ""使用了一个月，兼容性强，没有发现任何问题。""",130,智能空气净化器,索尼 智能空气净化器 Ultra,时空盒数字传媒有限公司大数据分析
1260,93,EB652,4.6,2025-09-26,"客户ID: EB652
客户公司: 凌云信息有限公司虚拟现实
客户所在地: 秀珍县, 中国
产品信息: 索尼 智能加湿器 Pro (类别: 智能加湿器)
生产商: 索尼智能科技
产品价格: 5644.5
评分: 4.6星
评价日期: 2025年09月26日
评价内容: ""这款智能加湿器质量很好，功能齐全。总体来说很满意。""",126,智能加湿器,索尼 智能加湿器 Pro,凌云信息有限公司虚拟现实
10,12,MR129,3.1,2025-09-26,"客户ID: MR129
客户公司: 太极信息有限公司互联网服务
客户所在地: 海门市, 中国
产品信息: 格力 智能空气净化器 Standard (类别: 智能空气净化器)
生产商: 格力智能电器
产品价格: 9181.39
评分: 3.1星
评价日期: 2025年09月26日
评价内容: ""购买后，这款智能空气净化器中规中矩。在早晨起床时使用体验还不错。但是使用久了会发现一些小问题。价格虽高，但物有所值。""",164,智能空气净化器,格力 智能空气净化器 Standard,太极信息有限公司互联网服务
405,57,VH856,2.0,2025-09-25,"客户ID: VH856
客户公司: 鑫博腾飞科技有限公司电子商务
客户所在地: 英县, 中国
产品信息: 博世 智能净水器 Plus (类别: 智能净水器)
生产商: 博世智能系统
产品价格: 4134.03
评分: 2.0星
评价日期: 2025年09月25日
评价内容: ""使用一周后出现故障，功能单一，售后服务也不好。""",125,智能净水器,博世 智能净水器 Plus,鑫博腾飞科技有限公司电子商务
1165,38,MJ814,2.9,2025-09-25,"客户ID: MJ814
客户公司: 毕博诚科技有限公司互联网服务
客户所在地: 俊市, 中国
产品信息: 西门子 智能冰箱 Standard (类别: 智能冰箱)
生产商: 西门子智能家居
产品价格: 4347.58
评分: 2.9星
评价日期: 2025年09月25日
评价内容: ""试用了几天，这款西门子 智能冰箱 Standard存在明显缺陷。在晚上睡前时完全不能正常工作。""",140,智能冰箱,西门子 智能冰箱 Standard,毕博诚科技有限公司互联网服务
119,50,BN418,4.1,2025-09-24,"客户ID: BN418
客户公司: 易动力网络有限公司移动应用开发
客户所在地: 重庆市, 中国
产品信息: 苹果 智能空气净化器 Basic (类别: 智能空气净化器)
生产商: 苹果智能家庭
产品价格: 9846.71
评分: 4.1星
评价日期: 2025年09月24日
评价内容: ""这款智能空气净化器质量很好，兼容性强。总体来说很满意。""",135,智能空气净化器,苹果 智能空气净化器 Basic,易动力网络有限公司移动应用开发
304,19,US056,3.5,2025-09-23,"客户ID: US056
客户公司: 国讯网络有限公司移动应用开发
客户所在地: 文市, 中国
产品信息: 海尔智慧家庭 智能开关 Plus (类别: 智能开关)
生产商: 海尔智慧家庭
产品价格: 7438.8
评分: 3.5星
评价日期: 2025年09月23日
评价内容: ""这款智能开关一般，节能环保，但是噪音控制有点问题。""",129,智能开关,海尔智慧家庭 智能开关 Plus,国讯网络有限公司移动应用开发
376,96,QU287,2.8,2025-09-23,"客户ID: QU287
客户公司: 戴硕电子科技有限公司移动应用开发
客户所在地: 瑜市, 中国
产品信息: 博世 智能空调 Lite (类别: 智能空调)
生产商: 博世智能系统
产品价格: 8865.13
评分: 2.8星
评价日期: 2025年09月23日
评价内容: ""对这款智能空调非常不满意，耗电量大，浪费钱。""",124,智能空调,博世 智能空调 Lite,戴硕电子科技有限公司移动应用开发
652,14,CC657,1.1,2025-09-23,"客户ID: CC657
客户公司: 昊嘉信息有限公司信息技术
客户所在地: 军县, 中国
产品信息: 格力 智能净水器 Mini (类别: 智能净水器)
生产商: 格力智能电器
产品价格: 8271.83
评分: 1.1星
评价日期: 2025年09月23日
评价内容: ""在多次对比之后选择了这款，这款智能净水器存在明显缺陷。主要问题在于续航时间短。这钱花得太冤枉了。""",148,智能净水器,格力 智能净水器 Mini,昊嘉信息有限公司信息技术
723,97,VH856,3.9,2025-09-23,"客户ID: VH856
客户公司: 鑫博腾飞科技有限公司电子商务
客户所在地: 英县, 中国
产品信息: 格力 智能净水器 Ultra (类别: 智能净水器)
生产商: 格力智能电器
产品价格: 9164.46
评分: 3.9星
评价日期: 2025年09月23日
评价内容: ""智能净水器的质量还可以，续航时间长，不过智能化程度低。""",129,智能净水器,格力 智能净水器 Ultra,鑫博腾飞科技有限公司电子商务
860,67,RY548,1.8,2025-09-23,"客户ID: RY548
客户公司: 易动力信息有限公司网络安全
客户所在地: 斌县, 中国
产品信息: 松下 智能电饭煲 Pro (类别: 智能电饭煲)
生产商: 松下智能电器
产品价格: 1510.53
评分: 1.8星
评价日期: 2025年09月23日
评价内容: ""收到货后，这款松下 智能电饭煲 Pro完全不符合预期。主要问题在于兼容性差。唯一值得称赞的可能就是外观设计还不错。这钱花得太冤枉了。""",163,智能电饭煲,松下 智能电饭煲 Pro,易动力信息有限公司网络安全
943,25,QJ392,3.7,2025-09-22,"客户ID: QJ392
客户公司: 创亿网络有限公司金融科技
客户所在地: 重庆市, 中国
产品信息: 三星 智能窗帘 Basic (类别: 智能窗帘)
生产商: 三星智能家电
产品价格: 9678.27
评分: 3.7星
评价日期: 2025年09月22日
评价内容: ""在做饭时使用还不错，但在其他情况下表现一般。""",121,智能窗帘,三星 智能窗帘 Basic,创亿网络有限公司金融科技
203,71,RY548,2.8,2025-09-21,"客户ID: RY548
客户公司: 易动力信息有限公司网络安全
客户所在地: 斌县, 中国
产品信息: 索尼 智能冰箱 Elite (类别: 智能冰箱)
生产商: 索尼智能科技
产品价格: 6386.01
评分: 2.8星
评价日期: 2025年09月21日
评价内容: ""使用一周后出现故障，操作复杂，售后服务也不好。""",122,智能冰箱,索尼 智能冰箱 Elite,易动力信息有限公司网络安全
1290,41,QI779,3.3,2025-09-21,"客户ID: QI779
客户公司: 合联电子科技有限公司网络安全
客户所在地: 沈阳县, 中国
产品信息: 索尼 智能空气净化器 Ultra (类别: 智能空气净化器)
生产商: 索尼智能科技
产品价格: 9311.59
评分: 3.3星
评价日期: 2025年09月21日
评价内容: ""这款产品优缺点都有，反应灵敏，但耗电量大。""",128,智能空气净化器,索尼 智能空气净化器 Ultra,合联电子科技有限公司网络安全
512,3,GA851,3.6,2025-09-20,"客户ID: GA851
客户公司: 明腾传媒有限公司金融科技
客户所在地: 齐齐哈尔县, 中国
产品信息: 华为 智能电视 Basic (类别: 智能电视)
生产商: 华为智能生活
产品价格: 8554.76
评分: 3.6星
评价日期: 2025年09月20日
评价内容: ""在做饭时使用还不错，但在其他情况下表现一般。""",123,智能电视,华为 智能电视 Basic,明腾传媒有限公司金融科技
1139,71,ZH741,1.1,2025-09-20,"客户ID: ZH741
客户公司: 巨奥科技有限公司信息技术
客户所在地: 峰县, 中国
产品信息: 索尼 智能冰箱 Elite (类别: 智能冰箱)
生产商: 索尼智能科技
产品价格: 6386.01
评分: 1.1星
评价日期: 2025年09月20日
评价内容: ""这款产品有严重问题，价格偏高，已经申请退款。""",120,智能冰箱,索尼 智能冰箱 Elite,巨奥科技有限公司信息技术
470,12,VC531,4.7,2025-09-19,"客户ID: VC531
客户公司: 九方传媒有限公司生物科技
客户所在地: 六盘水市, 中国
产品信息: 格力 智能空气净化器 Standard (类别: 智能空气净化器)
生产商: 格力智能电器
产品价格: 9181.39
评分: 4.7星
评价日期: 2025年09月19日
评价内容: ""非常满意这次购买，画质清晰，送货也很快。""",126,智能空气净化器,格力 智能空气净化器 Standard,九方传媒有限公司生物科技
173,97,XA254,3.8,2025-09-18,"客户ID: XA254
客户公司: 易动力信息有限公司物联网
客户所在地: 齐齐哈尔市, 中国
产品信息: 格力 智能净水器 Ultra (类别: 智能净水器)
生产商: 格力智能电器
产品价格: 9164.46
评分: 3.8星
评价日期: 2025年09月18日
评价内容: ""这款智能净水器一般，外观漂亮，但是散热问题有点问题。""",129,智能净水器,格力 智能净水器 Ultra,易动力信息有限公司物联网
714,96,AY876,1.8,2025-09-18,"客户ID: AY876
客户公司: 精芯传媒有限公司物联网
客户所在地: 武汉市, 中国
产品信息: 博世 智能空调 Lite (类别: 智能空调)
生产商: 博世智能系统
产品价格: 8865.13
评分: 1.8星
评价日期: 2025年09月18日
评价内容: ""收到货后，这款博世 智能空调 Lite功能实现得很糟糕。在晚上睡前时完全不能正常工作。""",136,智能空调,博世 智能空调 Lite,精芯传媒有限公司物联网
801,50,CS287,3.5,2025-09-16,"客户ID: CS287
客户公司: 和泰网络有限公司电子商务
客户所在地: 玲市, 中国
产品信息: 苹果 智能空气净化器 Basic (类别: 智能空气净化器)
生产商: 苹果智能家庭
产品价格: 9846.71
评分: 3.5星
评价日期: 2025年09月16日
评价内容: ""作为一个经常使用此类产品的人，这款苹果 智能空气净化器 Basic总体来说还可以。优点是质量很好。尤其是使用久了会发现一些小问题。期待下一代产品能有所改进。""",176,智能空气净化器,苹果 智能空气净化器 Basic,和泰网络有限公司电子商务
895,34,EM821,3.0,2025-09-16,"客户ID: EM821
客户公司: 泰麒麟信息有限公司人工智能
客户所在地: 香港县, 中国
产品信息: 松下 智能开关 Advanced (类别: 智能开关)
生产商: 松下智能电器
产品价格: 7248.19
评分: 3.0星
评价日期: 2025年09月16日
评价内容: ""智能开关的质量还可以，反应灵敏，不过兼容性差。""",123,智能开关,松下 智能开关 Advanced,泰麒麟信息有限公司人工智能
1070,11,YZ898,3.3,2025-09-16,"客户ID: YZ898
客户公司: 通际名联科技有限公司金融科技
客户所在地: 济南市, 中国
产品信息: 小米 智能门锁 Mini (类别: 智能门锁)
生产商: 小米智能家居
产品价格: 4624.66
评分: 3.3星
评价日期: 2025年09月16日
评价内容: ""这款产品优缺点都有，做工精细，但画质模糊。""",122,智能门锁,小米 智能门锁 Mini,通际名联科技有限公司金融科技
227,16,EM821,1.1,2025-09-15,"客户ID: EM821
客户公司: 泰麒麟信息有限公司人工智能
客户所在地: 香港县, 中国
产品信息: 小米 智能电饭煲 Ultra (类别: 智能电饭煲)
生产商: 小米智能家居
产品价格: 8557.36
评分: 1.1星
评价日期: 2025年09月15日
评价内容: ""用了一段时间，这款智能电饭煲功能实现得很糟糕。主要问题在于售后服务差。希望厂家能重视这些问题。""",149,智能电饭煲,小米 智能电饭煲 Ultra,泰麒麟信息有限公司人工智能
585,66,KS630,3.2,2025-09-15,"客户ID: KS630
客户公司: 良诺信息有限公司网络安全
客户所在地: 潮州市, 中国
产品信息: 松下 智能马桶 Elite (类别: 智能马桶)
生产商: 松下智能电器
产品价格: 9184.21
评分: 3.2星
评价日期: 2025年09月15日
评价内容: ""坦白讲，这款智能马桶中规中矩。在晚上睡前时使用体验还不错。最让我失望的是使用久了会发现一些小问题。总体来说还是很满意的。""",159,智能马桶,松下 智能马桶 Elite,良诺信息有限公司网络安全
938,57,ZU351,3.4,2025-09-15,"客户ID: ZU351
客户公司: 银嘉科技有限公司科技公司
客户所在地: 秀荣市, 中国
产品信息: 博世 智能净水器 Plus (类别: 智能净水器)
生产商: 博世智能系统
产品价格: 4134.03
评分: 3.4星
评价日期: 2025年09月15日
评价内容: ""在晚上睡前使用还不错，但在其他情况下表现一般。""",124,智能净水器,博世 智能净水器 Plus,银嘉科技有限公司科技公司
13,58,QJ392,4.8,2025-09-12,"客户ID: QJ392
客户公司: 创亿网络有限公司金融科技
客户所在地: 重庆市, 中国
产品信息: 松下 智能扫地机器人 Plus (类别: 智能扫地机器人)
生产商: 松下智能电器
产品价格: 998.22
评分: 4.8星
评价日期: 2025年09月12日
评价内容: ""坦白讲，这款智能扫地机器人品质很好。而且自动调节功能特别实用。和朋友推荐的一样好用。建议慎重考虑。""",154,智能扫地机器人,松下 智能扫地机器人 Plus,创亿网络有限公司金融科技
282,31,GC890,2.6,2025-09-12,"客户ID: GC890
客户公司: 创联世纪信息有限公司移动应用开发
客户所在地: 福州县, 中国
产品信息: 三星 智能加湿器 Mini (类别: 智能加湿器)
生产商: 三星智能家电
产品价格: 1356.55
评分: 2.6星
评价日期: 2025年09月12日
评价内容: ""不推荐这款智能加湿器，售后服务差，很失望。""",126,智能加湿器,三星 智能加湿器 Mini,创联世纪信息有限公司移动应用开发
894,44,ZF061,1.7,2025-09-12,"客户ID: ZF061
客户公司: 维旺明信息有限公司人工智能
客户所在地: 坤县, 中国
产品信息: 小米 智能空调 Elite (类别: 智能空调)
生产商: 小米智能家居
产品价格: 7690.31
评分: 1.7星
评价日期: 2025年09月12日
评价内容: ""这款产品有严重问题，安装困难，已经申请退款。""",121,智能空调,小米 智能空调 Elite,维旺明信息有限公司人工智能
1065,27,CC657,2.4,2025-09-12,"客户ID: CC657
客户公司: 昊嘉信息有限公司信息技术
客户所在地: 军县, 中国
产品信息: 小米 智能加湿器 Plus (类别: 智能加湿器)
生产商: 小米智能家居
产品价格: 8210.59
评分: 2.4星
评价日期: 2025年09月12日
评价内容: ""对这款智能加湿器非常不满意，音质一般，浪费钱。""",123,智能加湿器,小米 智能加湿器 Plus,昊嘉信息有限公司信息技术
549,57,ZU351,1.7,2025-09-11,"客户ID: ZU351
客户公司: 银嘉科技有限公司科技公司
客户所在地: 秀荣市, 中国
产品信息: 博世 智能净水器 Plus (类别: 智能净水器)
生产商: 博世智能系统
产品价格: 4134.03
评分: 1.7星
评价日期: 2025年09月11日
评价内容: ""不推荐这款智能净水器，兼容性差，很失望。""",121,智能净水器,博世 智能净水器 Plus,银嘉科技有限公司科技公司
431,75,DH200,4.4,2025-09-10,"客户ID: DH200
客户公司: 盟新传媒有限公司大数据分析
客户所在地: 辽阳县, 中国
产品信息: 亚马逊 智能空调 Standard (类别: 智能空调)
生产商: 亚马逊智能科技
产品价格: 9247.38
评分: 4.4星
评价日期: 2025年09月10日
评价内容: ""智能空调的设计很人性化，安装方便，值得推荐。""",124,智能空调,亚马逊 智能空调 Standard,盟新传媒有限公司大数据分析
841,71,FC418,3.3,2025-09-10,"客户ID: FC418
客户公司: 网新恒天网络有限公司生物科技
客户所在地: 秀珍县, 中国
产品信息: 索尼 智能冰箱 Elite (类别: 智能冰箱)
生产商: 索尼智能科技
产品价格: 6386.01
评分: 3.3星
评价日期: 2025年09月10日
评价内容: ""在看电影时使用还不错，但在其他情况下表现一般。""",124,智能冰箱,索尼 智能冰箱 Elite,网新恒天网络有限公司生物科技
110,78,WQ849,2.8,2025-09-09,"客户ID: WQ849
客户公司: 开发区世创科技有限公司科技公司
客户所在地: 嘉禾市, 中国
产品信息: 三星 智能音箱 Elite (类别: 智能音箱)
生产商: 三星智能家电
产品价格: 5080.6
评分: 2.8星
评价日期: 2025年09月09日
评价内容: ""从我的使用体验来看，这款三星 智能音箱 Elite很失望。主要问题在于安装困难。希望厂家能重视这些问题。""",148,智能音箱,三星 智能音箱 Elite,开发区世创科技有限公司科技公司
448,57,EU335,1.1,2025-09-09,"客户ID: EU335
客户公司: 济南亿次元网络有限公司科技公司
客户所在地: 巢湖市, 中国
产品信息: 博世 智能净水器 Plus (类别: 智能净水器)
生产商: 博世智能系统
产品价格: 4134.03
评分: 1.1星
评价日期: 2025年09月09日
评价内容: ""体验下来，这款博世 智能净水器 Plus不值这个价格。主要问题在于做工一般。希望厂家能重视这些问题。""",149,智能净水器,博世 智能净水器 Plus,济南亿次元网络有限公司科技公司
214,42,WQ849,1.4,2025-09-08,"客户ID: WQ849
客户公司: 开发区世创科技有限公司科技公司
客户所在地: 嘉禾市, 中国
产品信息: 谷歌 智能净水器 Ultra (类别: 智能净水器)
生产商: 谷歌智能设备
产品价格: 7844.22
评分: 1.4星
评价日期: 2025年09月08日
评价内容: ""这款产品有严重问题，操作复杂，已经申请退款。""",126,智能净水器,谷歌 智能净水器 Ultra,开发区世创科技有限公司科技公司
1043,22,BI759,3.5,2025-09-08,"客户ID: BI759
客户公司: 时空盒数字信息有限公司虚拟现实
客户所在地: 荣市, 中国
产品信息: 美的 智能电视 Basic (类别: 智能电视)
生产商: 美的智能科技
产品价格: 7621.5
评分: 3.5星
评价日期: 2025年09月08日
评价内容: ""在看电影时使用还不错，但在其他情况下表现一般。""",124,智能电视,美的 智能电视 Basic,时空盒数字信息有限公司虚拟现实
757,40,ME428,3.3,2025-09-07,"客户ID: ME428
客户公司: 创汇网络有限公司虚拟现实
客户所在地: 秀英市, 中国
产品信息: 小米 智能马桶 Lite (类别: 智能马桶)
生产商: 小米智能家居
产品价格: 6252.3
评分: 3.3星
评价日期: 2025年09月07日
评价内容: ""智能马桶的质量还可以，做工精细，不过稳定性差。""",122,智能马桶,小米 智能马桶 Lite,创汇网络有限公司虚拟现实
1037,60,MZ379,4.3,2025-09-06,"客户ID: MZ379
客户公司: 联软传媒有限公司区块链技术
客户所在地: 慧县, 中国
产品信息: 华为 智能窗帘 Basic (类别: 智能窗帘)
生产商: 华为智能生活
产品价格: 2259.63
评分: 4.3星
评价日期: 2025年09月06日
评价内容: ""在早晨起床时使用效果很好，特别是省电模式功能。""",122,智能窗帘,华为 智能窗帘 Basic,联软传媒有限公司区块链技术
354,62,TO444,2.1,2025-09-05,"客户ID: TO444
客户公司: MBP软件网络有限公司移动应用开发
客户所在地: 辛集市, 中国
产品信息: 华为 智能洗衣机 Ultra (类别: 智能洗衣机)
生产商: 华为智能生活
产品价格: 8401.38
评分: 2.1星
评价日期: 2025年09月05日
评价内容: ""使用后感觉，这款智能洗衣机很失望。主要问题在于价格偏高。唯一值得称赞的可能就是包装很精美。已经申请退款了。""",157,智能洗衣机,华为 智能洗衣机 Ultra,MBP软件网络有限公司移动应用开发
1028,71,ZU351,1.8,2025-09-04,"客户ID: ZU351
客户公司: 银嘉科技有限公司科技公司
客户所在地: 秀荣市, 中国
产品信息: 索尼 智能冰箱 Elite (类别: 智能冰箱)
生产商: 索尼智能科技
产品价格: 6386.01
评分: 1.8星
评价日期: 2025年09月04日
评价内容: ""噪音控制问题很严重，完全不值这个价格。""",118,智能冰箱,索尼 智能冰箱 Elite,银嘉科技有限公司科技公司
387,56,CZ861,3.2,2025-09-03,"客户ID: CZ861
客户公司: 合联电子科技有限公司信息技术
客户所在地: 荣市, 中国
产品信息: 华为 智能体重秤 Advanced (类别: 智能体重秤)
生产商: 华为智能生活
产品价格: 263.12
评分: 3.2星
评价日期: 2025年09月03日
评价内容: ""从我的使用体验来看，这款华为 智能体重秤 Advanced没有特别惊喜。优点是安装方便。然而使用久了会发现一些小问题。推荐给有需要的朋友。""",162,智能体重秤,华为 智能体重秤 Advanced,合联电子科技有限公司信息技术
628,1,XA254,2.8,2025-09-03,"客户ID: XA254
客户公司: 易动力信息有限公司物联网
客户所在地: 齐齐哈尔市, 中国
产品信息: 亚马逊 智能电饭煲 Advanced (类别: 智能电饭煲)
生产商: 亚马逊智能科技
产品价格: 7608.63
评分: 2.8星
评价日期: 2025年09月03日
评价内容: ""散热问题问题很严重，完全不值这个价格。""",124,智能电饭煲,亚马逊 智能电饭煲 Advanced,易动力信息有限公司物联网
970,63,YR398,4.8,2025-09-03,"客户ID: YR398
客户公司: 浦华众城信息有限公司虚拟现实
客户所在地: 大冶市, 中国
产品信息: LG 智能净水器 Basic (类别: 智能净水器)
生产商: LG智能家电
产品价格: 9118.55
评分: 4.8星
评价日期: 2025年09月03日
评价内容: ""不得不说，这款智能净水器设计很人性化。并且静音设计设计很贴心。和官方展示的有差距。如果非要说缺点的话，噪音控制还有提升空间。价格虽高，但物有所值。""",174,智能净水器,LG 智能净水器 Basic,浦华众城信息有限公司虚拟现实
990,29,EU335,2.8,2025-09-02,"客户ID: EU335
客户公司: 济南亿次元网络有限公司科技公司
客户所在地: 巢湖市, 中国
产品信息: 博世 智能空气净化器 Lite (类别: 智能空气净化器)
生产商: 博世智能系统
产品价格: 6067.97
评分: 2.8星
评价日期: 2025年09月02日
评价内容: ""个人认为，这款智能空气净化器使用体验很差。在晚上睡前时完全不能正常工作。唯一值得称赞的可能就是送货速度快。不推荐任何人购买。""",170,智能空气净化器,博世 智能空气净化器 Lite,济南亿次元网络有限公司科技公司
1166,94,ZH741,2.6,2025-09-02,"客户ID: ZH741
客户公司: 巨奥科技有限公司信息技术
客户所在地: 峰县, 中国
产品信息: 格力 智能体重秤 Standard (类别: 智能体重秤)
生产商: 格力智能电器
产品价格: 9138.52
评分: 2.6星
评价日期: 2025年09月02日
评价内容: ""不推荐这款智能体重秤，操作复杂，很失望。""",120,智能体重秤,格力 智能体重秤 Standard,巨奥科技有限公司信息技术
61,98,US056,1.1,2025-09-01,"客户ID: US056
客户公司: 国讯网络有限公司移动应用开发
客户所在地: 文市, 中国
产品信息: 格力 智能电视 Pro (类别: 智能电视)
生产商: 格力智能电器
产品价格: 2676.49
评分: 1.1星
评价日期: 2025年09月01日
评价内容: ""经过一段时间使用，这款格力 智能电视 Pro使用体验很差。主要问题在于价格偏高。""",136,智能电视,格力 智能电视 Pro,国讯网络有限公司移动应用开发
825,84,OA831,2.3,2025-09-01,"客户ID: OA831
客户公司: 华泰通安科技有限公司网络安全
客户所在地: 玉梅市, 中国
产品信息: 苹果 智能扫地机器人 Pro (类别: 智能扫地机器人)
生产商: 苹果智能家庭
产品价格: 4063.85
评分: 2.3星
评价日期: 2025年09月01日
评价内容: ""对比了市面上几款同类产品后，这款苹果 智能扫地机器人 Pro使用体验很差。在看电影时时完全不能正常工作。以后不会再考虑这个品牌的产品。""",170,智能扫地机器人,苹果 智能扫地机器人 Pro,华泰通安科技有限公司网络安全
662,30,IK721,3.7,2025-08-31,"客户ID: IK721
客户公司: 诺依曼软件传媒有限公司物联网
客户所在地: 华市, 中国
产品信息: 小米 智能开关 Ultra (类别: 智能开关)
生产商: 小米智能家居
产品价格: 747.93
评分: 3.7星
评价日期: 2025年08月31日
评价内容: ""总体来说还行，安装方便，就是兼容性差。""",119,智能开关,小米 智能开关 Ultra,诺依曼软件传媒有限公司物联网
948,16,JT617,1.0,2025-08-31,"客户ID: JT617
客户公司: 时空盒数字信息有限公司智能科技
客户所在地: 郑州县, 中国
产品信息: 小米 智能电饭煲 Ultra (类别: 智能电饭煲)
生产商: 小米智能家居
产品价格: 8557.36
评分: 1.0星
评价日期: 2025年08月31日
评价内容: ""我觉得，这款智能电饭煲性价比极低。使用不到一周就出现了失灵。""",134,智能电饭煲,小米 智能电饭煲 Ultra,时空盒数字信息有限公司智能科技
1109,37,YZ898,2.1,2025-08-29,"客户ID: YZ898
客户公司: 通际名联科技有限公司金融科技
客户所在地: 济南市, 中国
产品信息: 飞利浦 智能马桶 Max (类别: 智能马桶)
生产商: 飞利浦智能照明
产品价格: 9941.8
评分: 2.1星
评价日期: 2025年08月29日
评价内容: ""对这款智能马桶非常不满意，续航时间短，浪费钱。""",126,智能马桶,飞利浦 智能马桶 Max,通际名联科技有限公司金融科技
626,50,BN418,2.0,2025-08-28,"客户ID: BN418
客户公司: 易动力网络有限公司移动应用开发
客户所在地: 重庆市, 中国
产品信息: 苹果 智能空气净化器 Basic (类别: 智能空气净化器)
生产商: 苹果智能家庭
产品价格: 9846.71
评分: 2.0星
评价日期: 2025年08月28日
评价内容: ""坦白讲，这款智能空气净化器质量太差。使用不到一周就出现了问题。以后不会再考虑这个品牌的产品。""",154,智能空气净化器,苹果 智能空气净化器 Basic,易动力网络有限公司移动应用开发
494,10,FJ947,1.2,2025-08-27,"客户ID: FJ947
客户公司: 浙大万朋信息有限公司生物科技
客户所在地: 鑫市, 中国
产品信息: 美的 智能窗帘 Max (类别: 智能窗帘)
生产商: 美的智能科技
产品价格: 1836.78
评分: 1.2星
评价日期: 2025年08月27日
评价内容: ""使用一周后出现故障，耗电量大，售后服务也不好。""",123,智能窗帘,美的 智能窗帘 Max,浙大万朋信息有限公司生物科技
68,50,OA831,2.1,2025-08-25,"客户ID: OA831
客户公司: 华泰通安科技有限公司网络安全
客户所在地: 玉梅市, 中国
产品信息: 苹果 智能空气净化器 Basic (类别: 智能空气净化器)
生产商: 苹果智能家庭
产品价格: 9846.71
评分: 2.1星
评价日期: 2025年08月25日
评价内容: ""噪音控制问题很严重，完全不值这个价格。""",126,智能空气净化器,苹果 智能空气净化器 Basic,华泰通安科技有限公司网络安全
482,6,BI759,1.9,2025-08-25,"客户ID: BI759
客户公司: 时空盒数字信息有限公司虚拟现实
客户所在地: 荣市, 中国
产品信息: 海尔智慧家庭 智能空气净化器 Basic (类别: 智能空气净化器)
生产商: 海尔智慧家庭
产品价格: 5495.06
评分: 1.9星
评价日期: 2025年08月25日
评价内容: ""使用一周后出现故障，做工一般，售后服务也不好。""",134,智能空气净化器,海尔智慧家庭 智能空气净化器 Basic,时空盒数字信息有限公司虚拟现实
309,44,AK874,1.7,2025-08-24,"客户ID: AK874
客户公司: 昊嘉信息有限公司区块链技术
客户所在地: 雷市, 中国
产品信息: 小米 智能空调 Elite (类别: 智能空调)
生产商: 小米智能家居
产品价格: 7690.31
评分: 1.7星
评价日期: 2025年08月24日
评价内容: ""连接稳定性问题很严重，完全不值这个价格。""",119,智能空调,小米 智能空调 Elite,昊嘉信息有限公司区块链技术
48,45,ZF061,2.1,2025-08-23,"客户ID: ZF061
客户公司: 维旺明信息有限公司人工智能
客户所在地: 坤县, 中国
产品信息: 博世 智能马桶 Max (类别: 智能马桶)
生产商: 博世智能系统
产品价格: 7392.23
评分: 2.1星
评价日期: 2025年08月23日
评价内容: ""这款产品有严重问题，功能单一，已经申请退款。""",121,智能马桶,博世 智能马桶 Max,维旺明信息有限公司人工智能
579,25,PJ659,2.7,2025-08-23,"客户ID: PJ659
客户公司: 超艺网络有限公司人工智能
客户所在地: 武汉市, 中国
产品信息: 三星 智能窗帘 Basic (类别: 智能窗帘)
生产商: 三星智能家电
产品价格: 9678.27
评分: 2.7星
评价日期: 2025年08月23日
评价内容: ""收到货后，这款智能窗帘完全不符合预期。使用不到一周就出现了损坏。希望厂家能重视这些问题。""",143,智能窗帘,三星 智能窗帘 Basic,超艺网络有限公司人工智能
394,51,BN418,1.8,2025-08-21,"客户ID: BN418
客户公司: 易动力网络有限公司移动应用开发
客户所在地: 重庆市, 中国
产品信息: 苹果 智能开关 Basic (类别: 智能开关)
生产商: 苹果智能家庭
产品价格: 869.49
评分: 1.8星
评价日期: 2025年08月21日
评价内容: ""连接稳定性问题很严重，完全不值这个价格。""",122,智能开关,苹果 智能开关 Basic,易动力网络有限公司移动应用开发
696,86,YR398,4.6,2025-08-21,"客户ID: YR398
客户公司: 浦华众城信息有限公司虚拟现实
客户所在地: 大冶市, 中国
产品信息: 博世 智能摄像头 Standard (类别: 智能摄像头)
生产商: 博世智能系统
产品价格: 8286.27
评分: 4.6星
评价日期: 2025年08月21日
评价内容: ""坦白讲，这款智能摄像头性价比很高。如果非要说缺点的话，散热问题还有提升空间。有点贵了，但质量确实好。""",153,智能摄像头,博世 智能摄像头 Standard,浦华众城信息有限公司虚拟现实
856,92,PC764,3.7,2025-08-21,"客户ID: PC764
客户公司: 恒聪百汇传媒有限公司虚拟现实
客户所在地: 重庆市, 中国
产品信息: 西门子 智能摄像头 Plus (类别: 智能摄像头)
生产商: 西门子智能家居
产品价格: 9026.06
评分: 3.7星
评价日期: 2025年08月21日
评价内容: ""在多次对比之后选择了这款，这款西门子 智能摄像头 Plus性价比一般。优点是外观漂亮。更让我满意的是信号强度有点问题。值得购买。""",164,智能摄像头,西门子 智能摄像头 Plus,恒聪百汇传媒有限公司虚拟现实
1038,82,HD242,4.6,2025-08-21,"客户ID: HD242
客户公司: 富罳科技有限公司生物科技
客户所在地: 想县, 中国
产品信息: LG 智能开关 Lite (类别: 智能开关)
生产商: LG智能家电
产品价格: 7112.72
评分: 4.6星
评价日期: 2025年08月21日
评价内容: ""这款智能开关质量很好，智能化程度高。总体来说很满意。""",122,智能开关,LG 智能开关 Lite,富罳科技有限公司生物科技
39,72,MJ814,1.4,2025-08-20,"客户ID: MJ814
客户公司: 毕博诚科技有限公司互联网服务
客户所在地: 俊市, 中国
产品信息: 西门子 智能洗衣机 Pro (类别: 智能洗衣机)
生产商: 西门子智能家居
产品价格: 6209.73
评分: 1.4星
评价日期: 2025年08月20日
评价内容: ""这款产品有严重问题，画质模糊，已经申请退款。""",126,智能洗衣机,西门子 智能洗衣机 Pro,毕博诚科技有限公司互联网服务
863,100,AU710,4.1,2025-08-20,"客户ID: AU710
客户公司: 巨奥传媒有限公司信息技术
客户所在地: 辛集市, 中国
产品信息: LG 智能插座 Max (类别: 智能插座)
生产商: LG智能家电
产品价格: 8566.89
评分: 4.1星
评价日期: 2025年08月20日
评价内容: ""这是我用过的最好的智能插座之一，兼容性强，性价比很高。""",124,智能插座,LG 智能插座 Max,巨奥传媒有限公司信息技术
993,91,WN094,3.4,2025-08-19,"客户ID: WN094
客户公司: 菊风公司传媒有限公司数字科技
客户所在地: 秀梅市, 中国
产品信息: 亚马逊 智能音箱 Basic (类别: 智能音箱)
生产商: 亚马逊智能科技
产品价格: 3165.04
评分: 3.4星
评价日期: 2025年08月19日
评价内容: ""这款产品优缺点都有，画质清晰，但智能化程度低。""",126,智能音箱,亚马逊 智能音箱 Basic,菊风公司传媒有限公司数字科技
575,97,LB704,3.4,2025-08-18,"客户ID: LB704
客户公司: 群英信息有限公司金融科技
客户所在地: 昆明县, 中国
产品信息: 格力 智能净水器 Ultra (类别: 智能净水器)
生产商: 格力智能电器
产品价格: 9164.46
评分: 3.4星
评价日期: 2025年08月18日
评价内容: ""智能净水器的质量还可以，外观漂亮，不过稳定性差。""",125,智能净水器,格力 智能净水器 Ultra,群英信息有限公司金融科技
1155,26,TO444,4.9,2025-08-18,"客户ID: TO444
客户公司: MBP软件网络有限公司移动应用开发
客户所在地: 辛集市, 中国
产品信息: 亚马逊 智能扫地机器人 Mini (类别: 智能扫地机器人)
生产商: 亚马逊智能科技
产品价格: 7885.52
评分: 4.9星
评价日期: 2025年08月18日
评价内容: ""在看电影时时使用效果很好，特别是静音设计功能。""",133,智能扫地机器人,亚马逊 智能扫地机器人 Mini,MBP软件网络有限公司移动应用开发
1177,58,XW046,2.3,2025-08-18,"客户ID: XW046
客户公司: 鑫博腾飞信息有限公司智能科技
客户所在地: 兴安盟市, 中国
产品信息: 松下 智能扫地机器人 Plus (类别: 智能扫地机器人)
生产商: 松下智能电器
产品价格: 998.22
评分: 2.3星
评价日期: 2025年08月18日
评价内容: ""我发现，这款松下 智能扫地机器人 Plus不值这个价格。电池寿命简直无法忍受。""",142,智能扫地机器人,松下 智能扫地机器人 Plus,鑫博腾飞信息有限公司智能科技
1309,17,VC531,2.5,2025-08-17,"客户ID: VC531
客户公司: 九方传媒有限公司生物科技
客户所在地: 六盘水市, 中国
产品信息: 苹果 智能门锁 Plus (类别: 智能门锁)
生产商: 苹果智能家庭
产品价格: 8194.53
评分: 2.5星
评价日期: 2025年08月17日
评价内容: ""这款产品有严重问题，安装困难，已经申请退款。""",122,智能门锁,苹果 智能门锁 Plus,九方传媒有限公司生物科技
515,101,MJ814,2.1,2025-08-16,"客户ID: MJ814
客户公司: 毕博诚科技有限公司互联网服务
客户所在地: 俊市, 中国
产品信息: 三星 智能摄像头 Mini (类别: 智能摄像头)
生产商: 三星智能家电
产品价格: 1662.36
评分: 2.1星
评价日期: 2025年08月16日
评价内容: ""使用一周后出现故障，使用说明不清，售后服务也不好。""",127,智能摄像头,三星 智能摄像头 Mini,毕博诚科技有限公司互联网服务
782,63,ZU351,4.9,2025-08-15,"客户ID: ZU351
客户公司: 银嘉科技有限公司科技公司
客户所在地: 秀荣市, 中国
产品信息: LG 智能净水器 Basic (类别: 智能净水器)
生产商: LG智能家电
产品价格: 9118.55
评分: 4.9星
评价日期: 2025年08月15日
评价内容: ""这款智能净水器质量很好，稳定性好。总体来说很满意。""",124,智能净水器,LG 智能净水器 Basic,银嘉科技有限公司科技公司
474,73,LU518,3.7,2025-08-14,"客户ID: LU518
客户公司: 易动力传媒有限公司生物科技
客户所在地: 伟市, 中国
产品信息: 飞利浦 智能扫地机器人 Ultra (类别: 智能扫地机器人)
生产商: 飞利浦智能照明
产品价格: 259.27
评分: 3.7星
评价日期: 2025年08月14日
评价内容: ""使用后感觉，这款智能扫地机器人没有特别惊喜。在做饭时时使用体验还不错。然而在户外活动场景下表现一般。不太推荐购买。""",164,智能扫地机器人,飞利浦 智能扫地机器人 Ultra,易动力传媒有限公司生物科技
897,7,TO444,3.0,2025-08-14,"客户ID: TO444
客户公司: MBP软件网络有限公司移动应用开发
客户所在地: 辛集市, 中国
产品信息: 博世 智能扫地机器人 Max (类别: 智能扫地机器人)
生产商: 博世智能系统
产品价格: 1108.4
评分: 3.0星
评价日期: 2025年08月14日
评价内容: ""作为第一次购买这类产品的新手，这款博世 智能扫地机器人 Max没有特别惊喜。高清画质设计得比较合理。值得一提的是连接稳定性有点问题。建议慎重考虑。""",177,智能扫地机器人,博世 智能扫地机器人 Max,MBP软件网络有限公司移动应用开发
251,33,GR729,4.0,2025-08-13,"客户ID: GR729
客户公司: 中建创业网络有限公司移动应用开发
客户所在地: 辽阳县, 中国
产品信息: 飞利浦 智能加湿器 Ultra (类别: 智能加湿器)
生产商: 飞利浦智能照明
产品价格: 6144.74
评分: 4.0星
评价日期: 2025年08月13日
评价内容: ""这款智能加湿器质量很好，节能环保。总体来说很满意。""",132,智能加湿器,飞利浦 智能加湿器 Ultra,中建创业网络有限公司移动应用开发
291,58,WY218,3.7,2025-08-13,"客户ID: WY218
客户公司: 飞海科技传媒有限公司信息技术
客户所在地: 济南市, 中国
产品信息: 松下 智能扫地机器人 Plus (类别: 智能扫地机器人)
生产商: 松下智能电器
产品价格: 998.22
评分: 3.7星
评价日期: 2025年08月13日
评价内容: ""智能扫地机器人的质量还可以，质量很好，不过价格偏高。""",133,智能扫地机器人,松下 智能扫地机器人 Plus,飞海科技传媒有限公司信息技术
625,34,MJ814,3.7,2025-08-13,"客户ID: MJ814
客户公司: 毕博诚科技有限公司互联网服务
客户所在地: 俊市, 中国
产品信息: 松下 智能开关 Advanced (类别: 智能开关)
生产商: 松下智能电器
产品价格: 7248.19
评分: 3.7星
评价日期: 2025年08月13日
评价内容: ""这款智能开关一般，做工精细，但是电池寿命有点问题。""",125,智能开关,松下 智能开关 Advanced,毕博诚科技有限公司互联网服务
819,49,ZF061,1.6,2025-08-13,"客户ID: ZF061
客户公司: 维旺明信息有限公司人工智能
客户所在地: 坤县, 中国
产品信息: 松下 智能加湿器 Pro (类别: 智能加湿器)
生产商: 松下智能电器
产品价格: 8374.66
评分: 1.6星
评价日期: 2025年08月13日
评价内容: ""使用一周后出现故障，智能化程度低，售后服务也不好。""",126,智能加湿器,松下 智能加湿器 Pro,维旺明信息有限公司人工智能
241,53,EM821,4.2,2025-08-10,"客户ID: EM821
客户公司: 泰麒麟信息有限公司人工智能
客户所在地: 香港县, 中国
产品信息: 华为 智能电视 Lite (类别: 智能电视)
生产商: 华为智能生活
产品价格: 2968.02
评分: 4.2星
评价日期: 2025年08月10日
评价内容: ""使用了一个月，稳定性好，没有发现任何问题。""",121,智能电视,华为 智能电视 Lite,泰麒麟信息有限公司人工智能
928,32,HD242,1.6,2025-08-09,"客户ID: HD242
客户公司: 富罳科技有限公司生物科技
客户所在地: 想县, 中国
产品信息: 亚马逊 智能马桶 Elite (类别: 智能马桶)
生产商: 亚马逊智能科技
产品价格: 1801.88
评分: 1.6星
评价日期: 2025年08月09日
评价内容: ""不推荐这款智能马桶，画质模糊，很失望。""",119,智能马桶,亚马逊 智能马桶 Elite,富罳科技有限公司生物科技
294,29,EB652,1.8,2025-08-08,"客户ID: EB652
客户公司: 凌云信息有限公司虚拟现实
客户所在地: 秀珍县, 中国
产品信息: 博世 智能空气净化器 Lite (类别: 智能空气净化器)
生产商: 博世智能系统
产品价格: 6067.97
评分: 1.8星
评价日期: 2025年08月08日
评价内容: ""这款产品有严重问题，安装困难，已经申请退款。""",127,智能空气净化器,博世 智能空气净化器 Lite,凌云信息有限公司虚拟现实
703,32,BF338,2.4,2025-08-08,"客户ID: BF338
客户公司: 天开网络有限公司金融科技
客户所在地: 南宁市, 中国
产品信息: 亚马逊 智能马桶 Elite (类别: 智能马桶)
生产商: 亚马逊智能科技
产品价格: 1801.88
评分: 2.4星
评价日期: 2025年08月08日
评价内容: ""对这款智能马桶非常不满意，做工一般，浪费钱。""",123,智能马桶,亚马逊 智能马桶 Elite,天开网络有限公司金融科技
945,18,FC418,3.2,2025-08-04,"客户ID: FC418
客户公司: 网新恒天网络有限公司生物科技
客户所在地: 秀珍县, 中国
产品信息: 美的 智能门锁 Mini (类别: 智能门锁)
生产商: 美的智能科技
产品价格: 5323.58
评分: 3.2星
评价日期: 2025年08月04日
评价内容: ""试用了几天，这款智能门锁也没有特别失望。在夏天使用时，远程控制表现不错。最重要的是噪音控制有点问题。推荐给有需要的朋友。""",161,智能门锁,美的 智能门锁 Mini,网新恒天网络有限公司生物科技
1313,8,NU012,2.5,2025-08-03,"客户ID: NU012
客户公司: 商软冠联传媒有限公司智能科技
客户所在地: 太原县, 中国
产品信息: 松下 智能开关 Lite (类别: 智能开关)
生产商: 松下智能电器
产品价格: 9053.56
评分: 2.5星
评价日期: 2025年08月03日
评价内容: ""对这款智能开关非常不满意，做工一般，浪费钱。""",123,智能开关,松下 智能开关 Lite,商软冠联传媒有限公司智能科技
1256,38,CM245,4.7,2025-08-02,"客户ID: CM245
客户公司: 万迅电脑信息有限公司科技公司
客户所在地: 洋县, 中国
产品信息: 西门子 智能冰箱 Standard (类别: 智能冰箱)
生产商: 西门子智能家居
产品价格: 4347.58
评分: 4.7星
评价日期: 2025年08月02日
评价内容: ""使用了一个月，节能环保，没有发现任何问题。""",123,智能冰箱,西门子 智能冰箱 Standard,万迅电脑信息有限公司科技公司
206,49,NQ176,1.1,2025-08-02,"客户ID: NQ176
客户公司: 图龙信息传媒有限公司数字科技
客户所在地: 南昌市, 中国
产品信息: 松下 智能加湿器 Pro (类别: 智能加湿器)
生产商: 松下智能电器
产品价格: 8374.66
评分: 1.1星
评价日期: 2025年08月02日
评价内容: ""不推荐这款智能加湿器，画质模糊，很失望。""",123,智能加湿器,松下 智能加湿器 Pro,图龙信息传媒有限公司数字科技
250,91,EU335,2.4,2025-08-02,"客户ID: EU335
客户公司: 济南亿次元网络有限公司科技公司
客户所在地: 巢湖市, 中国
产品信息: 亚马逊 智能音箱 Basic (类别: 智能音箱)
生产商: 亚马逊智能科技
产品价格: 3165.04
评分: 2.4星
评价日期: 2025年08月02日
评价内容: ""在多次对比之后选择了这款，这款亚马逊 智能音箱 Basic完全不符合预期。主要问题在于续航时间短。唯一值得称赞的可能就是价格便宜。以后不会再考虑这个品牌的产品。""",178,智能音箱,亚马逊 智能音箱 Basic,济南亿次元网络有限公司科技公司
455,35,EK253,3.6,2025-08-02,"客户ID: EK253
客户公司: 兰金电子科技有限公司区块链技术
客户所在地: 南昌市, 中国
产品信息: 亚马逊 智能门铃 Max (类别: 智能门铃)
生产商: 亚马逊智能科技
产品价格: 3226.81
评分: 3.6星
评价日期: 2025年08月02日
评价内容: ""智能门铃的质量还可以，质量很好，不过做工一般。""",127,智能门铃,亚马逊 智能门铃 Max,兰金电子科技有限公司区块链技术
573,30,AW347,3.8,2025-08-02,"客户ID: AW347
客户公司: 鸿睿思博传媒有限公司智能科技
客户所在地: 武汉市, 中国
产品信息: 小米 智能开关 Ultra (类别: 智能开关)
生产商: 小米智能家居
产品价格: 747.93
评分: 3.8星
评价日期: 2025年08月02日
评价内容: ""经过一段时间使用，这款小米 智能开关 Ultra没有特别惊喜。在做饭时时使用体验还不错。同时使用久了会发现一些小问题。可以考虑其他品牌的同类产品。""",168,智能开关,小米 智能开关 Ultra,鸿睿思博传媒有限公司智能科技
50,8,JT617,3.0,2025-08-01,"客户ID: JT617
客户公司: 时空盒数字信息有限公司智能科技
客户所在地: 郑州县, 中国
产品信息: 松下 智能开关 Lite (类别: 智能开关)
生产商: 松下智能电器
产品价格: 9053.56
评分: 3.0星
评价日期: 2025年08月01日
评价内容: ""总体来说还行，功能齐全，就是智能化程度低。""",123,智能开关,松下 智能开关 Lite,时空盒数字信息有限公司智能科技
476,101,VQ233,2.9,2025-07-31,"客户ID: VQ233
客户公司: 和泰信息有限公司信息技术
客户所在地: 成都市, 中国
产品信息: 三星 智能摄像头 Mini (类别: 智能摄像头)
生产商: 三星智能家电
产品价格: 1662.36
评分: 2.9星
评价日期: 2025年07月31日
评价内容: ""不推荐这款智能摄像头，做工一般，很失望。""",121,智能摄像头,三星 智能摄像头 Mini,和泰信息有限公司信息技术
821,37,RG743,1.4,2025-07-31,"客户ID: RG743
客户公司: 快讯信息有限公司智能科技
客户所在地: 勇县, 中国
产品信息: 飞利浦 智能马桶 Max (类别: 智能马桶)
生产商: 飞利浦智能照明
产品价格: 9941.8
评分: 1.4星
评价日期: 2025年07月31日
评价内容: ""使用一周后出现故障，智能化程度低，售后服务也不好。""",125,智能马桶,飞利浦 智能马桶 Max,快讯信息有限公司智能科技
70,91,XA075,1.4,2025-07-29,"客户ID: XA075
客户公司: 网新恒天科技有限公司数字科技
客户所在地: 秀梅县, 中国
产品信息: 亚马逊 智能音箱 Basic (类别: 智能音箱)
生产商: 亚马逊智能科技
产品价格: 3165.04
评分: 1.4星
评价日期: 2025年07月29日
评价内容: ""使用一周后出现故障，智能化程度低，售后服务也不好。""",128,智能音箱,亚马逊 智能音箱 Basic,网新恒天科技有限公司数字科技
326,25,XN875,1.3,2025-07-29,"客户ID: XN875
客户公司: 天开传媒有限公司网络安全
客户所在地: 芳市, 中国
产品信息: 三星 智能窗帘 Basic (类别: 智能窗帘)
生产商: 三星智能家电
产品价格: 9678.27
评分: 1.3星
评价日期: 2025年07月29日
评价内容: ""购买后，这款三星 智能窗帘 Basic很失望。主要问题在于耗电量大。""",126,智能窗帘,三星 智能窗帘 Basic,天开传媒有限公司网络安全
1154,94,TO444,2.3,2025-07-29,"客户ID: TO444
客户公司: MBP软件网络有限公司移动应用开发
客户所在地: 辛集市, 中国
产品信息: 格力 智能体重秤 Standard (类别: 智能体重秤)
生产商: 格力智能电器
产品价格: 9138.52
评分: 2.3星
评价日期: 2025年07月29日
评价内容: ""不推荐这款智能体重秤，兼容性差，很失望。""",124,智能体重秤,格力 智能体重秤 Standard,MBP软件网络有限公司移动应用开发
252,76,ZF061,3.0,2025-07-28,"客户ID: ZF061
客户公司: 维旺明信息有限公司人工智能
客户所在地: 坤县, 中国
产品信息: 松下 智能窗帘 Advanced (类别: 智能窗帘)
生产商: 松下智能电器
产品价格: 7412.19
评分: 3.0星
评价日期: 2025年07月28日
评价内容: ""这款产品优缺点都有，做工精细，但做工一般。""",120,智能窗帘,松下 智能窗帘 Advanced,维旺明信息有限公司人工智能
459,18,GJ116,1.1,2025-07-27,"客户ID: GJ116
客户公司: 良诺信息有限公司生物科技
客户所在地: 红市, 中国
产品信息: 美的 智能门锁 Mini (类别: 智能门锁)
生产商: 美的智能科技
产品价格: 5323.58
评分: 1.1星
评价日期: 2025年07月27日
评价内容: ""这款产品有严重问题，耗电量大，已经申请退款。""",120,智能门锁,美的 智能门锁 Mini,良诺信息有限公司生物科技
390,30,MA264,3.9,2025-07-26,"客户ID: MA264
客户公司: 时刻网络有限公司信息技术
客户所在地: 梅县, 中国
产品信息: 小米 智能开关 Ultra (类别: 智能开关)
生产商: 小米智能家居
产品价格: 747.93
评分: 3.9星
评价日期: 2025年07月26日
评价内容: ""使用后感觉，这款智能开关一般般。在早晨起床时使用体验还不错。尤其是使用久了会发现一些小问题。有点贵了，但质量确实好。""",156,智能开关,小米 智能开关 Ultra,时刻网络有限公司信息技术
343,35,LB704,4.5,2025-07-25,"客户ID: LB704
客户公司: 群英信息有限公司金融科技
客户所在地: 昆明县, 中国
产品信息: 亚马逊 智能门铃 Max (类别: 智能门铃)
生产商: 亚马逊智能科技
产品价格: 3226.81
评分: 4.5星
评价日期: 2025年07月25日
评价内容: ""在早晨起床时使用效果很好，特别是省电模式功能。""",124,智能门铃,亚马逊 智能门铃 Max,群英信息有限公司金融科技
386,12,VC531,1.9,2025-07-23,"客户ID: VC531
客户公司: 九方传媒有限公司生物科技
客户所在地: 六盘水市, 中国
产品信息: 格力 智能空气净化器 Standard (类别: 智能空气净化器)
生产商: 格力智能电器
产品价格: 9181.39
评分: 1.9星
评价日期: 2025年07月23日
评价内容: ""这款产品有严重问题，售后服务差，已经申请退款。""",129,智能空气净化器,格力 智能空气净化器 Standard,九方传媒有限公司生物科技
523,100,FJ947,2.6,2025-07-23,"客户ID: FJ947
客户公司: 浙大万朋信息有限公司生物科技
客户所在地: 鑫市, 中国
产品信息: LG 智能插座 Max (类别: 智能插座)
生产商: LG智能家电
产品价格: 8566.89
评分: 2.6星
评价日期: 2025年07月23日
评价内容: ""对这款智能插座非常不满意，稳定性差，浪费钱。""",120,智能插座,LG 智能插座 Max,浙大万朋信息有限公司生物科技
936,23,QL573,3.5,2025-07-22,"客户ID: QL573
客户公司: 维涛科技有限公司网络安全
客户所在地: 永安市, 中国
产品信息: 美的 智能净水器 Plus (类别: 智能净水器)
生产商: 美的智能科技
产品价格: 8466.26
评分: 3.5星
评价日期: 2025年07月22日
评价内容: ""总体来说还行，续航时间长，就是使用说明不清。""",123,智能净水器,美的 智能净水器 Plus,维涛科技有限公司网络安全
240,42,GL926,4.8,2025-07-21,"客户ID: GL926
客户公司: 时空盒数字传媒有限公司大数据分析
客户所在地: 巢湖市, 中国
产品信息: 谷歌 智能净水器 Ultra (类别: 智能净水器)
生产商: 谷歌智能设备
产品价格: 7844.22
评分: 4.8星
评价日期: 2025年07月21日
评价内容: ""这款智能净水器的远程控制功能很实用，音质出色。""",128,智能净水器,谷歌 智能净水器 Ultra,时空盒数字传媒有限公司大数据分析
1211,43,IP471,4.4,2025-07-21,"客户ID: IP471
客户公司: 银嘉信息有限公司移动应用开发
客户所在地: 荆门市, 中国
产品信息: 华为 智能电视 Max (类别: 智能电视)
生产商: 华为智能生活
产品价格: 4139.84
评分: 4.4星
评价日期: 2025年07月21日
评价内容: ""使用了一个月，外观漂亮，没有发现任何问题。""",122,智能电视,华为 智能电视 Max,银嘉信息有限公司移动应用开发
1299,66,QL573,4.0,2025-07-21,"客户ID: QL573
客户公司: 维涛科技有限公司网络安全
客户所在地: 永安市, 中国
产品信息: 松下 智能马桶 Elite (类别: 智能马桶)
生产商: 松下智能电器
产品价格: 9184.21
评分: 4.0星
评价日期: 2025年07月21日
评价内容: ""这款产品的自动升级特别好用，在日常使用时特别方便。""",124,智能马桶,松下 智能马桶 Elite,维涛科技有限公司网络安全
356,33,ZU351,1.5,2025-07-20,"客户ID: ZU351
客户公司: 银嘉科技有限公司科技公司
客户所在地: 秀荣市, 中国
产品信息: 飞利浦 智能加湿器 Ultra (类别: 智能加湿器)
生产商: 飞利浦智能照明
产品价格: 6144.74
评分: 1.5星
评价日期: 2025年07月20日
评价内容: ""这款产品有严重问题，操作复杂，已经申请退款。""",125,智能加湿器,飞利浦 智能加湿器 Ultra,银嘉科技有限公司科技公司
384,79,FN522,4.1,2025-07-19,"客户ID: FN522
客户公司: 新宇龙信息科技有限公司电子商务
客户所在地: 磊县, 中国
产品信息: 格力 智能手环 Lite (类别: 智能手环)
生产商: 格力智能电器
产品价格: 9808.19
评分: 4.1星
评价日期: 2025年07月19日
评价内容: ""这款智能手环质量很好，功能齐全。总体来说很满意。""",125,智能手环,格力 智能手环 Lite,新宇龙信息科技有限公司电子商务
565,25,DX151,3.1,2025-07-19,"客户ID: DX151
客户公司: 易动力信息有限公司物联网
客户所在地: 佛山县, 中国
产品信息: 三星 智能窗帘 Basic (类别: 智能窗帘)
生产商: 三星智能家电
产品价格: 9678.27
评分: 3.1星
评价日期: 2025年07月19日
评价内容: ""总体来说还行，稳定性好，就是音质一般。""",118,智能窗帘,三星 智能窗帘 Basic,易动力信息有限公司物联网
786,77,EM821,3.7,2025-07-18,"客户ID: EM821
客户公司: 泰麒麟信息有限公司人工智能
客户所在地: 香港县, 中国
产品信息: 美的 智能洗衣机 Advanced (类别: 智能洗衣机)
生产商: 美的智能科技
产品价格: 6994.39
评分: 3.7星
评价日期: 2025年07月18日
评价内容: ""在早晨起床使用还不错，但在其他情况下表现一般。""",125,智能洗衣机,美的 智能洗衣机 Advanced,泰麒麟信息有限公司人工智能
130,94,RG743,3.4,2025-07-17,"客户ID: RG743
客户公司: 快讯信息有限公司智能科技
客户所在地: 勇县, 中国
产品信息: 格力 智能体重秤 Standard (类别: 智能体重秤)
生产商: 格力智能电器
产品价格: 9138.52
评分: 3.4星
评价日期: 2025年07月17日
评价内容: ""收到货后，这款格力 智能体重秤 Standard功能基本满足需求。在做饭时时使用体验还不错。另外缺点是反应迟钝。性价比很高。""",153,智能体重秤,格力 智能体重秤 Standard,快讯信息有限公司智能科技
519,70,AW347,2.2,2025-07-17,"客户ID: AW347
客户公司: 鸿睿思博传媒有限公司智能科技
客户所在地: 武汉市, 中国
产品信息: 博世 智能净水器 Max (类别: 智能净水器)
生产商: 博世智能系统
产品价格: 7890.83
评分: 2.2星
评价日期: 2025年07月17日
评价内容: ""连接稳定性问题很严重，完全不值这个价格。""",123,智能净水器,博世 智能净水器 Max,鸿睿思博传媒有限公司智能科技
707,100,DX151,1.1,2025-07-17,"客户ID: DX151
客户公司: 易动力信息有限公司物联网
客户所在地: 佛山县, 中国
产品信息: LG 智能插座 Max (类别: 智能插座)
生产商: LG智能家电
产品价格: 8566.89
评分: 1.1星
评价日期: 2025年07月17日
评价内容: ""用了一段时间，这款智能插座很失望。信号强度简直无法忍受。唯一值得称赞的可能就是送货速度快。""",142,智能插座,LG 智能插座 Max,易动力信息有限公司物联网
747,28,GR729,3.8,2025-07-17,"客户ID: GR729
客户公司: 中建创业网络有限公司移动应用开发
客户所在地: 辽阳县, 中国
产品信息: 飞利浦 智能扫地机器人 Plus (类别: 智能扫地机器人)
生产商: 飞利浦智能照明
产品价格: 230.53
评分: 3.8星
评价日期: 2025年07月17日
评价内容: ""在看电影时使用还不错，但在其他情况下表现一般。""",134,智能扫地机器人,飞利浦 智能扫地机器人 Plus,中建创业网络有限公司移动应用开发
129,36,II746,3.4,2025-07-16,"客户ID: II746
客户公司: 恩悌传媒有限公司虚拟现实
客户所在地: 南昌县, 中国
产品信息: 海尔智慧家庭 智能加湿器 Lite (类别: 智能加湿器)
生产商: 海尔智慧家庭
产品价格: 9057.68
评分: 3.4星
评价日期: 2025年07月16日
评价内容: ""这款产品优缺点都有，安装方便，但音质一般。""",126,智能加湿器,海尔智慧家庭 智能加湿器 Lite,恩悌传媒有限公司虚拟现实
530,71,TW751,2.4,2025-07-16,"客户ID: TW751
客户公司: 图龙信息网络有限公司云计算
客户所在地: 宁德市, 中国
产品信息: 索尼 智能冰箱 Elite (类别: 智能冰箱)
生产商: 索尼智能科技
产品价格: 6386.01
评分: 2.4星
评价日期: 2025年07月16日
评价内容: ""这款产品有严重问题，音质一般，已经申请退款。""",122,智能冰箱,索尼 智能冰箱 Elite,图龙信息网络有限公司云计算
711,75,QJ392,2.6,2025-07-15,"客户ID: QJ392
客户公司: 创亿网络有限公司金融科技
客户所在地: 重庆市, 中国
产品信息: 亚马逊 智能空调 Standard (类别: 智能空调)
生产商: 亚马逊智能科技
产品价格: 9247.38
评分: 2.6星
评价日期: 2025年07月15日
评价内容: ""使用一周后出现故障，价格偏高，售后服务也不好。""",124,智能空调,亚马逊 智能空调 Standard,创亿网络有限公司金融科技
967,88,YZ898,3.8,2025-07-14,"客户ID: YZ898
客户公司: 通际名联科技有限公司金融科技
客户所在地: 济南市, 中国
产品信息: 格力 智能体重秤 Ultra (类别: 智能体重秤)
生产商: 格力智能电器
产品价格: 4528.2
评分: 3.8星
评价日期: 2025年07月14日
评价内容: ""智能体重秤的质量还可以，音质出色，不过功能单一。""",127,智能体重秤,格力 智能体重秤 Ultra,通际名联科技有限公司金融科技
131,44,GR729,2.6,2025-07-11,"客户ID: GR729
客户公司: 中建创业网络有限公司移动应用开发
客户所在地: 辽阳县, 中国
产品信息: 小米 智能空调 Elite (类别: 智能空调)
生产商: 小米智能家居
产品价格: 7690.31
评分: 2.6星
评价日期: 2025年07月11日
评价内容: ""散热问题问题很严重，完全不值这个价格。""",122,智能空调,小米 智能空调 Elite,中建创业网络有限公司移动应用开发
301,26,XO649,4.8,2025-07-11,"客户ID: XO649
客户公司: 晖来计算机传媒有限公司云计算
客户所在地: 郑州县, 中国
产品信息: 亚马逊 智能扫地机器人 Mini (类别: 智能扫地机器人)
生产商: 亚马逊智能科技
产品价格: 7885.52
评分: 4.8星
评价日期: 2025年07月11日
评价内容: ""使用了一个月，稳定性好，没有发现任何问题。""",130,智能扫地机器人,亚马逊 智能扫地机器人 Mini,晖来计算机传媒有限公司云计算
321,22,BN418,4.8,2025-07-11,"客户ID: BN418
客户公司: 易动力网络有限公司移动应用开发
客户所在地: 重庆市, 中国
产品信息: 美的 智能电视 Basic (类别: 智能电视)
生产商: 美的智能科技
产品价格: 7621.5
评分: 4.8星
评价日期: 2025年07月11日
评价内容: ""这是我用过的最好的智能电视之一，功能齐全，性价比很高。""",129,智能电视,美的 智能电视 Basic,易动力网络有限公司移动应用开发
341,65,AD089,4.2,2025-07-11,"客户ID: AD089
客户公司: 创亿网络有限公司移动应用开发
客户所在地: 楠市, 中国
产品信息: 西门子 智能空调 Basic (类别: 智能空调)
生产商: 西门子智能家居
产品价格: 6493.01
评分: 4.2星
评价日期: 2025年07月11日
评价内容: ""经过一段时间使用，这款西门子 智能空调 Basic功能很强大。尤其是在看电影时时表现尤为出色。这个价位能买到这样的产品已经很不错了。""",162,智能空调,西门子 智能空调 Basic,创亿网络有限公司移动应用开发
66,36,AK874,2.4,2025-07-10,"客户ID: AK874
客户公司: 昊嘉信息有限公司区块链技术
客户所在地: 雷市, 中国
产品信息: 海尔智慧家庭 智能加湿器 Lite (类别: 智能加湿器)
生产商: 海尔智慧家庭
产品价格: 9057.68
评分: 2.4星
评价日期: 2025年07月10日
评价内容: ""对这款智能加湿器非常不满意，兼容性差，浪费钱。""",128,智能加湿器,海尔智慧家庭 智能加湿器 Lite,昊嘉信息有限公司区块链技术
94,62,GR625,2.7,2025-07-10,"客户ID: GR625
客户公司: 明腾传媒有限公司互联网服务
客户所在地: 邯郸市, 中国
产品信息: 华为 智能洗衣机 Ultra (类别: 智能洗衣机)
生产商: 华为智能生活
产品价格: 8401.38
评分: 2.7星
评价日期: 2025年07月10日
评价内容: ""试用了几天，这款华为 智能洗衣机 Ultra性价比极低。在晚上睡前时完全不能正常工作。不推荐任何人购买。""",148,智能洗衣机,华为 智能洗衣机 Ultra,明腾传媒有限公司互联网服务
327,10,FB488,2.5,2025-07-10,"客户ID: FB488
客户公司: 方正科技科技有限公司互联网服务
客户所在地: 宁德市, 中国
产品信息: 美的 智能窗帘 Max (类别: 智能窗帘)
生产商: 美的智能科技
产品价格: 1836.78
评分: 2.5星
评价日期: 2025年07月10日
评价内容: ""我觉得，这款美的 智能窗帘 Max不推荐购买。主要问题在于音质一般。唯一值得称赞的可能就是售后服务态度好。""",151,智能窗帘,美的 智能窗帘 Max,方正科技科技有限公司互联网服务
521,98,IP471,4.7,2025-07-10,"客户ID: IP471
客户公司: 银嘉信息有限公司移动应用开发
客户所在地: 荆门市, 中国
产品信息: 格力 智能电视 Pro (类别: 智能电视)
生产商: 格力智能电器
产品价格: 2676.49
评分: 4.7星
评价日期: 2025年07月10日
评价内容: ""在多次对比之后选择了这款，这款格力 智能电视 Pro超出我的预期。如果非要说缺点的话，说明书不够详细。总体来说还是很满意的。""",159,智能电视,格力 智能电视 Pro,银嘉信息有限公司移动应用开发
1164,28,QU287,1.8,2025-07-10,"客户ID: QU287
客户公司: 戴硕电子科技有限公司移动应用开发
客户所在地: 瑜市, 中国
产品信息: 飞利浦 智能扫地机器人 Plus (类别: 智能扫地机器人)
生产商: 飞利浦智能照明
产品价格: 230.53
评分: 1.8星
评价日期: 2025年07月10日
评价内容: ""不推荐这款智能扫地机器人，操作复杂，很失望。""",132,智能扫地机器人,飞利浦 智能扫地机器人 Plus,戴硕电子科技有限公司移动应用开发
606,26,KM929,3.2,2025-07-08,"客户ID: KM929
客户公司: 迪摩科技有限公司电子商务
客户所在地: 福州县, 中国
产品信息: 亚马逊 智能扫地机器人 Mini (类别: 智能扫地机器人)
生产商: 亚马逊智能科技
产品价格: 7885.52
评分: 3.2星
评价日期: 2025年07月08日
评价内容: ""智能扫地机器人的质量还可以，稳定性好，不过反应迟钝。""",133,智能扫地机器人,亚马逊 智能扫地机器人 Mini,迪摩科技有限公司电子商务
887,82,DX151,2.8,2025-07-08,"客户ID: DX151
客户公司: 易动力信息有限公司物联网
客户所在地: 佛山县, 中国
产品信息: LG 智能开关 Lite (类别: 智能开关)
生产商: LG智能家电
产品价格: 7112.72
评分: 2.8星
评价日期: 2025年07月08日
评价内容: ""在多次对比之后选择了这款，这款LG 智能开关 Lite不推荐购买。在做饭时时完全不能正常工作。""",138,智能开关,LG 智能开关 Lite,易动力信息有限公司物联网
773,5,JT617,2.3,2025-07-07,"客户ID: JT617
客户公司: 时空盒数字信息有限公司智能科技
客户所在地: 郑州县, 中国
产品信息: 美的 智能电饭煲 Pro (类别: 智能电饭煲)
生产商: 美的智能科技
产品价格: 5002.04
评分: 2.3星
评价日期: 2025年07月07日
评价内容: ""不推荐这款智能电饭煲，画质模糊，很失望。""",124,智能电饭煲,美的 智能电饭煲 Pro,时空盒数字信息有限公司智能科技
329,23,CA470,2.9,2025-07-06,"客户ID: CA470
客户公司: 南康传媒有限公司生物科技
客户所在地: 贵阳市, 中国
产品信息: 美的 智能净水器 Plus (类别: 智能净水器)
生产商: 美的智能科技
产品价格: 8466.26
评分: 2.9星
评价日期: 2025年07月06日
评价内容: ""老实讲，这款智能净水器存在明显缺陷。使用不到一周就出现了失灵。希望厂家能重视这些问题。""",144,智能净水器,美的 智能净水器 Plus,南康传媒有限公司生物科技
491,8,TE207,1.2,2025-07-06,"客户ID: TE207
客户公司: 新宇龙信息传媒有限公司人工智能
客户所在地: 张家港市, 中国
产品信息: 松下 智能开关 Lite (类别: 智能开关)
生产商: 松下智能电器
产品价格: 9053.56
评分: 1.2星
评价日期: 2025年07月06日
评价内容: ""坦白讲，这款松下 智能开关 Lite很失望。使用不到一周就出现了失灵。""",133,智能开关,松下 智能开关 Lite,新宇龙信息传媒有限公司人工智能
148,83,XO649,2.3,2025-07-05,"客户ID: XO649
客户公司: 晖来计算机传媒有限公司云计算
客户所在地: 郑州县, 中国
产品信息: 西门子 智能手环 Standard (类别: 智能手环)
生产商: 西门子智能家居
产品价格: 4892.47
评分: 2.3星
评价日期: 2025年07月05日
评价内容: ""噪音控制问题很严重，完全不值这个价格。""",122,智能手环,西门子 智能手环 Standard,晖来计算机传媒有限公司云计算
187,36,NU711,3.8,2025-07-05,"客户ID: NU711
客户公司: 易动力科技有限公司人工智能
客户所在地: 桂兰县, 中国
产品信息: 海尔智慧家庭 智能加湿器 Lite (类别: 智能加湿器)
生产商: 海尔智慧家庭
产品价格: 9057.68
评分: 3.8星
评价日期: 2025年07月05日
评价内容: ""这款产品优缺点都有，外观漂亮，但稳定性差。""",127,智能加湿器,海尔智慧家庭 智能加湿器 Lite,易动力科技有限公司人工智能
635,64,TB616,4.2,2025-07-05,"客户ID: TB616
客户公司: 晖来计算机网络有限公司虚拟现实
客户所在地: 梅县, 中国
产品信息: 亚马逊 智能马桶 Standard (类别: 智能马桶)
生产商: 亚马逊智能科技
产品价格: 6039.3
评分: 4.2星
评价日期: 2025年07月05日
评价内容: ""试用了几天，这款智能马桶超出我的预期。不过节能模式功能特别实用。整体体验不错。""",142,智能马桶,亚马逊 智能马桶 Standard,晖来计算机网络有限公司虚拟现实
1085,89,KS630,2.9,2025-07-05,"客户ID: KS630
客户公司: 良诺信息有限公司网络安全
客户所在地: 潮州市, 中国
产品信息: 博世 智能空调 Lite (类别: 智能空调)
生产商: 博世智能系统
产品价格: 9160.39
评分: 2.9星
评价日期: 2025年07月05日
评价内容: ""对这款智能空调非常不满意，安装困难，浪费钱。""",121,智能空调,博世 智能空调 Lite,良诺信息有限公司网络安全
1100,40,US056,2.4,2025-07-05,"客户ID: US056
客户公司: 国讯网络有限公司移动应用开发
客户所在地: 文市, 中国
产品信息: 小米 智能马桶 Lite (类别: 智能马桶)
生产商: 小米智能家居
产品价格: 6252.3
评分: 2.4星
评价日期: 2025年07月05日
评价内容: ""信号强度问题很严重，完全不值这个价格。""",119,智能马桶,小米 智能马桶 Lite,国讯网络有限公司移动应用开发
450,60,DX151,4.7,2025-07-04,"客户ID: DX151
客户公司: 易动力信息有限公司物联网
客户所在地: 佛山县, 中国
产品信息: 华为 智能窗帘 Basic (类别: 智能窗帘)
生产商: 华为智能生活
产品价格: 2259.63
评分: 4.7星
评价日期: 2025年07月04日
评价内容: ""非常满意这次购买，功能齐全，送货也很快。""",119,智能窗帘,华为 智能窗帘 Basic,易动力信息有限公司物联网
905,97,CA470,3.1,2025-07-04,"客户ID: CA470
客户公司: 南康传媒有限公司生物科技
客户所在地: 贵阳市, 中国
产品信息: 格力 智能净水器 Ultra (类别: 智能净水器)
生产商: 格力智能电器
产品价格: 9164.46
评分: 3.1星
评价日期: 2025年07月04日
评价内容: ""在看电影时使用还不错，但在其他情况下表现一般。""",124,智能净水器,格力 智能净水器 Ultra,南康传媒有限公司生物科技
1060,28,XA075,1.9,2025-07-04,"客户ID: XA075
客户公司: 网新恒天科技有限公司数字科技
客户所在地: 秀梅县, 中国
产品信息: 飞利浦 智能扫地机器人 Plus (类别: 智能扫地机器人)
生产商: 飞利浦智能照明
产品价格: 230.53
评分: 1.9星
评价日期: 2025年07月04日
评价内容: ""体验下来，这款智能扫地机器人不推荐购买。在工作时时完全不能正常工作。以后不会再考虑这个品牌的产品。""",158,智能扫地机器人,飞利浦 智能扫地机器人 Plus,网新恒天科技有限公司数字科技
739,77,EA575,3.0,2025-07-03,"客户ID: EA575
客户公司: 襄樊地球村信息有限公司物联网
客户所在地: 丽娟市, 中国
产品信息: 美的 智能洗衣机 Advanced (类别: 智能洗衣机)
生产商: 美的智能科技
产品价格: 6994.39
评分: 3.0星
评价日期: 2025年07月03日
评价内容: ""在多次对比之后选择了这款，这款美的 智能洗衣机 Advanced基本符合预期。在早晨起床时使用体验还不错。更让我满意的是使用久了会发现一些小问题。性价比很高。""",173,智能洗衣机,美的 智能洗衣机 Advanced,襄樊地球村信息有限公司物联网
740,64,LU518,2.9,2025-07-03,"客户ID: LU518
客户公司: 易动力传媒有限公司生物科技
客户所在地: 伟市, 中国
产品信息: 亚马逊 智能马桶 Standard (类别: 智能马桶)
生产商: 亚马逊智能科技
产品价格: 6039.3
评分: 2.9星
评价日期: 2025年07月03日
评价内容: ""对这款智能马桶非常不满意，兼容性差，浪费钱。""",123,智能马桶,亚马逊 智能马桶 Standard,易动力传媒有限公司生物科技
919,46,DV182,1.4,2025-07-03,"客户ID: DV182
客户公司: 艾提科信传媒有限公司网络安全
客户所在地: 桂荣市, 中国
产品信息: 小米 智能开关 Max (类别: 智能开关)
生产商: 小米智能家居
产品价格: 2038.82
评分: 1.4星
评价日期: 2025年07月03日
评价内容: ""不推荐这款智能开关，售后服务差，很失望。""",121,智能开关,小米 智能开关 Max,艾提科信传媒有限公司网络安全
1243,8,VQ233,3.0,2025-07-03,"客户ID: VQ233
客户公司: 和泰信息有限公司信息技术
客户所在地: 成都市, 中国
产品信息: 松下 智能开关 Lite (类别: 智能开关)
生产商: 松下智能电器
产品价格: 9053.56
评分: 3.0星
评价日期: 2025年07月03日
评价内容: ""这款产品优缺点都有，稳定性好，但使用说明不清。""",122,智能开关,松下 智能开关 Lite,和泰信息有限公司信息技术
84,15,CC657,1.4,2025-07-02,"客户ID: CC657
客户公司: 昊嘉信息有限公司信息技术
客户所在地: 军县, 中国
产品信息: 谷歌 智能音箱 Elite (类别: 智能音箱)
生产商: 谷歌智能设备
产品价格: 6218.93
评分: 1.4星
评价日期: 2025年07月02日
评价内容: ""对这款智能音箱非常不满意，续航时间短，浪费钱。""",121,智能音箱,谷歌 智能音箱 Elite,昊嘉信息有限公司信息技术
937,45,LU518,2.8,2025-07-02,"客户ID: LU518
客户公司: 易动力传媒有限公司生物科技
客户所在地: 伟市, 中国
产品信息: 博世 智能马桶 Max (类别: 智能马桶)
生产商: 博世智能系统
产品价格: 7392.23
评分: 2.8星
评价日期: 2025年07月02日
评价内容: ""不得不说，这款博世 智能马桶 Max不推荐购买。电池寿命简直无法忍受。已经申请退款了。""",138,智能马桶,博世 智能马桶 Max,易动力传媒有限公司生物科技
202,31,VQ233,4.3,2025-07-01,"客户ID: VQ233
客户公司: 和泰信息有限公司信息技术
客户所在地: 成都市, 中国
产品信息: 三星 智能加湿器 Mini (类别: 智能加湿器)
生产商: 三星智能家电
产品价格: 1356.55
评分: 4.3星
评价日期: 2025年07月01日
评价内容: ""这款智能加湿器质量很好，节能环保。总体来说很满意。""",126,智能加湿器,三星 智能加湿器 Mini,和泰信息有限公司信息技术
1101,2,RG743,3.9,2025-07-01,"客户ID: RG743
客户公司: 快讯信息有限公司智能科技
客户所在地: 勇县, 中国
产品信息: 美的 智能插座 Standard (类别: 智能插座)
生产商: 美的智能科技
产品价格: 9962.25
评分: 3.9星
评价日期: 2025年07月01日
评价内容: ""这款产品优缺点都有，稳定性好，但安装困难。""",119,智能插座,美的 智能插座 Standard,快讯信息有限公司智能科技
22,47,YZ898,1.7,2025-06-30,"客户ID: YZ898
客户公司: 通际名联科技有限公司金融科技
客户所在地: 济南市, 中国
产品信息: 苹果 智能灯具 Basic (类别: 智能灯具)
生产商: 苹果智能家庭
产品价格: 2411.14
评分: 1.7星
评价日期: 2025年06月30日
评价内容: ""使用一周后出现故障，音质一般，售后服务也不好。""",124,智能灯具,苹果 智能灯具 Basic,通际名联科技有限公司金融科技
359,66,AK874,3.7,2025-06-29,"客户ID: AK874
客户公司: 昊嘉信息有限公司区块链技术
客户所在地: 雷市, 中国
产品信息: 松下 智能马桶 Elite (类别: 智能马桶)
生产商: 松下智能电器
产品价格: 9184.21
评分: 3.7星
评价日期: 2025年06月29日
评价内容: ""在早晨起床使用还不错，但在其他情况下表现一般。""",122,智能马桶,松下 智能马桶 Elite,昊嘉信息有限公司区块链技术
430,27,MR129,1.2,2025-06-29,"客户ID: MR129
客户公司: 太极信息有限公司互联网服务
客户所在地: 海门市, 中国
产品信息: 小米 智能加湿器 Plus (类别: 智能加湿器)
生产商: 小米智能家居
产品价格: 8210.59
评分: 1.2星
评价日期: 2025年06月29日
评价内容: ""我发现，这款小米 智能加湿器 Plus性价比极低。主要问题在于价格偏高。唯一值得称赞的可能就是售后服务态度好。这钱花得太冤枉了。""",161,智能加湿器,小米 智能加湿器 Plus,太极信息有限公司互联网服务
789,6,XA075,3.4,2025-06-29,"客户ID: XA075
客户公司: 网新恒天科技有限公司数字科技
客户所在地: 秀梅县, 中国
产品信息: 海尔智慧家庭 智能空气净化器 Basic (类别: 智能空气净化器)
生产商: 海尔智慧家庭
产品价格: 5495.06
评分: 3.4星
评价日期: 2025年06月29日
评价内容: ""在晚上睡前使用还不错，但在其他情况下表现一般。""",134,智能空气净化器,海尔智慧家庭 智能空气净化器 Basic,网新恒天科技有限公司数字科技
226,56,ZV584,1.1,2025-06-28,"客户ID: ZV584
客户公司: 维旺明科技有限公司大数据分析
客户所在地: 杭州市, 中国
产品信息: 华为 智能体重秤 Advanced (类别: 智能体重秤)
生产商: 华为智能生活
产品价格: 263.12
评分: 1.1星
评价日期: 2025年06月28日
评价内容: ""使用一周后出现故障，价格偏高，售后服务也不好。""",126,智能体重秤,华为 智能体重秤 Advanced,维旺明科技有限公司大数据分析
1046,11,AK874,1.7,2025-06-28,"客户ID: AK874
客户公司: 昊嘉信息有限公司区块链技术
客户所在地: 雷市, 中国
产品信息: 小米 智能门锁 Mini (类别: 智能门锁)
生产商: 小米智能家居
产品价格: 4624.66
评分: 1.7星
评价日期: 2025年06月28日
评价内容: ""对这款智能门锁非常不满意，画质模糊，浪费钱。""",121,智能门锁,小米 智能门锁 Mini,昊嘉信息有限公司区块链技术
1009,23,HD242,3.8,2025-06-25,"客户ID: HD242
客户公司: 富罳科技有限公司生物科技
客户所在地: 想县, 中国
产品信息: 美的 智能净水器 Plus (类别: 智能净水器)
生产商: 美的智能科技
产品价格: 8466.26
评分: 3.8星
评价日期: 2025年06月25日
评价内容: ""购买后，这款美的 智能净水器 Plus性价比一般。在看电影时时使用体验还不错。更让我满意的是使用久了会发现一些小问题。性价比很高。""",160,智能净水器,美的 智能净水器 Plus,富罳科技有限公司生物科技
669,76,PJ659,2.2,2025-06-24,"客户ID: PJ659
客户公司: 超艺网络有限公司人工智能
客户所在地: 武汉市, 中国
产品信息: 松下 智能窗帘 Advanced (类别: 智能窗帘)
生产商: 松下智能电器
产品价格: 7412.19
评分: 2.2星
评价日期: 2025年06月24日
评价内容: ""对这款智能窗帘非常不满意，音质一般，浪费钱。""",121,智能窗帘,松下 智能窗帘 Advanced,超艺网络有限公司人工智能
680,33,FN522,1.9,2025-06-24,"客户ID: FN522
客户公司: 新宇龙信息科技有限公司电子商务
客户所在地: 磊县, 中国
产品信息: 飞利浦 智能加湿器 Ultra (类别: 智能加湿器)
生产商: 飞利浦智能照明
产品价格: 6144.74
评分: 1.9星
评价日期: 2025年06月24日
评价内容: ""对这款智能加湿器非常不满意，安装困难，浪费钱。""",128,智能加湿器,飞利浦 智能加湿器 Ultra,新宇龙信息科技有限公司电子商务
1087,10,IP471,5.0,2025-06-24,"客户ID: IP471
客户公司: 银嘉信息有限公司移动应用开发
客户所在地: 荆门市, 中国
产品信息: 美的 智能窗帘 Max (类别: 智能窗帘)
生产商: 美的智能科技
产品价格: 1836.78
评分: 5.0星
评价日期: 2025年06月24日
评价内容: ""这款产品的一键控制特别好用，在户外活动时特别方便。""",126,智能窗帘,美的 智能窗帘 Max,银嘉信息有限公司移动应用开发
413,94,ME428,4.3,2025-06-23,"客户ID: ME428
客户公司: 创汇网络有限公司虚拟现实
客户所在地: 秀英市, 中国
产品信息: 格力 智能体重秤 Standard (类别: 智能体重秤)
生产商: 格力智能电器
产品价格: 9138.52
评分: 4.3星
评价日期: 2025年06月23日
评价内容: ""在多次对比之后选择了这款，这款智能体重秤值得推荐。令人意外的是语音识别功能特别实用。和朋友推荐的一样好用。这个价位能买到这样的产品已经很不错了。""",173,智能体重秤,格力 智能体重秤 Standard,创汇网络有限公司虚拟现实
58,51,II746,2.1,2025-06-22,"客户ID: II746
客户公司: 恩悌传媒有限公司虚拟现实
客户所在地: 南昌县, 中国
产品信息: 苹果 智能开关 Basic (类别: 智能开关)
生产商: 苹果智能家庭
产品价格: 869.49
评分: 2.1星
评价日期: 2025年06月22日
评价内容: ""对这款智能开关非常不满意，稳定性差，浪费钱。""",121,智能开关,苹果 智能开关 Basic,恩悌传媒有限公司虚拟现实
1082,90,CA470,2.2,2025-06-22,"客户ID: CA470
客户公司: 南康传媒有限公司生物科技
客户所在地: 贵阳市, 中国
产品信息: 三星 智能窗帘 Standard (类别: 智能窗帘)
生产商: 三星智能家电
产品价格: 2559.17
评分: 2.2星
评价日期: 2025年06月22日
评价内容: ""说实话，这款三星 智能窗帘 Standard不值这个价格。使用不到一周就出现了损坏。这钱花得太冤枉了。""",141,智能窗帘,三星 智能窗帘 Standard,南康传媒有限公司生物科技
1284,5,PS740,1.4,2025-06-22,"客户ID: PS740
客户公司: 国讯科技有限公司金融科技
客户所在地: 金凤市, 中国
产品信息: 美的 智能电饭煲 Pro (类别: 智能电饭煲)
生产商: 美的智能科技
产品价格: 5002.04
评分: 1.4星
评价日期: 2025年06月22日
评价内容: ""对这款智能电饭煲非常不满意，安装困难，浪费钱。""",124,智能电饭煲,美的 智能电饭煲 Pro,国讯科技有限公司金融科技
361,94,FC418,2.0,2025-06-21,"客户ID: FC418
客户公司: 网新恒天网络有限公司生物科技
客户所在地: 秀珍县, 中国
产品信息: 格力 智能体重秤 Standard (类别: 智能体重秤)
生产商: 格力智能电器
产品价格: 9138.52
评分: 2.0星
评价日期: 2025年06月21日
评价内容: ""我觉得，这款格力 智能体重秤 Standard使用体验很差。主要问题在于功能单一。""",135,智能体重秤,格力 智能体重秤 Standard,网新恒天网络有限公司生物科技
85,64,RY548,4.0,2025-06-20,"客户ID: RY548
客户公司: 易动力信息有限公司网络安全
客户所在地: 斌县, 中国
产品信息: 亚马逊 智能马桶 Standard (类别: 智能马桶)
生产商: 亚马逊智能科技
产品价格: 6039.3
评分: 4.0星
评价日期: 2025年06月20日
评价内容: ""在早晨起床时使用效果很好，特别是高清画质功能。""",124,智能马桶,亚马逊 智能马桶 Standard,易动力信息有限公司网络安全
210,18,WQ849,2.1,2025-06-20,"客户ID: WQ849
客户公司: 开发区世创科技有限公司科技公司
客户所在地: 嘉禾市, 中国
产品信息: 美的 智能门锁 Mini (类别: 智能门锁)
生产商: 美的智能科技
产品价格: 5323.58
评分: 2.1星
评价日期: 2025年06月20日
评价内容: ""坦白讲，这款美的 智能门锁 Mini质量太差。使用不到一周就出现了问题。这钱花得太冤枉了。""",142,智能门锁,美的 智能门锁 Mini,开发区世创科技有限公司科技公司
74,51,KM929,1.3,2025-06-18,"客户ID: KM929
客户公司: 迪摩科技有限公司电子商务
客户所在地: 福州县, 中国
产品信息: 苹果 智能开关 Basic (类别: 智能开关)
生产商: 苹果智能家庭
产品价格: 869.49
评分: 1.3星
评价日期: 2025年06月18日
评价内容: ""作为一个经常使用此类产品的人，这款苹果 智能开关 Basic性价比极低。在早晨起床时完全不能正常工作。这钱花得太冤枉了。""",153,智能开关,苹果 智能开关 Basic,迪摩科技有限公司电子商务
429,67,ZV584,4.5,2025-06-16,"客户ID: ZV584
客户公司: 维旺明科技有限公司大数据分析
客户所在地: 杭州市, 中国
产品信息: 松下 智能电饭煲 Pro (类别: 智能电饭煲)
生产商: 松下智能电器
产品价格: 1510.53
评分: 4.5星
评价日期: 2025年06月16日
评价内容: ""非常满意这次购买，音质出色，送货也很快。""",123,智能电饭煲,松下 智能电饭煲 Pro,维旺明科技有限公司大数据分析
433,4,EK253,1.6,2025-06-16,"客户ID: EK253
客户公司: 兰金电子科技有限公司区块链技术
客户所在地: 南昌市, 中国
产品信息: 西门子 智能电视 Pro (类别: 智能电视)
生产商: 西门子智能家居
产品价格: 9993.23
评分: 1.6星
评价日期: 2025年06月16日
评价内容: ""不推荐这款智能电视，耗电量大，很失望。""",123,智能电视,西门子 智能电视 Pro,兰金电子科技有限公司区块链技术
923,88,GL926,4.3,2025-06-16,"客户ID: GL926
客户公司: 时空盒数字传媒有限公司大数据分析
客户所在地: 巢湖市, 中国
产品信息: 格力 智能体重秤 Ultra (类别: 智能体重秤)
生产商: 格力智能电器
产品价格: 4528.2
评分: 4.3星
评价日期: 2025年06月16日
评价内容: ""个人认为，这款智能体重秤值得推荐。此外高清画质设计很贴心。如果非要说缺点的话，可能就是稳定性差。值得购买。""",158,智能体重秤,格力 智能体重秤 Ultra,时空盒数字传媒有限公司大数据分析
28,39,XO649,1.5,2025-06-15,"客户ID: XO649
客户公司: 晖来计算机传媒有限公司云计算
客户所在地: 郑州县, 中国
产品信息: 西门子 智能音箱 Mini (类别: 智能音箱)
生产商: 西门子智能家居
产品价格: 1668.63
评分: 1.5星
评价日期: 2025年06月15日
评价内容: ""试用了几天，这款西门子 智能音箱 Mini有严重问题。主要问题在于售后服务差。已经申请退款了。""",145,智能音箱,西门子 智能音箱 Mini,晖来计算机传媒有限公司云计算
53,54,NQ176,3.7,2025-06-15,"客户ID: NQ176
客户公司: 图龙信息传媒有限公司数字科技
客户所在地: 南昌市, 中国
产品信息: 博世 智能开关 Max (类别: 智能开关)
生产商: 博世智能系统
产品价格: 7392.09
评分: 3.7星
评价日期: 2025年06月15日
评价内容: ""总体来说还行，兼容性强，就是智能化程度低。""",122,智能开关,博世 智能开关 Max,图龙信息传媒有限公司数字科技
200,8,EB652,3.4,2025-06-15,"客户ID: EB652
客户公司: 凌云信息有限公司虚拟现实
客户所在地: 秀珍县, 中国
产品信息: 松下 智能开关 Lite (类别: 智能开关)
生产商: 松下智能电器
产品价格: 9053.56
评分: 3.4星
评价日期: 2025年06月15日
评价内容: ""这款产品优缺点都有，安装方便，但反应迟钝。""",120,智能开关,松下 智能开关 Lite,凌云信息有限公司虚拟现实
477,63,CC657,2.8,2025-06-15,"客户ID: CC657
客户公司: 昊嘉信息有限公司信息技术
客户所在地: 军县, 中国
产品信息: LG 智能净水器 Basic (类别: 智能净水器)
生产商: LG智能家电
产品价格: 9118.55
评分: 2.8星
评价日期: 2025年06月15日
评价内容: ""对这款智能净水器非常不满意，功能单一，浪费钱。""",121,智能净水器,LG 智能净水器 Basic,昊嘉信息有限公司信息技术
823,38,MG296,4.6,2025-06-15,"客户ID: MG296
客户公司: 浦华众城网络有限公司信息技术
客户所在地: 浩市, 中国
产品信息: 西门子 智能冰箱 Standard (类别: 智能冰箱)
生产商: 西门子智能家居
产品价格: 4347.58
评分: 4.6星
评价日期: 2025年06月15日
评价内容: ""使用了一个月，质量很好，没有发现任何问题。""",123,智能冰箱,西门子 智能冰箱 Standard,浦华众城网络有限公司信息技术
11,33,FJ947,3.6,2025-06-14,"客户ID: FJ947
客户公司: 浙大万朋信息有限公司生物科技
客户所在地: 鑫市, 中国
产品信息: 飞利浦 智能加湿器 Ultra (类别: 智能加湿器)
生产商: 飞利浦智能照明
产品价格: 6144.74
评分: 3.6星
评价日期: 2025年06月14日
评价内容: ""智能加湿器的质量还可以，画质清晰，不过做工一般。""",128,智能加湿器,飞利浦 智能加湿器 Ultra,浙大万朋信息有限公司生物科技
511,21,FN522,2.1,2025-06-14,"客户ID: FN522
客户公司: 新宇龙信息科技有限公司电子商务
客户所在地: 磊县, 中国
产品信息: 华为 智能加湿器 Plus (类别: 智能加湿器)
生产商: 华为智能生活
产品价格: 2510.66
评分: 2.1星
评价日期: 2025年06月14日
评价内容: ""电池寿命问题很严重，完全不值这个价格。""",122,智能加湿器,华为 智能加湿器 Plus,新宇龙信息科技有限公司电子商务
576,37,GC890,2.9,2025-06-14,"客户ID: GC890
客户公司: 创联世纪信息有限公司移动应用开发
客户所在地: 福州县, 中国
产品信息: 飞利浦 智能马桶 Max (类别: 智能马桶)
生产商: 飞利浦智能照明
产品价格: 9941.8
评分: 2.9星
评价日期: 2025年06月14日
评价内容: ""散热问题问题很严重，完全不值这个价格。""",124,智能马桶,飞利浦 智能马桶 Max,创联世纪信息有限公司移动应用开发
718,71,NU711,4.3,2025-06-14,"客户ID: NU711
客户公司: 易动力科技有限公司人工智能
客户所在地: 桂兰县, 中国
产品信息: 索尼 智能冰箱 Elite (类别: 智能冰箱)
生产商: 索尼智能科技
产品价格: 6386.01
评分: 4.3星
评价日期: 2025年06月14日
评价内容: ""这款智能冰箱质量很好，功能齐全。总体来说很满意。""",124,智能冰箱,索尼 智能冰箱 Elite,易动力科技有限公司人工智能
368,84,CZ861,2.5,2025-06-13,"客户ID: CZ861
客户公司: 合联电子科技有限公司信息技术
客户所在地: 荣市, 中国
产品信息: 苹果 智能扫地机器人 Pro (类别: 智能扫地机器人)
生产商: 苹果智能家庭
产品价格: 4063.85
评分: 2.5星
评价日期: 2025年06月13日
评价内容: ""老实讲，这款苹果 智能扫地机器人 Pro存在明显缺陷。在做饭时时完全不能正常工作。已经申请退款了。""",151,智能扫地机器人,苹果 智能扫地机器人 Pro,合联电子科技有限公司信息技术
261,54,DH200,3.2,2025-06-12,"客户ID: DH200
客户公司: 盟新传媒有限公司大数据分析
客户所在地: 辽阳县, 中国
产品信息: 博世 智能开关 Max (类别: 智能开关)
生产商: 博世智能系统
产品价格: 7392.09
评分: 3.2星
评价日期: 2025年06月12日
评价内容: ""这款产品优缺点都有，稳定性好，但操作复杂。""",121,智能开关,博世 智能开关 Max,盟新传媒有限公司大数据分析
348,42,BP732,1.1,2025-06-12,"客户ID: BP732
客户公司: 南康网络有限公司互联网服务
客户所在地: 敏市, 中国
产品信息: 谷歌 智能净水器 Ultra (类别: 智能净水器)
生产商: 谷歌智能设备
产品价格: 7844.22
评分: 1.1星
评价日期: 2025年06月12日
评价内容: ""使用一周后出现故障，安装困难，售后服务也不好。""",124,智能净水器,谷歌 智能净水器 Ultra,南康网络有限公司互联网服务
533,69,FB488,3.2,2025-06-12,"客户ID: FB488
客户公司: 方正科技科技有限公司互联网服务
客户所在地: 宁德市, 中国
产品信息: 谷歌 智能洗衣机 Elite (类别: 智能洗衣机)
生产商: 谷歌智能设备
产品价格: 4072.02
评分: 3.2星
评价日期: 2025年06月12日
评价内容: ""这款智能洗衣机一般，质量很好，但是连接稳定性有点问题。""",131,智能洗衣机,谷歌 智能洗衣机 Elite,方正科技科技有限公司互联网服务
1040,46,TE207,3.7,2025-06-12,"客户ID: TE207
客户公司: 新宇龙信息传媒有限公司人工智能
客户所在地: 张家港市, 中国
产品信息: 小米 智能开关 Max (类别: 智能开关)
生产商: 小米智能家居
产品价格: 2038.82
评分: 3.7星
评价日期: 2025年06月12日
评价内容: ""这款产品优缺点都有，性价比高，但续航时间短。""",125,智能开关,小米 智能开关 Max,新宇龙信息传媒有限公司人工智能
550,78,CZ861,4.8,2025-06-10,"客户ID: CZ861
客户公司: 合联电子科技有限公司信息技术
客户所在地: 荣市, 中国
产品信息: 三星 智能音箱 Elite (类别: 智能音箱)
生产商: 三星智能家电
产品价格: 5080.6
评分: 4.8星
评价日期: 2025年06月10日
评价内容: ""这款产品的多用户管理特别好用，在户外活动时特别方便。""",126,智能音箱,三星 智能音箱 Elite,合联电子科技有限公司信息技术
844,60,CA470,1.3,2025-06-10,"客户ID: CA470
客户公司: 南康传媒有限公司生物科技
客户所在地: 贵阳市, 中国
产品信息: 华为 智能窗帘 Basic (类别: 智能窗帘)
生产商: 华为智能生活
产品价格: 2259.63
评分: 1.3星
评价日期: 2025年06月10日
评价内容: ""这款产品有严重问题，耗电量大，已经申请退款。""",121,智能窗帘,华为 智能窗帘 Basic,南康传媒有限公司生物科技
1096,44,YZ898,2.7,2025-06-09,"客户ID: YZ898
客户公司: 通际名联科技有限公司金融科技
客户所在地: 济南市, 中国
产品信息: 小米 智能空调 Elite (类别: 智能空调)
生产商: 小米智能家居
产品价格: 7690.31
评分: 2.7星
评价日期: 2025年06月09日
评价内容: ""从我的使用体验来看，这款小米 智能空调 Elite性价比极低。使用不到一周就出现了故障。已经申请退款了。""",147,智能空调,小米 智能空调 Elite,通际名联科技有限公司金融科技
969,46,EI532,4.1,2025-06-08,"客户ID: EI532
客户公司: 七喜传媒有限公司人工智能
客户所在地: 丽华县, 中国
产品信息: 小米 智能开关 Max (类别: 智能开关)
生产商: 小米智能家居
产品价格: 2038.82
评分: 4.1星
评价日期: 2025年06月08日
评价内容: ""这是我用过的最好的智能开关之一，续航时间长，性价比很高。""",127,智能开关,小米 智能开关 Max,七喜传媒有限公司人工智能
116,2,US056,1.4,2025-06-07,"客户ID: US056
客户公司: 国讯网络有限公司移动应用开发
客户所在地: 文市, 中国
产品信息: 美的 智能插座 Standard (类别: 智能插座)
生产商: 美的智能科技
产品价格: 9962.25
评分: 1.4星
评价日期: 2025年06月07日
评价内容: ""试用了几天，这款美的 智能插座 Standard不值这个价格。在做饭时时完全不能正常工作。已经申请退款了。""",144,智能插座,美的 智能插座 Standard,国讯网络有限公司移动应用开发
307,25,YZ898,1.1,2025-06-07,"客户ID: YZ898
客户公司: 通际名联科技有限公司金融科技
客户所在地: 济南市, 中国
产品信息: 三星 智能窗帘 Basic (类别: 智能窗帘)
生产商: 三星智能家电
产品价格: 9678.27
评分: 1.1星
评价日期: 2025年06月07日
评价内容: ""从我的使用体验来看，这款智能窗帘有严重问题。使用不到一周就出现了问题。唯一值得称赞的可能就是送货速度快。已经申请退款了。""",161,智能窗帘,三星 智能窗帘 Basic,通际名联科技有限公司金融科技
67,20,XO649,2.0,2025-06-06,"客户ID: XO649
客户公司: 晖来计算机传媒有限公司云计算
客户所在地: 郑州县, 中国
产品信息: 谷歌 智能净水器 Basic (类别: 智能净水器)
生产商: 谷歌智能设备
产品价格: 2404.37
评分: 2.0星
评价日期: 2025年06月06日
评价内容: ""对这款智能净水器非常不满意，兼容性差，浪费钱。""",126,智能净水器,谷歌 智能净水器 Basic,晖来计算机传媒有限公司云计算
408,100,WB209,4.3,2025-06-06,"客户ID: WB209
客户公司: 维涛传媒有限公司云计算
客户所在地: 秀华县, 中国
产品信息: LG 智能插座 Max (类别: 智能插座)
生产商: LG智能家电
产品价格: 8566.89
评分: 4.3星
评价日期: 2025年06月06日
评价内容: ""这款智能插座质量很好，节能环保。总体来说很满意。""",120,智能插座,LG 智能插座 Max,维涛传媒有限公司云计算
44,48,AW347,4.3,2025-06-05,"客户ID: AW347
客户公司: 鸿睿思博传媒有限公司智能科技
客户所在地: 武汉市, 中国
产品信息: 苹果 智能门锁 Pro (类别: 智能门锁)
生产商: 苹果智能家庭
产品价格: 815.71
评分: 4.3星
评价日期: 2025年06月05日
评价内容: ""非常满意这次购买，兼容性强，送货也很快。""",121,智能门锁,苹果 智能门锁 Pro,鸿睿思博传媒有限公司智能科技
597,79,II746,2.8,2025-06-05,"客户ID: II746
客户公司: 恩悌传媒有限公司虚拟现实
客户所在地: 南昌县, 中国
产品信息: 格力 智能手环 Lite (类别: 智能手环)
生产商: 格力智能电器
产品价格: 9808.19
评分: 2.8星
评价日期: 2025年06月05日
评价内容: ""这款产品有严重问题，做工一般，已经申请退款。""",121,智能手环,格力 智能手环 Lite,恩悌传媒有限公司虚拟现实
780,90,DW607,1.7,2025-06-05,"客户ID: DW607
客户公司: 银嘉网络有限公司云计算
客户所在地: 杨县, 中国
产品信息: 三星 智能窗帘 Standard (类别: 智能窗帘)
生产商: 三星智能家电
产品价格: 2559.17
评分: 1.7星
评价日期: 2025年06月05日
评价内容: ""这款产品有严重问题，续航时间短，已经申请退款。""",120,智能窗帘,三星 智能窗帘 Standard,银嘉网络有限公司云计算
1053,87,AW347,3.8,2025-06-05,"客户ID: AW347
客户公司: 鸿睿思博传媒有限公司智能科技
客户所在地: 武汉市, 中国
产品信息: 美的 智能马桶 Mini (类别: 智能马桶)
生产商: 美的智能科技
产品价格: 3349.58
评分: 3.8星
评价日期: 2025年06月05日
评价内容: ""总体来说还行，质量很好，就是兼容性差。""",120,智能马桶,美的 智能马桶 Mini,鸿睿思博传媒有限公司智能科技
750,76,DX151,1.5,2025-06-03,"客户ID: DX151
客户公司: 易动力信息有限公司物联网
客户所在地: 佛山县, 中国
产品信息: 松下 智能窗帘 Advanced (类别: 智能窗帘)
生产商: 松下智能电器
产品价格: 7412.19
评分: 1.5星
评价日期: 2025年06月03日
评价内容: ""不推荐这款智能窗帘，智能化程度低，很失望。""",120,智能窗帘,松下 智能窗帘 Advanced,易动力信息有限公司物联网
850,96,RV310,2.5,2025-06-03,"客户ID: RV310
客户公司: 银嘉科技有限公司云计算
客户所在地: 重庆县, 中国
产品信息: 博世 智能空调 Lite (类别: 智能空调)
生产商: 博世智能系统
产品价格: 8865.13
评分: 2.5星
评价日期: 2025年06月03日
评价内容: ""信号强度问题很严重，完全不值这个价格。""",117,智能空调,博世 智能空调 Lite,银嘉科技有限公司云计算
1241,45,TO444,3.3,2025-06-03,"客户ID: TO444
客户公司: MBP软件网络有限公司移动应用开发
客户所在地: 辛集市, 中国
产品信息: 博世 智能马桶 Max (类别: 智能马桶)
生产商: 博世智能系统
产品价格: 7392.23
评分: 3.3星
评价日期: 2025年06月03日
评价内容: ""对比了市面上几款同类产品后，这款博世 智能马桶 Max中规中矩。优点是性价比高。最重要的是在办公环境场景下表现一般。建议慎重考虑。""",163,智能马桶,博世 智能马桶 Max,MBP软件网络有限公司移动应用开发
59,90,ZV584,3.5,2025-06-02,"客户ID: ZV584
客户公司: 维旺明科技有限公司大数据分析
客户所在地: 杭州市, 中国
产品信息: 三星 智能窗帘 Standard (类别: 智能窗帘)
生产商: 三星智能家电
产品价格: 2559.17
评分: 3.5星
评价日期: 2025年06月02日
评价内容: ""总体来说还行，功能齐全，就是耗电量大。""",120,智能窗帘,三星 智能窗帘 Standard,维旺明科技有限公司大数据分析
208,69,TE207,3.8,2025-06-02,"客户ID: TE207
客户公司: 新宇龙信息传媒有限公司人工智能
客户所在地: 张家港市, 中国
产品信息: 谷歌 智能洗衣机 Elite (类别: 智能洗衣机)
生产商: 谷歌智能设备
产品价格: 4072.02
评分: 3.8星
评价日期: 2025年06月02日
评价内容: ""智能洗衣机的质量还可以，兼容性强，不过售后服务差。""",130,智能洗衣机,谷歌 智能洗衣机 Elite,新宇龙信息传媒有限公司人工智能
610,12,TW751,3.5,2025-06-01,"客户ID: TW751
客户公司: 图龙信息网络有限公司云计算
客户所在地: 宁德市, 中国
产品信息: 格力 智能空气净化器 Standard (类别: 智能空气净化器)
生产商: 格力智能电器
产品价格: 9181.39
评分: 3.5星
评价日期: 2025年06月01日
评价内容: ""坦白讲，这款智能空气净化器没有特别惊喜。在夏天使用时，智能学习表现不错。但是缺点是音质一般。不太推荐购买。""",159,智能空气净化器,格力 智能空气净化器 Standard,图龙信息网络有限公司云计算
699,68,IP471,1.9,2025-05-31,"客户ID: IP471
客户公司: 银嘉信息有限公司移动应用开发
客户所在地: 荆门市, 中国
产品信息: 博世 智能插座 Basic (类别: 智能插座)
生产商: 博世智能系统
产品价格: 3665.95
评分: 1.9星
评价日期: 2025年05月31日
评价内容: ""购买后，这款博世 智能插座 Basic使用体验很差。电池寿命简直无法忍受。""",132,智能插座,博世 智能插座 Basic,银嘉信息有限公司移动应用开发
296,50,BI759,3.8,2025-05-30,"客户ID: BI759
客户公司: 时空盒数字信息有限公司虚拟现实
客户所在地: 荣市, 中国
产品信息: 苹果 智能空气净化器 Basic (类别: 智能空气净化器)
生产商: 苹果智能家庭
产品价格: 9846.71
评分: 3.8星
评价日期: 2025年05月30日
评价内容: ""说实话，这款苹果 智能空气净化器 Basic基本符合预期。优点是画质清晰。最重要的是连接稳定性有点问题。希望厂家能改进这些问题。""",165,智能空气净化器,苹果 智能空气净化器 Basic,时空盒数字信息有限公司虚拟现实
314,26,XO649,2.0,2025-05-30,"客户ID: XO649
客户公司: 晖来计算机传媒有限公司云计算
客户所在地: 郑州县, 中国
产品信息: 亚马逊 智能扫地机器人 Mini (类别: 智能扫地机器人)
生产商: 亚马逊智能科技
产品价格: 7885.52
评分: 2.0星
评价日期: 2025年05月30日
评价内容: ""不推荐这款智能扫地机器人，反应迟钝，很失望。""",131,智能扫地机器人,亚马逊 智能扫地机器人 Mini,晖来计算机传媒有限公司云计算
839,33,CS287,3.5,2025-05-30,"客户ID: CS287
客户公司: 和泰网络有限公司电子商务
客户所在地: 玲市, 中国
产品信息: 飞利浦 智能加湿器 Ultra (类别: 智能加湿器)
生产商: 飞利浦智能照明
产品价格: 6144.74
评分: 3.5星
评价日期: 2025年05月30日
评价内容: ""这款智能加湿器一般，操作简单，但是信号强度有点问题。""",128,智能加湿器,飞利浦 智能加湿器 Ultra,和泰网络有限公司电子商务
898,59,MZ379,3.5,2025-05-30,"客户ID: MZ379
客户公司: 联软传媒有限公司区块链技术
客户所在地: 慧县, 中国
产品信息: 西门子 智能摄像头 Max (类别: 智能摄像头)
生产商: 西门子智能家居
产品价格: 5402.93
评分: 3.5星
评价日期: 2025年05月30日
评价内容: ""这款产品优缺点都有，节能环保，但续航时间短。""",125,智能摄像头,西门子 智能摄像头 Max,联软传媒有限公司区块链技术
822,28,EM821,1.9,2025-05-29,"客户ID: EM821
客户公司: 泰麒麟信息有限公司人工智能
客户所在地: 香港县, 中国
产品信息: 飞利浦 智能扫地机器人 Plus (类别: 智能扫地机器人)
生产商: 飞利浦智能照明
产品价格: 230.53
评分: 1.9星
评价日期: 2025年05月29日
评价内容: ""对这款智能扫地机器人非常不满意，反应迟钝，浪费钱。""",133,智能扫地机器人,飞利浦 智能扫地机器人 Plus,泰麒麟信息有限公司人工智能
1074,20,GR729,3.7,2025-05-29,"客户ID: GR729
客户公司: 中建创业网络有限公司移动应用开发
客户所在地: 辽阳县, 中国
产品信息: 谷歌 智能净水器 Basic (类别: 智能净水器)
生产商: 谷歌智能设备
产品价格: 2404.37
评分: 3.7星
评价日期: 2025年05月29日
评价内容: ""在多次对比之后选择了这款，这款智能净水器中规中矩。智能联动设计得比较合理。特别是散热问题有点问题。有点贵了，但质量确实好。""",166,智能净水器,谷歌 智能净水器 Basic,中建创业网络有限公司移动应用开发
1111,7,IP471,1.8,2025-05-29,"客户ID: IP471
客户公司: 银嘉信息有限公司移动应用开发
客户所在地: 荆门市, 中国
产品信息: 博世 智能扫地机器人 Max (类别: 智能扫地机器人)
生产商: 博世智能系统
产品价格: 1108.4
评分: 1.8星
评价日期: 2025年05月29日
评价内容: ""信号强度问题很严重，完全不值这个价格。""",126,智能扫地机器人,博世 智能扫地机器人 Max,银嘉信息有限公司移动应用开发
671,96,BW289,1.6,2025-05-28,"客户ID: BW289
客户公司: 海创网络有限公司生物科技
客户所在地: 汕尾县, 中国
产品信息: 博世 智能空调 Lite (类别: 智能空调)
生产商: 博世智能系统
产品价格: 8865.13
评分: 1.6星
评价日期: 2025年05月28日
评价内容: ""不得不说，这款博世 智能空调 Lite不值这个价格。主要问题在于操作复杂。唯一值得称赞的可能就是售后服务态度好。这钱花得太冤枉了。""",159,智能空调,博世 智能空调 Lite,海创网络有限公司生物科技
572,83,US056,2.7,2025-05-27,"客户ID: US056
客户公司: 国讯网络有限公司移动应用开发
客户所在地: 文市, 中国
产品信息: 西门子 智能手环 Standard (类别: 智能手环)
生产商: 西门子智能家居
产品价格: 4892.47
评分: 2.7星
评价日期: 2025年05月27日
评价内容: ""收到货后，这款智能手环完全不符合预期。信号强度简直无法忍受。""",132,智能手环,西门子 智能手环 Standard,国讯网络有限公司移动应用开发
582,10,BP732,1.3,2025-05-27,"客户ID: BP732
客户公司: 南康网络有限公司互联网服务
客户所在地: 敏市, 中国
产品信息: 美的 智能窗帘 Max (类别: 智能窗帘)
生产商: 美的智能科技
产品价格: 1836.78
评分: 1.3星
评价日期: 2025年05月27日
评价内容: ""使用一周后出现故障，反应迟钝，售后服务也不好。""",122,智能窗帘,美的 智能窗帘 Max,南康网络有限公司互联网服务
738,11,ZG109,1.3,2025-05-27,"客户ID: ZG109
客户公司: 襄樊地球村网络有限公司智能科技
客户所在地: 坤县, 中国
产品信息: 小米 智能门锁 Mini (类别: 智能门锁)
生产商: 小米智能家居
产品价格: 4624.66
评分: 1.3星
评价日期: 2025年05月27日
评价内容: ""老实讲，这款智能门锁性价比极低。主要问题在于耗电量大。这钱花得太冤枉了。""",137,智能门锁,小米 智能门锁 Mini,襄樊地球村网络有限公司智能科技
1225,33,MA264,3.2,2025-05-27,"客户ID: MA264
客户公司: 时刻网络有限公司信息技术
客户所在地: 梅县, 中国
产品信息: 飞利浦 智能加湿器 Ultra (类别: 智能加湿器)
生产商: 飞利浦智能照明
产品价格: 6144.74
评分: 3.2星
评价日期: 2025年05月27日
评价内容: ""经过一段时间使用，这款飞利浦 智能加湿器 Ultra优缺点都有。第一天使用时，智能学习表现不错。最重要的是在办公环境场景下表现一般。推荐给有需要的朋友。""",172,智能加湿器,飞利浦 智能加湿器 Ultra,时刻网络有限公司信息技术
790,5,WQ849,1.2,2025-05-26,"客户ID: WQ849
客户公司: 开发区世创科技有限公司科技公司
客户所在地: 嘉禾市, 中国
产品信息: 美的 智能电饭煲 Pro (类别: 智能电饭煲)
生产商: 美的智能科技
产品价格: 5002.04
评分: 1.2星
评价日期: 2025年05月26日
评价内容: ""这款产品有严重问题，音质一般，已经申请退款。""",126,智能电饭煲,美的 智能电饭煲 Pro,开发区世创科技有限公司科技公司
385,31,OA831,3.2,2025-05-25,"客户ID: OA831
客户公司: 华泰通安科技有限公司网络安全
客户所在地: 玉梅市, 中国
产品信息: 三星 智能加湿器 Mini (类别: 智能加湿器)
生产商: 三星智能家电
产品价格: 1356.55
评分: 3.2星
评价日期: 2025年05月25日
评价内容: ""总体来说还行，续航时间长，就是智能化程度低。""",125,智能加湿器,三星 智能加湿器 Mini,华泰通安科技有限公司网络安全
527,36,FN522,4.4,2025-05-25,"客户ID: FN522
客户公司: 新宇龙信息科技有限公司电子商务
客户所在地: 磊县, 中国
产品信息: 海尔智慧家庭 智能加湿器 Lite (类别: 智能加湿器)
生产商: 海尔智慧家庭
产品价格: 9057.68
评分: 4.4星
评价日期: 2025年05月25日
评价内容: ""这款智能加湿器质量很好，性价比高。总体来说很满意。""",132,智能加湿器,海尔智慧家庭 智能加湿器 Lite,新宇龙信息科技有限公司电子商务
122,25,EM821,2.3,2025-05-24,"客户ID: EM821
客户公司: 泰麒麟信息有限公司人工智能
客户所在地: 香港县, 中国
产品信息: 三星 智能窗帘 Basic (类别: 智能窗帘)
生产商: 三星智能家电
产品价格: 9678.27
评分: 2.3星
评价日期: 2025年05月24日
评价内容: ""对比了市面上几款同类产品后，这款三星 智能窗帘 Basic不值这个价格。在早晨起床时完全不能正常工作。唯一值得称赞的可能就是价格便宜。""",161,智能窗帘,三星 智能窗帘 Basic,泰麒麟信息有限公司人工智能
501,77,DX151,2.3,2025-05-23,"客户ID: DX151
客户公司: 易动力信息有限公司物联网
客户所在地: 佛山县, 中国
产品信息: 美的 智能洗衣机 Advanced (类别: 智能洗衣机)
生产商: 美的智能科技
产品价格: 6994.39
评分: 2.3星
评价日期: 2025年05月23日
评价内容: ""不推荐这款智能洗衣机，使用说明不清，很失望。""",123,智能洗衣机,美的 智能洗衣机 Advanced,易动力信息有限公司物联网
1198,70,GR729,3.2,2025-05-23,"客户ID: GR729
客户公司: 中建创业网络有限公司移动应用开发
客户所在地: 辽阳县, 中国
产品信息: 博世 智能净水器 Max (类别: 智能净水器)
生产商: 博世智能系统
产品价格: 7890.83
评分: 3.2星
评价日期: 2025年05月23日
评价内容: ""作为第一次购买这类产品的新手，这款博世 智能净水器 Max中规中矩。长期使用下来，语音识别表现不错。最重要的是连接稳定性有点问题。便宜没好货，这句话在这里很适用。""",182,智能净水器,博世 智能净水器 Max,中建创业网络有限公司移动应用开发
1302,63,MJ814,2.7,2025-05-21,"客户ID: MJ814
客户公司: 毕博诚科技有限公司互联网服务
客户所在地: 俊市, 中国
产品信息: LG 智能净水器 Basic (类别: 智能净水器)
生产商: LG智能家电
产品价格: 9118.55
评分: 2.7星
评价日期: 2025年05月21日
评价内容: ""不推荐这款智能净水器，使用说明不清，很失望。""",122,智能净水器,LG 智能净水器 Basic,毕博诚科技有限公司互联网服务
613,62,XA254,1.2,2025-05-21,"客户ID: XA254
客户公司: 易动力信息有限公司物联网
客户所在地: 齐齐哈尔市, 中国
产品信息: 华为 智能洗衣机 Ultra (类别: 智能洗衣机)
生产商: 华为智能生活
产品价格: 8401.38
评分: 1.2星
评价日期: 2025年05月21日
评价内容: ""不推荐这款智能洗衣机，音质一般，很失望。""",123,智能洗衣机,华为 智能洗衣机 Ultra,易动力信息有限公司物联网
333,5,XW046,3.6,2025-05-20,"客户ID: XW046
客户公司: 鑫博腾飞信息有限公司智能科技
客户所在地: 兴安盟市, 中国
产品信息: 美的 智能电饭煲 Pro (类别: 智能电饭煲)
生产商: 美的智能科技
产品价格: 5002.04
评分: 3.6星
评价日期: 2025年05月20日
评价内容: ""智能电饭煲的质量还可以，做工精细，不过音质一般。""",128,智能电饭煲,美的 智能电饭煲 Pro,鑫博腾飞信息有限公司智能科技
591,44,YZ898,1.5,2025-05-20,"客户ID: YZ898
客户公司: 通际名联科技有限公司金融科技
客户所在地: 济南市, 中国
产品信息: 小米 智能空调 Elite (类别: 智能空调)
生产商: 小米智能家居
产品价格: 7690.31
评分: 1.5星
评价日期: 2025年05月20日
评价内容: ""对这款智能空调非常不满意，安装困难，浪费钱。""",123,智能空调,小米 智能空调 Elite,通际名联科技有限公司金融科技
1126,2,XN875,1.7,2025-05-20,"客户ID: XN875
客户公司: 天开传媒有限公司网络安全
客户所在地: 芳市, 中国
产品信息: 美的 智能插座 Standard (类别: 智能插座)
生产商: 美的智能科技
产品价格: 9962.25
评分: 1.7星
评价日期: 2025年05月20日
评价内容: ""噪音控制问题很严重，完全不值这个价格。""",117,智能插座,美的 智能插座 Standard,天开传媒有限公司网络安全
1304,69,AK874,4.4,2025-05-20,"客户ID: AK874
客户公司: 昊嘉信息有限公司区块链技术
客户所在地: 雷市, 中国
产品信息: 谷歌 智能洗衣机 Elite (类别: 智能洗衣机)
生产商: 谷歌智能设备
产品价格: 4072.02
评分: 4.4星
评价日期: 2025年05月20日
评价内容: ""收到货后，这款智能洗衣机做工精细。让我惊喜的是定时功能是我最喜欢的部分。总体来说还是很满意的。""",148,智能洗衣机,谷歌 智能洗衣机 Elite,昊嘉信息有限公司区块链技术
1293,79,DV182,4.5,2025-05-19,"客户ID: DV182
客户公司: 艾提科信传媒有限公司网络安全
客户所在地: 桂荣市, 中国
产品信息: 格力 智能手环 Lite (类别: 智能手环)
生产商: 格力智能电器
产品价格: 9808.19
评分: 4.5星
评价日期: 2025年05月19日
评价内容: ""必须承认，这款智能手环品质很好。同时在晚上睡前时表现尤为出色。比同事使用的同款要好。如果非要说缺点的话，说明书不够详细。整体体验不错。""",168,智能手环,格力 智能手环 Lite,艾提科信传媒有限公司网络安全
616,32,WW556,3.9,2025-05-19,"客户ID: WW556
客户公司: 商软冠联网络有限公司信息技术
客户所在地: 梅市, 中国
产品信息: 亚马逊 智能马桶 Elite (类别: 智能马桶)
生产商: 亚马逊智能科技
产品价格: 1801.88
评分: 3.9星
评价日期: 2025年05月19日
评价内容: ""这款智能马桶一般，稳定性好，但是连接稳定性有点问题。""",128,智能马桶,亚马逊 智能马桶 Elite,商软冠联网络有限公司信息技术
1303,6,FB488,2.0,2025-05-18,"客户ID: FB488
客户公司: 方正科技科技有限公司互联网服务
客户所在地: 宁德市, 中国
产品信息: 海尔智慧家庭 智能空气净化器 Basic (类别: 智能空气净化器)
生产商: 海尔智慧家庭
产品价格: 5495.06
评分: 2.0星
评价日期: 2025年05月18日
评价内容: ""不推荐这款智能空气净化器，兼容性差，很失望。""",134,智能空气净化器,海尔智慧家庭 智能空气净化器 Basic,方正科技科技有限公司互联网服务
262,2,HD242,1.4,2025-05-17,"客户ID: HD242
客户公司: 富罳科技有限公司生物科技
客户所在地: 想县, 中国
产品信息: 美的 智能插座 Standard (类别: 智能插座)
生产商: 美的智能科技
产品价格: 9962.25
评分: 1.4星
评价日期: 2025年05月17日
评价内容: ""使用后感觉，这款智能插座存在明显缺陷。在做饭时时完全不能正常工作。已经申请退款了。""",139,智能插座,美的 智能插座 Standard,富罳科技有限公司生物科技
1098,2,RG743,3.4,2025-05-17,"客户ID: RG743
客户公司: 快讯信息有限公司智能科技
客户所在地: 勇县, 中国
产品信息: 美的 智能插座 Standard (类别: 智能插座)
生产商: 美的智能科技
产品价格: 9962.25
评分: 3.4星
评价日期: 2025年05月17日
评价内容: ""智能插座的质量还可以，功能齐全，不过操作复杂。""",121,智能插座,美的 智能插座 Standard,快讯信息有限公司智能科技
204,32,UY980,1.6,2025-05-16,"客户ID: UY980
客户公司: 兰金电子传媒有限公司生物科技
客户所在地: 桂香县, 中国
产品信息: 亚马逊 智能马桶 Elite (类别: 智能马桶)
生产商: 亚马逊智能科技
产品价格: 1801.88
评分: 1.6星
评价日期: 2025年05月16日
评价内容: ""对这款智能马桶非常不满意，反应迟钝，浪费钱。""",125,智能马桶,亚马逊 智能马桶 Elite,兰金电子传媒有限公司生物科技
624,99,RY548,3.0,2025-05-14,"客户ID: RY548
客户公司: 易动力信息有限公司网络安全
客户所在地: 斌县, 中国
产品信息: 三星 智能音箱 Basic (类别: 智能音箱)
生产商: 三星智能家电
产品价格: 1681.15
评分: 3.0星
评价日期: 2025年05月14日
评价内容: ""这款产品优缺点都有，做工精细，但使用说明不清。""",122,智能音箱,三星 智能音箱 Basic,易动力信息有限公司网络安全
350,88,DH200,3.9,2025-05-12,"客户ID: DH200
客户公司: 盟新传媒有限公司大数据分析
客户所在地: 辽阳县, 中国
产品信息: 格力 智能体重秤 Ultra (类别: 智能体重秤)
生产商: 格力智能电器
产品价格: 4528.2
评分: 3.9星
评价日期: 2025年05月12日
评价内容: ""在工作时使用还不错，但在其他情况下表现一般。""",124,智能体重秤,格力 智能体重秤 Ultra,盟新传媒有限公司大数据分析
1064,11,CC657,2.3,2025-05-12,"客户ID: CC657
客户公司: 昊嘉信息有限公司信息技术
客户所在地: 军县, 中国
产品信息: 小米 智能门锁 Mini (类别: 智能门锁)
生产商: 小米智能家居
产品价格: 4624.66
评分: 2.3星
评价日期: 2025年05月12日
评价内容: ""不推荐这款智能门锁，音质一般，很失望。""",117,智能门锁,小米 智能门锁 Mini,昊嘉信息有限公司信息技术
221,16,GC890,3.4,2025-05-11,"客户ID: GC890
客户公司: 创联世纪信息有限公司移动应用开发
客户所在地: 福州县, 中国
产品信息: 小米 智能电饭煲 Ultra (类别: 智能电饭煲)
生产商: 小米智能家居
产品价格: 8557.36
评分: 3.4星
评价日期: 2025年05月11日
评价内容: ""从我的使用体验来看，这款智能电饭煲质量还行。在晚上睡前时使用体验还不错。更让我满意的是缺点是音质一般。期待下一代产品能有所改进。""",169,智能电饭煲,小米 智能电饭煲 Ultra,创联世纪信息有限公司移动应用开发
223,92,VQ233,1.9,2025-05-11,"客户ID: VQ233
客户公司: 和泰信息有限公司信息技术
客户所在地: 成都市, 中国
产品信息: 西门子 智能摄像头 Plus (类别: 智能摄像头)
生产商: 西门子智能家居
产品价格: 9026.06
评分: 1.9星
评价日期: 2025年05月11日
评价内容: ""不推荐这款智能摄像头，稳定性差，很失望。""",123,智能摄像头,西门子 智能摄像头 Plus,和泰信息有限公司信息技术
1107,92,LU518,2.3,2025-05-11,"客户ID: LU518
客户公司: 易动力传媒有限公司生物科技
客户所在地: 伟市, 中国
产品信息: 西门子 智能摄像头 Plus (类别: 智能摄像头)
生产商: 西门子智能家居
产品价格: 9026.06
评分: 2.3星
评价日期: 2025年05月11日
评价内容: ""从我的使用体验来看，这款智能摄像头性价比极低。使用不到一周就出现了损坏。""",139,智能摄像头,西门子 智能摄像头 Plus,易动力传媒有限公司生物科技
391,49,MG296,2.9,2025-05-10,"客户ID: MG296
客户公司: 浦华众城网络有限公司信息技术
客户所在地: 浩市, 中国
产品信息: 松下 智能加湿器 Pro (类别: 智能加湿器)
生产商: 松下智能电器
产品价格: 8374.66
评分: 2.9星
评价日期: 2025年05月10日
评价内容: ""对比了市面上几款同类产品后，这款智能加湿器有严重问题。主要问题在于做工一般。唯一值得称赞的可能就是外观设计还不错。不推荐任何人购买。""",168,智能加湿器,松下 智能加湿器 Pro,浦华众城网络有限公司信息技术
1298,24,BI759,3.6,2025-05-10,"客户ID: BI759
客户公司: 时空盒数字信息有限公司虚拟现实
客户所在地: 荣市, 中国
产品信息: 西门子 智能电视 Pro (类别: 智能电视)
生产商: 西门子智能家居
产品价格: 6676.17
评分: 3.6星
评价日期: 2025年05月10日
评价内容: ""总体来说还行，操作简单，就是使用说明不清。""",124,智能电视,西门子 智能电视 Pro,时空盒数字信息有限公司虚拟现实
1311,29,WN094,1.3,2025-05-09,"客户ID: WN094
客户公司: 菊风公司传媒有限公司数字科技
客户所在地: 秀梅市, 中国
产品信息: 博世 智能空气净化器 Lite (类别: 智能空气净化器)
生产商: 博世智能系统
产品价格: 6067.97
评分: 1.3星
评价日期: 2025年05月09日
评价内容: ""对这款智能空气净化器非常不满意，音质一般，浪费钱。""",132,智能空气净化器,博世 智能空气净化器 Lite,菊风公司传媒有限公司数字科技
820,31,PE529,2.6,2025-05-09,"客户ID: PE529
客户公司: 易动力网络有限公司信息技术
客户所在地: 英县, 中国
产品信息: 三星 智能加湿器 Mini (类别: 智能加湿器)
生产商: 三星智能家电
产品价格: 1356.55
评分: 2.6星
评价日期: 2025年05月09日
评价内容: ""电池寿命问题很严重，完全不值这个价格。""",120,智能加湿器,三星 智能加湿器 Mini,易动力网络有限公司信息技术
468,55,EA575,1.7,2025-05-08,"客户ID: EA575
客户公司: 襄樊地球村信息有限公司物联网
客户所在地: 丽娟市, 中国
产品信息: 飞利浦 智能手环 Max (类别: 智能手环)
生产商: 飞利浦智能照明
产品价格: 6762.29
评分: 1.7星
评价日期: 2025年05月08日
评价内容: ""不推荐这款智能手环，画质模糊，很失望。""",122,智能手环,飞利浦 智能手环 Max,襄樊地球村信息有限公司物联网
543,65,YR398,3.2,2025-05-08,"客户ID: YR398
客户公司: 浦华众城信息有限公司虚拟现实
客户所在地: 大冶市, 中国
产品信息: 西门子 智能空调 Basic (类别: 智能空调)
生产商: 西门子智能家居
产品价格: 6493.01
评分: 3.2星
评价日期: 2025年05月08日
评价内容: ""购买后，这款西门子 智能空调 Basic质量还行。优点是反应灵敏。不仅如此在办公环境场景下表现一般。性价比很高。""",153,智能空调,西门子 智能空调 Basic,浦华众城信息有限公司虚拟现实
42,81,ZV584,4.8,2025-05-07,"客户ID: ZV584
客户公司: 维旺明科技有限公司大数据分析
客户所在地: 杭州市, 中国
产品信息: 亚马逊 智能门锁 Max (类别: 智能门锁)
生产商: 亚马逊智能科技
产品价格: 1413.9
评分: 4.8星
评价日期: 2025年05月07日
评价内容: ""说实话，这款智能门锁真的很不错。最让我失望的是智能场景是我最喜欢的部分。在同价位产品中表现最好。不太推荐购买。""",158,智能门锁,亚马逊 智能门锁 Max,维旺明科技有限公司大数据分析
174,98,QL573,3.1,2025-05-07,"客户ID: QL573
客户公司: 维涛科技有限公司网络安全
客户所在地: 永安市, 中国
产品信息: 格力 智能电视 Pro (类别: 智能电视)
生产商: 格力智能电器
产品价格: 2676.49
评分: 3.1星
评价日期: 2025年05月07日
评价内容: ""这款产品优缺点都有，性价比高，但价格偏高。""",120,智能电视,格力 智能电视 Pro,维涛科技有限公司网络安全
362,94,CZ861,3.7,2025-05-07,"客户ID: CZ861
客户公司: 合联电子科技有限公司信息技术
客户所在地: 荣市, 中国
产品信息: 格力 智能体重秤 Standard (类别: 智能体重秤)
生产商: 格力智能电器
产品价格: 9138.52
评分: 3.7星
评价日期: 2025年05月07日
评价内容: ""坦白讲，这款智能体重秤总体来说还可以。在工作时时使用体验还不错。更让我满意的是散热问题有点问题。不太推荐购买。""",157,智能体重秤,格力 智能体重秤 Standard,合联电子科技有限公司信息技术
559,73,RV310,1.4,2025-05-06,"客户ID: RV310
客户公司: 银嘉科技有限公司云计算
客户所在地: 重庆县, 中国
产品信息: 飞利浦 智能扫地机器人 Ultra (类别: 智能扫地机器人)
生产商: 飞利浦智能照明
产品价格: 259.27
评分: 1.4星
评价日期: 2025年05月06日
评价内容: ""不推荐这款智能扫地机器人，稳定性差，很失望。""",128,智能扫地机器人,飞利浦 智能扫地机器人 Ultra,银嘉科技有限公司云计算
622,2,NQ176,4.8,2025-05-06,"客户ID: NQ176
客户公司: 图龙信息传媒有限公司数字科技
客户所在地: 南昌市, 中国
产品信息: 美的 智能插座 Standard (类别: 智能插座)
生产商: 美的智能科技
产品价格: 9962.25
评分: 4.8星
评价日期: 2025年05月06日
评价内容: ""这款智能插座质量很好，画质清晰。总体来说很满意。""",125,智能插座,美的 智能插座 Standard,图龙信息传媒有限公司数字科技
558,41,WY218,4.7,2025-05-05,"客户ID: WY218
客户公司: 飞海科技传媒有限公司信息技术
客户所在地: 济南市, 中国
产品信息: 索尼 智能空气净化器 Ultra (类别: 智能空气净化器)
生产商: 索尼智能科技
产品价格: 9311.59
评分: 4.7星
评价日期: 2025年05月05日
评价内容: ""坦白讲，这款智能空气净化器真的很不错。此外智能联动设计很贴心。没有网上评价说的那么好。总体来说还是很满意的。""",161,智能空气净化器,索尼 智能空气净化器 Ultra,飞海科技传媒有限公司信息技术
644,21,HD242,4.8,2025-05-05,"客户ID: HD242
客户公司: 富罳科技有限公司生物科技
客户所在地: 想县, 中国
产品信息: 华为 智能加湿器 Plus (类别: 智能加湿器)
生产商: 华为智能生活
产品价格: 2510.66
评分: 4.8星
评价日期: 2025年05月05日
评价内容: ""在看电影时时使用效果很好，特别是高清画质功能。""",123,智能加湿器,华为 智能加湿器 Plus,富罳科技有限公司生物科技
886,76,EA575,2.9,2025-05-05,"客户ID: EA575
客户公司: 襄樊地球村信息有限公司物联网
客户所在地: 丽娟市, 中国
产品信息: 松下 智能窗帘 Advanced (类别: 智能窗帘)
生产商: 松下智能电器
产品价格: 7412.19
评分: 2.9星
评价日期: 2025年05月05日
评价内容: ""在多次对比之后选择了这款，这款智能窗帘很失望。使用不到一周就出现了异常。这钱花得太冤枉了。""",146,智能窗帘,松下 智能窗帘 Advanced,襄樊地球村信息有限公司物联网
279,33,ZF801,3.8,2025-05-04,"客户ID: ZF801
客户公司: 易动力科技有限公司科技公司
客户所在地: 沈阳县, 中国
产品信息: 飞利浦 智能加湿器 Ultra (类别: 智能加湿器)
生产商: 飞利浦智能照明
产品价格: 6144.74
评分: 3.8星
评价日期: 2025年05月04日
评价内容: ""在晚上睡前使用还不错，但在其他情况下表现一般。""",127,智能加湿器,飞利浦 智能加湿器 Ultra,易动力科技有限公司科技公司
755,39,XO649,2.7,2025-05-04,"客户ID: XO649
客户公司: 晖来计算机传媒有限公司云计算
客户所在地: 郑州县, 中国
产品信息: 西门子 智能音箱 Mini (类别: 智能音箱)
生产商: 西门子智能家居
产品价格: 1668.63
评分: 2.7星
评价日期: 2025年05月04日
评价内容: ""作为第一次购买这类产品的新手，这款智能音箱使用体验很差。主要问题在于画质模糊。唯一值得称赞的可能就是外观设计还不错。已经申请退款了。""",169,智能音箱,西门子 智能音箱 Mini,晖来计算机传媒有限公司云计算
79,47,IP471,2.7,2025-05-03,"客户ID: IP471
客户公司: 银嘉信息有限公司移动应用开发
客户所在地: 荆门市, 中国
产品信息: 苹果 智能灯具 Basic (类别: 智能灯具)
生产商: 苹果智能家庭
产品价格: 2411.14
评分: 2.7星
评价日期: 2025年05月03日
评价内容: ""试用了几天，这款苹果 智能灯具 Basic很失望。散热问题简直无法忍受。以后不会再考虑这个品牌的产品。""",146,智能灯具,苹果 智能灯具 Basic,银嘉信息有限公司移动应用开发
377,30,MR129,4.4,2025-05-03,"客户ID: MR129
客户公司: 太极信息有限公司互联网服务
客户所在地: 海门市, 中国
产品信息: 小米 智能开关 Ultra (类别: 智能开关)
生产商: 小米智能家居
产品价格: 747.93
评分: 4.4星
评价日期: 2025年05月03日
评价内容: ""这是我用过的最好的智能开关之一，兼容性强，性价比很高。""",127,智能开关,小米 智能开关 Ultra,太极信息有限公司互联网服务
630,88,GR729,2.5,2025-05-03,"客户ID: GR729
客户公司: 中建创业网络有限公司移动应用开发
客户所在地: 辽阳县, 中国
产品信息: 格力 智能体重秤 Ultra (类别: 智能体重秤)
生产商: 格力智能电器
产品价格: 4528.2
评分: 2.5星
评价日期: 2025年05月03日
评价内容: ""对这款智能体重秤非常不满意，耗电量大，浪费钱。""",128,智能体重秤,格力 智能体重秤 Ultra,中建创业网络有限公司移动应用开发
668,19,KM929,2.4,2025-05-03,"客户ID: KM929
客户公司: 迪摩科技有限公司电子商务
客户所在地: 福州县, 中国
产品信息: 海尔智慧家庭 智能开关 Plus (类别: 智能开关)
生产商: 海尔智慧家庭
产品价格: 7438.8
评分: 2.4星
评价日期: 2025年05月03日
评价内容: ""坦白讲，这款智能开关有严重问题。散热问题简直无法忍受。已经申请退款了。""",138,智能开关,海尔智慧家庭 智能开关 Plus,迪摩科技有限公司电子商务
871,96,BN418,3.1,2025-05-03,"客户ID: BN418
客户公司: 易动力网络有限公司移动应用开发
客户所在地: 重庆市, 中国
产品信息: 博世 智能空调 Lite (类别: 智能空调)
生产商: 博世智能系统
产品价格: 8865.13
评分: 3.1星
评价日期: 2025年05月03日
评价内容: ""总体来说还行，功能齐全，就是智能化程度低。""",123,智能空调,博世 智能空调 Lite,易动力网络有限公司移动应用开发
997,50,VH856,2.6,2025-05-03,"客户ID: VH856
客户公司: 鑫博腾飞科技有限公司电子商务
客户所在地: 英县, 中国
产品信息: 苹果 智能空气净化器 Basic (类别: 智能空气净化器)
生产商: 苹果智能家庭
产品价格: 9846.71
评分: 2.6星
评价日期: 2025年05月03日
评价内容: ""在多次对比之后选择了这款，这款智能空气净化器存在明显缺陷。噪音控制简直无法忍受。希望厂家能重视这些问题。""",158,智能空气净化器,苹果 智能空气净化器 Basic,鑫博腾飞科技有限公司电子商务
1271,8,RY572,1.0,2025-05-03,"客户ID: RY572
客户公司: 中建创业信息有限公司虚拟现实
客户所在地: 冬梅县, 中国
产品信息: 松下 智能开关 Lite (类别: 智能开关)
生产商: 松下智能电器
产品价格: 9053.56
评分: 1.0星
评价日期: 2025年05月03日
评价内容: ""个人认为，这款智能开关功能实现得很糟糕。使用不到一周就出现了问题。唯一值得称赞的可能就是外观设计还不错。以后不会再考虑这个品牌的产品。""",168,智能开关,松下 智能开关 Lite,中建创业信息有限公司虚拟现实
260,21,CZ861,4.7,2025-05-02,"客户ID: CZ861
客户公司: 合联电子科技有限公司信息技术
客户所在地: 荣市, 中国
产品信息: 华为 智能加湿器 Plus (类别: 智能加湿器)
生产商: 华为智能生活
产品价格: 2510.66
评分: 4.7星
评价日期: 2025年05月02日
评价内容: ""非常满意这次购买，做工精细，送货也很快。""",122,智能加湿器,华为 智能加湿器 Plus,合联电子科技有限公司信息技术
136,19,DW607,4.6,2025-04-29,"客户ID: DW607
客户公司: 银嘉网络有限公司云计算
客户所在地: 杨县, 中国
产品信息: 海尔智慧家庭 智能开关 Plus (类别: 智能开关)
生产商: 海尔智慧家庭
产品价格: 7438.8
评分: 4.6星
评价日期: 2025年04月29日
评价内容: ""这款产品的一键控制特别好用，在夜间使用时特别方便。""",126,智能开关,海尔智慧家庭 智能开关 Plus,银嘉网络有限公司云计算
205,75,QJ392,3.3,2025-04-29,"客户ID: QJ392
客户公司: 创亿网络有限公司金融科技
客户所在地: 重庆市, 中国
产品信息: 亚马逊 智能空调 Standard (类别: 智能空调)
生产商: 亚马逊智能科技
产品价格: 9247.38
评分: 3.3星
评价日期: 2025年04月29日
评价内容: ""总体来说还行，安装方便，就是兼容性差。""",120,智能空调,亚马逊 智能空调 Standard,创亿网络有限公司金融科技
1288,96,NU711,5.0,2025-04-28,"客户ID: NU711
客户公司: 易动力科技有限公司人工智能
客户所在地: 桂兰县, 中国
产品信息: 博世 智能空调 Lite (类别: 智能空调)
生产商: 博世智能系统
产品价格: 8865.13
评分: 5.0星
评价日期: 2025年04月28日
评价内容: ""非常满意这次购买，智能化程度高，送货也很快。""",122,智能空调,博世 智能空调 Lite,易动力科技有限公司人工智能
178,87,PJ659,3.4,2025-04-26,"客户ID: PJ659
客户公司: 超艺网络有限公司人工智能
客户所在地: 武汉市, 中国
产品信息: 美的 智能马桶 Mini (类别: 智能马桶)
生产商: 美的智能科技
产品价格: 3349.58
评分: 3.4星
评价日期: 2025年04月26日
评价内容: ""体验下来，这款美的 智能马桶 Mini没有特别惊喜。智能联动设计得比较合理。令人意外的是缺点是画质模糊。性价比很高。""",152,智能马桶,美的 智能马桶 Mini,超艺网络有限公司人工智能
547,99,RY548,4.3,2025-04-26,"客户ID: RY548
客户公司: 易动力信息有限公司网络安全
客户所在地: 斌县, 中国
产品信息: 三星 智能音箱 Basic (类别: 智能音箱)
生产商: 三星智能家电
产品价格: 1681.15
评分: 4.3星
评价日期: 2025年04月26日
评价内容: ""在工作时时使用效果很好，特别是静音设计功能。""",121,智能音箱,三星 智能音箱 Basic,易动力信息有限公司网络安全
722,74,HD242,4.4,2025-04-26,"客户ID: HD242
客户公司: 富罳科技有限公司生物科技
客户所在地: 想县, 中国
产品信息: 松下 智能窗帘 Lite (类别: 智能窗帘)
生产商: 松下智能电器
产品价格: 2277.79
评分: 4.4星
评价日期: 2025年04月26日
评价内容: ""这款智能窗帘质量很好，智能化程度高。总体来说很满意。""",124,智能窗帘,松下 智能窗帘 Lite,富罳科技有限公司生物科技
1182,63,CM245,4.4,2025-04-26,"客户ID: CM245
客户公司: 万迅电脑信息有限公司科技公司
客户所在地: 洋县, 中国
产品信息: LG 智能净水器 Basic (类别: 智能净水器)
生产商: LG智能家电
产品价格: 9118.55
评分: 4.4星
评价日期: 2025年04月26日
评价内容: ""在看电影时时使用效果很好，特别是智能联动功能。""",123,智能净水器,LG 智能净水器 Basic,万迅电脑信息有限公司科技公司
675,65,VQ233,1.2,2025-04-24,"客户ID: VQ233
客户公司: 和泰信息有限公司信息技术
客户所在地: 成都市, 中国
产品信息: 西门子 智能空调 Basic (类别: 智能空调)
生产商: 西门子智能家居
产品价格: 6493.01
评分: 1.2星
评价日期: 2025年04月24日
评价内容: ""在多次对比之后选择了这款，这款西门子 智能空调 Basic有严重问题。使用不到一周就出现了问题。唯一值得称赞的可能就是包装很精美。以后不会再考虑这个品牌的产品。""",175,智能空调,西门子 智能空调 Basic,和泰信息有限公司信息技术
1066,1,MA264,3.5,2025-04-24,"客户ID: MA264
客户公司: 时刻网络有限公司信息技术
客户所在地: 梅县, 中国
产品信息: 亚马逊 智能电饭煲 Advanced (类别: 智能电饭煲)
生产商: 亚马逊智能科技
产品价格: 7608.63
评分: 3.5星
评价日期: 2025年04月24日
评价内容: ""在看电影时使用还不错，但在其他情况下表现一般。""",125,智能电饭煲,亚马逊 智能电饭煲 Advanced,时刻网络有限公司信息技术
1179,82,PJ659,3.5,2025-04-24,"客户ID: PJ659
客户公司: 超艺网络有限公司人工智能
客户所在地: 武汉市, 中国
产品信息: LG 智能开关 Lite (类别: 智能开关)
生产商: LG智能家电
产品价格: 7112.72
评分: 3.5星
评价日期: 2025年04月24日
评价内容: ""这款智能开关一般，画质清晰，但是连接稳定性有点问题。""",123,智能开关,LG 智能开关 Lite,超艺网络有限公司人工智能
487,32,CA470,1.2,2025-04-23,"客户ID: CA470
客户公司: 南康传媒有限公司生物科技
客户所在地: 贵阳市, 中国
产品信息: 亚马逊 智能马桶 Elite (类别: 智能马桶)
生产商: 亚马逊智能科技
产品价格: 1801.88
评分: 1.2星
评价日期: 2025年04月23日
评价内容: ""连接稳定性问题很严重，完全不值这个价格。""",121,智能马桶,亚马逊 智能马桶 Elite,南康传媒有限公司生物科技
1296,75,ZO854,1.8,2025-04-23,"客户ID: ZO854
客户公司: MBP软件科技有限公司信息技术
客户所在地: 丽华县, 中国
产品信息: 亚马逊 智能空调 Standard (类别: 智能空调)
生产商: 亚马逊智能科技
产品价格: 9247.38
评分: 1.8星
评价日期: 2025年04月23日
评价内容: ""使用一周后出现故障，功能单一，售后服务也不好。""",125,智能空调,亚马逊 智能空调 Standard,MBP软件科技有限公司信息技术
1262,7,PJ659,4.5,2025-04-22,"客户ID: PJ659
客户公司: 超艺网络有限公司人工智能
客户所在地: 武汉市, 中国
产品信息: 博世 智能扫地机器人 Max (类别: 智能扫地机器人)
生产商: 博世智能系统
产品价格: 1108.4
评分: 4.5星
评价日期: 2025年04月22日
评价内容: ""这款产品的智能场景特别好用，在户外活动时特别方便。""",130,智能扫地机器人,博世 智能扫地机器人 Max,超艺网络有限公司人工智能
1069,56,BW289,4.6,2025-04-22,"客户ID: BW289
客户公司: 海创网络有限公司生物科技
客户所在地: 汕尾县, 中国
产品信息: 华为 智能体重秤 Advanced (类别: 智能体重秤)
生产商: 华为智能生活
产品价格: 263.12
评分: 4.6星
评价日期: 2025年04月22日
评价内容: ""智能体重秤的设计很人性化，节能环保，值得推荐。""",124,智能体重秤,华为 智能体重秤 Advanced,海创网络有限公司生物科技
218,32,VQ233,3.7,2025-04-21,"客户ID: VQ233
客户公司: 和泰信息有限公司信息技术
客户所在地: 成都市, 中国
产品信息: 亚马逊 智能马桶 Elite (类别: 智能马桶)
生产商: 亚马逊智能科技
产品价格: 1801.88
评分: 3.7星
评价日期: 2025年04月21日
评价内容: ""这款智能马桶一般，音质出色，但是噪音控制有点问题。""",126,智能马桶,亚马逊 智能马桶 Elite,和泰信息有限公司信息技术
400,51,VZ702,2.7,2025-04-20,"客户ID: VZ702
客户公司: 精芯网络有限公司互联网服务
客户所在地: 马鞍山县, 中国
产品信息: 苹果 智能开关 Basic (类别: 智能开关)
生产商: 苹果智能家庭
产品价格: 869.49
评分: 2.7星
评价日期: 2025年04月20日
评价内容: ""对这款智能开关非常不满意，安装困难，浪费钱。""",123,智能开关,苹果 智能开关 Basic,精芯网络有限公司互联网服务
934,52,FA862,1.4,2025-04-20,"客户ID: FA862
客户公司: 方正科技网络有限公司云计算
客户所在地: 潮州县, 中国
产品信息: 小米 智能插座 Max (类别: 智能插座)
生产商: 小米智能家居
产品价格: 5793.04
评分: 1.4星
评价日期: 2025年04月20日
评价内容: ""个人认为，这款智能插座完全不符合预期。使用不到一周就出现了异常。希望厂家能重视这些问题。""",144,智能插座,小米 智能插座 Max,方正科技网络有限公司云计算
1308,5,LU518,4.7,2025-04-19,"客户ID: LU518
客户公司: 易动力传媒有限公司生物科技
客户所在地: 伟市, 中国
产品信息: 美的 智能电饭煲 Pro (类别: 智能电饭煲)
生产商: 美的智能科技
产品价格: 5002.04
评分: 4.7星
评价日期: 2025年04月19日
评价内容: ""这是我用过的最好的智能电饭煲之一，外观漂亮，性价比很高。""",129,智能电饭煲,美的 智能电饭煲 Pro,易动力传媒有限公司生物科技
872,48,QT258,3.7,2025-04-18,"客户ID: QT258
客户公司: 商软冠联传媒有限公司大数据分析
客户所在地: 玉珍县, 中国
产品信息: 苹果 智能门锁 Pro (类别: 智能门锁)
生产商: 苹果智能家庭
产品价格: 815.71
评分: 3.7星
评价日期: 2025年04月18日
评价内容: ""智能门锁的质量还可以，做工精细，不过售后服务差。""",126,智能门锁,苹果 智能门锁 Pro,商软冠联传媒有限公司大数据分析
1115,15,LU518,3.3,2025-04-18,"客户ID: LU518
客户公司: 易动力传媒有限公司生物科技
客户所在地: 伟市, 中国
产品信息: 谷歌 智能音箱 Elite (类别: 智能音箱)
生产商: 谷歌智能设备
产品价格: 6218.93
评分: 3.3星
评价日期: 2025年04月18日
评价内容: ""我发现，这款谷歌 智能音箱 Elite质量还行。在晚上使用时，节能模式表现不错。最让我失望的是噪音控制有点问题。有点贵了，但质量确实好。""",161,智能音箱,谷歌 智能音箱 Elite,易动力传媒有限公司生物科技
410,38,DV182,4.2,2025-04-17,"客户ID: DV182
客户公司: 艾提科信传媒有限公司网络安全
客户所在地: 桂荣市, 中国
产品信息: 西门子 智能冰箱 Standard (类别: 智能冰箱)
生产商: 西门子智能家居
产品价格: 4347.58
评分: 4.2星
评价日期: 2025年04月17日
评价内容: ""在做饭时时使用效果很好，特别是静音设计功能。""",125,智能冰箱,西门子 智能冰箱 Standard,艾提科信传媒有限公司网络安全
1076,30,ZF061,1.3,2025-04-17,"客户ID: ZF061
客户公司: 维旺明信息有限公司人工智能
客户所在地: 坤县, 中国
产品信息: 小米 智能开关 Ultra (类别: 智能开关)
生产商: 小米智能家居
产品价格: 747.93
评分: 1.3星
评价日期: 2025年04月17日
评价内容: ""不推荐这款智能开关，续航时间短，很失望。""",119,智能开关,小米 智能开关 Ultra,维旺明信息有限公司人工智能
1226,40,DH200,4.4,2025-04-17,"客户ID: DH200
客户公司: 盟新传媒有限公司大数据分析
客户所在地: 辽阳县, 中国
产品信息: 小米 智能马桶 Lite (类别: 智能马桶)
生产商: 小米智能家居
产品价格: 6252.3
评分: 4.4星
评价日期: 2025年04月17日
评价内容: ""这是我用过的最好的智能马桶之一，操作简单，性价比很高。""",127,智能马桶,小米 智能马桶 Lite,盟新传媒有限公司大数据分析
165,38,AK874,1.6,2025-04-15,"客户ID: AK874
客户公司: 昊嘉信息有限公司区块链技术
客户所在地: 雷市, 中国
产品信息: 西门子 智能冰箱 Standard (类别: 智能冰箱)
生产商: 西门子智能家居
产品价格: 4347.58
评分: 1.6星
评价日期: 2025年04月15日
评价内容: ""连接稳定性问题很严重，完全不值这个价格。""",121,智能冰箱,西门子 智能冰箱 Standard,昊嘉信息有限公司区块链技术
397,77,PS740,2.6,2025-04-15,"客户ID: PS740
客户公司: 国讯科技有限公司金融科技
客户所在地: 金凤市, 中国
产品信息: 美的 智能洗衣机 Advanced (类别: 智能洗衣机)
生产商: 美的智能科技
产品价格: 6994.39
评分: 2.6星
评价日期: 2025年04月15日
评价内容: ""使用一周后出现故障，音质一般，售后服务也不好。""",124,智能洗衣机,美的 智能洗衣机 Advanced,国讯科技有限公司金融科技
931,81,XA075,2.0,2025-04-15,"客户ID: XA075
客户公司: 网新恒天科技有限公司数字科技
客户所在地: 秀梅县, 中国
产品信息: 亚马逊 智能门锁 Max (类别: 智能门锁)
生产商: 亚马逊智能科技
产品价格: 1413.9
评分: 2.0星
评价日期: 2025年04月15日
评价内容: ""对这款智能门锁非常不满意，续航时间短，浪费钱。""",126,智能门锁,亚马逊 智能门锁 Max,网新恒天科技有限公司数字科技
33,63,TW751,2.1,2025-04-13,"客户ID: TW751
客户公司: 图龙信息网络有限公司云计算
客户所在地: 宁德市, 中国
产品信息: LG 智能净水器 Basic (类别: 智能净水器)
生产商: LG智能家电
产品价格: 9118.55
评分: 2.1星
评价日期: 2025年04月13日
评价内容: ""这款产品有严重问题，安装困难，已经申请退款。""",122,智能净水器,LG 智能净水器 Basic,图龙信息网络有限公司云计算
280,79,DV182,3.2,2025-04-13,"客户ID: DV182
客户公司: 艾提科信传媒有限公司网络安全
客户所在地: 桂荣市, 中国
产品信息: 格力 智能手环 Lite (类别: 智能手环)
生产商: 格力智能电器
产品价格: 9808.19
评分: 3.2星
评价日期: 2025年04月13日
评价内容: ""总体来说还行，兼容性强，就是续航时间短。""",121,智能手环,格力 智能手环 Lite,艾提科信传媒有限公司网络安全
795,27,FC418,1.3,2025-04-12,"客户ID: FC418
客户公司: 网新恒天网络有限公司生物科技
客户所在地: 秀珍县, 中国
产品信息: 小米 智能加湿器 Plus (类别: 智能加湿器)
生产商: 小米智能家居
产品价格: 8210.59
评分: 1.3星
评价日期: 2025年04月12日
评价内容: ""不推荐这款智能加湿器，售后服务差，很失望。""",124,智能加湿器,小米 智能加湿器 Plus,网新恒天网络有限公司生物科技
1280,47,LU518,1.7,2025-04-12,"客户ID: LU518
客户公司: 易动力传媒有限公司生物科技
客户所在地: 伟市, 中国
产品信息: 苹果 智能灯具 Basic (类别: 智能灯具)
生产商: 苹果智能家庭
产品价格: 2411.14
评分: 1.7星
评价日期: 2025年04月12日
评价内容: ""这款产品有严重问题，耗电量大，已经申请退款。""",121,智能灯具,苹果 智能灯具 Basic,易动力传媒有限公司生物科技
989,31,BI759,4.4,2025-04-11,"客户ID: BI759
客户公司: 时空盒数字信息有限公司虚拟现实
客户所在地: 荣市, 中国
产品信息: 三星 智能加湿器 Mini (类别: 智能加湿器)
生产商: 三星智能家电
产品价格: 1356.55
评分: 4.4星
评价日期: 2025年04月11日
评价内容: ""智能加湿器的设计很人性化，外观漂亮，值得推荐。""",126,智能加湿器,三星 智能加湿器 Mini,时空盒数字信息有限公司虚拟现实
1118,5,ZF801,3.1,2025-04-10,"客户ID: ZF801
客户公司: 易动力科技有限公司科技公司
客户所在地: 沈阳县, 中国
产品信息: 美的 智能电饭煲 Pro (类别: 智能电饭煲)
生产商: 美的智能科技
产品价格: 5002.04
评分: 3.1星
评价日期: 2025年04月10日
评价内容: ""智能电饭煲的质量还可以，安装方便，不过智能化程度低。""",128,智能电饭煲,美的 智能电饭煲 Pro,易动力科技有限公司科技公司
1110,15,TE207,2.5,2025-04-09,"客户ID: TE207
客户公司: 新宇龙信息传媒有限公司人工智能
客户所在地: 张家港市, 中国
产品信息: 谷歌 智能音箱 Elite (类别: 智能音箱)
生产商: 谷歌智能设备
产品价格: 6218.93
评分: 2.5星
评价日期: 2025年04月09日
评价内容: ""对这款智能音箱非常不满意，操作复杂，浪费钱。""",125,智能音箱,谷歌 智能音箱 Elite,新宇龙信息传媒有限公司人工智能
402,2,DX151,4.5,2025-04-08,"客户ID: DX151
客户公司: 易动力信息有限公司物联网
客户所在地: 佛山县, 中国
产品信息: 美的 智能插座 Standard (类别: 智能插座)
生产商: 美的智能科技
产品价格: 9962.25
评分: 4.5星
评价日期: 2025年04月08日
评价内容: ""这款智能插座质量很好，反应灵敏。总体来说很满意。""",123,智能插座,美的 智能插座 Standard,易动力信息有限公司物联网
209,9,PE529,2.5,2025-04-07,"客户ID: PE529
客户公司: 易动力网络有限公司信息技术
客户所在地: 英县, 中国
产品信息: 亚马逊 智能插座 Pro (类别: 智能插座)
生产商: 亚马逊智能科技
产品价格: 6880.25
评分: 2.5星
评价日期: 2025年04月07日
评价内容: ""对这款智能插座非常不满意，智能化程度低，浪费钱。""",125,智能插座,亚马逊 智能插座 Pro,易动力网络有限公司信息技术
598,46,TE207,1.9,2025-04-07,"客户ID: TE207
客户公司: 新宇龙信息传媒有限公司人工智能
客户所在地: 张家港市, 中国
产品信息: 小米 智能开关 Max (类别: 智能开关)
生产商: 小米智能家居
产品价格: 2038.82
评分: 1.9星
评价日期: 2025年04月07日
评价内容: ""散热问题问题很严重，完全不值这个价格。""",122,智能开关,小米 智能开关 Max,新宇龙信息传媒有限公司人工智能
712,93,NU012,2.5,2025-04-07,"客户ID: NU012
客户公司: 商软冠联传媒有限公司智能科技
客户所在地: 太原县, 中国
产品信息: 索尼 智能加湿器 Pro (类别: 智能加湿器)
生产商: 索尼智能科技
产品价格: 5644.5
评分: 2.5星
评价日期: 2025年04月07日
评价内容: ""不推荐这款智能加湿器，安装困难，很失望。""",123,智能加湿器,索尼 智能加湿器 Pro,商软冠联传媒有限公司智能科技
761,19,QI779,4.8,2025-04-07,"客户ID: QI779
客户公司: 合联电子科技有限公司网络安全
客户所在地: 沈阳县, 中国
产品信息: 海尔智慧家庭 智能开关 Plus (类别: 智能开关)
生产商: 海尔智慧家庭
产品价格: 7438.8
评分: 4.8星
评价日期: 2025年04月07日
评价内容: ""体验下来，这款智能开关真的很不错。另外自动调节功能特别实用。如果非要说缺点的话，信号强度还有提升空间。希望厂家能改进这些问题。""",168,智能开关,海尔智慧家庭 智能开关 Plus,合联电子科技有限公司网络安全
868,64,GC846,4.0,2025-04-07,"客户ID: GC846
客户公司: 明腾科技有限公司区块链技术
客户所在地: 石家庄市, 中国
产品信息: 亚马逊 智能马桶 Standard (类别: 智能马桶)
生产商: 亚马逊智能科技
产品价格: 6039.3
评分: 4.0星
评价日期: 2025年04月07日
评价内容: ""作为第一次购买这类产品的新手，这款智能马桶功能很强大。最重要的是自动调节功能特别实用。期待下一代产品能有所改进。""",159,智能马桶,亚马逊 智能马桶 Standard,明腾科技有限公司区块链技术
109,45,AU710,1.6,2025-04-06,"客户ID: AU710
客户公司: 巨奥传媒有限公司信息技术
客户所在地: 辛集市, 中国
产品信息: 博世 智能马桶 Max (类别: 智能马桶)
生产商: 博世智能系统
产品价格: 7392.23
评分: 1.6星
评价日期: 2025年04月06日
评价内容: ""试用了几天，这款博世 智能马桶 Max性价比极低。在晚上睡前时完全不能正常工作。以后不会再考虑这个品牌的产品。""",150,智能马桶,博世 智能马桶 Max,巨奥传媒有限公司信息技术
135,52,KS630,4.3,2025-04-06,"客户ID: KS630
客户公司: 良诺信息有限公司网络安全
客户所在地: 潮州市, 中国
产品信息: 小米 智能插座 Max (类别: 智能插座)
生产商: 小米智能家居
产品价格: 5793.04
评分: 4.3星
评价日期: 2025年04月06日
评价内容: ""这款智能插座的智能学习功能很实用，智能化程度高。""",123,智能插座,小米 智能插座 Max,良诺信息有限公司网络安全
771,11,CM245,3.3,2025-04-04,"客户ID: CM245
客户公司: 万迅电脑信息有限公司科技公司
客户所在地: 洋县, 中国
产品信息: 小米 智能门锁 Mini (类别: 智能门锁)
生产商: 小米智能家居
产品价格: 4624.66
评分: 3.3星
评价日期: 2025年04月04日
评价内容: ""总体来说还行，稳定性好，就是智能化程度低。""",121,智能门锁,小米 智能门锁 Mini,万迅电脑信息有限公司科技公司
1135,35,WB209,2.6,2025-04-03,"客户ID: WB209
客户公司: 维涛传媒有限公司云计算
客户所在地: 秀华县, 中国
产品信息: 亚马逊 智能门铃 Max (类别: 智能门铃)
生产商: 亚马逊智能科技
产品价格: 3226.81
评分: 2.6星
评价日期: 2025年04月03日
评价内容: ""不推荐这款智能门铃，续航时间短，很失望。""",120,智能门铃,亚马逊 智能门铃 Max,维涛传媒有限公司云计算
63,96,EA575,4.0,2025-04-02,"客户ID: EA575
客户公司: 襄樊地球村信息有限公司物联网
客户所在地: 丽娟市, 中国
产品信息: 博世 智能空调 Lite (类别: 智能空调)
生产商: 博世智能系统
产品价格: 8865.13
评分: 4.0星
评价日期: 2025年04月02日
评价内容: ""在晚上睡前时使用效果很好，特别是省电模式功能。""",124,智能空调,博世 智能空调 Lite,襄樊地球村信息有限公司物联网
264,66,CM245,3.5,2025-04-02,"客户ID: CM245
客户公司: 万迅电脑信息有限公司科技公司
客户所在地: 洋县, 中国
产品信息: 松下 智能马桶 Elite (类别: 智能马桶)
生产商: 松下智能电器
产品价格: 9184.21
评分: 3.5星
评价日期: 2025年04月02日
评价内容: ""智能马桶的质量还可以，性价比高，不过安装困难。""",123,智能马桶,松下 智能马桶 Elite,万迅电脑信息有限公司科技公司
720,47,DV182,2.8,2025-04-02,"客户ID: DV182
客户公司: 艾提科信传媒有限公司网络安全
客户所在地: 桂荣市, 中国
产品信息: 苹果 智能灯具 Basic (类别: 智能灯具)
生产商: 苹果智能家庭
产品价格: 2411.14
评分: 2.8星
评价日期: 2025年04月02日
评价内容: ""不推荐这款智能灯具，安装困难，很失望。""",120,智能灯具,苹果 智能灯具 Basic,艾提科信传媒有限公司网络安全
733,32,DH200,4.8,2025-04-02,"客户ID: DH200
客户公司: 盟新传媒有限公司大数据分析
客户所在地: 辽阳县, 中国
产品信息: 亚马逊 智能马桶 Elite (类别: 智能马桶)
生产商: 亚马逊智能科技
产品价格: 1801.88
评分: 4.8星
评价日期: 2025年04月02日
评价内容: ""非常满意这次购买，音质出色，送货也很快。""",122,智能马桶,亚马逊 智能马桶 Elite,盟新传媒有限公司大数据分析
1131,84,ZF801,4.4,2025-04-01,"客户ID: ZF801
客户公司: 易动力科技有限公司科技公司
客户所在地: 沈阳县, 中国
产品信息: 苹果 智能扫地机器人 Pro (类别: 智能扫地机器人)
生产商: 苹果智能家庭
产品价格: 4063.85
评分: 4.4星
评价日期: 2025年04月01日
评价内容: ""在早晨起床时使用效果很好，特别是智能联动功能。""",129,智能扫地机器人,苹果 智能扫地机器人 Pro,易动力科技有限公司科技公司
1185,10,NU012,4.3,2025-03-31,"客户ID: NU012
客户公司: 商软冠联传媒有限公司智能科技
客户所在地: 太原县, 中国
产品信息: 美的 智能窗帘 Max (类别: 智能窗帘)
生产商: 美的智能科技
产品价格: 1836.78
评分: 4.3星
评价日期: 2025年03月31日
评价内容: ""非常满意这次购买，操作简单，送货也很快。""",121,智能窗帘,美的 智能窗帘 Max,商软冠联传媒有限公司智能科技
1272,14,PC764,3.0,2025-03-31,"客户ID: PC764
客户公司: 恒聪百汇传媒有限公司虚拟现实
客户所在地: 重庆市, 中国
产品信息: 格力 智能净水器 Mini (类别: 智能净水器)
生产商: 格力智能电器
产品价格: 8271.83
评分: 3.0星
评价日期: 2025年03月31日
评价内容: ""这款智能净水器一般，兼容性强，但是噪音控制有点问题。""",129,智能净水器,格力 智能净水器 Mini,恒聪百汇传媒有限公司虚拟现实
151,91,XO649,3.8,2025-03-30,"客户ID: XO649
客户公司: 晖来计算机传媒有限公司云计算
客户所在地: 郑州县, 中国
产品信息: 亚马逊 智能音箱 Basic (类别: 智能音箱)
生产商: 亚马逊智能科技
产品价格: 3165.04
评分: 3.8星
评价日期: 2025年03月30日
评价内容: ""在早晨起床使用还不错，但在其他情况下表现一般。""",126,智能音箱,亚马逊 智能音箱 Basic,晖来计算机传媒有限公司云计算
195,60,CA470,2.0,2025-03-29,"客户ID: CA470
客户公司: 南康传媒有限公司生物科技
客户所在地: 贵阳市, 中国
产品信息: 华为 智能窗帘 Basic (类别: 智能窗帘)
生产商: 华为智能生活
产品价格: 2259.63
评分: 2.0星
评价日期: 2025年03月29日
评价内容: ""使用一周后出现故障，操作复杂，售后服务也不好。""",122,智能窗帘,华为 智能窗帘 Basic,南康传媒有限公司生物科技
242,74,FC418,4.8,2025-03-29,"客户ID: FC418
客户公司: 网新恒天网络有限公司生物科技
客户所在地: 秀珍县, 中国
产品信息: 松下 智能窗帘 Lite (类别: 智能窗帘)
生产商: 松下智能电器
产品价格: 2277.79
评分: 4.8星
评价日期: 2025年03月29日
评价内容: ""在工作时时使用效果很好，特别是省电模式功能。""",123,智能窗帘,松下 智能窗帘 Lite,网新恒天网络有限公司生物科技
293,8,RG743,4.6,2025-03-29,"客户ID: RG743
客户公司: 快讯信息有限公司智能科技
客户所在地: 勇县, 中国
产品信息: 松下 智能开关 Lite (类别: 智能开关)
生产商: 松下智能电器
产品价格: 9053.56
评分: 4.6星
评价日期: 2025年03月29日
评价内容: ""说实话，这款松下 智能开关 Lite真的很不错。最重要的是特别适合夜间使用。可以考虑其他品牌的同类产品。""",145,智能开关,松下 智能开关 Lite,快讯信息有限公司智能科技
380,48,AY876,4.5,2025-03-29,"客户ID: AY876
客户公司: 精芯传媒有限公司物联网
客户所在地: 武汉市, 中国
产品信息: 苹果 智能门锁 Pro (类别: 智能门锁)
生产商: 苹果智能家庭
产品价格: 815.71
评分: 4.5星
评价日期: 2025年03月29日
评价内容: ""在晚上睡前时使用效果很好，特别是高清画质功能。""",121,智能门锁,苹果 智能门锁 Pro,精芯传媒有限公司物联网
415,101,JT617,3.9,2025-03-27,"客户ID: JT617
客户公司: 时空盒数字信息有限公司智能科技
客户所在地: 郑州县, 中国
产品信息: 三星 智能摄像头 Mini (类别: 智能摄像头)
生产商: 三星智能家电
产品价格: 1662.36
评分: 3.9星
评价日期: 2025年03月27日
评价内容: ""这款产品优缺点都有，智能化程度高，但售后服务差。""",128,智能摄像头,三星 智能摄像头 Mini,时空盒数字信息有限公司智能科技
528,101,XW046,4.0,2025-03-27,"客户ID: XW046
客户公司: 鑫博腾飞信息有限公司智能科技
客户所在地: 兴安盟市, 中国
产品信息: 三星 智能摄像头 Mini (类别: 智能摄像头)
生产商: 三星智能家电
产品价格: 1662.36
评分: 4.0星
评价日期: 2025年03月27日
评价内容: ""从我的使用体验来看，这款智能摄像头性价比很高。和描述的有些差距。对得起这个价格。""",144,智能摄像头,三星 智能摄像头 Mini,鑫博腾飞信息有限公司智能科技
1263,32,WN094,1.3,2025-03-26,"客户ID: WN094
客户公司: 菊风公司传媒有限公司数字科技
客户所在地: 秀梅市, 中国
产品信息: 亚马逊 智能马桶 Elite (类别: 智能马桶)
生产商: 亚马逊智能科技
产品价格: 1801.88
评分: 1.3星
评价日期: 2025年03月26日
评价内容: ""用了一段时间，这款亚马逊 智能马桶 Elite很失望。使用不到一周就出现了失灵。以后不会再考虑这个品牌的产品。""",152,智能马桶,亚马逊 智能马桶 Elite,菊风公司传媒有限公司数字科技
977,66,GC846,1.2,2025-03-25,"客户ID: GC846
客户公司: 明腾科技有限公司区块链技术
客户所在地: 石家庄市, 中国
产品信息: 松下 智能马桶 Elite (类别: 智能马桶)
生产商: 松下智能电器
产品价格: 9184.21
评分: 1.2星
评价日期: 2025年03月25日
评价内容: ""对这款智能马桶非常不满意，稳定性差，浪费钱。""",123,智能马桶,松下 智能马桶 Elite,明腾科技有限公司区块链技术
539,85,GJ116,1.5,2025-03-24,"客户ID: GJ116
客户公司: 良诺信息有限公司生物科技
客户所在地: 红市, 中国
产品信息: 博世 智能马桶 Basic (类别: 智能马桶)
生产商: 博世智能系统
产品价格: 1564.93
评分: 1.5星
评价日期: 2025年03月24日
评价内容: ""这款产品有严重问题，功能单一，已经申请退款。""",120,智能马桶,博世 智能马桶 Basic,良诺信息有限公司生物科技
846,30,KM929,1.3,2025-03-24,"客户ID: KM929
客户公司: 迪摩科技有限公司电子商务
客户所在地: 福州县, 中国
产品信息: 小米 智能开关 Ultra (类别: 智能开关)
生产商: 小米智能家居
产品价格: 747.93
评分: 1.3星
评价日期: 2025年03月24日
评价内容: ""收到货后，这款小米 智能开关 Ultra性价比极低。使用不到一周就出现了失灵。希望厂家能重视这些问题。""",144,智能开关,小米 智能开关 Ultra,迪摩科技有限公司电子商务
1219,54,QU287,1.6,2025-03-24,"客户ID: QU287
客户公司: 戴硕电子科技有限公司移动应用开发
客户所在地: 瑜市, 中国
产品信息: 博世 智能开关 Max (类别: 智能开关)
生产商: 博世智能系统
产品价格: 7392.09
评分: 1.6星
评价日期: 2025年03月24日
评价内容: ""使用一周后出现故障，音质一般，售后服务也不好。""",125,智能开关,博世 智能开关 Max,戴硕电子科技有限公司移动应用开发
318,81,DH200,4.8,2025-03-23,"客户ID: DH200
客户公司: 盟新传媒有限公司大数据分析
客户所在地: 辽阳县, 中国
产品信息: 亚马逊 智能门锁 Max (类别: 智能门锁)
生产商: 亚马逊智能科技
产品价格: 1413.9
评分: 4.8星
评价日期: 2025年03月23日
评价内容: ""这款产品的智能场景特别好用，在夜间使用时特别方便。""",127,智能门锁,亚马逊 智能门锁 Max,盟新传媒有限公司大数据分析
1181,13,EK253,2.5,2025-03-21,"客户ID: EK253
客户公司: 兰金电子科技有限公司区块链技术
客户所在地: 南昌市, 中国
产品信息: 三星 智能电饭煲 Max (类别: 智能电饭煲)
生产商: 三星智能家电
产品价格: 3642.29
评分: 2.5星
评价日期: 2025年03月21日
评价内容: ""这款产品有严重问题，价格偏高，已经申请退款。""",126,智能电饭煲,三星 智能电饭煲 Max,兰金电子科技有限公司区块链技术
588,93,WB209,2.2,2025-03-20,"客户ID: WB209
客户公司: 维涛传媒有限公司云计算
客户所在地: 秀华县, 中国
产品信息: 索尼 智能加湿器 Pro (类别: 智能加湿器)
生产商: 索尼智能科技
产品价格: 5644.5
评分: 2.2星
评价日期: 2025年03月20日
评价内容: ""不推荐这款智能加湿器，反应迟钝，很失望。""",120,智能加湿器,索尼 智能加湿器 Pro,维涛传媒有限公司云计算
888,84,KM929,3.2,2025-03-20,"客户ID: KM929
客户公司: 迪摩科技有限公司电子商务
客户所在地: 福州县, 中国
产品信息: 苹果 智能扫地机器人 Pro (类别: 智能扫地机器人)
生产商: 苹果智能家庭
产品价格: 4063.85
评分: 3.2星
评价日期: 2025年03月20日
评价内容: ""智能扫地机器人的质量还可以，性价比高，不过音质一般。""",131,智能扫地机器人,苹果 智能扫地机器人 Pro,迪摩科技有限公司电子商务
358,54,WB890,3.0,2025-03-19,"客户ID: WB890
客户公司: 鑫博腾飞网络有限公司金融科技
客户所在地: 马鞍山市, 中国
产品信息: 博世 智能开关 Max (类别: 智能开关)
生产商: 博世智能系统
产品价格: 7392.09
评分: 3.0星
评价日期: 2025年03月19日
评价内容: ""智能开关的质量还可以，节能环保，不过反应迟钝。""",125,智能开关,博世 智能开关 Max,鑫博腾飞网络有限公司金融科技
764,51,PC764,1.3,2025-03-18,"客户ID: PC764
客户公司: 恒聪百汇传媒有限公司虚拟现实
客户所在地: 重庆市, 中国
产品信息: 苹果 智能开关 Basic (类别: 智能开关)
生产商: 苹果智能家庭
产品价格: 869.49
评分: 1.3星
评价日期: 2025年03月18日
评价内容: ""用了一段时间，这款智能开关完全不符合预期。连接稳定性简直无法忍受。唯一值得称赞的可能就是价格便宜。以后不会再考虑这个品牌的产品。""",165,智能开关,苹果 智能开关 Basic,恒聪百汇传媒有限公司虚拟现实
570,80,PE529,1.1,2025-03-14,"客户ID: PE529
客户公司: 易动力网络有限公司信息技术
客户所在地: 英县, 中国
产品信息: LG 智能音箱 Lite (类别: 智能音箱)
生产商: LG智能家电
产品价格: 6885.61
评分: 1.1星
评价日期: 2025年03月14日
评价内容: ""不推荐这款智能音箱，售后服务差，很失望。""",117,智能音箱,LG 智能音箱 Lite,易动力网络有限公司信息技术
103,81,FB488,2.6,2025-03-12,"客户ID: FB488
客户公司: 方正科技科技有限公司互联网服务
客户所在地: 宁德市, 中国
产品信息: 亚马逊 智能门锁 Max (类别: 智能门锁)
生产商: 亚马逊智能科技
产品价格: 1413.9
评分: 2.6星
评价日期: 2025年03月12日
评价内容: ""这款产品有严重问题，耗电量大，已经申请退款。""",126,智能门锁,亚马逊 智能门锁 Max,方正科技科技有限公司互联网服务
124,96,FJ947,3.8,2025-03-12,"客户ID: FJ947
客户公司: 浙大万朋信息有限公司生物科技
客户所在地: 鑫市, 中国
产品信息: 博世 智能空调 Lite (类别: 智能空调)
生产商: 博世智能系统
产品价格: 8865.13
评分: 3.8星
评价日期: 2025年03月12日
评价内容: ""总体来说还行，智能化程度高，就是智能化程度低。""",123,智能空调,博世 智能空调 Lite,浙大万朋信息有限公司生物科技
158,43,ZU351,3.3,2025-03-12,"客户ID: ZU351
客户公司: 银嘉科技有限公司科技公司
客户所在地: 秀荣市, 中国
产品信息: 华为 智能电视 Max (类别: 智能电视)
生产商: 华为智能生活
产品价格: 4139.84
评分: 3.3星
评价日期: 2025年03月12日
评价内容: ""不得不说，这款华为 智能电视 Max质量还行。优点是功能齐全。遗憾的是信号强度有点问题。对得起这个价格。""",147,智能电视,华为 智能电视 Max,银嘉科技有限公司科技公司
719,7,HD242,3.7,2025-03-11,"客户ID: HD242
客户公司: 富罳科技有限公司生物科技
客户所在地: 想县, 中国
产品信息: 博世 智能扫地机器人 Max (类别: 智能扫地机器人)
生产商: 博世智能系统
产品价格: 1108.4
评分: 3.7星
评价日期: 2025年03月11日
评价内容: ""这款智能扫地机器人一般，操作简单，但是散热问题有点问题。""",132,智能扫地机器人,博世 智能扫地机器人 Max,富罳科技有限公司生物科技
1012,64,PE529,2.9,2025-03-11,"客户ID: PE529
客户公司: 易动力网络有限公司信息技术
客户所在地: 英县, 中国
产品信息: 亚马逊 智能马桶 Standard (类别: 智能马桶)
生产商: 亚马逊智能科技
产品价格: 6039.3
评分: 2.9星
评价日期: 2025年03月11日
评价内容: ""对这款智能马桶非常不满意，价格偏高，浪费钱。""",123,智能马桶,亚马逊 智能马桶 Standard,易动力网络有限公司信息技术
1222,97,GR729,4.9,2025-03-11,"客户ID: GR729
客户公司: 中建创业网络有限公司移动应用开发
客户所在地: 辽阳县, 中国
产品信息: 格力 智能净水器 Ultra (类别: 智能净水器)
生产商: 格力智能电器
产品价格: 9164.46
评分: 4.9星
评价日期: 2025年03月11日
评价内容: ""这是我用过的最好的智能净水器之一，节能环保，性价比很高。""",133,智能净水器,格力 智能净水器 Ultra,中建创业网络有限公司移动应用开发
695,23,AU710,5.0,2025-03-10,"客户ID: AU710
客户公司: 巨奥传媒有限公司信息技术
客户所在地: 辛集市, 中国
产品信息: 美的 智能净水器 Plus (类别: 智能净水器)
生产商: 美的智能科技
产品价格: 8466.26
评分: 5.0星
评价日期: 2025年03月10日
评价内容: ""对比了市面上几款同类产品后，这款美的 智能净水器 Plus设计很人性化。并且节能模式功能特别实用。如果非要说缺点的话，配件可以再多一些。便宜没好货，这句话在这里很适用。""",180,智能净水器,美的 智能净水器 Plus,巨奥传媒有限公司信息技术
1274,10,BW289,4.2,2025-03-09,"客户ID: BW289
客户公司: 海创网络有限公司生物科技
客户所在地: 汕尾县, 中国
产品信息: 美的 智能窗帘 Max (类别: 智能窗帘)
生产商: 美的智能科技
产品价格: 1836.78
评分: 4.2星
评价日期: 2025年03月09日
评价内容: ""购买后，这款美的 智能窗帘 Max性价比很高。另外特别适合夜间使用。性价比很高。""",135,智能窗帘,美的 智能窗帘 Max,海创网络有限公司生物科技
81,59,CZ861,3.5,2025-03-08,"客户ID: CZ861
客户公司: 合联电子科技有限公司信息技术
客户所在地: 荣市, 中国
产品信息: 西门子 智能摄像头 Max (类别: 智能摄像头)
生产商: 西门子智能家居
产品价格: 5402.93
评分: 3.5星
评价日期: 2025年03月08日
评价内容: ""体验下来，这款智能摄像头功能基本满足需求。在办公室使用时，远程控制表现不错。此外连接稳定性有点问题。可以考虑其他品牌的同类产品。""",168,智能摄像头,西门子 智能摄像头 Max,合联电子科技有限公司信息技术
137,44,KS630,3.6,2025-03-08,"客户ID: KS630
客户公司: 良诺信息有限公司网络安全
客户所在地: 潮州市, 中国
产品信息: 小米 智能空调 Elite (类别: 智能空调)
生产商: 小米智能家居
产品价格: 7690.31
评分: 3.6星
评价日期: 2025年03月08日
评价内容: ""经过一段时间使用，这款小米 智能空调 Elite基本符合预期。快速启动设计得比较合理。最让我失望的是使用久了会发现一些小问题。不太推荐购买。""",163,智能空调,小米 智能空调 Elite,良诺信息有限公司网络安全
1039,1,QT258,1.4,2025-03-08,"客户ID: QT258
客户公司: 商软冠联传媒有限公司大数据分析
客户所在地: 玉珍县, 中国
产品信息: 亚马逊 智能电饭煲 Advanced (类别: 智能电饭煲)
生产商: 亚马逊智能科技
产品价格: 7608.63
评分: 1.4星
评价日期: 2025年03月08日
评价内容: ""对这款智能电饭煲非常不满意，画质模糊，浪费钱。""",129,智能电饭煲,亚马逊 智能电饭煲 Advanced,商软冠联传媒有限公司大数据分析
911,7,XA254,1.3,2025-03-07,"客户ID: XA254
客户公司: 易动力信息有限公司物联网
客户所在地: 齐齐哈尔市, 中国
产品信息: 博世 智能扫地机器人 Max (类别: 智能扫地机器人)
生产商: 博世智能系统
产品价格: 1108.4
评分: 1.3星
评价日期: 2025年03月07日
评价内容: ""不推荐这款智能扫地机器人，售后服务差，很失望。""",130,智能扫地机器人,博世 智能扫地机器人 Max,易动力信息有限公司物联网
1307,59,XA075,2.1,2025-03-07,"客户ID: XA075
客户公司: 网新恒天科技有限公司数字科技
客户所在地: 秀梅县, 中国
产品信息: 西门子 智能摄像头 Max (类别: 智能摄像头)
生产商: 西门子智能家居
产品价格: 5402.93
评分: 2.1星
评价日期: 2025年03月07日
评价内容: ""坦白讲，这款智能摄像头性价比极低。噪音控制简直无法忍受。唯一值得称赞的可能就是包装很精美。""",150,智能摄像头,西门子 智能摄像头 Max,网新恒天科技有限公司数字科技
729,44,VZ702,3.0,2025-03-06,"客户ID: VZ702
客户公司: 精芯网络有限公司互联网服务
客户所在地: 马鞍山县, 中国
产品信息: 小米 智能空调 Elite (类别: 智能空调)
生产商: 小米智能家居
产品价格: 7690.31
评分: 3.0星
评价日期: 2025年03月06日
评价内容: ""智能空调的质量还可以，音质出色，不过使用说明不清。""",126,智能空调,小米 智能空调 Elite,精芯网络有限公司互联网服务
236,77,RY548,3.9,2025-03-05,"客户ID: RY548
客户公司: 易动力信息有限公司网络安全
客户所在地: 斌县, 中国
产品信息: 美的 智能洗衣机 Advanced (类别: 智能洗衣机)
生产商: 美的智能科技
产品价格: 6994.39
评分: 3.9星
评价日期: 2025年03月05日
评价内容: ""总体来说还行，质量很好，就是续航时间短。""",121,智能洗衣机,美的 智能洗衣机 Advanced,易动力信息有限公司网络安全
363,88,UY980,2.4,2025-03-04,"客户ID: UY980
客户公司: 兰金电子传媒有限公司生物科技
客户所在地: 桂香县, 中国
产品信息: 格力 智能体重秤 Ultra (类别: 智能体重秤)
生产商: 格力智能电器
产品价格: 4528.2
评分: 2.4星
评价日期: 2025年03月04日
评价内容: ""作为一个经常使用此类产品的人，这款智能体重秤不值这个价格。使用不到一周就出现了失灵。希望厂家能重视这些问题。""",157,智能体重秤,格力 智能体重秤 Ultra,兰金电子传媒有限公司生物科技
1218,10,YR398,3.9,2025-03-04,"客户ID: YR398
客户公司: 浦华众城信息有限公司虚拟现实
客户所在地: 大冶市, 中国
产品信息: 美的 智能窗帘 Max (类别: 智能窗帘)
生产商: 美的智能科技
产品价格: 1836.78
评分: 3.9星
评价日期: 2025年03月04日
评价内容: ""这款产品优缺点都有，性价比高，但反应迟钝。""",122,智能窗帘,美的 智能窗帘 Max,浦华众城信息有限公司虚拟现实
1176,79,QI779,4.8,2025-03-03,"客户ID: QI779
客户公司: 合联电子科技有限公司网络安全
客户所在地: 沈阳县, 中国
产品信息: 格力 智能手环 Lite (类别: 智能手环)
生产商: 格力智能电器
产品价格: 9808.19
评分: 4.8星
评价日期: 2025年03月03日
评价内容: ""在晚上睡前时使用效果很好，特别是高清画质功能。""",124,智能手环,格力 智能手环 Lite,合联电子科技有限公司网络安全
706,44,QU287,4.2,2025-03-01,"客户ID: QU287
客户公司: 戴硕电子科技有限公司移动应用开发
客户所在地: 瑜市, 中国
产品信息: 小米 智能空调 Elite (类别: 智能空调)
生产商: 小米智能家居
产品价格: 7690.31
评分: 4.2星
评价日期: 2025年03月01日
评价内容: ""使用后感觉，这款智能空调设计很人性化。而且自动升级是我最喜欢的部分。如果非要说缺点的话，说明书不够详细。推荐给有需要的朋友。""",164,智能空调,小米 智能空调 Elite,戴硕电子科技有限公司移动应用开发
1265,16,VC531,3.7,2025-03-01,"客户ID: VC531
客户公司: 九方传媒有限公司生物科技
客户所在地: 六盘水市, 中国
产品信息: 小米 智能电饭煲 Ultra (类别: 智能电饭煲)
生产商: 小米智能家居
产品价格: 8557.36
评分: 3.7星
评价日期: 2025年03月01日
评价内容: ""从我的使用体验来看，这款智能电饭煲基本符合预期。在家里使用时，智能学习表现不错。遗憾的是电池寿命有点问题。值得购买。""",160,智能电饭煲,小米 智能电饭煲 Ultra,九方传媒有限公司生物科技
141,96,GL926,2.0,2025-02-28,"客户ID: GL926
客户公司: 时空盒数字传媒有限公司大数据分析
客户所在地: 巢湖市, 中国
产品信息: 博世 智能空调 Lite (类别: 智能空调)
生产商: 博世智能系统
产品价格: 8865.13
评分: 2.0星
评价日期: 2025年02月28日
评价内容: ""这款产品有严重问题，做工一般，已经申请退款。""",125,智能空调,博世 智能空调 Lite,时空盒数字传媒有限公司大数据分析
370,9,FB488,4.6,2025-02-28,"客户ID: FB488
客户公司: 方正科技科技有限公司互联网服务
客户所在地: 宁德市, 中国
产品信息: 亚马逊 智能插座 Pro (类别: 智能插座)
生产商: 亚马逊智能科技
产品价格: 6880.25
评分: 4.6星
评价日期: 2025年02月28日
评价内容: ""这款智能插座的智能学习功能很实用，反应灵敏。""",126,智能插座,亚马逊 智能插座 Pro,方正科技科技有限公司互联网服务
589,44,BW289,1.1,2025-02-28,"客户ID: BW289
客户公司: 海创网络有限公司生物科技
客户所在地: 汕尾县, 中国
产品信息: 小米 智能空调 Elite (类别: 智能空调)
生产商: 小米智能家居
产品价格: 7690.31
评分: 1.1星
评价日期: 2025年02月28日
评价内容: ""使用一周后出现故障，智能化程度低，售后服务也不好。""",124,智能空调,小米 智能空调 Elite,海创网络有限公司生物科技
756,52,GC846,2.8,2025-02-28,"客户ID: GC846
客户公司: 明腾科技有限公司区块链技术
客户所在地: 石家庄市, 中国
产品信息: 小米 智能插座 Max (类别: 智能插座)
生产商: 小米智能家居
产品价格: 5793.04
评分: 2.8星
评价日期: 2025年02月28日
评价内容: ""这款产品有严重问题，音质一般，已经申请退款。""",123,智能插座,小米 智能插座 Max,明腾科技有限公司区块链技术
207,62,NU711,3.0,2025-02-27,"客户ID: NU711
客户公司: 易动力科技有限公司人工智能
客户所在地: 桂兰县, 中国
产品信息: 华为 智能洗衣机 Ultra (类别: 智能洗衣机)
生产商: 华为智能生活
产品价格: 8401.38
评分: 3.0星
评价日期: 2025年02月27日
评价内容: ""作为一个经常使用此类产品的人，这款华为 智能洗衣机 Ultra一般般。在工作时时使用体验还不错。让我惊喜的是在办公环境场景下表现一般。推荐给有需要的朋友。""",173,智能洗衣机,华为 智能洗衣机 Ultra,易动力科技有限公司人工智能
344,76,CC657,2.5,2025-02-27,"客户ID: CC657
客户公司: 昊嘉信息有限公司信息技术
客户所在地: 军县, 中国
产品信息: 松下 智能窗帘 Advanced (类别: 智能窗帘)
生产商: 松下智能电器
产品价格: 7412.19
评分: 2.5星
评价日期: 2025年02月27日
评价内容: ""使用一周后出现故障，售后服务差，售后服务也不好。""",122,智能窗帘,松下 智能窗帘 Advanced,昊嘉信息有限公司信息技术
775,59,ZF061,3.5,2025-02-27,"客户ID: ZF061
客户公司: 维旺明信息有限公司人工智能
客户所在地: 坤县, 中国
产品信息: 西门子 智能摄像头 Max (类别: 智能摄像头)
生产商: 西门子智能家居
产品价格: 5402.93
评分: 3.5星
评价日期: 2025年02月27日
评价内容: ""经过一段时间使用，这款智能摄像头质量还行。在夏天使用时，自动调节表现不错。此外在夜间使用场景下表现一般。性价比很高。""",161,智能摄像头,西门子 智能摄像头 Max,维旺明信息有限公司人工智能
43,49,MA264,3.7,2025-02-26,"客户ID: MA264
客户公司: 时刻网络有限公司信息技术
客户所在地: 梅县, 中国
产品信息: 松下 智能加湿器 Pro (类别: 智能加湿器)
生产商: 松下智能电器
产品价格: 8374.66
评分: 3.7星
评价日期: 2025年02月26日
评价内容: ""智能加湿器的质量还可以，做工精细，不过音质一般。""",124,智能加湿器,松下 智能加湿器 Pro,时刻网络有限公司信息技术
276,72,OA831,1.1,2025-02-25,"客户ID: OA831
客户公司: 华泰通安科技有限公司网络安全
客户所在地: 玉梅市, 中国
产品信息: 西门子 智能洗衣机 Pro (类别: 智能洗衣机)
生产商: 西门子智能家居
产品价格: 6209.73
评分: 1.1星
评价日期: 2025年02月25日
评价内容: ""必须承认，这款西门子 智能洗衣机 Pro完全不符合预期。主要问题在于做工一般。已经申请退款了。""",148,智能洗衣机,西门子 智能洗衣机 Pro,华泰通安科技有限公司网络安全
1217,15,NQ176,1.4,2025-02-25,"客户ID: NQ176
客户公司: 图龙信息传媒有限公司数字科技
客户所在地: 南昌市, 中国
产品信息: 谷歌 智能音箱 Elite (类别: 智能音箱)
生产商: 谷歌智能设备
产品价格: 6218.93
评分: 1.4星
评价日期: 2025年02月25日
评价内容: ""不推荐这款智能音箱，智能化程度低，很失望。""",122,智能音箱,谷歌 智能音箱 Elite,图龙信息传媒有限公司数字科技
1215,92,OA831,3.1,2025-02-24,"客户ID: OA831
客户公司: 华泰通安科技有限公司网络安全
客户所在地: 玉梅市, 中国
产品信息: 西门子 智能摄像头 Plus (类别: 智能摄像头)
生产商: 西门子智能家居
产品价格: 9026.06
评分: 3.1星
评价日期: 2025年02月24日
评价内容: ""总体来说还行，性价比高，就是价格偏高。""",124,智能摄像头,西门子 智能摄像头 Plus,华泰通安科技有限公司网络安全
1108,76,II746,3.3,2025-02-24,"客户ID: II746
客户公司: 恩悌传媒有限公司虚拟现实
客户所在地: 南昌县, 中国
产品信息: 松下 智能窗帘 Advanced (类别: 智能窗帘)
生产商: 松下智能电器
产品价格: 7412.19
评分: 3.3星
评价日期: 2025年02月24日
评价内容: ""在做饭时使用还不错，但在其他情况下表现一般。""",121,智能窗帘,松下 智能窗帘 Advanced,恩悌传媒有限公司虚拟现实
96,82,DV182,2.4,2025-02-22,"客户ID: DV182
客户公司: 艾提科信传媒有限公司网络安全
客户所在地: 桂荣市, 中国
产品信息: LG 智能开关 Lite (类别: 智能开关)
生产商: LG智能家电
产品价格: 7112.72
评分: 2.4星
评价日期: 2025年02月22日
评价内容: ""电池寿命问题很严重，完全不值这个价格。""",118,智能开关,LG 智能开关 Lite,艾提科信传媒有限公司网络安全
367,79,FN522,2.1,2025-02-22,"客户ID: FN522
客户公司: 新宇龙信息科技有限公司电子商务
客户所在地: 磊县, 中国
产品信息: 格力 智能手环 Lite (类别: 智能手环)
生产商: 格力智能电器
产品价格: 9808.19
评分: 2.1星
评价日期: 2025年02月22日
评价内容: ""对这款智能手环非常不满意，做工一般，浪费钱。""",123,智能手环,格力 智能手环 Lite,新宇龙信息科技有限公司电子商务
791,63,EM821,3.4,2025-02-22,"客户ID: EM821
客户公司: 泰麒麟信息有限公司人工智能
客户所在地: 香港县, 中国
产品信息: LG 智能净水器 Basic (类别: 智能净水器)
生产商: LG智能家电
产品价格: 9118.55
评分: 3.4星
评价日期: 2025年02月22日
评价内容: ""在多次对比之后选择了这款，这款LG 智能净水器 Basic中规中矩。在做饭时时使用体验还不错。而且使用久了会发现一些小问题。便宜没好货，这句话在这里很适用。""",171,智能净水器,LG 智能净水器 Basic,泰麒麟信息有限公司人工智能
458,9,VC531,2.1,2025-02-21,"客户ID: VC531
客户公司: 九方传媒有限公司生物科技
客户所在地: 六盘水市, 中国
产品信息: 亚马逊 智能插座 Pro (类别: 智能插座)
生产商: 亚马逊智能科技
产品价格: 6880.25
评分: 2.1星
评价日期: 2025年02月21日
评价内容: ""使用一周后出现故障，使用说明不清，售后服务也不好。""",127,智能插座,亚马逊 智能插座 Pro,九方传媒有限公司生物科技
574,42,LU518,3.7,2025-02-21,"客户ID: LU518
客户公司: 易动力传媒有限公司生物科技
客户所在地: 伟市, 中国
产品信息: 谷歌 智能净水器 Ultra (类别: 智能净水器)
生产商: 谷歌智能设备
产品价格: 7844.22
评分: 3.7星
评价日期: 2025年02月21日
评价内容: ""试用了几天，这款智能净水器总体来说还可以。高清画质设计得比较合理。除此之外噪音控制有点问题。对得起这个价格。""",155,智能净水器,谷歌 智能净水器 Ultra,易动力传媒有限公司生物科技
581,65,EU335,1.9,2025-02-21,"客户ID: EU335
客户公司: 济南亿次元网络有限公司科技公司
客户所在地: 巢湖市, 中国
产品信息: 西门子 智能空调 Basic (类别: 智能空调)
生产商: 西门子智能家居
产品价格: 6493.01
评分: 1.9星
评价日期: 2025年02月21日
评价内容: ""对这款智能空调非常不满意，智能化程度低，浪费钱。""",128,智能空调,西门子 智能空调 Basic,济南亿次元网络有限公司科技公司
267,45,BF338,3.0,2025-02-20,"客户ID: BF338
客户公司: 天开网络有限公司金融科技
客户所在地: 南宁市, 中国
产品信息: 博世 智能马桶 Max (类别: 智能马桶)
生产商: 博世智能系统
产品价格: 7392.23
评分: 3.0星
评价日期: 2025年02月20日
评价内容: ""使用后感觉，这款智能马桶性价比一般。优点是智能化程度高。尤其是缺点是操作复杂。总体来说还是很满意的。""",149,智能马桶,博世 智能马桶 Max,天开网络有限公司金融科技
507,51,GC846,3.8,2025-02-20,"客户ID: GC846
客户公司: 明腾科技有限公司区块链技术
客户所在地: 石家庄市, 中国
产品信息: 苹果 智能开关 Basic (类别: 智能开关)
生产商: 苹果智能家庭
产品价格: 869.49
评分: 3.8星
评价日期: 2025年02月20日
评价内容: ""我觉得，这款智能开关质量还行。在工作时时使用体验还不错。最让我失望的是在夜间使用场景下表现一般。可以考虑其他品牌的同类产品。""",163,智能开关,苹果 智能开关 Basic,明腾科技有限公司区块链技术
892,30,US056,2.6,2025-02-20,"客户ID: US056
客户公司: 国讯网络有限公司移动应用开发
客户所在地: 文市, 中国
产品信息: 小米 智能开关 Ultra (类别: 智能开关)
生产商: 小米智能家居
产品价格: 747.93
评分: 2.6星
评价日期: 2025年02月20日
评价内容: ""这款产品有严重问题，安装困难，已经申请退款。""",122,智能开关,小米 智能开关 Ultra,国讯网络有限公司移动应用开发
1234,84,RY572,4.9,2025-02-20,"客户ID: RY572
客户公司: 中建创业信息有限公司虚拟现实
客户所在地: 冬梅县, 中国
产品信息: 苹果 智能扫地机器人 Pro (类别: 智能扫地机器人)
生产商: 苹果智能家庭
产品价格: 4063.85
评分: 4.9星
评价日期: 2025年02月20日
评价内容: ""这款智能扫地机器人的远程控制功能很实用，兼容性强。""",132,智能扫地机器人,苹果 智能扫地机器人 Pro,中建创业信息有限公司虚拟现实
17,25,VQ233,1.0,2025-02-19,"客户ID: VQ233
客户公司: 和泰信息有限公司信息技术
客户所在地: 成都市, 中国
产品信息: 三星 智能窗帘 Basic (类别: 智能窗帘)
生产商: 三星智能家电
产品价格: 9678.27
评分: 1.0星
评价日期: 2025年02月19日
评价内容: ""对这款智能窗帘非常不满意，售后服务差，浪费钱。""",122,智能窗帘,三星 智能窗帘 Basic,和泰信息有限公司信息技术
818,38,AW347,4.9,2025-02-19,"客户ID: AW347
客户公司: 鸿睿思博传媒有限公司智能科技
客户所在地: 武汉市, 中国
产品信息: 西门子 智能冰箱 Standard (类别: 智能冰箱)
生产商: 西门子智能家居
产品价格: 4347.58
评分: 4.9星
评价日期: 2025年02月19日
评价内容: ""这款产品的智能场景特别好用，在家庭聚会时特别方便。""",128,智能冰箱,西门子 智能冰箱 Standard,鸿睿思博传媒有限公司智能科技
979,66,TO444,3.8,2025-02-19,"客户ID: TO444
客户公司: MBP软件网络有限公司移动应用开发
客户所在地: 辛集市, 中国
产品信息: 松下 智能马桶 Elite (类别: 智能马桶)
生产商: 松下智能电器
产品价格: 9184.21
评分: 3.8星
评价日期: 2025年02月19日
评价内容: ""总体来说还行，外观漂亮，就是续航时间短。""",122,智能马桶,松下 智能马桶 Elite,MBP软件网络有限公司移动应用开发
1057,70,QI779,2.9,2025-02-19,"客户ID: QI779
客户公司: 合联电子科技有限公司网络安全
客户所在地: 沈阳县, 中国
产品信息: 博世 智能净水器 Max (类别: 智能净水器)
生产商: 博世智能系统
产品价格: 7890.83
评分: 2.9星
评价日期: 2025年02月19日
评价内容: ""不推荐这款智能净水器，售后服务差，很失望。""",124,智能净水器,博世 智能净水器 Max,合联电子科技有限公司网络安全
485,83,QT258,3.5,2025-02-18,"客户ID: QT258
客户公司: 商软冠联传媒有限公司大数据分析
客户所在地: 玉珍县, 中国
产品信息: 西门子 智能手环 Standard (类别: 智能手环)
生产商: 西门子智能家居
产品价格: 4892.47
评分: 3.5星
评价日期: 2025年02月18日
评价内容: ""作为一个经常使用此类产品的人，这款西门子 智能手环 Standard没有特别惊喜。在做饭时时使用体验还不错。此外使用久了会发现一些小问题。价格虽高，但物有所值。""",175,智能手环,西门子 智能手环 Standard,商软冠联传媒有限公司大数据分析
876,57,EI532,1.3,2025-02-18,"客户ID: EI532
客户公司: 七喜传媒有限公司人工智能
客户所在地: 丽华县, 中国
产品信息: 博世 智能净水器 Plus (类别: 智能净水器)
生产商: 博世智能系统
产品价格: 4134.03
评分: 1.3星
评价日期: 2025年02月18日
评价内容: ""用了一段时间，这款博世 智能净水器 Plus质量太差。在晚上睡前时完全不能正常工作。已经申请退款了。""",146,智能净水器,博世 智能净水器 Plus,七喜传媒有限公司人工智能
640,50,TB616,1.4,2025-02-15,"客户ID: TB616
客户公司: 晖来计算机网络有限公司虚拟现实
客户所在地: 梅县, 中国
产品信息: 苹果 智能空气净化器 Basic (类别: 智能空气净化器)
生产商: 苹果智能家庭
产品价格: 9846.71
评分: 1.4星
评价日期: 2025年02月15日
评价内容: ""噪音控制问题很严重，完全不值这个价格。""",126,智能空气净化器,苹果 智能空气净化器 Basic,晖来计算机网络有限公司虚拟现实
665,43,AY876,2.5,2025-02-15,"客户ID: AY876
客户公司: 精芯传媒有限公司物联网
客户所在地: 武汉市, 中国
产品信息: 华为 智能电视 Max (类别: 智能电视)
生产商: 华为智能生活
产品价格: 4139.84
评分: 2.5星
评价日期: 2025年02月15日
评价内容: ""说实话，这款华为 智能电视 Max使用体验很差。在工作时时完全不能正常工作。唯一值得称赞的可能就是外观设计还不错。已经申请退款了。""",159,智能电视,华为 智能电视 Max,精芯传媒有限公司物联网
751,39,TW751,2.4,2025-02-14,"客户ID: TW751
客户公司: 图龙信息网络有限公司云计算
客户所在地: 宁德市, 中国
产品信息: 西门子 智能音箱 Mini (类别: 智能音箱)
生产商: 西门子智能家居
产品价格: 1668.63
评分: 2.4星
评价日期: 2025年02月14日
评价内容: ""这款产品有严重问题，使用说明不清，已经申请退款。""",126,智能音箱,西门子 智能音箱 Mini,图龙信息网络有限公司云计算
1049,64,GJ116,2.5,2025-02-14,"客户ID: GJ116
客户公司: 良诺信息有限公司生物科技
客户所在地: 红市, 中国
产品信息: 亚马逊 智能马桶 Standard (类别: 智能马桶)
生产商: 亚马逊智能科技
产品价格: 6039.3
评分: 2.5星
评价日期: 2025年02月14日
评价内容: ""使用一周后出现故障，功能单一，售后服务也不好。""",123,智能马桶,亚马逊 智能马桶 Standard,良诺信息有限公司生物科技
69,46,PV664,4.4,2025-02-13,"客户ID: PV664
客户公司: 毕博诚信息有限公司信息技术
客户所在地: 柳州县, 中国
产品信息: 小米 智能开关 Max (类别: 智能开关)
生产商: 小米智能家居
产品价格: 2038.82
评分: 4.4星
评价日期: 2025年02月13日
评价内容: ""非常满意这次购买，外观漂亮，送货也很快。""",120,智能开关,小米 智能开关 Max,毕博诚信息有限公司信息技术
553,60,GC846,4.4,2025-02-13,"客户ID: GC846
客户公司: 明腾科技有限公司区块链技术
客户所在地: 石家庄市, 中国
产品信息: 华为 智能窗帘 Basic (类别: 智能窗帘)
生产商: 华为智能生活
产品价格: 2259.63
评分: 4.4星
评价日期: 2025年02月13日
评价内容: ""非常满意这次购买，性价比高，送货也很快。""",121,智能窗帘,华为 智能窗帘 Basic,明腾科技有限公司区块链技术
461,5,PV664,3.5,2025-02-12,"客户ID: PV664
客户公司: 毕博诚信息有限公司信息技术
客户所在地: 柳州县, 中国
产品信息: 美的 智能电饭煲 Pro (类别: 智能电饭煲)
生产商: 美的智能科技
产品价格: 5002.04
评分: 3.5星
评价日期: 2025年02月12日
评价内容: ""这款产品优缺点都有，安装方便，但耗电量大。""",123,智能电饭煲,美的 智能电饭煲 Pro,毕博诚信息有限公司信息技术
1068,101,PV664,2.8,2025-02-12,"客户ID: PV664
客户公司: 毕博诚信息有限公司信息技术
客户所在地: 柳州县, 中国
产品信息: 三星 智能摄像头 Mini (类别: 智能摄像头)
生产商: 三星智能家电
产品价格: 1662.36
评分: 2.8星
评价日期: 2025年02月12日
评价内容: ""对这款智能摄像头非常不满意，音质一般，浪费钱。""",125,智能摄像头,三星 智能摄像头 Mini,毕博诚信息有限公司信息技术
465,101,JT617,2.2,2025-02-11,"客户ID: JT617
客户公司: 时空盒数字信息有限公司智能科技
客户所在地: 郑州县, 中国
产品信息: 三星 智能摄像头 Mini (类别: 智能摄像头)
生产商: 三星智能家电
产品价格: 1662.36
评分: 2.2星
评价日期: 2025年02月11日
评价内容: ""不推荐这款智能摄像头，安装困难，很失望。""",124,智能摄像头,三星 智能摄像头 Mini,时空盒数字信息有限公司智能科技
657,32,VC531,4.4,2025-02-11,"客户ID: VC531
客户公司: 九方传媒有限公司生物科技
客户所在地: 六盘水市, 中国
产品信息: 亚马逊 智能马桶 Elite (类别: 智能马桶)
生产商: 亚马逊智能科技
产品价格: 1801.88
评分: 4.4星
评价日期: 2025年02月11日
评价内容: ""体验下来，这款智能马桶功能很强大。但是在早晨起床时表现尤为出色。没有达到我的期望。如果非要说缺点的话，可能就是安装困难。推荐给有需要的朋友。""",172,智能马桶,亚马逊 智能马桶 Elite,九方传媒有限公司生物科技
904,9,KM929,1.6,2025-02-11,"客户ID: KM929
客户公司: 迪摩科技有限公司电子商务
客户所在地: 福州县, 中国
产品信息: 亚马逊 智能插座 Pro (类别: 智能插座)
生产商: 亚马逊智能科技
产品价格: 6880.25
评分: 1.6星
评价日期: 2025年02月11日
评价内容: ""使用一周后出现故障，画质模糊，售后服务也不好。""",124,智能插座,亚马逊 智能插座 Pro,迪摩科技有限公司电子商务
908,31,MJ814,4.8,2025-02-11,"客户ID: MJ814
客户公司: 毕博诚科技有限公司互联网服务
客户所在地: 俊市, 中国
产品信息: 三星 智能加湿器 Mini (类别: 智能加湿器)
生产商: 三星智能家电
产品价格: 1356.55
评分: 4.8星
评价日期: 2025年02月11日
评价内容: ""在做饭时时使用效果很好，特别是高清画质功能。""",124,智能加湿器,三星 智能加湿器 Mini,毕博诚科技有限公司互联网服务
308,19,FC418,2.7,2025-02-10,"客户ID: FC418
客户公司: 网新恒天网络有限公司生物科技
客户所在地: 秀珍县, 中国
产品信息: 海尔智慧家庭 智能开关 Plus (类别: 智能开关)
生产商: 海尔智慧家庭
产品价格: 7438.8
评分: 2.7星
评价日期: 2025年02月10日
评价内容: ""不推荐这款智能开关，使用说明不清，很失望。""",126,智能开关,海尔智慧家庭 智能开关 Plus,网新恒天网络有限公司生物科技
366,39,DH200,3.7,2025-02-10,"客户ID: DH200
客户公司: 盟新传媒有限公司大数据分析
客户所在地: 辽阳县, 中国
产品信息: 西门子 智能音箱 Mini (类别: 智能音箱)
生产商: 西门子智能家居
产品价格: 1668.63
评分: 3.7星
评价日期: 2025年02月10日
评价内容: ""经过一段时间使用，这款智能音箱总体来说还可以。用了一个月后，语音识别表现不错。同时散热问题有点问题。性价比很高。""",158,智能音箱,西门子 智能音箱 Mini,盟新传媒有限公司大数据分析
496,39,ZU351,3.4,2025-02-10,"客户ID: ZU351
客户公司: 银嘉科技有限公司科技公司
客户所在地: 秀荣市, 中国
产品信息: 西门子 智能音箱 Mini (类别: 智能音箱)
生产商: 西门子智能家居
产品价格: 1668.63
评分: 3.4星
评价日期: 2025年02月10日
评价内容: ""智能音箱的质量还可以，外观漂亮，不过价格偏高。""",124,智能音箱,西门子 智能音箱 Mini,银嘉科技有限公司科技公司
1002,64,BP732,1.1,2025-02-09,"客户ID: BP732
客户公司: 南康网络有限公司互联网服务
客户所在地: 敏市, 中国
产品信息: 亚马逊 智能马桶 Standard (类别: 智能马桶)
生产商: 亚马逊智能科技
产品价格: 6039.3
评分: 1.1星
评价日期: 2025年02月09日
评价内容: ""使用一周后出现故障，做工一般，售后服务也不好。""",124,智能马桶,亚马逊 智能马桶 Standard,南康网络有限公司互联网服务
634,47,ZG109,2.4,2025-02-08,"客户ID: ZG109
客户公司: 襄樊地球村网络有限公司智能科技
客户所在地: 坤县, 中国
产品信息: 苹果 智能灯具 Basic (类别: 智能灯具)
生产商: 苹果智能家庭
产品价格: 2411.14
评分: 2.4星
评价日期: 2025年02月08日
评价内容: ""对这款智能灯具非常不满意，反应迟钝，浪费钱。""",123,智能灯具,苹果 智能灯具 Basic,襄樊地球村网络有限公司智能科技
651,18,EU335,4.0,2025-02-07,"客户ID: EU335
客户公司: 济南亿次元网络有限公司科技公司
客户所在地: 巢湖市, 中国
产品信息: 美的 智能门锁 Mini (类别: 智能门锁)
生产商: 美的智能科技
产品价格: 5323.58
评分: 4.0星
评价日期: 2025年02月07日
评价内容: ""这款产品的定时功能特别好用，在夜间使用时特别方便。""",127,智能门锁,美的 智能门锁 Mini,济南亿次元网络有限公司科技公司
862,7,DW607,1.6,2025-02-07,"客户ID: DW607
客户公司: 银嘉网络有限公司云计算
客户所在地: 杨县, 中国
产品信息: 博世 智能扫地机器人 Max (类别: 智能扫地机器人)
生产商: 博世智能系统
产品价格: 1108.4
评分: 1.6星
评价日期: 2025年02月07日
评价内容: ""这款产品有严重问题，售后服务差，已经申请退款。""",126,智能扫地机器人,博世 智能扫地机器人 Max,银嘉网络有限公司云计算
92,84,XO649,3.3,2025-02-06,"客户ID: XO649
客户公司: 晖来计算机传媒有限公司云计算
客户所在地: 郑州县, 中国
产品信息: 苹果 智能扫地机器人 Pro (类别: 智能扫地机器人)
生产商: 苹果智能家庭
产品价格: 4063.85
评分: 3.3星
评价日期: 2025年02月06日
评价内容: ""智能扫地机器人的质量还可以，兼容性强，不过功能单一。""",133,智能扫地机器人,苹果 智能扫地机器人 Pro,晖来计算机传媒有限公司云计算
144,46,WN094,4.9,2025-02-06,"客户ID: WN094
客户公司: 菊风公司传媒有限公司数字科技
客户所在地: 秀梅市, 中国
产品信息: 小米 智能开关 Max (类别: 智能开关)
生产商: 小米智能家居
产品价格: 2038.82
评分: 4.9星
评价日期: 2025年02月06日
评价内容: ""这款产品的自动升级特别好用，在日常使用时特别方便。""",126,智能开关,小米 智能开关 Max,菊风公司传媒有限公司数字科技
690,28,XA254,2.3,2025-02-06,"客户ID: XA254
客户公司: 易动力信息有限公司物联网
客户所在地: 齐齐哈尔市, 中国
产品信息: 飞利浦 智能扫地机器人 Plus (类别: 智能扫地机器人)
生产商: 飞利浦智能照明
产品价格: 230.53
评分: 2.3星
评价日期: 2025年02月06日
评价内容: ""不得不说，这款飞利浦 智能扫地机器人 Plus存在明显缺陷。主要问题在于售后服务差。希望厂家能重视这些问题。""",158,智能扫地机器人,飞利浦 智能扫地机器人 Plus,易动力信息有限公司物联网
859,25,YR398,1.0,2025-02-06,"客户ID: YR398
客户公司: 浦华众城信息有限公司虚拟现实
客户所在地: 大冶市, 中国
产品信息: 三星 智能窗帘 Basic (类别: 智能窗帘)
生产商: 三星智能家电
产品价格: 9678.27
评分: 1.0星
评价日期: 2025年02月06日
评价内容: ""必须承认，这款智能窗帘不推荐购买。散热问题简直无法忍受。""",129,智能窗帘,三星 智能窗帘 Basic,浦华众城信息有限公司虚拟现实
867,1,ZH741,4.4,2025-02-05,"客户ID: ZH741
客户公司: 巨奥科技有限公司信息技术
客户所在地: 峰县, 中国
产品信息: 亚马逊 智能电饭煲 Advanced (类别: 智能电饭煲)
生产商: 亚马逊智能科技
产品价格: 7608.63
评分: 4.4星
评价日期: 2025年02月05日
评价内容: ""不得不说，这款亚马逊 智能电饭煲 Advanced设计很人性化。此外特别适合日常使用。和官方展示的有差距。如果非要说缺点的话，散热问题还有提升空间。值得购买。""",172,智能电饭煲,亚马逊 智能电饭煲 Advanced,巨奥科技有限公司信息技术
728,86,AD089,1.8,2025-02-04,"客户ID: AD089
客户公司: 创亿网络有限公司移动应用开发
客户所在地: 楠市, 中国
产品信息: 博世 智能摄像头 Standard (类别: 智能摄像头)
生产商: 博世智能系统
产品价格: 8286.27
评分: 1.8星
评价日期: 2025年02月04日
评价内容: ""使用一周后出现故障，价格偏高，售后服务也不好。""",125,智能摄像头,博世 智能摄像头 Standard,创亿网络有限公司移动应用开发
812,26,PV664,4.6,2025-02-04,"客户ID: PV664
客户公司: 毕博诚信息有限公司信息技术
客户所在地: 柳州县, 中国
产品信息: 亚马逊 智能扫地机器人 Mini (类别: 智能扫地机器人)
生产商: 亚马逊智能科技
产品价格: 7885.52
评分: 4.6星
评价日期: 2025年02月04日
评价内容: ""这是我用过的最好的智能扫地机器人之一，续航时间长，性价比很高。""",139,智能扫地机器人,亚马逊 智能扫地机器人 Mini,毕博诚信息有限公司信息技术
724,62,CM245,2.8,2025-02-02,"客户ID: CM245
客户公司: 万迅电脑信息有限公司科技公司
客户所在地: 洋县, 中国
产品信息: 华为 智能洗衣机 Ultra (类别: 智能洗衣机)
生产商: 华为智能生活
产品价格: 8401.38
评分: 2.8星
评价日期: 2025年02月02日
评价内容: ""用了一段时间，这款智能洗衣机有严重问题。使用不到一周就出现了失灵。唯一值得称赞的可能就是包装很精美。""",152,智能洗衣机,华为 智能洗衣机 Ultra,万迅电脑信息有限公司科技公司
995,53,ZH741,2.3,2025-02-01,"客户ID: ZH741
客户公司: 巨奥科技有限公司信息技术
客户所在地: 峰县, 中国
产品信息: 华为 智能电视 Lite (类别: 智能电视)
生产商: 华为智能生活
产品价格: 2968.02
评分: 2.3星
评价日期: 2025年02月01日
评价内容: ""使用一周后出现故障，兼容性差，售后服务也不好。""",121,智能电视,华为 智能电视 Lite,巨奥科技有限公司信息技术
120,29,QU287,3.0,2025-01-31,"客户ID: QU287
客户公司: 戴硕电子科技有限公司移动应用开发
客户所在地: 瑜市, 中国
产品信息: 博世 智能空气净化器 Lite (类别: 智能空气净化器)
生产商: 博世智能系统
产品价格: 6067.97
评分: 3.0星
评价日期: 2025年01月31日
评价内容: ""总体来说还行，画质清晰，就是安装困难。""",127,智能空气净化器,博世 智能空气净化器 Lite,戴硕电子科技有限公司移动应用开发
185,66,NQ176,1.5,2025-01-31,"客户ID: NQ176
客户公司: 图龙信息传媒有限公司数字科技
客户所在地: 南昌市, 中国
产品信息: 松下 智能马桶 Elite (类别: 智能马桶)
生产商: 松下智能电器
产品价格: 9184.21
评分: 1.5星
评价日期: 2025年01月31日
评价内容: ""我发现，这款松下 智能马桶 Elite质量太差。在晚上睡前时完全不能正常工作。已经申请退款了。""",142,智能马桶,松下 智能马桶 Elite,图龙信息传媒有限公司数字科技
1022,16,TE207,4.3,2025-01-31,"客户ID: TE207
客户公司: 新宇龙信息传媒有限公司人工智能
客户所在地: 张家港市, 中国
产品信息: 小米 智能电饭煲 Ultra (类别: 智能电饭煲)
生产商: 小米智能家居
产品价格: 8557.36
评分: 4.3星
评价日期: 2025年01月31日
评价内容: ""这是我用过的最好的智能电饭煲之一，功能齐全，性价比很高。""",133,智能电饭煲,小米 智能电饭煲 Ultra,新宇龙信息传媒有限公司人工智能
194,94,CC657,5.0,2025-01-30,"客户ID: CC657
客户公司: 昊嘉信息有限公司信息技术
客户所在地: 军县, 中国
产品信息: 格力 智能体重秤 Standard (类别: 智能体重秤)
生产商: 格力智能电器
产品价格: 9138.52
评分: 5.0星
评价日期: 2025年01月30日
评价内容: ""非常满意这次购买，操作简单，送货也很快。""",120,智能体重秤,格力 智能体重秤 Standard,昊嘉信息有限公司信息技术
115,88,EA575,3.6,2025-01-29,"客户ID: EA575
客户公司: 襄樊地球村信息有限公司物联网
客户所在地: 丽娟市, 中国
产品信息: 格力 智能体重秤 Ultra (类别: 智能体重秤)
生产商: 格力智能电器
产品价格: 4528.2
评分: 3.6星
评价日期: 2025年01月29日
评价内容: ""智能体重秤的质量还可以，性价比高，不过兼容性差。""",127,智能体重秤,格力 智能体重秤 Ultra,襄樊地球村信息有限公司物联网
1229,49,AU710,2.8,2025-01-28,"客户ID: AU710
客户公司: 巨奥传媒有限公司信息技术
客户所在地: 辛集市, 中国
产品信息: 松下 智能加湿器 Pro (类别: 智能加湿器)
生产商: 松下智能电器
产品价格: 8374.66
评分: 2.8星
评价日期: 2025年01月28日
评价内容: ""不推荐这款智能加湿器，操作复杂，很失望。""",121,智能加湿器,松下 智能加湿器 Pro,巨奥传媒有限公司信息技术
1201,71,FA862,3.0,2025-01-26,"客户ID: FA862
客户公司: 方正科技网络有限公司云计算
客户所在地: 潮州县, 中国
产品信息: 索尼 智能冰箱 Elite (类别: 智能冰箱)
生产商: 索尼智能科技
产品价格: 6386.01
评分: 3.0星
评价日期: 2025年01月26日
评价内容: ""不得不说，这款智能冰箱一般般。静音设计设计得比较合理。而且在户外活动场景下表现一般。推荐给有需要的朋友。""",152,智能冰箱,索尼 智能冰箱 Elite,方正科技网络有限公司云计算
47,86,YZ898,2.4,2025-01-26,"客户ID: YZ898
客户公司: 通际名联科技有限公司金融科技
客户所在地: 济南市, 中国
产品信息: 博世 智能摄像头 Standard (类别: 智能摄像头)
生产商: 博世智能系统
产品价格: 8286.27
评分: 2.4星
评价日期: 2025年01月26日
评价内容: ""用了一段时间，这款智能摄像头完全不符合预期。使用不到一周就出现了故障。不推荐任何人购买。""",147,智能摄像头,博世 智能摄像头 Standard,通际名联科技有限公司金融科技
798,46,EK253,2.2,2025-01-25,"客户ID: EK253
客户公司: 兰金电子科技有限公司区块链技术
客户所在地: 南昌市, 中国
产品信息: 小米 智能开关 Max (类别: 智能开关)
生产商: 小米智能家居
产品价格: 2038.82
评分: 2.2星
评价日期: 2025年01月25日
评价内容: ""作为一个经常使用此类产品的人，这款小米 智能开关 Max存在明显缺陷。主要问题在于稳定性差。""",144,智能开关,小米 智能开关 Max,兰金电子科技有限公司区块链技术
935,41,EB652,4.6,2025-01-25,"客户ID: EB652
客户公司: 凌云信息有限公司虚拟现实
客户所在地: 秀珍县, 中国
产品信息: 索尼 智能空气净化器 Ultra (类别: 智能空气净化器)
生产商: 索尼智能科技
产品价格: 9311.59
评分: 4.6星
评价日期: 2025年01月25日
评价内容: ""这款智能空气净化器质量很好，智能化程度高。总体来说很满意。""",134,智能空气净化器,索尼 智能空气净化器 Ultra,凌云信息有限公司虚拟现实
1034,35,PV664,3.9,2025-01-25,"客户ID: PV664
客户公司: 毕博诚信息有限公司信息技术
客户所在地: 柳州县, 中国
产品信息: 亚马逊 智能门铃 Max (类别: 智能门铃)
生产商: 亚马逊智能科技
产品价格: 3226.81
评分: 3.9星
评价日期: 2025年01月25日
评价内容: ""在晚上睡前使用还不错，但在其他情况下表现一般。""",125,智能门铃,亚马逊 智能门铃 Max,毕博诚信息有限公司信息技术
1048,33,LU518,5.0,2025-01-25,"客户ID: LU518
客户公司: 易动力传媒有限公司生物科技
客户所在地: 伟市, 中国
产品信息: 飞利浦 智能加湿器 Ultra (类别: 智能加湿器)
生产商: 飞利浦智能照明
产品价格: 6144.74
评分: 5.0星
评价日期: 2025年01月25日
评价内容: ""在看电影时时使用效果很好，特别是高清画质功能。""",126,智能加湿器,飞利浦 智能加湿器 Ultra,易动力传媒有限公司生物科技
1242,36,XN875,4.2,2025-01-25,"客户ID: XN875
客户公司: 天开传媒有限公司网络安全
客户所在地: 芳市, 中国
产品信息: 海尔智慧家庭 智能加湿器 Lite (类别: 智能加湿器)
生产商: 海尔智慧家庭
产品价格: 9057.68
评分: 4.2星
评价日期: 2025年01月25日
评价内容: ""这款产品的定时功能特别好用，在办公环境时特别方便。""",129,智能加湿器,海尔智慧家庭 智能加湿器 Lite,天开传媒有限公司网络安全
619,43,MG296,2.5,2025-01-24,"客户ID: MG296
客户公司: 浦华众城网络有限公司信息技术
客户所在地: 浩市, 中国
产品信息: 华为 智能电视 Max (类别: 智能电视)
生产商: 华为智能生活
产品价格: 4139.84
评分: 2.5星
评价日期: 2025年01月24日
评价内容: ""不推荐这款智能电视，稳定性差，很失望。""",119,智能电视,华为 智能电视 Max,浦华众城网络有限公司信息技术
25,41,QL573,3.9,2025-01-22,"客户ID: QL573
客户公司: 维涛科技有限公司网络安全
客户所在地: 永安市, 中国
产品信息: 索尼 智能空气净化器 Ultra (类别: 智能空气净化器)
生产商: 索尼智能科技
产品价格: 9311.59
评分: 3.9星
评价日期: 2025年01月22日
评价内容: ""购买后，这款索尼 智能空气净化器 Ultra优缺点都有。优点是画质清晰。不仅如此连接稳定性有点问题。价格虽高，但物有所值。""",160,智能空气净化器,索尼 智能空气净化器 Ultra,维涛科技有限公司网络安全
531,53,ZF801,2.7,2025-01-22,"客户ID: ZF801
客户公司: 易动力科技有限公司科技公司
客户所在地: 沈阳县, 中国
产品信息: 华为 智能电视 Lite (类别: 智能电视)
生产商: 华为智能生活
产品价格: 2968.02
评分: 2.7星
评价日期: 2025年01月22日
评价内容: ""从我的使用体验来看，这款华为 智能电视 Lite不值这个价格。主要问题在于画质模糊。唯一值得称赞的可能就是售后服务态度好。以后不会再考虑这个品牌的产品。""",171,智能电视,华为 智能电视 Lite,易动力科技有限公司科技公司
1252,73,BI759,3.4,2025-01-22,"客户ID: BI759
客户公司: 时空盒数字信息有限公司虚拟现实
客户所在地: 荣市, 中国
产品信息: 飞利浦 智能扫地机器人 Ultra (类别: 智能扫地机器人)
生产商: 飞利浦智能照明
产品价格: 259.27
评分: 3.4星
评价日期: 2025年01月22日
评价内容: ""这款产品优缺点都有，反应灵敏，但智能化程度低。""",132,智能扫地机器人,飞利浦 智能扫地机器人 Ultra,时空盒数字信息有限公司虚拟现实
1273,51,WW556,3.4,2025-01-22,"客户ID: WW556
客户公司: 商软冠联网络有限公司信息技术
客户所在地: 梅市, 中国
产品信息: 苹果 智能开关 Basic (类别: 智能开关)
生产商: 苹果智能家庭
产品价格: 869.49
评分: 3.4星
评价日期: 2025年01月22日
评价内容: ""在看电影时使用还不错，但在其他情况下表现一般。""",123,智能开关,苹果 智能开关 Basic,商软冠联网络有限公司信息技术
1231,63,MJ814,4.4,2025-01-20,"客户ID: MJ814
客户公司: 毕博诚科技有限公司互联网服务
客户所在地: 俊市, 中国
产品信息: LG 智能净水器 Basic (类别: 智能净水器)
生产商: LG智能家电
产品价格: 9118.55
评分: 4.4星
评价日期: 2025年01月20日
评价内容: ""非常满意这次购买，音质出色，送货也很快。""",120,智能净水器,LG 智能净水器 Basic,毕博诚科技有限公司互联网服务
650,47,WQ849,4.2,2025-01-19,"客户ID: WQ849
客户公司: 开发区世创科技有限公司科技公司
客户所在地: 嘉禾市, 中国
产品信息: 苹果 智能灯具 Basic (类别: 智能灯具)
生产商: 苹果智能家庭
产品价格: 2411.14
评分: 4.2星
评价日期: 2025年01月19日
评价内容: ""非常满意这次购买，做工精细，送货也很快。""",122,智能灯具,苹果 智能灯具 Basic,开发区世创科技有限公司科技公司
885,64,RY572,2.4,2025-01-19,"客户ID: RY572
客户公司: 中建创业信息有限公司虚拟现实
客户所在地: 冬梅县, 中国
产品信息: 亚马逊 智能马桶 Standard (类别: 智能马桶)
生产商: 亚马逊智能科技
产品价格: 6039.3
评分: 2.4星
评价日期: 2025年01月19日
评价内容: ""使用一周后出现故障，续航时间短，售后服务也不好。""",127,智能马桶,亚马逊 智能马桶 Standard,中建创业信息有限公司虚拟现实
27,87,MG296,1.9,2025-01-18,"客户ID: MG296
客户公司: 浦华众城网络有限公司信息技术
客户所在地: 浩市, 中国
产品信息: 美的 智能马桶 Mini (类别: 智能马桶)
生产商: 美的智能科技
产品价格: 3349.58
评分: 1.9星
评价日期: 2025年01月18日
评价内容: ""对这款智能马桶非常不满意，兼容性差，浪费钱。""",122,智能马桶,美的 智能马桶 Mini,浦华众城网络有限公司信息技术
278,44,XW046,2.2,2025-01-18,"客户ID: XW046
客户公司: 鑫博腾飞信息有限公司智能科技
客户所在地: 兴安盟市, 中国
产品信息: 小米 智能空调 Elite (类别: 智能空调)
生产商: 小米智能家居
产品价格: 7690.31
评分: 2.2星
评价日期: 2025年01月18日
评价内容: ""不推荐这款智能空调，续航时间短，很失望。""",122,智能空调,小米 智能空调 Elite,鑫博腾飞信息有限公司智能科技
975,91,BI759,2.5,2025-01-18,"客户ID: BI759
客户公司: 时空盒数字信息有限公司虚拟现实
客户所在地: 荣市, 中国
产品信息: 亚马逊 智能音箱 Basic (类别: 智能音箱)
生产商: 亚马逊智能科技
产品价格: 3165.04
评分: 2.5星
评价日期: 2025年01月18日
评价内容: ""使用一周后出现故障，反应迟钝，售后服务也不好。""",126,智能音箱,亚马逊 智能音箱 Basic,时空盒数字信息有限公司虚拟现实
437,94,CZ861,2.8,2025-01-17,"客户ID: CZ861
客户公司: 合联电子科技有限公司信息技术
客户所在地: 荣市, 中国
产品信息: 格力 智能体重秤 Standard (类别: 智能体重秤)
生产商: 格力智能电器
产品价格: 9138.52
评分: 2.8星
评价日期: 2025年01月17日
评价内容: ""噪音控制问题很严重，完全不值这个价格。""",121,智能体重秤,格力 智能体重秤 Standard,合联电子科技有限公司信息技术
805,71,DX151,4.5,2025-01-17,"客户ID: DX151
客户公司: 易动力信息有限公司物联网
客户所在地: 佛山县, 中国
产品信息: 索尼 智能冰箱 Elite (类别: 智能冰箱)
生产商: 索尼智能科技
产品价格: 6386.01
评分: 4.5星
评价日期: 2025年01月17日
评价内容: ""使用了一个月，反应灵敏，没有发现任何问题。""",120,智能冰箱,索尼 智能冰箱 Elite,易动力信息有限公司物联网
172,71,VH856,3.0,2025-01-16,"客户ID: VH856
客户公司: 鑫博腾飞科技有限公司电子商务
客户所在地: 英县, 中国
产品信息: 索尼 智能冰箱 Elite (类别: 智能冰箱)
生产商: 索尼智能科技
产品价格: 6386.01
评分: 3.0星
评价日期: 2025年01月16日
评价内容: ""必须承认，这款索尼 智能冰箱 Elite性价比一般。智能联动设计得比较合理。并且使用久了会发现一些小问题。这个价位能买到这样的产品已经很不错了。""",166,智能冰箱,索尼 智能冰箱 Elite,鑫博腾飞科技有限公司电子商务
563,58,DW607,2.1,2025-01-16,"客户ID: DW607
客户公司: 银嘉网络有限公司云计算
客户所在地: 杨县, 中国
产品信息: 松下 智能扫地机器人 Plus (类别: 智能扫地机器人)
生产商: 松下智能电器
产品价格: 998.22
评分: 2.1星
评价日期: 2025年01月16日
评价内容: ""不推荐这款智能扫地机器人，耗电量大，很失望。""",125,智能扫地机器人,松下 智能扫地机器人 Plus,银嘉网络有限公司云计算
1192,54,FC418,4.8,2025-01-16,"客户ID: FC418
客户公司: 网新恒天网络有限公司生物科技
客户所在地: 秀珍县, 中国
产品信息: 博世 智能开关 Max (类别: 智能开关)
生产商: 博世智能系统
产品价格: 7392.09
评分: 4.8星
评价日期: 2025年01月16日
评价内容: ""经过一段时间使用，这款博世 智能开关 Max功能很强大。不过定时功能是我最喜欢的部分。如果非要说缺点的话，可能就是安装困难。期待下一代产品能有所改进。""",172,智能开关,博世 智能开关 Max,网新恒天网络有限公司生物科技
286,74,MG296,4.0,2025-01-15,"客户ID: MG296
客户公司: 浦华众城网络有限公司信息技术
客户所在地: 浩市, 中国
产品信息: 松下 智能窗帘 Lite (类别: 智能窗帘)
生产商: 松下智能电器
产品价格: 2277.79
评分: 4.0星
评价日期: 2025年01月15日
评价内容: ""使用了一个月，安装方便，没有发现任何问题。""",121,智能窗帘,松下 智能窗帘 Lite,浦华众城网络有限公司信息技术
853,15,FN522,1.7,2025-01-15,"客户ID: FN522
客户公司: 新宇龙信息科技有限公司电子商务
客户所在地: 磊县, 中国
产品信息: 谷歌 智能音箱 Elite (类别: 智能音箱)
生产商: 谷歌智能设备
产品价格: 6218.93
评分: 1.7星
评价日期: 2025年01月15日
评价内容: ""说实话，这款智能音箱不推荐购买。使用不到一周就出现了问题。这钱花得太冤枉了。""",139,智能音箱,谷歌 智能音箱 Elite,新宇龙信息科技有限公司电子商务
1204,46,XA254,3.1,2025-01-14,"客户ID: XA254
客户公司: 易动力信息有限公司物联网
客户所在地: 齐齐哈尔市, 中国
产品信息: 小米 智能开关 Max (类别: 智能开关)
生产商: 小米智能家居
产品价格: 2038.82
评分: 3.1星
评价日期: 2025年01月14日
评价内容: ""智能开关的质量还可以，节能环保，不过价格偏高。""",124,智能开关,小米 智能开关 Max,易动力信息有限公司物联网
193,17,QU287,2.0,2025-01-13,"客户ID: QU287
客户公司: 戴硕电子科技有限公司移动应用开发
客户所在地: 瑜市, 中国
产品信息: 苹果 智能门锁 Plus (类别: 智能门锁)
生产商: 苹果智能家庭
产品价格: 8194.53
评分: 2.0星
评价日期: 2025年01月13日
评价内容: ""老实讲，这款苹果 智能门锁 Plus很失望。噪音控制简直无法忍受。""",130,智能门锁,苹果 智能门锁 Plus,戴硕电子科技有限公司移动应用开发
803,3,WW556,1.2,2025-01-12,"客户ID: WW556
客户公司: 商软冠联网络有限公司信息技术
客户所在地: 梅市, 中国
产品信息: 华为 智能电视 Basic (类别: 智能电视)
生产商: 华为智能生活
产品价格: 8554.76
评分: 1.2星
评价日期: 2025年01月12日
评价内容: ""使用一周后出现故障，音质一般，售后服务也不好。""",123,智能电视,华为 智能电视 Basic,商软冠联网络有限公司信息技术
978,73,QL573,2.0,2025-01-12,"客户ID: QL573
客户公司: 维涛科技有限公司网络安全
客户所在地: 永安市, 中国
产品信息: 飞利浦 智能扫地机器人 Ultra (类别: 智能扫地机器人)
生产商: 飞利浦智能照明
产品价格: 259.27
评分: 2.0星
评价日期: 2025年01月12日
评价内容: ""连接稳定性问题很严重，完全不值这个价格。""",127,智能扫地机器人,飞利浦 智能扫地机器人 Ultra,维涛科技有限公司网络安全
1278,95,YZ898,1.7,2025-01-10,"客户ID: YZ898
客户公司: 通际名联科技有限公司金融科技
客户所在地: 济南市, 中国
产品信息: 格力 智能音箱 Advanced (类别: 智能音箱)
生产商: 格力智能电器
产品价格: 8366.34
评分: 1.7星
评价日期: 2025年01月10日
评价内容: ""说实话，这款格力 智能音箱 Advanced很失望。主要问题在于智能化程度低。""",131,智能音箱,格力 智能音箱 Advanced,通际名联科技有限公司金融科技
909,53,CA470,2.8,2025-01-09,"客户ID: CA470
客户公司: 南康传媒有限公司生物科技
客户所在地: 贵阳市, 中国
产品信息: 华为 智能电视 Lite (类别: 智能电视)
生产商: 华为智能生活
产品价格: 2968.02
评分: 2.8星
评价日期: 2025年01月09日
评价内容: ""使用一周后出现故障，耗电量大，售后服务也不好。""",122,智能电视,华为 智能电视 Lite,南康传媒有限公司生物科技
1172,5,LU518,4.7,2025-01-09,"客户ID: LU518
客户公司: 易动力传媒有限公司生物科技
客户所在地: 伟市, 中国
产品信息: 美的 智能电饭煲 Pro (类别: 智能电饭煲)
生产商: 美的智能科技
产品价格: 5002.04
评分: 4.7星
评价日期: 2025年01月09日
评价内容: ""这款智能电饭煲的节能模式功能很实用，质量很好。""",124,智能电饭煲,美的 智能电饭煲 Pro,易动力传媒有限公司生物科技
1093,98,VC531,2.6,2025-01-08,"客户ID: VC531
客户公司: 九方传媒有限公司生物科技
客户所在地: 六盘水市, 中国
产品信息: 格力 智能电视 Pro (类别: 智能电视)
生产商: 格力智能电器
产品价格: 2676.49
评分: 2.6星
评价日期: 2025年01月08日
评价内容: ""不推荐这款智能电视，耗电量大，很失望。""",119,智能电视,格力 智能电视 Pro,九方传媒有限公司生物科技
592,34,VH856,1.2,2025-01-06,"客户ID: VH856
客户公司: 鑫博腾飞科技有限公司电子商务
客户所在地: 英县, 中国
产品信息: 松下 智能开关 Advanced (类别: 智能开关)
生产商: 松下智能电器
产品价格: 7248.19
评分: 1.2星
评价日期: 2025年01月06日
评价内容: ""对这款智能开关非常不满意，音质一般，浪费钱。""",122,智能开关,松下 智能开关 Advanced,鑫博腾飞科技有限公司电子商务
677,35,VH856,3.6,2025-01-06,"客户ID: VH856
客户公司: 鑫博腾飞科技有限公司电子商务
客户所在地: 英县, 中国
产品信息: 亚马逊 智能门铃 Max (类别: 智能门铃)
生产商: 亚马逊智能科技
产品价格: 3226.81
评分: 3.6星
评价日期: 2025年01月06日
评价内容: ""这款产品优缺点都有，反应灵敏，但安装困难。""",123,智能门铃,亚马逊 智能门铃 Max,鑫博腾飞科技有限公司电子商务
1122,45,HD242,2.5,2025-01-06,"客户ID: HD242
客户公司: 富罳科技有限公司生物科技
客户所在地: 想县, 中国
产品信息: 博世 智能马桶 Max (类别: 智能马桶)
生产商: 博世智能系统
产品价格: 7392.23
评分: 2.5星
评价日期: 2025年01月06日
评价内容: ""使用一周后出现故障，使用说明不清，售后服务也不好。""",123,智能马桶,博世 智能马桶 Max,富罳科技有限公司生物科技
1143,51,QJ392,1.7,2025-01-06,"客户ID: QJ392
客户公司: 创亿网络有限公司金融科技
客户所在地: 重庆市, 中国
产品信息: 苹果 智能开关 Basic (类别: 智能开关)
生产商: 苹果智能家庭
产品价格: 869.49
评分: 1.7星
评价日期: 2025年01月06日
评价内容: ""对这款智能开关非常不满意，安装困难，浪费钱。""",121,智能开关,苹果 智能开关 Basic,创亿网络有限公司金融科技
994,59,WB890,3.6,2025-01-05,"客户ID: WB890
客户公司: 鑫博腾飞网络有限公司金融科技
客户所在地: 马鞍山市, 中国
产品信息: 西门子 智能摄像头 Max (类别: 智能摄像头)
生产商: 西门子智能家居
产品价格: 5402.93
评分: 3.6星
评价日期: 2025年01月05日
评价内容: ""这款智能摄像头一般，功能齐全，但是电池寿命有点问题。""",132,智能摄像头,西门子 智能摄像头 Max,鑫博腾飞网络有限公司金融科技
323,85,QJ392,3.4,2025-01-03,"客户ID: QJ392
客户公司: 创亿网络有限公司金融科技
客户所在地: 重庆市, 中国
产品信息: 博世 智能马桶 Basic (类别: 智能马桶)
生产商: 博世智能系统
产品价格: 1564.93
评分: 3.4星
评价日期: 2025年01月03日
评价内容: ""总体来说还行，节能环保，就是安装困难。""",118,智能马桶,博世 智能马桶 Basic,创亿网络有限公司金融科技
981,54,WB209,1.6,2025-01-03,"客户ID: WB209
客户公司: 维涛传媒有限公司云计算
客户所在地: 秀华县, 中国
产品信息: 博世 智能开关 Max (类别: 智能开关)
生产商: 博世智能系统
产品价格: 7392.09
评分: 1.6星
评价日期: 2025年01月03日
评价内容: ""收到货后，这款博世 智能开关 Max有严重问题。主要问题在于功能单一。""",129,智能开关,博世 智能开关 Max,维涛传媒有限公司云计算
330,39,ZV584,3.3,2025-01-02,"客户ID: ZV584
客户公司: 维旺明科技有限公司大数据分析
客户所在地: 杭州市, 中国
产品信息: 西门子 智能音箱 Mini (类别: 智能音箱)
生产商: 西门子智能家居
产品价格: 1668.63
评分: 3.3星
评价日期: 2025年01月02日
评价内容: ""总体来说还行，续航时间长，就是音质一般。""",123,智能音箱,西门子 智能音箱 Mini,维旺明科技有限公司大数据分析
342,6,MR129,4.7,2025-01-01,"客户ID: MR129
客户公司: 太极信息有限公司互联网服务
客户所在地: 海门市, 中国
产品信息: 海尔智慧家庭 智能空气净化器 Basic (类别: 智能空气净化器)
生产商: 海尔智慧家庭
产品价格: 5495.06
评分: 4.7星
评价日期: 2025年01月01日
评价内容: ""这款产品的一键控制特别好用，在日常使用时特别方便。""",135,智能空气净化器,海尔智慧家庭 智能空气净化器 Basic,太极信息有限公司互联网服务
177,66,ZF801,2.6,2024-12-30,"客户ID: ZF801
客户公司: 易动力科技有限公司科技公司
客户所在地: 沈阳县, 中国
产品信息: 松下 智能马桶 Elite (类别: 智能马桶)
生产商: 松下智能电器
产品价格: 9184.21
评分: 2.6星
评价日期: 2024年12月30日
评价内容: ""我发现，这款智能马桶不推荐购买。在做饭时时完全不能正常工作。已经申请退款了。""",138,智能马桶,松下 智能马桶 Elite,易动力科技有限公司科技公司
295,45,IP471,3.1,2024-12-30,"客户ID: IP471
客户公司: 银嘉信息有限公司移动应用开发
客户所在地: 荆门市, 中国
产品信息: 博世 智能马桶 Max (类别: 智能马桶)
生产商: 博世智能系统
产品价格: 7392.23
评分: 3.1星
评价日期: 2024年12月30日
评价内容: ""这款智能马桶一般，质量很好，但是散热问题有点问题。""",126,智能马桶,博世 智能马桶 Max,银嘉信息有限公司移动应用开发
732,10,BI759,1.1,2024-12-30,"客户ID: BI759
客户公司: 时空盒数字信息有限公司虚拟现实
客户所在地: 荣市, 中国
产品信息: 美的 智能窗帘 Max (类别: 智能窗帘)
生产商: 美的智能科技
产品价格: 1836.78
评分: 1.1星
评价日期: 2024年12月30日
评价内容: ""信号强度问题很严重，完全不值这个价格。""",120,智能窗帘,美的 智能窗帘 Max,时空盒数字信息有限公司虚拟现实
139,12,NU012,1.4,2024-12-29,"客户ID: NU012
客户公司: 商软冠联传媒有限公司智能科技
客户所在地: 太原县, 中国
产品信息: 格力 智能空气净化器 Standard (类别: 智能空气净化器)
生产商: 格力智能电器
产品价格: 9181.39
评分: 1.4星
评价日期: 2024年12月29日
评价内容: ""电池寿命问题很严重，完全不值这个价格。""",126,智能空气净化器,格力 智能空气净化器 Standard,商软冠联传媒有限公司智能科技
403,37,BW289,4.2,2024-12-29,"客户ID: BW289
客户公司: 海创网络有限公司生物科技
客户所在地: 汕尾县, 中国
产品信息: 飞利浦 智能马桶 Max (类别: 智能马桶)
生产商: 飞利浦智能照明
产品价格: 9941.8
评分: 4.2星
评价日期: 2024年12月29日
评价内容: ""非常满意这次购买，节能环保，送货也很快。""",121,智能马桶,飞利浦 智能马桶 Max,海创网络有限公司生物科技
78,22,ZH741,2.1,2024-12-28,"客户ID: ZH741
客户公司: 巨奥科技有限公司信息技术
客户所在地: 峰县, 中国
产品信息: 美的 智能电视 Basic (类别: 智能电视)
生产商: 美的智能科技
产品价格: 7621.5
评分: 2.1星
评价日期: 2024年12月28日
评价内容: ""信号强度问题很严重，完全不值这个价格。""",117,智能电视,美的 智能电视 Basic,巨奥科技有限公司信息技术
554,71,AU710,2.2,2024-12-27,"客户ID: AU710
客户公司: 巨奥传媒有限公司信息技术
客户所在地: 辛集市, 中国
产品信息: 索尼 智能冰箱 Elite (类别: 智能冰箱)
生产商: 索尼智能科技
产品价格: 6386.01
评分: 2.2星
评价日期: 2024年12月27日
评价内容: ""这款产品有严重问题，做工一般，已经申请退款。""",121,智能冰箱,索尼 智能冰箱 Elite,巨奥传媒有限公司信息技术
796,32,FJ947,3.6,2024-12-25,"客户ID: FJ947
客户公司: 浙大万朋信息有限公司生物科技
客户所在地: 鑫市, 中国
产品信息: 亚马逊 智能马桶 Elite (类别: 智能马桶)
生产商: 亚马逊智能科技
产品价格: 1801.88
评分: 3.6星
评价日期: 2024年12月25日
评价内容: ""这款智能马桶一般，稳定性好，但是连接稳定性有点问题。""",128,智能马桶,亚马逊 智能马桶 Elite,浙大万朋信息有限公司生物科技
633,101,GC846,3.6,2024-12-24,"客户ID: GC846
客户公司: 明腾科技有限公司区块链技术
客户所在地: 石家庄市, 中国
产品信息: 三星 智能摄像头 Mini (类别: 智能摄像头)
生产商: 三星智能家电
产品价格: 1662.36
评分: 3.6星
评价日期: 2024年12月24日
评价内容: ""说实话，这款智能摄像头一般般。在看电影时时使用体验还不错。但是使用久了会发现一些小问题。对得起这个价格。""",155,智能摄像头,三星 智能摄像头 Mini,明腾科技有限公司区块链技术
942,80,XN875,4.1,2024-12-24,"客户ID: XN875
客户公司: 天开传媒有限公司网络安全
客户所在地: 芳市, 中国
产品信息: LG 智能音箱 Lite (类别: 智能音箱)
生产商: LG智能家电
产品价格: 6885.61
评分: 4.1星
评价日期: 2024年12月24日
评价内容: ""在做饭时时使用效果很好，特别是智能联动功能。""",118,智能音箱,LG 智能音箱 Lite,天开传媒有限公司网络安全
82,7,WQ849,4.8,2024-12-23,"客户ID: WQ849
客户公司: 开发区世创科技有限公司科技公司
客户所在地: 嘉禾市, 中国
产品信息: 博世 智能扫地机器人 Max (类别: 智能扫地机器人)
生产商: 博世智能系统
产品价格: 1108.4
评分: 4.8星
评价日期: 2024年12月23日
评价内容: ""说实话，这款智能扫地机器人功能很强大。然而自动升级是我最喜欢的部分。没有网上评价说的那么好。如果非要说缺点的话，可能就是稳定性差。对得起这个价格。""",181,智能扫地机器人,博世 智能扫地机器人 Max,开发区世创科技有限公司科技公司
693,11,TW751,1.0,2024-12-23,"客户ID: TW751
客户公司: 图龙信息网络有限公司云计算
客户所在地: 宁德市, 中国
产品信息: 小米 智能门锁 Mini (类别: 智能门锁)
生产商: 小米智能家居
产品价格: 4624.66
评分: 1.0星
评价日期: 2024年12月23日
评价内容: ""在多次对比之后选择了这款，这款智能门锁功能实现得很糟糕。使用不到一周就出现了失灵。这钱花得太冤枉了。""",150,智能门锁,小米 智能门锁 Mini,图龙信息网络有限公司云计算
217,55,EU335,1.1,2024-12-21,"客户ID: EU335
客户公司: 济南亿次元网络有限公司科技公司
客户所在地: 巢湖市, 中国
产品信息: 飞利浦 智能手环 Max (类别: 智能手环)
生产商: 飞利浦智能照明
产品价格: 6762.29
评分: 1.1星
评价日期: 2024年12月21日
评价内容: ""从我的使用体验来看，这款智能手环功能实现得很糟糕。在晚上睡前时完全不能正常工作。以后不会再考虑这个品牌的产品。""",159,智能手环,飞利浦 智能手环 Max,济南亿次元网络有限公司科技公司
1117,90,TO444,3.1,2024-12-21,"客户ID: TO444
客户公司: MBP软件网络有限公司移动应用开发
客户所在地: 辛集市, 中国
产品信息: 三星 智能窗帘 Standard (类别: 智能窗帘)
生产商: 三星智能家电
产品价格: 2559.17
评分: 3.1星
评价日期: 2024年12月21日
评价内容: ""智能窗帘的质量还可以，质量很好，不过安装困难。""",125,智能窗帘,三星 智能窗帘 Standard,MBP软件网络有限公司移动应用开发
902,73,QJ392,3.3,2024-12-20,"客户ID: QJ392
客户公司: 创亿网络有限公司金融科技
客户所在地: 重庆市, 中国
产品信息: 飞利浦 智能扫地机器人 Ultra (类别: 智能扫地机器人)
生产商: 飞利浦智能照明
产品价格: 259.27
评分: 3.3星
评价日期: 2024年12月20日
评价内容: ""这款智能扫地机器人一般，安装方便，但是连接稳定性有点问题。""",136,智能扫地机器人,飞利浦 智能扫地机器人 Ultra,创亿网络有限公司金融科技
932,45,RG743,2.6,2024-12-19,"客户ID: RG743
客户公司: 快讯信息有限公司智能科技
客户所在地: 勇县, 中国
产品信息: 博世 智能马桶 Max (类别: 智能马桶)
生产商: 博世智能系统
产品价格: 7392.23
评分: 2.6星
评价日期: 2024年12月19日
评价内容: ""这款产品有严重问题，操作复杂，已经申请退款。""",120,智能马桶,博世 智能马桶 Max,快讯信息有限公司智能科技
1213,60,MJ814,1.5,2024-12-18,"客户ID: MJ814
客户公司: 毕博诚科技有限公司互联网服务
客户所在地: 俊市, 中国
产品信息: 华为 智能窗帘 Basic (类别: 智能窗帘)
生产商: 华为智能生活
产品价格: 2259.63
评分: 1.5星
评价日期: 2024年12月18日
评价内容: ""对这款智能窗帘非常不满意，智能化程度低，浪费钱。""",124,智能窗帘,华为 智能窗帘 Basic,毕博诚科技有限公司互联网服务
847,35,DH200,1.8,2024-12-17,"客户ID: DH200
客户公司: 盟新传媒有限公司大数据分析
客户所在地: 辽阳县, 中国
产品信息: 亚马逊 智能门铃 Max (类别: 智能门铃)
生产商: 亚马逊智能科技
产品价格: 3226.81
评分: 1.8星
评价日期: 2024年12月17日
评价内容: ""必须承认，这款亚马逊 智能门铃 Max质量太差。使用不到一周就出现了问题。""",135,智能门铃,亚马逊 智能门铃 Max,盟新传媒有限公司大数据分析
991,26,ZH741,4.6,2024-12-17,"客户ID: ZH741
客户公司: 巨奥科技有限公司信息技术
客户所在地: 峰县, 中国
产品信息: 亚马逊 智能扫地机器人 Mini (类别: 智能扫地机器人)
生产商: 亚马逊智能科技
产品价格: 7885.52
评分: 4.6星
评价日期: 2024年12月17日
评价内容: ""我发现，这款亚马逊 智能扫地机器人 Mini很好用。对得起这个价格。""",135,智能扫地机器人,亚马逊 智能扫地机器人 Mini,巨奥科技有限公司信息技术
77,18,FJ947,2.7,2024-12-16,"客户ID: FJ947
客户公司: 浙大万朋信息有限公司生物科技
客户所在地: 鑫市, 中国
产品信息: 美的 智能门锁 Mini (类别: 智能门锁)
生产商: 美的智能科技
产品价格: 5323.58
评分: 2.7星
评价日期: 2024年12月16日
评价内容: ""连接稳定性问题很严重，完全不值这个价格。""",120,智能门锁,美的 智能门锁 Mini,浙大万朋信息有限公司生物科技
167,66,TW751,4.0,2024-12-16,"客户ID: TW751
客户公司: 图龙信息网络有限公司云计算
客户所在地: 宁德市, 中国
产品信息: 松下 智能马桶 Elite (类别: 智能马桶)
生产商: 松下智能电器
产品价格: 9184.21
评分: 4.0星
评价日期: 2024年12月16日
评价内容: ""这款智能马桶质量很好，续航时间长。总体来说很满意。""",125,智能马桶,松下 智能马桶 Elite,图龙信息网络有限公司云计算
1223,5,ZV584,1.2,2024-12-16,"客户ID: ZV584
客户公司: 维旺明科技有限公司大数据分析
客户所在地: 杭州市, 中国
产品信息: 美的 智能电饭煲 Pro (类别: 智能电饭煲)
生产商: 美的智能科技
产品价格: 5002.04
评分: 1.2星
评价日期: 2024年12月16日
评价内容: ""这款产品有严重问题，操作复杂，已经申请退款。""",125,智能电饭煲,美的 智能电饭煲 Pro,维旺明科技有限公司大数据分析
532,39,ZO854,4.7,2024-12-15,"客户ID: ZO854
客户公司: MBP软件科技有限公司信息技术
客户所在地: 丽华县, 中国
产品信息: 西门子 智能音箱 Mini (类别: 智能音箱)
生产商: 西门子智能家居
产品价格: 1668.63
评分: 4.7星
评价日期: 2024年12月15日
评价内容: ""我发现，这款智能音箱很好用。另外省电模式设计很贴心。和朋友推荐的一样好用。如果非要说缺点的话，价格稍微贵了一点。值得购买。""",163,智能音箱,西门子 智能音箱 Mini,MBP软件科技有限公司信息技术
1233,10,DV182,1.5,2024-12-14,"客户ID: DV182
客户公司: 艾提科信传媒有限公司网络安全
客户所在地: 桂荣市, 中国
产品信息: 美的 智能窗帘 Max (类别: 智能窗帘)
生产商: 美的智能科技
产品价格: 1836.78
评分: 1.5星
评价日期: 2024年12月14日
评价内容: ""作为第一次购买这类产品的新手，这款智能窗帘有严重问题。在早晨起床时完全不能正常工作。""",143,智能窗帘,美的 智能窗帘 Max,艾提科信传媒有限公司网络安全
705,57,FN522,2.4,2024-12-13,"客户ID: FN522
客户公司: 新宇龙信息科技有限公司电子商务
客户所在地: 磊县, 中国
产品信息: 博世 智能净水器 Plus (类别: 智能净水器)
生产商: 博世智能系统
产品价格: 4134.03
评分: 2.4星
评价日期: 2024年12月13日
评价内容: ""个人认为，这款智能净水器不值这个价格。在工作时时完全不能正常工作。唯一值得称赞的可能就是送货速度快。这钱花得太冤枉了。""",162,智能净水器,博世 智能净水器 Plus,新宇龙信息科技有限公司电子商务
727,69,GJ116,3.7,2024-12-12,"客户ID: GJ116
客户公司: 良诺信息有限公司生物科技
客户所在地: 红市, 中国
产品信息: 谷歌 智能洗衣机 Elite (类别: 智能洗衣机)
生产商: 谷歌智能设备
产品价格: 4072.02
评分: 3.7星
评价日期: 2024年12月12日
评价内容: ""个人认为，这款谷歌 智能洗衣机 Elite性价比一般。在早晨起床时使用体验还不错。可惜的是缺点是安装困难。期待下一代产品能有所改进。""",160,智能洗衣机,谷歌 智能洗衣机 Elite,良诺信息有限公司生物科技
809,47,NQ176,3.8,2024-12-12,"客户ID: NQ176
客户公司: 图龙信息传媒有限公司数字科技
客户所在地: 南昌市, 中国
产品信息: 苹果 智能灯具 Basic (类别: 智能灯具)
生产商: 苹果智能家庭
产品价格: 2411.14
评分: 3.8星
评价日期: 2024年12月12日
评价内容: ""坦白讲，这款智能灯具一般般。静音设计设计得比较合理。尤其是信号强度有点问题。可以考虑其他品牌的同类产品。""",153,智能灯具,苹果 智能灯具 Basic,图龙信息传媒有限公司数字科技
1006,24,KM929,1.6,2024-12-10,"客户ID: KM929
客户公司: 迪摩科技有限公司电子商务
客户所在地: 福州县, 中国
产品信息: 西门子 智能电视 Pro (类别: 智能电视)
生产商: 西门子智能家居
产品价格: 6676.17
评分: 1.6星
评价日期: 2024年12月10日
评价内容: ""信号强度问题很严重，完全不值这个价格。""",120,智能电视,西门子 智能电视 Pro,迪摩科技有限公司电子商务
31,10,DW607,1.9,2024-12-09,"客户ID: DW607
客户公司: 银嘉网络有限公司云计算
客户所在地: 杨县, 中国
产品信息: 美的 智能窗帘 Max (类别: 智能窗帘)
生产商: 美的智能科技
产品价格: 1836.78
评分: 1.9星
评价日期: 2024年12月09日
评价内容: ""体验下来，这款智能窗帘质量太差。在看电影时时完全不能正常工作。唯一值得称赞的可能就是外观设计还不错。以后不会再考虑这个品牌的产品。""",162,智能窗帘,美的 智能窗帘 Max,银嘉网络有限公司云计算
443,90,QU287,1.8,2024-12-09,"客户ID: QU287
客户公司: 戴硕电子科技有限公司移动应用开发
客户所在地: 瑜市, 中国
产品信息: 三星 智能窗帘 Standard (类别: 智能窗帘)
生产商: 三星智能家电
产品价格: 2559.17
评分: 1.8星
评价日期: 2024年12月09日
评价内容: ""不推荐这款智能窗帘，音质一般，很失望。""",121,智能窗帘,三星 智能窗帘 Standard,戴硕电子科技有限公司移动应用开发
743,99,AU710,3.0,2024-12-09,"客户ID: AU710
客户公司: 巨奥传媒有限公司信息技术
客户所在地: 辛集市, 中国
产品信息: 三星 智能音箱 Basic (类别: 智能音箱)
生产商: 三星智能家电
产品价格: 1681.15
评分: 3.0星
评价日期: 2024年12月09日
评价内容: ""在工作时使用还不错，但在其他情况下表现一般。""",121,智能音箱,三星 智能音箱 Basic,巨奥传媒有限公司信息技术
1175,89,EU335,1.3,2024-12-06,"客户ID: EU335
客户公司: 济南亿次元网络有限公司科技公司
客户所在地: 巢湖市, 中国
产品信息: 博世 智能空调 Lite (类别: 智能空调)
生产商: 博世智能系统
产品价格: 9160.39
评分: 1.3星
评价日期: 2024年12月06日
评价内容: ""对这款智能空调非常不满意，反应迟钝，浪费钱。""",124,智能空调,博世 智能空调 Lite,济南亿次元网络有限公司科技公司
486,10,GC890,1.7,2024-12-05,"客户ID: GC890
客户公司: 创联世纪信息有限公司移动应用开发
客户所在地: 福州县, 中国
产品信息: 美的 智能窗帘 Max (类别: 智能窗帘)
生产商: 美的智能科技
产品价格: 1836.78
评分: 1.7星
评价日期: 2024年12月05日
评价内容: ""连接稳定性问题很严重，完全不值这个价格。""",123,智能窗帘,美的 智能窗帘 Max,创联世纪信息有限公司移动应用开发
992,92,XN875,3.8,2024-12-05,"客户ID: XN875
客户公司: 天开传媒有限公司网络安全
客户所在地: 芳市, 中国
产品信息: 西门子 智能摄像头 Plus (类别: 智能摄像头)
生产商: 西门子智能家居
产品价格: 9026.06
评分: 3.8星
评价日期: 2024年12月05日
评价内容: ""智能摄像头的质量还可以，操作简单，不过画质模糊。""",126,智能摄像头,西门子 智能摄像头 Plus,天开传媒有限公司网络安全
164,23,WY218,1.1,2024-12-04,"客户ID: WY218
客户公司: 飞海科技传媒有限公司信息技术
客户所在地: 济南市, 中国
产品信息: 美的 智能净水器 Plus (类别: 智能净水器)
生产商: 美的智能科技
产品价格: 8466.26
评分: 1.1星
评价日期: 2024年12月04日
评价内容: ""从我的使用体验来看，这款智能净水器质量太差。主要问题在于续航时间短。""",137,智能净水器,美的 智能净水器 Plus,飞海科技传媒有限公司信息技术
237,93,RG743,1.7,2024-12-04,"客户ID: RG743
客户公司: 快讯信息有限公司智能科技
客户所在地: 勇县, 中国
产品信息: 索尼 智能加湿器 Pro (类别: 智能加湿器)
生产商: 索尼智能科技
产品价格: 5644.5
评分: 1.7星
评价日期: 2024年12月04日
评价内容: ""使用一周后出现故障，做工一般，售后服务也不好。""",123,智能加湿器,索尼 智能加湿器 Pro,快讯信息有限公司智能科技
799,25,OA831,4.2,2024-12-04,"客户ID: OA831
客户公司: 华泰通安科技有限公司网络安全
客户所在地: 玉梅市, 中国
产品信息: 三星 智能窗帘 Basic (类别: 智能窗帘)
生产商: 三星智能家电
产品价格: 9678.27
评分: 4.2星
评价日期: 2024年12月04日
评价内容: ""使用了一个月，反应灵敏，没有发现任何问题。""",122,智能窗帘,三星 智能窗帘 Basic,华泰通安科技有限公司网络安全
526,6,WN094,3.2,2024-12-03,"客户ID: WN094
客户公司: 菊风公司传媒有限公司数字科技
客户所在地: 秀梅市, 中国
产品信息: 海尔智慧家庭 智能空气净化器 Basic (类别: 智能空气净化器)
生产商: 海尔智慧家庭
产品价格: 5495.06
评分: 3.2星
评价日期: 2024年12月03日
评价内容: ""这款产品优缺点都有，性价比高，但智能化程度低。""",134,智能空气净化器,海尔智慧家庭 智能空气净化器 Basic,菊风公司传媒有限公司数字科技
179,34,OA831,3.6,2024-12-02,"客户ID: OA831
客户公司: 华泰通安科技有限公司网络安全
客户所在地: 玉梅市, 中国
产品信息: 松下 智能开关 Advanced (类别: 智能开关)
生产商: 松下智能电器
产品价格: 7248.19
评分: 3.6星
评价日期: 2024年12月02日
评价内容: ""这款产品优缺点都有，节能环保，但反应迟钝。""",122,智能开关,松下 智能开关 Advanced,华泰通安科技有限公司网络安全
1152,27,GR625,4.0,2024-12-02,"客户ID: GR625
客户公司: 明腾传媒有限公司互联网服务
客户所在地: 邯郸市, 中国
产品信息: 小米 智能加湿器 Plus (类别: 智能加湿器)
生产商: 小米智能家居
产品价格: 8210.59
评分: 4.0星
评价日期: 2024年12月02日
评价内容: ""从我的使用体验来看，这款小米 智能加湿器 Plus值得推荐。性价比很高。""",133,智能加湿器,小米 智能加湿器 Plus,明腾传媒有限公司互联网服务
824,50,KS630,3.2,2024-11-30,"客户ID: KS630
客户公司: 良诺信息有限公司网络安全
客户所在地: 潮州市, 中国
产品信息: 苹果 智能空气净化器 Basic (类别: 智能空气净化器)
生产商: 苹果智能家庭
产品价格: 9846.71
评分: 3.2星
评价日期: 2024年11月30日
评价内容: ""这款智能空气净化器一般，外观漂亮，但是连接稳定性有点问题。""",134,智能空气净化器,苹果 智能空气净化器 Basic,良诺信息有限公司网络安全
269,87,VC531,4.4,2024-11-28,"客户ID: VC531
客户公司: 九方传媒有限公司生物科技
客户所在地: 六盘水市, 中国
产品信息: 美的 智能马桶 Mini (类别: 智能马桶)
生产商: 美的智能科技
产品价格: 3349.58
评分: 4.4星
评价日期: 2024年11月28日
评价内容: ""这款产品的一键控制特别好用，在日常使用时特别方便。""",125,智能马桶,美的 智能马桶 Mini,九方传媒有限公司生物科技
594,74,MZ379,4.5,2024-11-27,"客户ID: MZ379
客户公司: 联软传媒有限公司区块链技术
客户所在地: 慧县, 中国
产品信息: 松下 智能窗帘 Lite (类别: 智能窗帘)
生产商: 松下智能电器
产品价格: 2277.79
评分: 4.5星
评价日期: 2024年11月27日
评价内容: ""不得不说，这款松下 智能窗帘 Lite设计很人性化。和同价位其他产品相比更胜一筹。整体体验不错。""",142,智能窗帘,松下 智能窗帘 Lite,联软传媒有限公司区块链技术
983,36,YZ898,4.1,2024-11-27,"客户ID: YZ898
客户公司: 通际名联科技有限公司金融科技
客户所在地: 济南市, 中国
产品信息: 海尔智慧家庭 智能加湿器 Lite (类别: 智能加湿器)
生产商: 海尔智慧家庭
产品价格: 9057.68
评分: 4.1星
评价日期: 2024年11月27日
评价内容: ""这款智能加湿器的语音识别功能很实用，续航时间长。""",131,智能加湿器,海尔智慧家庭 智能加湿器 Lite,通际名联科技有限公司金融科技
1285,95,KM929,2.9,2024-11-27,"客户ID: KM929
客户公司: 迪摩科技有限公司电子商务
客户所在地: 福州县, 中国
产品信息: 格力 智能音箱 Advanced (类别: 智能音箱)
生产商: 格力智能电器
产品价格: 8366.34
评分: 2.9星
评价日期: 2024年11月27日
评价内容: ""从我的使用体验来看，这款智能音箱很失望。使用不到一周就出现了失灵。这钱花得太冤枉了。""",141,智能音箱,格力 智能音箱 Advanced,迪摩科技有限公司电子商务
1171,26,ZU351,1.4,2024-11-26,"客户ID: ZU351
客户公司: 银嘉科技有限公司科技公司
客户所在地: 秀荣市, 中国
产品信息: 亚马逊 智能扫地机器人 Mini (类别: 智能扫地机器人)
生产商: 亚马逊智能科技
产品价格: 7885.52
评分: 1.4星
评价日期: 2024年11月26日
评价内容: ""不推荐这款智能扫地机器人，续航时间短，很失望。""",130,智能扫地机器人,亚马逊 智能扫地机器人 Mini,银嘉科技有限公司科技公司
65,88,VC531,2.0,2024-11-25,"客户ID: VC531
客户公司: 九方传媒有限公司生物科技
客户所在地: 六盘水市, 中国
产品信息: 格力 智能体重秤 Ultra (类别: 智能体重秤)
生产商: 格力智能电器
产品价格: 4528.2
评分: 2.0星
评价日期: 2024年11月25日
评价内容: ""作为第一次购买这类产品的新手，这款智能体重秤使用体验很差。连接稳定性简直无法忍受。""",143,智能体重秤,格力 智能体重秤 Ultra,九方传媒有限公司生物科技
516,5,WY218,4.3,2024-11-25,"客户ID: WY218
客户公司: 飞海科技传媒有限公司信息技术
客户所在地: 济南市, 中国
产品信息: 美的 智能电饭煲 Pro (类别: 智能电饭煲)
生产商: 美的智能科技
产品价格: 5002.04
评分: 4.3星
评价日期: 2024年11月25日
评价内容: ""在早晨起床时使用效果很好，特别是省电模式功能。""",126,智能电饭煲,美的 智能电饭煲 Pro,飞海科技传媒有限公司信息技术
679,19,YR398,2.1,2024-11-25,"客户ID: YR398
客户公司: 浦华众城信息有限公司虚拟现实
客户所在地: 大冶市, 中国
产品信息: 海尔智慧家庭 智能开关 Plus (类别: 智能开关)
生产商: 海尔智慧家庭
产品价格: 7438.8
评分: 2.1星
评价日期: 2024年11月25日
评价内容: ""这款产品有严重问题，安装困难，已经申请退款。""",127,智能开关,海尔智慧家庭 智能开关 Plus,浦华众城信息有限公司虚拟现实
899,78,EI532,5.0,2024-11-25,"客户ID: EI532
客户公司: 七喜传媒有限公司人工智能
客户所在地: 丽华县, 中国
产品信息: 三星 智能音箱 Elite (类别: 智能音箱)
生产商: 三星智能家电
产品价格: 5080.6
评分: 5.0星
评价日期: 2024年11月25日
评价内容: ""在做饭时时使用效果很好，特别是快速启动功能。""",121,智能音箱,三星 智能音箱 Elite,七喜传媒有限公司人工智能
246,99,CA470,4.5,2024-11-24,"客户ID: CA470
客户公司: 南康传媒有限公司生物科技
客户所在地: 贵阳市, 中国
产品信息: 三星 智能音箱 Basic (类别: 智能音箱)
生产商: 三星智能家电
产品价格: 1681.15
评分: 4.5星
评价日期: 2024年11月24日
评价内容: ""在做饭时时使用效果很好，特别是高清画质功能。""",121,智能音箱,三星 智能音箱 Basic,南康传媒有限公司生物科技
1281,95,LU518,3.1,2024-11-24,"客户ID: LU518
客户公司: 易动力传媒有限公司生物科技
客户所在地: 伟市, 中国
产品信息: 格力 智能音箱 Advanced (类别: 智能音箱)
生产商: 格力智能电器
产品价格: 8366.34
评分: 3.1星
评价日期: 2024年11月24日
评价内容: ""在多次对比之后选择了这款，这款智能音箱优缺点都有。在看电影时时使用体验还不错。然而信号强度有点问题。推荐给有需要的朋友。""",159,智能音箱,格力 智能音箱 Advanced,易动力传媒有限公司生物科技
832,100,OA831,2.6,2024-11-23,"客户ID: OA831
客户公司: 华泰通安科技有限公司网络安全
客户所在地: 玉梅市, 中国
产品信息: LG 智能插座 Max (类别: 智能插座)
生产商: LG智能家电
产品价格: 8566.89
评分: 2.6星
评价日期: 2024年11月23日
评价内容: ""电池寿命问题很严重，完全不值这个价格。""",118,智能插座,LG 智能插座 Max,华泰通安科技有限公司网络安全
1035,54,PC764,3.7,2024-11-23,"客户ID: PC764
客户公司: 恒聪百汇传媒有限公司虚拟现实
客户所在地: 重庆市, 中国
产品信息: 博世 智能开关 Max (类别: 智能开关)
生产商: 博世智能系统
产品价格: 7392.09
评分: 3.7星
评价日期: 2024年11月23日
评价内容: ""我觉得，这款智能开关没有特别惊喜。优点是节能环保。不过散热问题有点问题。希望厂家能改进这些问题。""",149,智能开关,博世 智能开关 Max,恒聪百汇传媒有限公司虚拟现实
123,68,TB616,4.0,2024-11-22,"客户ID: TB616
客户公司: 晖来计算机网络有限公司虚拟现实
客户所在地: 梅县, 中国
产品信息: 博世 智能插座 Basic (类别: 智能插座)
生产商: 博世智能系统
产品价格: 3665.95
评分: 4.0星
评价日期: 2024年11月22日
评价内容: ""老实讲，这款博世 智能插座 Basic性价比很高。可惜的是多用户管理是我最喜欢的部分。在同类产品中算是中等水平。如果非要说缺点的话，可能就是功能单一。有点贵了，但质量确实好。""",182,智能插座,博世 智能插座 Basic,晖来计算机网络有限公司虚拟现实
1294,23,CZ861,2.4,2024-11-20,"客户ID: CZ861
客户公司: 合联电子科技有限公司信息技术
客户所在地: 荣市, 中国
产品信息: 美的 智能净水器 Plus (类别: 智能净水器)
生产商: 美的智能科技
产品价格: 8466.26
评分: 2.4星
评价日期: 2024年11月20日
评价内容: ""使用一周后出现故障，安装困难，售后服务也不好。""",125,智能净水器,美的 智能净水器 Plus,合联电子科技有限公司信息技术
243,18,EM821,4.3,2024-11-19,"客户ID: EM821
客户公司: 泰麒麟信息有限公司人工智能
客户所在地: 香港县, 中国
产品信息: 美的 智能门锁 Mini (类别: 智能门锁)
生产商: 美的智能科技
产品价格: 5323.58
评分: 4.3星
评价日期: 2024年11月19日
评价内容: ""这是我用过的最好的智能门锁之一，兼容性强，性价比很高。""",127,智能门锁,美的 智能门锁 Mini,泰麒麟信息有限公司人工智能
505,66,WB209,2.6,2024-11-19,"客户ID: WB209
客户公司: 维涛传媒有限公司云计算
客户所在地: 秀华县, 中国
产品信息: 松下 智能马桶 Elite (类别: 智能马桶)
生产商: 松下智能电器
产品价格: 9184.21
评分: 2.6星
评价日期: 2024年11月19日
评价内容: ""使用一周后出现故障，音质一般，售后服务也不好。""",121,智能马桶,松下 智能马桶 Elite,维涛传媒有限公司云计算
602,97,CC657,2.3,2024-11-19,"客户ID: CC657
客户公司: 昊嘉信息有限公司信息技术
客户所在地: 军县, 中国
产品信息: 格力 智能净水器 Ultra (类别: 智能净水器)
生产商: 格力智能电器
产品价格: 9164.46
评分: 2.3星
评价日期: 2024年11月19日
评价内容: ""对比了市面上几款同类产品后，这款智能净水器不值这个价格。信号强度简直无法忍受。希望厂家能重视这些问题。""",151,智能净水器,格力 智能净水器 Ultra,昊嘉信息有限公司信息技术
754,11,FB488,2.6,2024-11-19,"客户ID: FB488
客户公司: 方正科技科技有限公司互联网服务
客户所在地: 宁德市, 中国
产品信息: 小米 智能门锁 Mini (类别: 智能门锁)
生产商: 小米智能家居
产品价格: 4624.66
评分: 2.6星
评价日期: 2024年11月19日
评价内容: ""不得不说，这款小米 智能门锁 Mini性价比极低。在做饭时时完全不能正常工作。不推荐任何人购买。""",145,智能门锁,小米 智能门锁 Mini,方正科技科技有限公司互联网服务
239,31,WB890,4.2,2024-11-18,"客户ID: WB890
客户公司: 鑫博腾飞网络有限公司金融科技
客户所在地: 马鞍山市, 中国
产品信息: 三星 智能加湿器 Mini (类别: 智能加湿器)
生产商: 三星智能家电
产品价格: 1356.55
评分: 4.2星
评价日期: 2024年11月18日
评价内容: ""这款智能加湿器质量很好，画质清晰。总体来说很满意。""",129,智能加湿器,三星 智能加湿器 Mini,鑫博腾飞网络有限公司金融科技
1051,34,WY218,1.8,2024-11-17,"客户ID: WY218
客户公司: 飞海科技传媒有限公司信息技术
客户所在地: 济南市, 中国
产品信息: 松下 智能开关 Advanced (类别: 智能开关)
生产商: 松下智能电器
产品价格: 7248.19
评分: 1.8星
评价日期: 2024年11月17日
评价内容: ""电池寿命问题很严重，完全不值这个价格。""",120,智能开关,松下 智能开关 Advanced,飞海科技传媒有限公司信息技术
128,88,XN875,1.2,2024-11-15,"客户ID: XN875
客户公司: 天开传媒有限公司网络安全
客户所在地: 芳市, 中国
产品信息: 格力 智能体重秤 Ultra (类别: 智能体重秤)
生产商: 格力智能电器
产品价格: 4528.2
评分: 1.2星
评价日期: 2024年11月15日
评价内容: ""不推荐这款智能体重秤，做工一般，很失望。""",120,智能体重秤,格力 智能体重秤 Ultra,天开传媒有限公司网络安全
593,13,FJ947,1.3,2024-11-15,"客户ID: FJ947
客户公司: 浙大万朋信息有限公司生物科技
客户所在地: 鑫市, 中国
产品信息: 三星 智能电饭煲 Max (类别: 智能电饭煲)
生产商: 三星智能家电
产品价格: 3642.29
评分: 1.3星
评价日期: 2024年11月15日
评价内容: ""经过一段时间使用，这款三星 智能电饭煲 Max使用体验很差。电池寿命简直无法忍受。这钱花得太冤枉了。""",148,智能电饭煲,三星 智能电饭煲 Max,浙大万朋信息有限公司生物科技
907,3,ZO854,4.4,2024-11-15,"客户ID: ZO854
客户公司: MBP软件科技有限公司信息技术
客户所在地: 丽华县, 中国
产品信息: 华为 智能电视 Basic (类别: 智能电视)
生产商: 华为智能生活
产品价格: 8554.76
评分: 4.4星
评价日期: 2024年11月15日
评价内容: ""智能电视的设计很人性化，操作简单，值得推荐。""",122,智能电视,华为 智能电视 Basic,MBP软件科技有限公司信息技术
163,93,LU518,2.5,2024-11-14,"客户ID: LU518
客户公司: 易动力传媒有限公司生物科技
客户所在地: 伟市, 中国
产品信息: 索尼 智能加湿器 Pro (类别: 智能加湿器)
生产商: 索尼智能科技
产品价格: 5644.5
评分: 2.5星
评价日期: 2024年11月14日
评价内容: ""信号强度问题很严重，完全不值这个价格。""",120,智能加湿器,索尼 智能加湿器 Pro,易动力传媒有限公司生物科技
810,85,VQ233,5.0,2024-11-12,"客户ID: VQ233
客户公司: 和泰信息有限公司信息技术
客户所在地: 成都市, 中国
产品信息: 博世 智能马桶 Basic (类别: 智能马桶)
生产商: 博世智能系统
产品价格: 1564.93
评分: 5.0星
评价日期: 2024年11月12日
评价内容: ""这款产品的智能场景特别好用，在户外活动时特别方便。""",124,智能马桶,博世 智能马桶 Basic,和泰信息有限公司信息技术
831,11,NU711,4.1,2024-11-12,"客户ID: NU711
客户公司: 易动力科技有限公司人工智能
客户所在地: 桂兰县, 中国
产品信息: 小米 智能门锁 Mini (类别: 智能门锁)
生产商: 小米智能家居
产品价格: 4624.66
评分: 4.1星
评价日期: 2024年11月12日
评价内容: ""个人认为，这款智能门锁功能很强大。让我惊喜的是语音识别功能特别实用。如果非要说缺点的话，可能就是做工一般。总体来说还是很满意的。""",164,智能门锁,小米 智能门锁 Mini,易动力科技有限公司人工智能
1156,90,ZV584,2.0,2024-11-12,"客户ID: ZV584
客户公司: 维旺明科技有限公司大数据分析
客户所在地: 杭州市, 中国
产品信息: 三星 智能窗帘 Standard (类别: 智能窗帘)
生产商: 三星智能家电
产品价格: 2559.17
评分: 2.0星
评价日期: 2024年11月12日
评价内容: ""使用一周后出现故障，音质一般，售后服务也不好。""",124,智能窗帘,三星 智能窗帘 Standard,维旺明科技有限公司大数据分析
1157,41,GR625,4.5,2024-11-12,"客户ID: GR625
客户公司: 明腾传媒有限公司互联网服务
客户所在地: 邯郸市, 中国
产品信息: 索尼 智能空气净化器 Ultra (类别: 智能空气净化器)
生产商: 索尼智能科技
产品价格: 9311.59
评分: 4.5星
评价日期: 2024年11月12日
评价内容: ""非常满意这次购买，外观漂亮，送货也很快。""",126,智能空气净化器,索尼 智能空气净化器 Ultra,明腾传媒有限公司互联网服务
488,35,AY876,3.6,2024-11-11,"客户ID: AY876
客户公司: 精芯传媒有限公司物联网
客户所在地: 武汉市, 中国
产品信息: 亚马逊 智能门铃 Max (类别: 智能门铃)
生产商: 亚马逊智能科技
产品价格: 3226.81
评分: 3.6星
评价日期: 2024年11月11日
评价内容: ""在晚上睡前使用还不错，但在其他情况下表现一般。""",123,智能门铃,亚马逊 智能门铃 Max,精芯传媒有限公司物联网
1071,47,ZO854,2.6,2024-11-11,"客户ID: ZO854
客户公司: MBP软件科技有限公司信息技术
客户所在地: 丽华县, 中国
产品信息: 苹果 智能灯具 Basic (类别: 智能灯具)
生产商: 苹果智能家庭
产品价格: 2411.14
评分: 2.6星
评价日期: 2024年11月11日
评价内容: ""试用了几天，这款智能灯具存在明显缺陷。使用不到一周就出现了异常。已经申请退款了。""",140,智能灯具,苹果 智能灯具 Basic,MBP软件科技有限公司信息技术
1084,47,VZ702,2.2,2024-11-11,"客户ID: VZ702
客户公司: 精芯网络有限公司互联网服务
客户所在地: 马鞍山县, 中国
产品信息: 苹果 智能灯具 Basic (类别: 智能灯具)
生产商: 苹果智能家庭
产品价格: 2411.14
评分: 2.2星
评价日期: 2024年11月11日
评价内容: ""我发现，这款智能灯具存在明显缺陷。主要问题在于兼容性差。不推荐任何人购买。""",138,智能灯具,苹果 智能灯具 Basic,精芯网络有限公司互联网服务
682,5,VX147,1.6,2024-11-10,"客户ID: VX147
客户公司: 东方峻景传媒有限公司金融科技
客户所在地: 海门县, 中国
产品信息: 美的 智能电饭煲 Pro (类别: 智能电饭煲)
生产商: 美的智能科技
产品价格: 5002.04
评分: 1.6星
评价日期: 2024年11月10日
评价内容: ""坦白讲，这款智能电饭煲性价比极低。使用不到一周就出现了损坏。唯一值得称赞的可能就是价格便宜。这钱花得太冤枉了。""",158,智能电饭煲,美的 智能电饭煲 Pro,东方峻景传媒有限公司金融科技
1063,74,TO444,4.5,2024-11-10,"客户ID: TO444
客户公司: MBP软件网络有限公司移动应用开发
客户所在地: 辛集市, 中国
产品信息: 松下 智能窗帘 Lite (类别: 智能窗帘)
生产商: 松下智能电器
产品价格: 2277.79
评分: 4.5星
评价日期: 2024年11月10日
评价内容: ""这款智能窗帘的语音识别功能很实用，操作简单。""",124,智能窗帘,松下 智能窗帘 Lite,MBP软件网络有限公司移动应用开发
191,34,LU518,1.8,2024-11-09,"客户ID: LU518
客户公司: 易动力传媒有限公司生物科技
客户所在地: 伟市, 中国
产品信息: 松下 智能开关 Advanced (类别: 智能开关)
生产商: 松下智能电器
产品价格: 7248.19
评分: 1.8星
评价日期: 2024年11月09日
评价内容: ""说实话，这款松下 智能开关 Advanced存在明显缺陷。噪音控制简直无法忍受。""",130,智能开关,松下 智能开关 Advanced,易动力传媒有限公司生物科技
346,28,WW556,1.6,2024-11-09,"客户ID: WW556
客户公司: 商软冠联网络有限公司信息技术
客户所在地: 梅市, 中国
产品信息: 飞利浦 智能扫地机器人 Plus (类别: 智能扫地机器人)
生产商: 飞利浦智能照明
产品价格: 230.53
评分: 1.6星
评价日期: 2024年11月09日
评价内容: ""使用后感觉，这款飞利浦 智能扫地机器人 Plus质量太差。在工作时时完全不能正常工作。""",146,智能扫地机器人,飞利浦 智能扫地机器人 Plus,商软冠联网络有限公司信息技术
661,68,IK721,2.4,2024-11-09,"客户ID: IK721
客户公司: 诺依曼软件传媒有限公司物联网
客户所在地: 华市, 中国
产品信息: 博世 智能插座 Basic (类别: 智能插座)
生产商: 博世智能系统
产品价格: 3665.95
评分: 2.4星
评价日期: 2024年11月09日
评价内容: ""试用了几天，这款博世 智能插座 Basic功能实现得很糟糕。噪音控制简直无法忍受。""",135,智能插座,博世 智能插座 Basic,诺依曼软件传媒有限公司物联网
840,78,DX151,1.5,2024-11-09,"客户ID: DX151
客户公司: 易动力信息有限公司物联网
客户所在地: 佛山县, 中国
产品信息: 三星 智能音箱 Elite (类别: 智能音箱)
生产商: 三星智能家电
产品价格: 5080.6
评分: 1.5星
评价日期: 2024年11月09日
评价内容: ""不得不说，这款智能音箱有严重问题。使用不到一周就出现了故障。唯一值得称赞的可能就是包装很精美。已经申请退款了。""",154,智能音箱,三星 智能音箱 Elite,易动力信息有限公司物联网
749,27,XO649,2.6,2024-11-08,"客户ID: XO649
客户公司: 晖来计算机传媒有限公司云计算
客户所在地: 郑州县, 中国
产品信息: 小米 智能加湿器 Plus (类别: 智能加湿器)
生产商: 小米智能家居
产品价格: 8210.59
评分: 2.6星
评价日期: 2024年11月08日
评价内容: ""不推荐这款智能加湿器，稳定性差，很失望。""",123,智能加湿器,小米 智能加湿器 Plus,晖来计算机传媒有限公司云计算
787,87,KS630,2.8,2024-11-08,"客户ID: KS630
客户公司: 良诺信息有限公司网络安全
客户所在地: 潮州市, 中国
产品信息: 美的 智能马桶 Mini (类别: 智能马桶)
生产商: 美的智能科技
产品价格: 3349.58
评分: 2.8星
评价日期: 2024年11月08日
评价内容: ""经过一段时间使用，这款智能马桶存在明显缺陷。在看电影时时完全不能正常工作。唯一值得称赞的可能就是包装很精美。""",153,智能马桶,美的 智能马桶 Mini,良诺信息有限公司网络安全
1145,50,WW556,3.2,2024-11-08,"客户ID: WW556
客户公司: 商软冠联网络有限公司信息技术
客户所在地: 梅市, 中国
产品信息: 苹果 智能空气净化器 Basic (类别: 智能空气净化器)
生产商: 苹果智能家庭
产品价格: 9846.71
评分: 3.2星
评价日期: 2024年11月08日
评价内容: ""这款产品优缺点都有，兼容性强，但续航时间短。""",128,智能空气净化器,苹果 智能空气净化器 Basic,商软冠联网络有限公司信息技术
4,61,IK721,1.9,2024-11-07,"客户ID: IK721
客户公司: 诺依曼软件传媒有限公司物联网
客户所在地: 华市, 中国
产品信息: LG 智能洗衣机 Max (类别: 智能洗衣机)
生产商: LG智能家电
产品价格: 759.0
评分: 1.9星
评价日期: 2024年11月07日
评价内容: ""体验下来，这款智能洗衣机不值这个价格。电池寿命简直无法忍受。已经申请退款了。""",138,智能洗衣机,LG 智能洗衣机 Max,诺依曼软件传媒有限公司物联网
201,62,TE207,3.4,2024-11-07,"客户ID: TE207
客户公司: 新宇龙信息传媒有限公司人工智能
客户所在地: 张家港市, 中国
产品信息: 华为 智能洗衣机 Ultra (类别: 智能洗衣机)
生产商: 华为智能生活
产品价格: 8401.38
评分: 3.4星
评价日期: 2024年11月07日
评价内容: ""老实讲，这款智能洗衣机一般般。优点是智能化程度高。最重要的是缺点是耗电量大。整体体验不错。""",150,智能洗衣机,华为 智能洗衣机 Ultra,新宇龙信息传媒有限公司人工智能
381,93,AD089,1.7,2024-11-07,"客户ID: AD089
客户公司: 创亿网络有限公司移动应用开发
客户所在地: 楠市, 中国
产品信息: 索尼 智能加湿器 Pro (类别: 智能加湿器)
生产商: 索尼智能科技
产品价格: 5644.5
评分: 1.7星
评价日期: 2024年11月07日
评价内容: ""对这款智能加湿器非常不满意，画质模糊，浪费钱。""",125,智能加湿器,索尼 智能加湿器 Pro,创亿网络有限公司移动应用开发
629,15,PJ659,3.1,2024-11-07,"客户ID: PJ659
客户公司: 超艺网络有限公司人工智能
客户所在地: 武汉市, 中国
产品信息: 谷歌 智能音箱 Elite (类别: 智能音箱)
生产商: 谷歌智能设备
产品价格: 6218.93
评分: 3.1星
评价日期: 2024年11月07日
评价内容: ""总体来说还行，功能齐全，就是功能单一。""",118,智能音箱,谷歌 智能音箱 Elite,超艺网络有限公司人工智能
508,47,BP732,4.1,2024-11-06,"客户ID: BP732
客户公司: 南康网络有限公司互联网服务
客户所在地: 敏市, 中国
产品信息: 苹果 智能灯具 Basic (类别: 智能灯具)
生产商: 苹果智能家庭
产品价格: 2411.14
评分: 4.1星
评价日期: 2024年11月06日
评价内容: ""在多次对比之后选择了这款，这款苹果 智能灯具 Basic性价比很高。遗憾的是一键控制是我最喜欢的部分。如果非要说缺点的话，说明书不够详细。期待下一代产品能有所改进。""",175,智能灯具,苹果 智能灯具 Basic,南康网络有限公司互联网服务
717,62,LB704,2.6,2024-11-06,"客户ID: LB704
客户公司: 群英信息有限公司金融科技
客户所在地: 昆明县, 中国
产品信息: 华为 智能洗衣机 Ultra (类别: 智能洗衣机)
生产商: 华为智能生活
产品价格: 8401.38
评分: 2.6星
评价日期: 2024年11月06日
评价内容: ""经过一段时间使用，这款华为 智能洗衣机 Ultra不推荐购买。连接稳定性简直无法忍受。唯一值得称赞的可能就是送货速度快。已经申请退款了。""",163,智能洗衣机,华为 智能洗衣机 Ultra,群英信息有限公司金融科技
475,73,ME428,1.5,2024-11-05,"客户ID: ME428
客户公司: 创汇网络有限公司虚拟现实
客户所在地: 秀英市, 中国
产品信息: 飞利浦 智能扫地机器人 Ultra (类别: 智能扫地机器人)
生产商: 飞利浦智能照明
产品价格: 259.27
评分: 1.5星
评价日期: 2024年11月05日
评价内容: ""不推荐这款智能扫地机器人，音质一般，很失望。""",129,智能扫地机器人,飞利浦 智能扫地机器人 Ultra,创汇网络有限公司虚拟现实
480,59,TO444,4.8,2024-11-05,"客户ID: TO444
客户公司: MBP软件网络有限公司移动应用开发
客户所在地: 辛集市, 中国
产品信息: 西门子 智能摄像头 Max (类别: 智能摄像头)
生产商: 西门子智能家居
产品价格: 5402.93
评分: 4.8星
评价日期: 2024年11月05日
评价内容: ""这款智能摄像头的自动调节功能很实用，节能环保。""",129,智能摄像头,西门子 智能摄像头 Max,MBP软件网络有限公司移动应用开发
416,29,EB652,2.3,2024-11-04,"客户ID: EB652
客户公司: 凌云信息有限公司虚拟现实
客户所在地: 秀珍县, 中国
产品信息: 博世 智能空气净化器 Lite (类别: 智能空气净化器)
生产商: 博世智能系统
产品价格: 6067.97
评分: 2.3星
评价日期: 2024年11月04日
评价内容: ""在多次对比之后选择了这款，这款博世 智能空气净化器 Lite有严重问题。主要问题在于耗电量大。希望厂家能重视这些问题。""",159,智能空气净化器,博世 智能空气净化器 Lite,凌云信息有限公司虚拟现实
184,3,TO444,3.3,2024-11-03,"客户ID: TO444
客户公司: MBP软件网络有限公司移动应用开发
客户所在地: 辛集市, 中国
产品信息: 华为 智能电视 Basic (类别: 智能电视)
生产商: 华为智能生活
产品价格: 8554.76
评分: 3.3星
评价日期: 2024年11月03日
评价内容: ""总体来说还行，稳定性好，就是稳定性差。""",121,智能电视,华为 智能电视 Basic,MBP软件网络有限公司移动应用开发
1008,98,IP471,3.9,2024-11-03,"客户ID: IP471
客户公司: 银嘉信息有限公司移动应用开发
客户所在地: 荆门市, 中国
产品信息: 格力 智能电视 Pro (类别: 智能电视)
生产商: 格力智能电器
产品价格: 2676.49
评分: 3.9星
评价日期: 2024年11月03日
评价内容: ""这款智能电视一般，兼容性强，但是电池寿命有点问题。""",126,智能电视,格力 智能电视 Pro,银嘉信息有限公司移动应用开发
1160,5,VX147,4.3,2024-11-03,"客户ID: VX147
客户公司: 东方峻景传媒有限公司金融科技
客户所在地: 海门县, 中国
产品信息: 美的 智能电饭煲 Pro (类别: 智能电饭煲)
生产商: 美的智能科技
产品价格: 5002.04
评分: 4.3星
评价日期: 2024年11月03日
评价内容: ""这是我用过的最好的智能电饭煲之一，做工精细，性价比很高。""",131,智能电饭煲,美的 智能电饭煲 Pro,东方峻景传媒有限公司金融科技
1,53,CC657,4.4,2024-11-02,"客户ID: CC657
客户公司: 昊嘉信息有限公司信息技术
客户所在地: 军县, 中国
产品信息: 华为 智能电视 Lite (类别: 智能电视)
生产商: 华为智能生活
产品价格: 2968.02
评分: 4.4星
评价日期: 2024年11月02日
评价内容: ""这款智能电视的自动调节功能很实用，性价比高。""",120,智能电视,华为 智能电视 Lite,昊嘉信息有限公司信息技术
478,99,TW751,4.6,2024-11-02,"客户ID: TW751
客户公司: 图龙信息网络有限公司云计算
客户所在地: 宁德市, 中国
产品信息: 三星 智能音箱 Basic (类别: 智能音箱)
生产商: 三星智能家电
产品价格: 1681.15
评分: 4.6星
评价日期: 2024年11月02日
评价内容: ""这是我用过的最好的智能音箱之一，外观漂亮，性价比很高。""",127,智能音箱,三星 智能音箱 Basic,图龙信息网络有限公司云计算
986,30,WB890,2.6,2024-11-01,"客户ID: WB890
客户公司: 鑫博腾飞网络有限公司金融科技
客户所在地: 马鞍山市, 中国
产品信息: 小米 智能开关 Ultra (类别: 智能开关)
生产商: 小米智能家居
产品价格: 747.93
评分: 2.6星
评价日期: 2024年11月01日
评价内容: ""收到货后，这款智能开关很失望。使用不到一周就出现了失灵。希望厂家能重视这些问题。""",142,智能开关,小米 智能开关 Ultra,鑫博腾飞网络有限公司金融科技
127,12,MZ379,4.5,2024-10-31,"客户ID: MZ379
客户公司: 联软传媒有限公司区块链技术
客户所在地: 慧县, 中国
产品信息: 格力 智能空气净化器 Standard (类别: 智能空气净化器)
生产商: 格力智能电器
产品价格: 9181.39
评分: 4.5星
评价日期: 2024年10月31日
评价内容: ""这款产品的一键控制特别好用，在户外活动时特别方便。""",130,智能空气净化器,格力 智能空气净化器 Standard,联软传媒有限公司区块链技术
980,100,DV182,3.0,2024-10-31,"客户ID: DV182
客户公司: 艾提科信传媒有限公司网络安全
客户所在地: 桂荣市, 中国
产品信息: LG 智能插座 Max (类别: 智能插座)
生产商: LG智能家电
产品价格: 8566.89
评分: 3.0星
评价日期: 2024年10月31日
评价内容: ""这款智能插座一般，画质清晰，但是信号强度有点问题。""",124,智能插座,LG 智能插座 Max,艾提科信传媒有限公司网络安全
1183,88,WB890,2.6,2024-10-31,"客户ID: WB890
客户公司: 鑫博腾飞网络有限公司金融科技
客户所在地: 马鞍山市, 中国
产品信息: 格力 智能体重秤 Ultra (类别: 智能体重秤)
生产商: 格力智能电器
产品价格: 4528.2
评分: 2.6星
评价日期: 2024年10月31日
评价内容: ""电池寿命问题很严重，完全不值这个价格。""",123,智能体重秤,格力 智能体重秤 Ultra,鑫博腾飞网络有限公司金融科技
1187,25,ZV584,1.3,2024-10-29,"客户ID: ZV584
客户公司: 维旺明科技有限公司大数据分析
客户所在地: 杭州市, 中国
产品信息: 三星 智能窗帘 Basic (类别: 智能窗帘)
生产商: 三星智能家电
产品价格: 9678.27
评分: 1.3星
评价日期: 2024年10月29日
评价内容: ""电池寿命问题很严重，完全不值这个价格。""",120,智能窗帘,三星 智能窗帘 Basic,维旺明科技有限公司大数据分析
347,2,TE207,3.8,2024-10-29,"客户ID: TE207
客户公司: 新宇龙信息传媒有限公司人工智能
客户所在地: 张家港市, 中国
产品信息: 美的 智能插座 Standard (类别: 智能插座)
生产商: 美的智能科技
产品价格: 9962.25
评分: 3.8星
评价日期: 2024年10月29日
评价内容: ""不得不说，这款智能插座也没有特别失望。在早晨起床时使用体验还不错。此外使用久了会发现一些小问题。便宜没好货，这句话在这里很适用。""",167,智能插座,美的 智能插座 Standard,新宇龙信息传媒有限公司人工智能
954,98,US056,3.9,2024-10-29,"客户ID: US056
客户公司: 国讯网络有限公司移动应用开发
客户所在地: 文市, 中国
产品信息: 格力 智能电视 Pro (类别: 智能电视)
生产商: 格力智能电器
产品价格: 2676.49
评分: 3.9星
评价日期: 2024年10月29日
评价内容: ""智能电视的质量还可以，稳定性好，不过价格偏高。""",123,智能电视,格力 智能电视 Pro,国讯网络有限公司移动应用开发
600,32,BN418,4.7,2024-10-28,"客户ID: BN418
客户公司: 易动力网络有限公司移动应用开发
客户所在地: 重庆市, 中国
产品信息: 亚马逊 智能马桶 Elite (类别: 智能马桶)
生产商: 亚马逊智能科技
产品价格: 1801.88
评分: 4.7星
评价日期: 2024年10月28日
评价内容: ""购买后，这款亚马逊 智能马桶 Elite性价比很高。而且多用户管理是我最喜欢的部分。如果非要说缺点的话，连接稳定性还有提升空间。价格虽高，但物有所值。""",173,智能马桶,亚马逊 智能马桶 Elite,易动力网络有限公司移动应用开发
826,68,II746,2.0,2024-10-28,"客户ID: II746
客户公司: 恩悌传媒有限公司虚拟现实
客户所在地: 南昌县, 中国
产品信息: 博世 智能插座 Basic (类别: 智能插座)
生产商: 博世智能系统
产品价格: 3665.95
评分: 2.0星
评价日期: 2024年10月28日
评价内容: ""这款产品有严重问题，音质一般，已经申请退款。""",121,智能插座,博世 智能插座 Basic,恩悌传媒有限公司虚拟现实
91,44,QL573,2.7,2024-10-27,"客户ID: QL573
客户公司: 维涛科技有限公司网络安全
客户所在地: 永安市, 中国
产品信息: 小米 智能空调 Elite (类别: 智能空调)
生产商: 小米智能家居
产品价格: 7690.31
评分: 2.7星
评价日期: 2024年10月27日
评价内容: ""对这款智能空调非常不满意，功能单一，浪费钱。""",121,智能空调,小米 智能空调 Elite,维涛科技有限公司网络安全
108,99,AY876,1.2,2024-10-26,"客户ID: AY876
客户公司: 精芯传媒有限公司物联网
客户所在地: 武汉市, 中国
产品信息: 三星 智能音箱 Basic (类别: 智能音箱)
生产商: 三星智能家电
产品价格: 1681.15
评分: 1.2星
评价日期: 2024年10月26日
评价内容: ""这款产品有严重问题，售后服务差，已经申请退款。""",121,智能音箱,三星 智能音箱 Basic,精芯传媒有限公司物联网
760,27,FA862,1.8,2024-10-26,"客户ID: FA862
客户公司: 方正科技网络有限公司云计算
客户所在地: 潮州县, 中国
产品信息: 小米 智能加湿器 Plus (类别: 智能加湿器)
生产商: 小米智能家居
产品价格: 8210.59
评分: 1.8星
评价日期: 2024年10月26日
评价内容: ""噪音控制问题很严重，完全不值这个价格。""",121,智能加湿器,小米 智能加湿器 Plus,方正科技网络有限公司云计算
1089,3,ZF801,4.3,2024-10-26,"客户ID: ZF801
客户公司: 易动力科技有限公司科技公司
客户所在地: 沈阳县, 中国
产品信息: 华为 智能电视 Basic (类别: 智能电视)
生产商: 华为智能生活
产品价格: 8554.76
评分: 4.3星
评价日期: 2024年10月26日
评价内容: ""在多次对比之后选择了这款，这款华为 智能电视 Basic做工精细。然而在早晨起床时表现尤为出色。如果非要说缺点的话，可能就是耗电量大。值得购买。""",166,智能电视,华为 智能电视 Basic,易动力科技有限公司科技公司
213,19,GR625,1.7,2024-10-24,"客户ID: GR625
客户公司: 明腾传媒有限公司互联网服务
客户所在地: 邯郸市, 中国
产品信息: 海尔智慧家庭 智能开关 Plus (类别: 智能开关)
生产商: 海尔智慧家庭
产品价格: 7438.8
评分: 1.7星
评价日期: 2024年10月24日
评价内容: ""从我的使用体验来看，这款智能开关不推荐购买。主要问题在于安装困难。唯一值得称赞的可能就是送货速度快。""",154,智能开关,海尔智慧家庭 智能开关 Plus,明腾传媒有限公司互联网服务
412,15,DV182,3.1,2024-10-24,"客户ID: DV182
客户公司: 艾提科信传媒有限公司网络安全
客户所在地: 桂荣市, 中国
产品信息: 谷歌 智能音箱 Elite (类别: 智能音箱)
生产商: 谷歌智能设备
产品价格: 6218.93
评分: 3.1星
评价日期: 2024年10月24日
评价内容: ""总体来说还行，外观漂亮，就是兼容性差。""",120,智能音箱,谷歌 智能音箱 Elite,艾提科信传媒有限公司网络安全
688,9,YR398,1.5,2024-10-24,"客户ID: YR398
客户公司: 浦华众城信息有限公司虚拟现实
客户所在地: 大冶市, 中国
产品信息: 亚马逊 智能插座 Pro (类别: 智能插座)
生产商: 亚马逊智能科技
产品价格: 6880.25
评分: 1.5星
评价日期: 2024年10月24日
评价内容: ""老实讲，这款亚马逊 智能插座 Pro不推荐购买。电池寿命简直无法忍受。唯一值得称赞的可能就是价格便宜。不推荐任何人购买。""",159,智能插座,亚马逊 智能插座 Pro,浦华众城信息有限公司虚拟现实
310,99,NQ176,4.6,2024-10-23,"客户ID: NQ176
客户公司: 图龙信息传媒有限公司数字科技
客户所在地: 南昌市, 中国
产品信息: 三星 智能音箱 Basic (类别: 智能音箱)
生产商: 三星智能家电
产品价格: 1681.15
评分: 4.6星
评价日期: 2024年10月23日
评价内容: ""这款智能音箱质量很好，画质清晰。总体来说很满意。""",125,智能音箱,三星 智能音箱 Basic,图龙信息传媒有限公司数字科技
538,20,WY218,4.8,2024-10-23,"客户ID: WY218
客户公司: 飞海科技传媒有限公司信息技术
客户所在地: 济南市, 中国
产品信息: 谷歌 智能净水器 Basic (类别: 智能净水器)
生产商: 谷歌智能设备
产品价格: 2404.37
评分: 4.8星
评价日期: 2024年10月23日
评价内容: ""智能净水器的设计很人性化，画质清晰，值得推荐。""",126,智能净水器,谷歌 智能净水器 Basic,飞海科技传媒有限公司信息技术
647,78,TO444,4.1,2024-10-23,"客户ID: TO444
客户公司: MBP软件网络有限公司移动应用开发
客户所在地: 辛集市, 中国
产品信息: 三星 智能音箱 Elite (类别: 智能音箱)
生产商: 三星智能家电
产品价格: 5080.6
评分: 4.1星
评价日期: 2024年10月23日
评价内容: ""使用了一个月，外观漂亮，没有发现任何问题。""",123,智能音箱,三星 智能音箱 Elite,MBP软件网络有限公司移动应用开发
656,97,NQ176,3.9,2024-10-21,"客户ID: NQ176
客户公司: 图龙信息传媒有限公司数字科技
客户所在地: 南昌市, 中国
产品信息: 格力 智能净水器 Ultra (类别: 智能净水器)
生产商: 格力智能电器
产品价格: 9164.46
评分: 3.9星
评价日期: 2024年10月21日
评价内容: ""在看电影时使用还不错，但在其他情况下表现一般。""",126,智能净水器,格力 智能净水器 Ultra,图龙信息传媒有限公司数字科技
918,58,DX151,1.0,2024-10-21,"客户ID: DX151
客户公司: 易动力信息有限公司物联网
客户所在地: 佛山县, 中国
产品信息: 松下 智能扫地机器人 Plus (类别: 智能扫地机器人)
生产商: 松下智能电器
产品价格: 998.22
评分: 1.0星
评价日期: 2024年10月21日
评价内容: ""电池寿命问题很严重，完全不值这个价格。""",124,智能扫地机器人,松下 智能扫地机器人 Plus,易动力信息有限公司物联网
1170,59,ZH741,2.9,2024-10-21,"客户ID: ZH741
客户公司: 巨奥科技有限公司信息技术
客户所在地: 峰县, 中国
产品信息: 西门子 智能摄像头 Max (类别: 智能摄像头)
生产商: 西门子智能家居
产品价格: 5402.93
评分: 2.9星
评价日期: 2024年10月21日
评价内容: ""不推荐这款智能摄像头，兼容性差，很失望。""",122,智能摄像头,西门子 智能摄像头 Max,巨奥科技有限公司信息技术
40,22,AD089,1.4,2024-10-20,"客户ID: AD089
客户公司: 创亿网络有限公司移动应用开发
客户所在地: 楠市, 中国
产品信息: 美的 智能电视 Basic (类别: 智能电视)
生产商: 美的智能科技
产品价格: 7621.5
评分: 1.4星
评价日期: 2024年10月20日
评价内容: ""对这款智能电视非常不满意，功能单一，浪费钱。""",122,智能电视,美的 智能电视 Basic,创亿网络有限公司移动应用开发
745,85,MG296,4.6,2024-10-20,"客户ID: MG296
客户公司: 浦华众城网络有限公司信息技术
客户所在地: 浩市, 中国
产品信息: 博世 智能马桶 Basic (类别: 智能马桶)
生产商: 博世智能系统
产品价格: 1564.93
评分: 4.6星
评价日期: 2024年10月20日
评价内容: ""对比了市面上几款同类产品后，这款智能马桶真的很不错。另外智能学习功能特别实用。如果非要说缺点的话，可能就是使用说明不清。整体体验不错。""",167,智能马桶,博世 智能马桶 Basic,浦华众城网络有限公司信息技术
835,30,PE529,4.1,2024-10-16,"客户ID: PE529
客户公司: 易动力网络有限公司信息技术
客户所在地: 英县, 中国
产品信息: 小米 智能开关 Ultra (类别: 智能开关)
生产商: 小米智能家居
产品价格: 747.93
评分: 4.1星
评价日期: 2024年10月16日
评价内容: ""作为一个经常使用此类产品的人，这款智能开关性价比很高。值得一提的是智能联动设计很贴心。如果非要说缺点的话，说明书不够详细。不太推荐购买。""",167,智能开关,小米 智能开关 Ultra,易动力网络有限公司信息技术
449,52,BI759,2.7,2024-10-15,"客户ID: BI759
客户公司: 时空盒数字信息有限公司虚拟现实
客户所在地: 荣市, 中国
产品信息: 小米 智能插座 Max (类别: 智能插座)
生产商: 小米智能家居
产品价格: 5793.04
评分: 2.7星
评价日期: 2024年10月15日
评价内容: ""使用一周后出现故障，售后服务差，售后服务也不好。""",125,智能插座,小米 智能插座 Max,时空盒数字信息有限公司虚拟现实
1140,5,GL926,3.7,2024-10-15,"客户ID: GL926
客户公司: 时空盒数字传媒有限公司大数据分析
客户所在地: 巢湖市, 中国
产品信息: 美的 智能电饭煲 Pro (类别: 智能电饭煲)
生产商: 美的智能科技
产品价格: 5002.04
评分: 3.7星
评价日期: 2024年10月15日
评价内容: ""智能电饭煲的质量还可以，做工精细，不过安装困难。""",129,智能电饭煲,美的 智能电饭煲 Pro,时空盒数字传媒有限公司大数据分析
188,67,RY548,1.3,2024-10-14,"客户ID: RY548
客户公司: 易动力信息有限公司网络安全
客户所在地: 斌县, 中国
产品信息: 松下 智能电饭煲 Pro (类别: 智能电饭煲)
生产商: 松下智能电器
产品价格: 1510.53
评分: 1.3星
评价日期: 2024年10月14日
评价内容: ""在多次对比之后选择了这款，这款智能电饭煲有严重问题。噪音控制简直无法忍受。希望厂家能重视这些问题。""",150,智能电饭煲,松下 智能电饭煲 Pro,易动力信息有限公司网络安全
638,72,PV664,3.8,2024-10-14,"客户ID: PV664
客户公司: 毕博诚信息有限公司信息技术
客户所在地: 柳州县, 中国
产品信息: 西门子 智能洗衣机 Pro (类别: 智能洗衣机)
生产商: 西门子智能家居
产品价格: 6209.73
评分: 3.8星
评价日期: 2024年10月14日
评价内容: ""这款智能洗衣机一般，稳定性好，但是噪音控制有点问题。""",130,智能洗衣机,西门子 智能洗衣机 Pro,毕博诚信息有限公司信息技术
988,87,EK253,1.8,2024-10-14,"客户ID: EK253
客户公司: 兰金电子科技有限公司区块链技术
客户所在地: 南昌市, 中国
产品信息: 美的 智能马桶 Mini (类别: 智能马桶)
生产商: 美的智能科技
产品价格: 3349.58
评分: 1.8星
评价日期: 2024年10月14日
评价内容: ""这款产品有严重问题，做工一般，已经申请退款。""",124,智能马桶,美的 智能马桶 Mini,兰金电子科技有限公司区块链技术
1079,101,VH856,4.1,2024-10-14,"客户ID: VH856
客户公司: 鑫博腾飞科技有限公司电子商务
客户所在地: 英县, 中国
产品信息: 三星 智能摄像头 Mini (类别: 智能摄像头)
生产商: 三星智能家电
产品价格: 1662.36
评分: 4.1星
评价日期: 2024年10月14日
评价内容: ""这款产品的自动升级特别好用，在日常使用时特别方便。""",127,智能摄像头,三星 智能摄像头 Mini,鑫博腾飞科技有限公司电子商务
132,8,FB488,1.9,2024-10-13,"客户ID: FB488
客户公司: 方正科技科技有限公司互联网服务
客户所在地: 宁德市, 中国
产品信息: 松下 智能开关 Lite (类别: 智能开关)
生产商: 松下智能电器
产品价格: 9053.56
评分: 1.9星
评价日期: 2024年10月13日
评价内容: ""对这款智能开关非常不满意，画质模糊，浪费钱。""",124,智能开关,松下 智能开关 Lite,方正科技科技有限公司互联网服务
319,80,EB652,4.2,2024-10-12,"客户ID: EB652
客户公司: 凌云信息有限公司虚拟现实
客户所在地: 秀珍县, 中国
产品信息: LG 智能音箱 Lite (类别: 智能音箱)
生产商: LG智能家电
产品价格: 6885.61
评分: 4.2星
评价日期: 2024年10月12日
评价内容: ""非常满意这次购买，节能环保，送货也很快。""",117,智能音箱,LG 智能音箱 Lite,凌云信息有限公司虚拟现实
715,90,BF338,4.1,2024-10-12,"客户ID: BF338
客户公司: 天开网络有限公司金融科技
客户所在地: 南宁市, 中国
产品信息: 三星 智能窗帘 Standard (类别: 智能窗帘)
生产商: 三星智能家电
产品价格: 2559.17
评分: 4.1星
评价日期: 2024年10月12日
评价内容: ""在看电影时时使用效果很好，特别是快速启动功能。""",122,智能窗帘,三星 智能窗帘 Standard,天开网络有限公司金融科技
861,34,GJ116,2.8,2024-10-11,"客户ID: GJ116
客户公司: 良诺信息有限公司生物科技
客户所在地: 红市, 中国
产品信息: 松下 智能开关 Advanced (类别: 智能开关)
生产商: 松下智能电器
产品价格: 7248.19
评分: 2.8星
评价日期: 2024年10月11日
评价内容: ""个人认为，这款松下 智能开关 Advanced存在明显缺陷。信号强度简直无法忍受。以后不会再考虑这个品牌的产品。""",145,智能开关,松下 智能开关 Advanced,良诺信息有限公司生物科技
864,92,DV182,4.3,2024-10-11,"客户ID: DV182
客户公司: 艾提科信传媒有限公司网络安全
客户所在地: 桂荣市, 中国
产品信息: 西门子 智能摄像头 Plus (类别: 智能摄像头)
生产商: 西门子智能家居
产品价格: 9026.06
评分: 4.3星
评价日期: 2024年10月11日
评价内容: ""非常满意这次购买，做工精细，送货也很快。""",125,智能摄像头,西门子 智能摄像头 Plus,艾提科信传媒有限公司网络安全
769,53,MZ379,4.0,2024-10-10,"客户ID: MZ379
客户公司: 联软传媒有限公司区块链技术
客户所在地: 慧县, 中国
产品信息: 华为 智能电视 Lite (类别: 智能电视)
生产商: 华为智能生活
产品价格: 2968.02
评分: 4.0星
评价日期: 2024年10月10日
评价内容: ""在工作时时使用效果很好，特别是省电模式功能。""",121,智能电视,华为 智能电视 Lite,联软传媒有限公司区块链技术
925,19,JT617,3.3,2024-10-10,"客户ID: JT617
客户公司: 时空盒数字信息有限公司智能科技
客户所在地: 郑州县, 中国
产品信息: 海尔智慧家庭 智能开关 Plus (类别: 智能开关)
生产商: 海尔智慧家庭
产品价格: 7438.8
评分: 3.3星
评价日期: 2024年10月10日
评价内容: ""总体来说还行，安装方便，就是使用说明不清。""",127,智能开关,海尔智慧家庭 智能开关 Plus,时空盒数字信息有限公司智能科技
473,43,TB616,3.3,2024-10-09,"客户ID: TB616
客户公司: 晖来计算机网络有限公司虚拟现实
客户所在地: 梅县, 中国
产品信息: 华为 智能电视 Max (类别: 智能电视)
生产商: 华为智能生活
产品价格: 4139.84
评分: 3.3星
评价日期: 2024年10月09日
评价内容: ""智能电视的质量还可以，节能环保，不过续航时间短。""",125,智能电视,华为 智能电视 Max,晖来计算机网络有限公司虚拟现实
1005,18,KM929,1.4,2024-10-09,"客户ID: KM929
客户公司: 迪摩科技有限公司电子商务
客户所在地: 福州县, 中国
产品信息: 美的 智能门锁 Mini (类别: 智能门锁)
生产商: 美的智能科技
产品价格: 5323.58
评分: 1.4星
评价日期: 2024年10月09日
评价内容: ""这款产品有严重问题，售后服务差，已经申请退款。""",122,智能门锁,美的 智能门锁 Mini,迪摩科技有限公司电子商务
249,47,WY218,4.4,2024-10-08,"客户ID: WY218
客户公司: 飞海科技传媒有限公司信息技术
客户所在地: 济南市, 中国
产品信息: 苹果 智能灯具 Basic (类别: 智能灯具)
生产商: 苹果智能家庭
产品价格: 2411.14
评分: 4.4星
评价日期: 2024年10月08日
评价内容: ""在看电影时时使用效果很好，特别是静音设计功能。""",124,智能灯具,苹果 智能灯具 Basic,飞海科技传媒有限公司信息技术
571,82,VH856,2.5,2024-10-08,"客户ID: VH856
客户公司: 鑫博腾飞科技有限公司电子商务
客户所在地: 英县, 中国
产品信息: LG 智能开关 Lite (类别: 智能开关)
生产商: LG智能家电
产品价格: 7112.72
评分: 2.5星
评价日期: 2024年10月08日
评价内容: ""不推荐这款智能开关，价格偏高，很失望。""",117,智能开关,LG 智能开关 Lite,鑫博腾飞科技有限公司电子商务
947,91,AU710,3.2,2024-10-07,"客户ID: AU710
客户公司: 巨奥传媒有限公司信息技术
客户所在地: 辛集市, 中国
产品信息: 亚马逊 智能音箱 Basic (类别: 智能音箱)
生产商: 亚马逊智能科技
产品价格: 3165.04
评分: 3.2星
评价日期: 2024年10月07日
评价内容: ""这款产品优缺点都有，安装方便，但操作复杂。""",122,智能音箱,亚马逊 智能音箱 Basic,巨奥传媒有限公司信息技术
973,76,EB652,2.6,2024-10-07,"客户ID: EB652
客户公司: 凌云信息有限公司虚拟现实
客户所在地: 秀珍县, 中国
产品信息: 松下 智能窗帘 Advanced (类别: 智能窗帘)
生产商: 松下智能电器
产品价格: 7412.19
评分: 2.6星
评价日期: 2024年10月07日
评价内容: ""不推荐这款智能窗帘，音质一般，很失望。""",118,智能窗帘,松下 智能窗帘 Advanced,凌云信息有限公司虚拟现实
1270,48,QL573,4.4,2024-10-07,"客户ID: QL573
客户公司: 维涛科技有限公司网络安全
客户所在地: 永安市, 中国
产品信息: 苹果 智能门锁 Pro (类别: 智能门锁)
生产商: 苹果智能家庭
产品价格: 815.71
评分: 4.4星
评价日期: 2024年10月07日
评价内容: ""这款产品的智能场景特别好用，在夜间使用时特别方便。""",124,智能门锁,苹果 智能门锁 Pro,维涛科技有限公司网络安全
83,43,AK874,2.7,2024-10-06,"客户ID: AK874
客户公司: 昊嘉信息有限公司区块链技术
客户所在地: 雷市, 中国
产品信息: 华为 智能电视 Max (类别: 智能电视)
生产商: 华为智能生活
产品价格: 4139.84
评分: 2.7星
评价日期: 2024年10月06日
评价内容: ""用了一段时间，这款华为 智能电视 Max完全不符合预期。噪音控制简直无法忍受。这钱花得太冤枉了。""",143,智能电视,华为 智能电视 Max,昊嘉信息有限公司区块链技术
816,1,UY980,4.1,2024-10-06,"客户ID: UY980
客户公司: 兰金电子传媒有限公司生物科技
客户所在地: 桂香县, 中国
产品信息: 亚马逊 智能电饭煲 Advanced (类别: 智能电饭煲)
生产商: 亚马逊智能科技
产品价格: 7608.63
评分: 4.1星
评价日期: 2024年10月06日
评价内容: ""收到货后，这款智能电饭煲很好用。同时特别适合夜间使用。如果非要说缺点的话，可能就是兼容性差。有点贵了，但质量确实好。""",163,智能电饭煲,亚马逊 智能电饭煲 Advanced,兰金电子传媒有限公司生物科技
1011,75,VZ702,4.3,2024-10-04,"客户ID: VZ702
客户公司: 精芯网络有限公司互联网服务
客户所在地: 马鞍山县, 中国
产品信息: 亚马逊 智能空调 Standard (类别: 智能空调)
生产商: 亚马逊智能科技
产品价格: 9247.38
评分: 4.3星
评价日期: 2024年10月04日
评价内容: ""这款智能空调的自动调节功能很实用，续航时间长。""",126,智能空调,亚马逊 智能空调 Standard,精芯网络有限公司互联网服务
340,59,VC531,1.0,2024-10-03,"客户ID: VC531
客户公司: 九方传媒有限公司生物科技
客户所在地: 六盘水市, 中国
产品信息: 西门子 智能摄像头 Max (类别: 智能摄像头)
生产商: 西门子智能家居
产品价格: 5402.93
评分: 1.0星
评价日期: 2024年10月03日
评价内容: ""个人认为，这款智能摄像头不值这个价格。在晚上睡前时完全不能正常工作。唯一值得称赞的可能就是外观设计还不错。希望厂家能重视这些问题。""",169,智能摄像头,西门子 智能摄像头 Max,九方传媒有限公司生物科技
1186,27,VX147,3.4,2024-10-03,"客户ID: VX147
客户公司: 东方峻景传媒有限公司金融科技
客户所在地: 海门县, 中国
产品信息: 小米 智能加湿器 Plus (类别: 智能加湿器)
生产商: 小米智能家居
产品价格: 8210.59
评分: 3.4星
评价日期: 2024年10月03日
评价内容: ""在多次对比之后选择了这款，这款小米 智能加湿器 Plus功能基本满足需求。在做饭时时使用体验还不错。并且在家庭聚会场景下表现一般。期待下一代产品能有所改进。""",176,智能加湿器,小米 智能加湿器 Plus,东方峻景传媒有限公司金融科技
349,95,RY548,2.9,2024-10-02,"客户ID: RY548
客户公司: 易动力信息有限公司网络安全
客户所在地: 斌县, 中国
产品信息: 格力 智能音箱 Advanced (类别: 智能音箱)
生产商: 格力智能电器
产品价格: 8366.34
评分: 2.9星
评价日期: 2024年10月02日
评价内容: ""这款产品有严重问题，反应迟钝，已经申请退款。""",121,智能音箱,格力 智能音箱 Advanced,易动力信息有限公司网络安全
921,49,EI532,1.4,2024-10-02,"客户ID: EI532
客户公司: 七喜传媒有限公司人工智能
客户所在地: 丽华县, 中国
产品信息: 松下 智能加湿器 Pro (类别: 智能加湿器)
生产商: 松下智能电器
产品价格: 8374.66
评分: 1.4星
评价日期: 2024年10月02日
评价内容: ""电池寿命问题很严重，完全不值这个价格。""",120,智能加湿器,松下 智能加湿器 Pro,七喜传媒有限公司人工智能
337,28,CC657,3.8,2024-10-01,"客户ID: CC657
客户公司: 昊嘉信息有限公司信息技术
客户所在地: 军县, 中国
产品信息: 飞利浦 智能扫地机器人 Plus (类别: 智能扫地机器人)
生产商: 飞利浦智能照明
产品价格: 230.53
评分: 3.8星
评价日期: 2024年10月01日
评价内容: ""智能扫地机器人的质量还可以，做工精细，不过做工一般。""",132,智能扫地机器人,飞利浦 智能扫地机器人 Plus,昊嘉信息有限公司信息技术
495,12,US056,4.0,2024-10-01,"客户ID: US056
客户公司: 国讯网络有限公司移动应用开发
客户所在地: 文市, 中国
产品信息: 格力 智能空气净化器 Standard (类别: 智能空气净化器)
生产商: 格力智能电器
产品价格: 9181.39
评分: 4.0星
评价日期: 2024年10月01日
评价内容: ""使用了一个月，音质出色，没有发现任何问题。""",127,智能空气净化器,格力 智能空气净化器 Standard,国讯网络有限公司移动应用开发
272,29,RG743,2.9,2024-09-29,"客户ID: RG743
客户公司: 快讯信息有限公司智能科技
客户所在地: 勇县, 中国
产品信息: 博世 智能空气净化器 Lite (类别: 智能空气净化器)
生产商: 博世智能系统
产品价格: 6067.97
评分: 2.9星
评价日期: 2024年09月29日
评价内容: ""这款产品有严重问题，使用说明不清，已经申请退款。""",128,智能空气净化器,博世 智能空气净化器 Lite,快讯信息有限公司智能科技
646,68,PV664,1.3,2024-09-29,"客户ID: PV664
客户公司: 毕博诚信息有限公司信息技术
客户所在地: 柳州县, 中国
产品信息: 博世 智能插座 Basic (类别: 智能插座)
生产商: 博世智能系统
产品价格: 3665.95
评分: 1.3星
评价日期: 2024年09月29日
评价内容: ""使用一周后出现故障，使用说明不清，售后服务也不好。""",125,智能插座,博世 智能插座 Basic,毕博诚信息有限公司信息技术
814,35,TB616,1.1,2024-09-29,"客户ID: TB616
客户公司: 晖来计算机网络有限公司虚拟现实
客户所在地: 梅县, 中国
产品信息: 亚马逊 智能门铃 Max (类别: 智能门铃)
生产商: 亚马逊智能科技
产品价格: 3226.81
评分: 1.1星
评价日期: 2024年09月29日
评价内容: ""信号强度问题很严重，完全不值这个价格。""",122,智能门铃,亚马逊 智能门铃 Max,晖来计算机网络有限公司虚拟现实
189,27,GL926,2.0,2024-09-28,"客户ID: GL926
客户公司: 时空盒数字传媒有限公司大数据分析
客户所在地: 巢湖市, 中国
产品信息: 小米 智能加湿器 Plus (类别: 智能加湿器)
生产商: 小米智能家居
产品价格: 8210.59
评分: 2.0星
评价日期: 2024年09月28日
评价内容: ""对这款智能加湿器非常不满意，画质模糊，浪费钱。""",128,智能加湿器,小米 智能加湿器 Plus,时空盒数字传媒有限公司大数据分析
930,72,ZU351,2.2,2024-09-27,"客户ID: ZU351
客户公司: 银嘉科技有限公司科技公司
客户所在地: 秀荣市, 中国
产品信息: 西门子 智能洗衣机 Pro (类别: 智能洗衣机)
生产商: 西门子智能家居
产品价格: 6209.73
评分: 2.2星
评价日期: 2024年09月27日
评价内容: ""使用一周后出现故障，续航时间短，售后服务也不好。""",127,智能洗衣机,西门子 智能洗衣机 Pro,银嘉科技有限公司科技公司
1245,87,IP471,2.4,2024-09-27,"客户ID: IP471
客户公司: 银嘉信息有限公司移动应用开发
客户所在地: 荆门市, 中国
产品信息: 美的 智能马桶 Mini (类别: 智能马桶)
生产商: 美的智能科技
产品价格: 3349.58
评分: 2.4星
评价日期: 2024年09月27日
评价内容: ""这款产品有严重问题，做工一般，已经申请退款。""",123,智能马桶,美的 智能马桶 Mini,银嘉信息有限公司移动应用开发
289,101,US056,3.5,2024-09-26,"客户ID: US056
客户公司: 国讯网络有限公司移动应用开发
客户所在地: 文市, 中国
产品信息: 三星 智能摄像头 Mini (类别: 智能摄像头)
生产商: 三星智能家电
产品价格: 1662.36
评分: 3.5星
评价日期: 2024年09月26日
评价内容: ""这款智能摄像头一般，外观漂亮，但是连接稳定性有点问题。""",129,智能摄像头,三星 智能摄像头 Mini,国讯网络有限公司移动应用开发
462,42,XO649,5.0,2024-09-26,"客户ID: XO649
客户公司: 晖来计算机传媒有限公司云计算
客户所在地: 郑州县, 中国
产品信息: 谷歌 智能净水器 Ultra (类别: 智能净水器)
生产商: 谷歌智能设备
产品价格: 7844.22
评分: 5.0星
评价日期: 2024年09月26日
评价内容: ""这款产品的定时功能特别好用，在夜间使用时特别方便。""",128,智能净水器,谷歌 智能净水器 Ultra,晖来计算机传媒有限公司云计算
709,68,GL926,3.3,2024-09-26,"客户ID: GL926
客户公司: 时空盒数字传媒有限公司大数据分析
客户所在地: 巢湖市, 中国
产品信息: 博世 智能插座 Basic (类别: 智能插座)
生产商: 博世智能系统
产品价格: 3665.95
评分: 3.3星
评价日期: 2024年09月26日
评价内容: ""这款产品优缺点都有，智能化程度高，但安装困难。""",126,智能插座,博世 智能插座 Basic,时空盒数字传媒有限公司大数据分析
742,46,EU335,1.7,2024-09-26,"客户ID: EU335
客户公司: 济南亿次元网络有限公司科技公司
客户所在地: 巢湖市, 中国
产品信息: 小米 智能开关 Max (类别: 智能开关)
生产商: 小米智能家居
产品价格: 2038.82
评分: 1.7星
评价日期: 2024年09月26日
评价内容: ""不推荐这款智能开关，功能单一，很失望。""",121,智能开关,小米 智能开关 Max,济南亿次元网络有限公司科技公司
958,66,VH856,1.4,2024-09-26,"客户ID: VH856
客户公司: 鑫博腾飞科技有限公司电子商务
客户所在地: 英县, 中国
产品信息: 松下 智能马桶 Elite (类别: 智能马桶)
生产商: 松下智能电器
产品价格: 9184.21
评分: 1.4星
评价日期: 2024年09月26日
评价内容: ""必须承认，这款松下 智能马桶 Elite存在明显缺陷。主要问题在于耗电量大。唯一值得称赞的可能就是外观设计还不错。以后不会再考虑这个品牌的产品。""",166,智能马桶,松下 智能马桶 Elite,鑫博腾飞科技有限公司电子商务
982,28,PV664,2.0,2024-09-26,"客户ID: PV664
客户公司: 毕博诚信息有限公司信息技术
客户所在地: 柳州县, 中国
产品信息: 飞利浦 智能扫地机器人 Plus (类别: 智能扫地机器人)
生产商: 飞利浦智能照明
产品价格: 230.53
评分: 2.0星
评价日期: 2024年09月26日
评价内容: ""不推荐这款智能扫地机器人，续航时间短，很失望。""",131,智能扫地机器人,飞利浦 智能扫地机器人 Plus,毕博诚信息有限公司信息技术
320,4,AW347,4.4,2024-09-25,"客户ID: AW347
客户公司: 鸿睿思博传媒有限公司智能科技
客户所在地: 武汉市, 中国
产品信息: 西门子 智能电视 Pro (类别: 智能电视)
生产商: 西门子智能家居
产品价格: 9993.23
评分: 4.4星
评价日期: 2024年09月25日
评价内容: ""这款产品的一键控制特别好用，在户外活动时特别方便。""",128,智能电视,西门子 智能电视 Pro,鸿睿思博传媒有限公司智能科技
873,18,MR129,2.9,2024-09-25,"客户ID: MR129
客户公司: 太极信息有限公司互联网服务
客户所在地: 海门市, 中国
产品信息: 美的 智能门锁 Mini (类别: 智能门锁)
生产商: 美的智能科技
产品价格: 5323.58
评分: 2.9星
评价日期: 2024年09月25日
评价内容: ""使用后感觉，这款智能门锁完全不符合预期。主要问题在于价格偏高。这钱花得太冤枉了。""",140,智能门锁,美的 智能门锁 Mini,太极信息有限公司互联网服务
1130,79,OA831,1.4,2024-09-25,"客户ID: OA831
客户公司: 华泰通安科技有限公司网络安全
客户所在地: 玉梅市, 中国
产品信息: 格力 智能手环 Lite (类别: 智能手环)
生产商: 格力智能电器
产品价格: 9808.19
评分: 1.4星
评价日期: 2024年09月25日
评价内容: ""必须承认，这款格力 智能手环 Lite性价比极低。在工作时时完全不能正常工作。希望厂家能重视这些问题。""",147,智能手环,格力 智能手环 Lite,华泰通安科技有限公司网络安全
1221,31,BF338,2.7,2024-09-25,"客户ID: BF338
客户公司: 天开网络有限公司金融科技
客户所在地: 南宁市, 中国
产品信息: 三星 智能加湿器 Mini (类别: 智能加湿器)
生产商: 三星智能家电
产品价格: 1356.55
评分: 2.7星
评价日期: 2024年09月25日
评价内容: ""信号强度问题很严重，完全不值这个价格。""",120,智能加湿器,三星 智能加湿器 Mini,天开网络有限公司金融科技
1277,21,CM245,2.3,2024-09-25,"客户ID: CM245
客户公司: 万迅电脑信息有限公司科技公司
客户所在地: 洋县, 中国
产品信息: 华为 智能加湿器 Plus (类别: 智能加湿器)
生产商: 华为智能生活
产品价格: 2510.66
评分: 2.3星
评价日期: 2024年09月25日
评价内容: ""购买后，这款华为 智能加湿器 Plus性价比极低。主要问题在于耗电量大。不推荐任何人购买。""",142,智能加湿器,华为 智能加湿器 Plus,万迅电脑信息有限公司科技公司
335,18,VX147,4.7,2024-09-24,"客户ID: VX147
客户公司: 东方峻景传媒有限公司金融科技
客户所在地: 海门县, 中国
产品信息: 美的 智能门锁 Mini (类别: 智能门锁)
生产商: 美的智能科技
产品价格: 5323.58
评分: 4.7星
评价日期: 2024年09月24日
评价内容: ""在做饭时时使用效果很好，特别是静音设计功能。""",123,智能门锁,美的 智能门锁 Mini,东方峻景传媒有限公司金融科技
548,31,MR129,1.3,2024-09-24,"客户ID: MR129
客户公司: 太极信息有限公司互联网服务
客户所在地: 海门市, 中国
产品信息: 三星 智能加湿器 Mini (类别: 智能加湿器)
生产商: 三星智能家电
产品价格: 1356.55
评分: 1.3星
评价日期: 2024年09月24日
评价内容: ""对这款智能加湿器非常不满意，价格偏高，浪费钱。""",125,智能加湿器,三星 智能加湿器 Mini,太极信息有限公司互联网服务
636,22,MJ814,2.1,2024-09-22,"客户ID: MJ814
客户公司: 毕博诚科技有限公司互联网服务
客户所在地: 俊市, 中国
产品信息: 美的 智能电视 Basic (类别: 智能电视)
生产商: 美的智能科技
产品价格: 7621.5
评分: 2.1星
评价日期: 2024年09月22日
评价内容: ""不推荐这款智能电视，反应迟钝，很失望。""",119,智能电视,美的 智能电视 Basic,毕博诚科技有限公司互联网服务
770,98,RG743,2.8,2024-09-22,"客户ID: RG743
客户公司: 快讯信息有限公司智能科技
客户所在地: 勇县, 中国
产品信息: 格力 智能电视 Pro (类别: 智能电视)
生产商: 格力智能电器
产品价格: 2676.49
评分: 2.8星
评价日期: 2024年09月22日
评价内容: ""不推荐这款智能电视，反应迟钝，很失望。""",117,智能电视,格力 智能电视 Pro,快讯信息有限公司智能科技
946,7,QI779,4.1,2024-09-21,"客户ID: QI779
客户公司: 合联电子科技有限公司网络安全
客户所在地: 沈阳县, 中国
产品信息: 博世 智能扫地机器人 Max (类别: 智能扫地机器人)
生产商: 博世智能系统
产品价格: 1108.4
评分: 4.1星
评价日期: 2024年09月21日
评价内容: ""非常满意这次购买，智能化程度高，送货也很快。""",129,智能扫地机器人,博世 智能扫地机器人 Max,合联电子科技有限公司网络安全
950,71,QI779,3.3,2024-09-21,"客户ID: QI779
客户公司: 合联电子科技有限公司网络安全
客户所在地: 沈阳县, 中国
产品信息: 索尼 智能冰箱 Elite (类别: 智能冰箱)
生产商: 索尼智能科技
产品价格: 6386.01
评分: 3.3星
评价日期: 2024年09月21日
评价内容: ""总体来说还行，做工精细，就是价格偏高。""",120,智能冰箱,索尼 智能冰箱 Elite,合联电子科技有限公司网络安全
1138,1,PE529,3.4,2024-09-21,"客户ID: PE529
客户公司: 易动力网络有限公司信息技术
客户所在地: 英县, 中国
产品信息: 亚马逊 智能电饭煲 Advanced (类别: 智能电饭煲)
生产商: 亚马逊智能科技
产品价格: 7608.63
评分: 3.4星
评价日期: 2024年09月21日
评价内容: ""购买后，这款智能电饭煲功能基本满足需求。省电模式设计得比较合理。尤其是噪音控制有点问题。希望厂家能改进这些问题。""",159,智能电饭煲,亚马逊 智能电饭煲 Advanced,易动力网络有限公司信息技术
614,72,XA254,1.8,2024-09-20,"客户ID: XA254
客户公司: 易动力信息有限公司物联网
客户所在地: 齐齐哈尔市, 中国
产品信息: 西门子 智能洗衣机 Pro (类别: 智能洗衣机)
生产商: 西门子智能家居
产品价格: 6209.73
评分: 1.8星
评价日期: 2024年09月20日
评价内容: ""噪音控制问题很严重，完全不值这个价格。""",124,智能洗衣机,西门子 智能洗衣机 Pro,易动力信息有限公司物联网
645,63,GC890,2.0,2024-09-19,"客户ID: GC890
客户公司: 创联世纪信息有限公司移动应用开发
客户所在地: 福州县, 中国
产品信息: LG 智能净水器 Basic (类别: 智能净水器)
生产商: LG智能家电
产品价格: 9118.55
评分: 2.0星
评价日期: 2024年09月19日
评价内容: ""对这款智能净水器非常不满意，功能单一，浪费钱。""",126,智能净水器,LG 智能净水器 Basic,创联世纪信息有限公司移动应用开发
881,11,CZ861,1.7,2024-09-18,"客户ID: CZ861
客户公司: 合联电子科技有限公司信息技术
客户所在地: 荣市, 中国
产品信息: 小米 智能门锁 Mini (类别: 智能门锁)
生产商: 小米智能家居
产品价格: 4624.66
评分: 1.7星
评价日期: 2024年09月18日
评价内容: ""不推荐这款智能门锁，价格偏高，很失望。""",119,智能门锁,小米 智能门锁 Mini,合联电子科技有限公司信息技术
229,31,VX147,1.5,2024-09-17,"客户ID: VX147
客户公司: 东方峻景传媒有限公司金融科技
客户所在地: 海门县, 中国
产品信息: 三星 智能加湿器 Mini (类别: 智能加湿器)
生产商: 三星智能家电
产品价格: 1356.55
评分: 1.5星
评价日期: 2024年09月17日
评价内容: ""连接稳定性问题很严重，完全不值这个价格。""",123,智能加湿器,三星 智能加湿器 Mini,东方峻景传媒有限公司金融科技
427,60,GR729,2.9,2024-09-17,"客户ID: GR729
客户公司: 中建创业网络有限公司移动应用开发
客户所在地: 辽阳县, 中国
产品信息: 华为 智能窗帘 Basic (类别: 智能窗帘)
生产商: 华为智能生活
产品价格: 2259.63
评分: 2.9星
评价日期: 2024年09月17日
评价内容: ""电池寿命问题很严重，完全不值这个价格。""",122,智能窗帘,华为 智能窗帘 Basic,中建创业网络有限公司移动应用开发
454,23,UY980,1.1,2024-09-17,"客户ID: UY980
客户公司: 兰金电子传媒有限公司生物科技
客户所在地: 桂香县, 中国
产品信息: 美的 智能净水器 Plus (类别: 智能净水器)
生产商: 美的智能科技
产品价格: 8466.26
评分: 1.1星
评价日期: 2024年09月17日
评价内容: ""对这款智能净水器非常不满意，价格偏高，浪费钱。""",126,智能净水器,美的 智能净水器 Plus,兰金电子传媒有限公司生物科技
599,11,DV182,3.8,2024-09-17,"客户ID: DV182
客户公司: 艾提科信传媒有限公司网络安全
客户所在地: 桂荣市, 中国
产品信息: 小米 智能门锁 Mini (类别: 智能门锁)
生产商: 小米智能家居
产品价格: 4624.66
评分: 3.8星
评价日期: 2024年09月17日
评价内容: ""在做饭时使用还不错，但在其他情况下表现一般。""",123,智能门锁,小米 智能门锁 Mini,艾提科信传媒有限公司网络安全
1029,75,BN418,1.7,2024-09-17,"客户ID: BN418
客户公司: 易动力网络有限公司移动应用开发
客户所在地: 重庆市, 中国
产品信息: 亚马逊 智能空调 Standard (类别: 智能空调)
生产商: 亚马逊智能科技
产品价格: 9247.38
评分: 1.7星
评价日期: 2024年09月17日
评价内容: ""对这款智能空调非常不满意，稳定性差，浪费钱。""",126,智能空调,亚马逊 智能空调 Standard,易动力网络有限公司移动应用开发
1121,69,WB890,1.2,2024-09-17,"客户ID: WB890
客户公司: 鑫博腾飞网络有限公司金融科技
客户所在地: 马鞍山市, 中国
产品信息: 谷歌 智能洗衣机 Elite (类别: 智能洗衣机)
生产商: 谷歌智能设备
产品价格: 4072.02
评分: 1.2星
评价日期: 2024年09月17日
评价内容: ""经过一段时间使用，这款谷歌 智能洗衣机 Elite存在明显缺陷。使用不到一周就出现了损坏。唯一值得称赞的可能就是送货速度快。""",160,智能洗衣机,谷歌 智能洗衣机 Elite,鑫博腾飞网络有限公司金融科技
1253,69,IP471,1.1,2024-09-17,"客户ID: IP471
客户公司: 银嘉信息有限公司移动应用开发
客户所在地: 荆门市, 中国
产品信息: 谷歌 智能洗衣机 Elite (类别: 智能洗衣机)
生产商: 谷歌智能设备
产品价格: 4072.02
评分: 1.1星
评价日期: 2024年09月17日
评价内容: ""连接稳定性问题很严重，完全不值这个价格。""",123,智能洗衣机,谷歌 智能洗衣机 Elite,银嘉信息有限公司移动应用开发
80,32,TO444,4.0,2024-09-15,"客户ID: TO444
客户公司: MBP软件网络有限公司移动应用开发
客户所在地: 辛集市, 中国
产品信息: 亚马逊 智能马桶 Elite (类别: 智能马桶)
生产商: 亚马逊智能科技
产品价格: 1801.88
评分: 4.0星
评价日期: 2024年09月15日
评价内容: ""购买后，这款智能马桶设计很人性化。更让我满意的是自动升级是我最喜欢的部分。对得起这个价格。""",149,智能马桶,亚马逊 智能马桶 Elite,MBP软件网络有限公司移动应用开发
959,36,EA575,4.1,2024-09-15,"客户ID: EA575
客户公司: 襄樊地球村信息有限公司物联网
客户所在地: 丽娟市, 中国
产品信息: 海尔智慧家庭 智能加湿器 Lite (类别: 智能加湿器)
生产商: 海尔智慧家庭
产品价格: 9057.68
评分: 4.1星
评价日期: 2024年09月15日
评价内容: ""在晚上睡前时使用效果很好，特别是省电模式功能。""",130,智能加湿器,海尔智慧家庭 智能加湿器 Lite,襄樊地球村信息有限公司物联网
51,73,DH200,1.9,2024-09-14,"客户ID: DH200
客户公司: 盟新传媒有限公司大数据分析
客户所在地: 辽阳县, 中国
产品信息: 飞利浦 智能扫地机器人 Ultra (类别: 智能扫地机器人)
生产商: 飞利浦智能照明
产品价格: 259.27
评分: 1.9星
评价日期: 2024年09月14日
评价内容: ""使用一周后出现故障，售后服务差，售后服务也不好。""",132,智能扫地机器人,飞利浦 智能扫地机器人 Ultra,盟新传媒有限公司大数据分析
759,10,TE207,4.6,2024-09-14,"客户ID: TE207
客户公司: 新宇龙信息传媒有限公司人工智能
客户所在地: 张家港市, 中国
产品信息: 美的 智能窗帘 Max (类别: 智能窗帘)
生产商: 美的智能科技
产品价格: 1836.78
评分: 4.6星
评价日期: 2024年09月14日
评价内容: ""使用了一个月，外观漂亮，没有发现任何问题。""",124,智能窗帘,美的 智能窗帘 Max,新宇龙信息传媒有限公司人工智能
95,26,QJ392,2.2,2024-09-13,"客户ID: QJ392
客户公司: 创亿网络有限公司金融科技
客户所在地: 重庆市, 中国
产品信息: 亚马逊 智能扫地机器人 Mini (类别: 智能扫地机器人)
生产商: 亚马逊智能科技
产品价格: 7885.52
评分: 2.2星
评价日期: 2024年09月13日
评价内容: ""使用一周后出现故障，售后服务差，售后服务也不好。""",131,智能扫地机器人,亚马逊 智能扫地机器人 Mini,创亿网络有限公司金融科技
807,56,PL616,4.7,2024-09-13,"客户ID: PL616
客户公司: 巨奥网络有限公司金融科技
客户所在地: 明市, 中国
产品信息: 华为 智能体重秤 Advanced (类别: 智能体重秤)
生产商: 华为智能生活
产品价格: 263.12
评分: 4.7星
评价日期: 2024年09月13日
评价内容: ""在多次对比之后选择了这款，这款华为 智能体重秤 Advanced品质很好。如果非要说缺点的话，价格稍微贵了一点。整体体验不错。""",154,智能体重秤,华为 智能体重秤 Advanced,巨奥网络有限公司金融科技
815,79,AK874,1.1,2024-09-13,"客户ID: AK874
客户公司: 昊嘉信息有限公司区块链技术
客户所在地: 雷市, 中国
产品信息: 格力 智能手环 Lite (类别: 智能手环)
生产商: 格力智能电器
产品价格: 9808.19
评分: 1.1星
评价日期: 2024年09月13日
评价内容: ""对这款智能手环非常不满意，功能单一，浪费钱。""",121,智能手环,格力 智能手环 Lite,昊嘉信息有限公司区块链技术
142,39,FN522,3.8,2024-09-12,"客户ID: FN522
客户公司: 新宇龙信息科技有限公司电子商务
客户所在地: 磊县, 中国
产品信息: 西门子 智能音箱 Mini (类别: 智能音箱)
生产商: 西门子智能家居
产品价格: 1668.63
评分: 3.8星
评价日期: 2024年09月12日
评价内容: ""智能音箱的质量还可以，外观漂亮，不过价格偏高。""",126,智能音箱,西门子 智能音箱 Mini,新宇龙信息科技有限公司电子商务
1050,86,BP732,1.0,2024-09-12,"客户ID: BP732
客户公司: 南康网络有限公司互联网服务
客户所在地: 敏市, 中国
产品信息: 博世 智能摄像头 Standard (类别: 智能摄像头)
生产商: 博世智能系统
产品价格: 8286.27
评分: 1.0星
评价日期: 2024年09月12日
评价内容: ""使用一周后出现故障，反应迟钝，售后服务也不好。""",124,智能摄像头,博世 智能摄像头 Standard,南康网络有限公司互联网服务
133,44,VZ702,2.5,2024-09-09,"客户ID: VZ702
客户公司: 精芯网络有限公司互联网服务
客户所在地: 马鞍山县, 中国
产品信息: 小米 智能空调 Elite (类别: 智能空调)
生产商: 小米智能家居
产品价格: 7690.31
评分: 2.5星
评价日期: 2024年09月09日
评价内容: ""说实话，这款智能空调使用体验很差。使用不到一周就出现了异常。不推荐任何人购买。""",140,智能空调,小米 智能空调 Elite,精芯网络有限公司互联网服务
233,32,VC531,3.0,2024-09-09,"客户ID: VC531
客户公司: 九方传媒有限公司生物科技
客户所在地: 六盘水市, 中国
产品信息: 亚马逊 智能马桶 Elite (类别: 智能马桶)
生产商: 亚马逊智能科技
产品价格: 1801.88
评分: 3.0星
评价日期: 2024年09月09日
评价内容: ""这款产品优缺点都有，反应灵敏，但反应迟钝。""",123,智能马桶,亚马逊 智能马桶 Elite,九方传媒有限公司生物科技
190,40,XO649,4.3,2024-09-08,"客户ID: XO649
客户公司: 晖来计算机传媒有限公司云计算
客户所在地: 郑州县, 中国
产品信息: 小米 智能马桶 Lite (类别: 智能马桶)
生产商: 小米智能家居
产品价格: 6252.3
评分: 4.3星
评价日期: 2024年09月08日
评价内容: ""试用了几天，这款小米 智能马桶 Lite品质很好。让我惊喜的是在工作时时表现尤为出色。和描述的有些差距。期待下一代产品能有所改进。""",161,智能马桶,小米 智能马桶 Lite,晖来计算机传媒有限公司云计算
492,80,AY876,4.7,2024-09-08,"客户ID: AY876
客户公司: 精芯传媒有限公司物联网
客户所在地: 武汉市, 中国
产品信息: LG 智能音箱 Lite (类别: 智能音箱)
生产商: LG智能家电
产品价格: 6885.61
评分: 4.7星
评价日期: 2024年09月08日
评价内容: ""这款智能音箱质量很好，功能齐全。总体来说很满意。""",120,智能音箱,LG 智能音箱 Lite,精芯传媒有限公司物联网
493,77,XN875,2.5,2024-09-08,"客户ID: XN875
客户公司: 天开传媒有限公司网络安全
客户所在地: 芳市, 中国
产品信息: 美的 智能洗衣机 Advanced (类别: 智能洗衣机)
生产商: 美的智能科技
产品价格: 6994.39
评分: 2.5星
评价日期: 2024年09月08日
评价内容: ""噪音控制问题很严重，完全不值这个价格。""",119,智能洗衣机,美的 智能洗衣机 Advanced,天开传媒有限公司网络安全
767,95,YZ898,4.5,2024-09-05,"客户ID: YZ898
客户公司: 通际名联科技有限公司金融科技
客户所在地: 济南市, 中国
产品信息: 格力 智能音箱 Advanced (类别: 智能音箱)
生产商: 格力智能电器
产品价格: 8366.34
评分: 4.5星
评价日期: 2024年09月05日
评价内容: ""使用了一个月，质量很好，没有发现任何问题。""",122,智能音箱,格力 智能音箱 Advanced,通际名联科技有限公司金融科技
1297,70,PS740,3.2,2024-09-05,"客户ID: PS740
客户公司: 国讯科技有限公司金融科技
客户所在地: 金凤市, 中国
产品信息: 博世 智能净水器 Max (类别: 智能净水器)
生产商: 博世智能系统
产品价格: 7890.83
评分: 3.2星
评价日期: 2024年09月05日
评价内容: ""总体来说还行，安装方便，就是画质模糊。""",120,智能净水器,博世 智能净水器 Max,国讯科技有限公司金融科技
1312,2,CC657,3.8,2024-09-04,"客户ID: CC657
客户公司: 昊嘉信息有限公司信息技术
客户所在地: 军县, 中国
产品信息: 美的 智能插座 Standard (类别: 智能插座)
生产商: 美的智能科技
产品价格: 9962.25
评分: 3.8星
评价日期: 2024年09月04日
评价内容: ""智能插座的质量还可以，兼容性强，不过反应迟钝。""",121,智能插座,美的 智能插座 Standard,昊嘉信息有限公司信息技术
917,101,ZG109,1.7,2024-09-04,"客户ID: ZG109
客户公司: 襄樊地球村网络有限公司智能科技
客户所在地: 坤县, 中国
产品信息: 三星 智能摄像头 Mini (类别: 智能摄像头)
生产商: 三星智能家电
产品价格: 1662.36
评分: 1.7星
评价日期: 2024年09月04日
评价内容: ""噪音控制问题很严重，完全不值这个价格。""",122,智能摄像头,三星 智能摄像头 Mini,襄樊地球村网络有限公司智能科技
587,33,VZ702,1.2,2024-09-03,"客户ID: VZ702
客户公司: 精芯网络有限公司互联网服务
客户所在地: 马鞍山县, 中国
产品信息: 飞利浦 智能加湿器 Ultra (类别: 智能加湿器)
生产商: 飞利浦智能照明
产品价格: 6144.74
评分: 1.2星
评价日期: 2024年09月03日
评价内容: ""使用后感觉，这款智能加湿器存在明显缺陷。在工作时时完全不能正常工作。""",139,智能加湿器,飞利浦 智能加湿器 Ultra,精芯网络有限公司互联网服务
1257,43,GR729,2.7,2024-09-03,"客户ID: GR729
客户公司: 中建创业网络有限公司移动应用开发
客户所在地: 辽阳县, 中国
产品信息: 华为 智能电视 Max (类别: 智能电视)
生产商: 华为智能生活
产品价格: 4139.84
评分: 2.7星
评价日期: 2024年09月03日
评价内容: ""不推荐这款智能电视，安装困难，很失望。""",122,智能电视,华为 智能电视 Max,中建创业网络有限公司移动应用开发
181,73,BN418,2.1,2024-09-02,"客户ID: BN418
客户公司: 易动力网络有限公司移动应用开发
客户所在地: 重庆市, 中国
产品信息: 飞利浦 智能扫地机器人 Ultra (类别: 智能扫地机器人)
生产商: 飞利浦智能照明
产品价格: 259.27
评分: 2.1星
评价日期: 2024年09月02日
评价内容: ""不推荐这款智能扫地机器人，安装困难，很失望。""",132,智能扫地机器人,飞利浦 智能扫地机器人 Ultra,易动力网络有限公司移动应用开发
509,31,CS287,3.8,2024-09-01,"客户ID: CS287
客户公司: 和泰网络有限公司电子商务
客户所在地: 玲市, 中国
产品信息: 三星 智能加湿器 Mini (类别: 智能加湿器)
生产商: 三星智能家电
产品价格: 1356.55
评分: 3.8星
评价日期: 2024年09月01日
评价内容: ""这款产品优缺点都有，性价比高，但售后服务差。""",122,智能加湿器,三星 智能加湿器 Mini,和泰网络有限公司电子商务
524,20,MZ379,1.4,2024-09-01,"客户ID: MZ379
客户公司: 联软传媒有限公司区块链技术
客户所在地: 慧县, 中国
产品信息: 谷歌 智能净水器 Basic (类别: 智能净水器)
生产商: 谷歌智能设备
产品价格: 2404.37
评分: 1.4星
评价日期: 2024年09月01日
评价内容: ""对比了市面上几款同类产品后，这款谷歌 智能净水器 Basic使用体验很差。主要问题在于售后服务差。以后不会再考虑这个品牌的产品。""",159,智能净水器,谷歌 智能净水器 Basic,联软传媒有限公司区块链技术
875,31,AK874,2.4,2024-08-31,"客户ID: AK874
客户公司: 昊嘉信息有限公司区块链技术
客户所在地: 雷市, 中国
产品信息: 三星 智能加湿器 Mini (类别: 智能加湿器)
生产商: 三星智能家电
产品价格: 1356.55
评分: 2.4星
评价日期: 2024年08月31日
评价内容: ""散热问题问题很严重，完全不值这个价格。""",120,智能加湿器,三星 智能加湿器 Mini,昊嘉信息有限公司区块链技术
985,97,CZ861,3.8,2024-08-31,"客户ID: CZ861
客户公司: 合联电子科技有限公司信息技术
客户所在地: 荣市, 中国
产品信息: 格力 智能净水器 Ultra (类别: 智能净水器)
生产商: 格力智能电器
产品价格: 9164.46
评分: 3.8星
评价日期: 2024年08月31日
评价内容: ""这款产品优缺点都有，质量很好，但价格偏高。""",123,智能净水器,格力 智能净水器 Ultra,合联电子科技有限公司信息技术
1104,26,TW751,1.9,2024-08-31,"客户ID: TW751
客户公司: 图龙信息网络有限公司云计算
客户所在地: 宁德市, 中国
产品信息: 亚马逊 智能扫地机器人 Mini (类别: 智能扫地机器人)
生产商: 亚马逊智能科技
产品价格: 7885.52
评分: 1.9星
评价日期: 2024年08月31日
评价内容: ""作为一个经常使用此类产品的人，这款亚马逊 智能扫地机器人 Mini不值这个价格。散热问题简直无法忍受。希望厂家能重视这些问题。""",166,智能扫地机器人,亚马逊 智能扫地机器人 Mini,图龙信息网络有限公司云计算
670,27,BF338,1.5,2024-08-30,"客户ID: BF338
客户公司: 天开网络有限公司金融科技
客户所在地: 南宁市, 中国
产品信息: 小米 智能加湿器 Plus (类别: 智能加湿器)
生产商: 小米智能家居
产品价格: 8210.59
评分: 1.5星
评价日期: 2024年08月30日
评价内容: ""购买后，这款智能加湿器功能实现得很糟糕。电池寿命简直无法忍受。唯一值得称赞的可能就是外观设计还不错。""",151,智能加湿器,小米 智能加湿器 Plus,天开网络有限公司金融科技
453,85,ZH741,3.2,2024-08-29,"客户ID: ZH741
客户公司: 巨奥科技有限公司信息技术
客户所在地: 峰县, 中国
产品信息: 博世 智能马桶 Basic (类别: 智能马桶)
生产商: 博世智能系统
产品价格: 1564.93
评分: 3.2星
评价日期: 2024年08月29日
评价内容: ""这款产品优缺点都有，操作简单，但兼容性差。""",119,智能马桶,博世 智能马桶 Basic,巨奥科技有限公司信息技术
382,58,WW556,1.5,2024-08-28,"客户ID: WW556
客户公司: 商软冠联网络有限公司信息技术
客户所在地: 梅市, 中国
产品信息: 松下 智能扫地机器人 Plus (类别: 智能扫地机器人)
生产商: 松下智能电器
产品价格: 998.22
评分: 1.5星
评价日期: 2024年08月28日
评价内容: ""收到货后，这款松下 智能扫地机器人 Plus很失望。使用不到一周就出现了损坏。唯一值得称赞的可能就是外观设计还不错。以后不会再考虑这个品牌的产品。""",174,智能扫地机器人,松下 智能扫地机器人 Plus,商软冠联网络有限公司信息技术
927,68,GJ116,5.0,2024-08-28,"客户ID: GJ116
客户公司: 良诺信息有限公司生物科技
客户所在地: 红市, 中国
产品信息: 博世 智能插座 Basic (类别: 智能插座)
生产商: 博世智能系统
产品价格: 3665.95
评分: 5.0星
评价日期: 2024年08月28日
评价内容: ""这款智能插座的节能模式功能很实用，兼容性强。""",120,智能插座,博世 智能插座 Basic,良诺信息有限公司生物科技
1173,60,AD089,4.6,2024-08-28,"客户ID: AD089
客户公司: 创亿网络有限公司移动应用开发
客户所在地: 楠市, 中国
产品信息: 华为 智能窗帘 Basic (类别: 智能窗帘)
生产商: 华为智能生活
产品价格: 2259.63
评分: 4.6星
评价日期: 2024年08月28日
评价内容: ""这是我用过的最好的智能窗帘之一，音质出色，性价比很高。""",127,智能窗帘,华为 智能窗帘 Basic,创亿网络有限公司移动应用开发
828,9,ME428,2.9,2024-08-27,"客户ID: ME428
客户公司: 创汇网络有限公司虚拟现实
客户所在地: 秀英市, 中国
产品信息: 亚马逊 智能插座 Pro (类别: 智能插座)
生产商: 亚马逊智能科技
产品价格: 6880.25
评分: 2.9星
评价日期: 2024年08月27日
评价内容: ""这款产品有严重问题，画质模糊，已经申请退款。""",123,智能插座,亚马逊 智能插座 Pro,创汇网络有限公司虚拟现实
889,41,XN875,4.9,2024-08-27,"客户ID: XN875
客户公司: 天开传媒有限公司网络安全
客户所在地: 芳市, 中国
产品信息: 索尼 智能空气净化器 Ultra (类别: 智能空气净化器)
生产商: 索尼智能科技
产品价格: 9311.59
评分: 4.9星
评价日期: 2024年08月27日
评价内容: ""这是我用过的最好的智能空气净化器之一，操作简单，性价比很高。""",134,智能空气净化器,索尼 智能空气净化器 Ultra,天开传媒有限公司网络安全
101,21,ZO854,2.4,2024-08-26,"客户ID: ZO854
客户公司: MBP软件科技有限公司信息技术
客户所在地: 丽华县, 中国
产品信息: 华为 智能加湿器 Plus (类别: 智能加湿器)
生产商: 华为智能生活
产品价格: 2510.66
评分: 2.4星
评价日期: 2024年08月26日
评价内容: ""这款产品有严重问题，智能化程度低，已经申请退款。""",126,智能加湿器,华为 智能加湿器 Plus,MBP软件科技有限公司信息技术
653,97,DH200,2.2,2024-08-26,"客户ID: DH200
客户公司: 盟新传媒有限公司大数据分析
客户所在地: 辽阳县, 中国
产品信息: 格力 智能净水器 Ultra (类别: 智能净水器)
生产商: 格力智能电器
产品价格: 9164.46
评分: 2.2星
评价日期: 2024年08月26日
评价内容: ""对这款智能净水器非常不满意，稳定性差，浪费钱。""",125,智能净水器,格力 智能净水器 Ultra,盟新传媒有限公司大数据分析
916,20,MA264,3.2,2024-08-26,"客户ID: MA264
客户公司: 时刻网络有限公司信息技术
客户所在地: 梅县, 中国
产品信息: 谷歌 智能净水器 Basic (类别: 智能净水器)
生产商: 谷歌智能设备
产品价格: 2404.37
评分: 3.2星
评价日期: 2024年08月26日
评价内容: ""我觉得，这款谷歌 智能净水器 Basic总体来说还可以。高清画质设计得比较合理。最让我失望的是缺点是音质一般。值得购买。""",154,智能净水器,谷歌 智能净水器 Basic,时刻网络有限公司信息技术
41,39,GR625,3.2,2024-08-25,"客户ID: GR625
客户公司: 明腾传媒有限公司互联网服务
客户所在地: 邯郸市, 中国
产品信息: 西门子 智能音箱 Mini (类别: 智能音箱)
生产商: 西门子智能家居
产品价格: 1668.63
评分: 3.2星
评价日期: 2024年08月25日
评价内容: ""这款产品优缺点都有，智能化程度高，但安装困难。""",125,智能音箱,西门子 智能音箱 Mini,明腾传媒有限公司互联网服务
399,42,FA862,4.5,2024-08-24,"客户ID: FA862
客户公司: 方正科技网络有限公司云计算
客户所在地: 潮州县, 中国
产品信息: 谷歌 智能净水器 Ultra (类别: 智能净水器)
生产商: 谷歌智能设备
产品价格: 7844.22
评分: 4.5星
评价日期: 2024年08月24日
评价内容: ""使用了一个月，操作简单，没有发现任何问题。""",123,智能净水器,谷歌 智能净水器 Ultra,方正科技网络有限公司云计算
924,55,KM929,1.8,2024-08-24,"客户ID: KM929
客户公司: 迪摩科技有限公司电子商务
客户所在地: 福州县, 中国
产品信息: 飞利浦 智能手环 Max (类别: 智能手环)
生产商: 飞利浦智能照明
产品价格: 6762.29
评分: 1.8星
评价日期: 2024年08月24日
评价内容: ""必须承认，这款飞利浦 智能手环 Max不值这个价格。使用不到一周就出现了失灵。唯一值得称赞的可能就是送货速度快。""",153,智能手环,飞利浦 智能手环 Max,迪摩科技有限公司电子商务
417,34,ZU351,1.2,2024-08-22,"客户ID: ZU351
客户公司: 银嘉科技有限公司科技公司
客户所在地: 秀荣市, 中国
产品信息: 松下 智能开关 Advanced (类别: 智能开关)
生产商: 松下智能电器
产品价格: 7248.19
评分: 1.2星
评价日期: 2024年08月22日
评价内容: ""从我的使用体验来看，这款松下 智能开关 Advanced存在明显缺陷。连接稳定性简直无法忍受。唯一值得称赞的可能就是外观设计还不错。不推荐任何人购买。""",165,智能开关,松下 智能开关 Advanced,银嘉科技有限公司科技公司
566,24,QU287,4.5,2024-08-22,"客户ID: QU287
客户公司: 戴硕电子科技有限公司移动应用开发
客户所在地: 瑜市, 中国
产品信息: 西门子 智能电视 Pro (类别: 智能电视)
生产商: 西门子智能家居
产品价格: 6676.17
评分: 4.5星
评价日期: 2024年08月22日
评价内容: ""智能电视的设计很人性化，反应灵敏，值得推荐。""",126,智能电视,西门子 智能电视 Pro,戴硕电子科技有限公司移动应用开发
1014,27,GR625,2.9,2024-08-22,"客户ID: GR625
客户公司: 明腾传媒有限公司互联网服务
客户所在地: 邯郸市, 中国
产品信息: 小米 智能加湿器 Plus (类别: 智能加湿器)
生产商: 小米智能家居
产品价格: 8210.59
评分: 2.9星
评价日期: 2024年08月22日
评价内容: ""坦白讲，这款小米 智能加湿器 Plus不值这个价格。在工作时时完全不能正常工作。""",137,智能加湿器,小米 智能加湿器 Plus,明腾传媒有限公司互联网服务
300,61,VQ233,4.2,2024-08-20,"客户ID: VQ233
客户公司: 和泰信息有限公司信息技术
客户所在地: 成都市, 中国
产品信息: LG 智能洗衣机 Max (类别: 智能洗衣机)
生产商: LG智能家电
产品价格: 759.0
评分: 4.2星
评价日期: 2024年08月20日
评价内容: ""非常满意这次购买，画质清晰，送货也很快。""",119,智能洗衣机,LG 智能洗衣机 Max,和泰信息有限公司信息技术
966,80,TE207,1.5,2024-08-20,"客户ID: TE207
客户公司: 新宇龙信息传媒有限公司人工智能
客户所在地: 张家港市, 中国
产品信息: LG 智能音箱 Lite (类别: 智能音箱)
生产商: LG智能家电
产品价格: 6885.61
评分: 1.5星
评价日期: 2024年08月20日
评价内容: ""这款产品有严重问题，续航时间短，已经申请退款。""",124,智能音箱,LG 智能音箱 Lite,新宇龙信息传媒有限公司人工智能
149,73,NU711,4.5,2024-08-19,"客户ID: NU711
客户公司: 易动力科技有限公司人工智能
客户所在地: 桂兰县, 中国
产品信息: 飞利浦 智能扫地机器人 Ultra (类别: 智能扫地机器人)
生产商: 飞利浦智能照明
产品价格: 259.27
评分: 4.5星
评价日期: 2024年08月19日
评价内容: ""这款智能扫地机器人质量很好，做工精细。总体来说很满意。""",135,智能扫地机器人,飞利浦 智能扫地机器人 Ultra,易动力科技有限公司人工智能
784,31,GJ116,1.0,2024-08-19,"客户ID: GJ116
客户公司: 良诺信息有限公司生物科技
客户所在地: 红市, 中国
产品信息: 三星 智能加湿器 Mini (类别: 智能加湿器)
生产商: 三星智能家电
产品价格: 1356.55
评分: 1.0星
评价日期: 2024年08月19日
评价内容: ""体验下来，这款智能加湿器性价比极低。电池寿命简直无法忍受。这钱花得太冤枉了。""",138,智能加湿器,三星 智能加湿器 Mini,良诺信息有限公司生物科技
1167,7,CM245,4.9,2024-08-19,"客户ID: CM245
客户公司: 万迅电脑信息有限公司科技公司
客户所在地: 洋县, 中国
产品信息: 博世 智能扫地机器人 Max (类别: 智能扫地机器人)
生产商: 博世智能系统
产品价格: 1108.4
评分: 4.9星
评价日期: 2024年08月19日
评价内容: ""用了一段时间，这款智能扫地机器人功能很强大。令人意外的是自动升级是我最喜欢的部分。在同价位产品中表现最好。如果非要说缺点的话，电池寿命还有提升空间。整体体验不错。""",187,智能扫地机器人,博世 智能扫地机器人 Max,万迅电脑信息有限公司科技公司
631,92,XO649,2.2,2024-08-18,"客户ID: XO649
客户公司: 晖来计算机传媒有限公司云计算
客户所在地: 郑州县, 中国
产品信息: 西门子 智能摄像头 Plus (类别: 智能摄像头)
生产商: 西门子智能家居
产品价格: 9026.06
评分: 2.2星
评价日期: 2024年08月18日
评价内容: ""在多次对比之后选择了这款，这款西门子 智能摄像头 Plus不值这个价格。使用不到一周就出现了问题。""",149,智能摄像头,西门子 智能摄像头 Plus,晖来计算机传媒有限公司云计算
57,75,WB209,2.7,2024-08-17,"客户ID: WB209
客户公司: 维涛传媒有限公司云计算
客户所在地: 秀华县, 中国
产品信息: 亚马逊 智能空调 Standard (类别: 智能空调)
生产商: 亚马逊智能科技
产品价格: 9247.38
评分: 2.7星
评价日期: 2024年08月17日
评价内容: ""使用一周后出现故障，画质模糊，售后服务也不好。""",123,智能空调,亚马逊 智能空调 Standard,维涛传媒有限公司云计算
253,33,AD089,4.4,2024-08-17,"客户ID: AD089
客户公司: 创亿网络有限公司移动应用开发
客户所在地: 楠市, 中国
产品信息: 飞利浦 智能加湿器 Ultra (类别: 智能加湿器)
生产商: 飞利浦智能照明
产品价格: 6144.74
评分: 4.4星
评价日期: 2024年08月17日
评价内容: ""使用了一个月，做工精细，没有发现任何问题。""",125,智能加湿器,飞利浦 智能加湿器 Ultra,创亿网络有限公司移动应用开发
393,11,XA254,1.7,2024-08-17,"客户ID: XA254
客户公司: 易动力信息有限公司物联网
客户所在地: 齐齐哈尔市, 中国
产品信息: 小米 智能门锁 Mini (类别: 智能门锁)
生产商: 小米智能家居
产品价格: 4624.66
评分: 1.7星
评价日期: 2024年08月17日
评价内容: ""对这款智能门锁非常不满意，操作复杂，浪费钱。""",123,智能门锁,小米 智能门锁 Mini,易动力信息有限公司物联网
169,67,ZO854,1.5,2024-08-14,"客户ID: ZO854
客户公司: MBP软件科技有限公司信息技术
客户所在地: 丽华县, 中国
产品信息: 松下 智能电饭煲 Pro (类别: 智能电饭煲)
生产商: 松下智能电器
产品价格: 1510.53
评分: 1.5星
评价日期: 2024年08月14日
评价内容: ""对这款智能电饭煲非常不满意，价格偏高，浪费钱。""",125,智能电饭煲,松下 智能电饭煲 Pro,MBP软件科技有限公司信息技术
953,50,GC846,4.5,2024-08-13,"客户ID: GC846
客户公司: 明腾科技有限公司区块链技术
客户所在地: 石家庄市, 中国
产品信息: 苹果 智能空气净化器 Basic (类别: 智能空气净化器)
生产商: 苹果智能家庭
产品价格: 9846.71
评分: 4.5星
评价日期: 2024年08月13日
评价内容: ""非常满意这次购买，功能齐全，送货也很快。""",127,智能空气净化器,苹果 智能空气净化器 Basic,明腾科技有限公司区块链技术
90,9,MJ814,2.5,2024-08-12,"客户ID: MJ814
客户公司: 毕博诚科技有限公司互联网服务
客户所在地: 俊市, 中国
产品信息: 亚马逊 智能插座 Pro (类别: 智能插座)
生产商: 亚马逊智能科技
产品价格: 6880.25
评分: 2.5星
评价日期: 2024年08月12日
评价内容: ""我觉得，这款亚马逊 智能插座 Pro功能实现得很糟糕。在工作时时完全不能正常工作。希望厂家能重视这些问题。""",151,智能插座,亚马逊 智能插座 Pro,毕博诚科技有限公司互联网服务
968,85,BP732,1.3,2024-08-11,"客户ID: BP732
客户公司: 南康网络有限公司互联网服务
客户所在地: 敏市, 中国
产品信息: 博世 智能马桶 Basic (类别: 智能马桶)
生产商: 博世智能系统
产品价格: 1564.93
评分: 1.3星
评价日期: 2024年08月11日
评价内容: ""这款产品有严重问题，使用说明不清，已经申请退款。""",123,智能马桶,博世 智能马桶 Basic,南康网络有限公司互联网服务
1127,10,FB488,2.2,2024-08-11,"客户ID: FB488
客户公司: 方正科技科技有限公司互联网服务
客户所在地: 宁德市, 中国
产品信息: 美的 智能窗帘 Max (类别: 智能窗帘)
生产商: 美的智能科技
产品价格: 1836.78
评分: 2.2星
评价日期: 2024年08月11日
评价内容: ""不推荐这款智能窗帘，安装困难，很失望。""",121,智能窗帘,美的 智能窗帘 Max,方正科技科技有限公司互联网服务
1239,8,ZU351,1.7,2024-08-10,"客户ID: ZU351
客户公司: 银嘉科技有限公司科技公司
客户所在地: 秀荣市, 中国
产品信息: 松下 智能开关 Lite (类别: 智能开关)
生产商: 松下智能电器
产品价格: 9053.56
评分: 1.7星
评价日期: 2024年08月10日
评价内容: ""体验下来，这款智能开关很失望。使用不到一周就出现了故障。以后不会再考虑这个品牌的产品。""",142,智能开关,松下 智能开关 Lite,银嘉科技有限公司科技公司
753,6,DV182,2.5,2024-08-08,"客户ID: DV182
客户公司: 艾提科信传媒有限公司网络安全
客户所在地: 桂荣市, 中国
产品信息: 海尔智慧家庭 智能空气净化器 Basic (类别: 智能空气净化器)
生产商: 海尔智慧家庭
产品价格: 5495.06
评分: 2.5星
评价日期: 2024年08月08日
评价内容: ""用了一段时间，这款海尔智慧家庭 智能空气净化器 Basic功能实现得很糟糕。在看电影时时完全不能正常工作。唯一值得称赞的可能就是外观设计还不错。""",177,智能空气净化器,海尔智慧家庭 智能空气净化器 Basic,艾提科信传媒有限公司网络安全
999,94,EK253,3.9,2024-08-08,"客户ID: EK253
客户公司: 兰金电子科技有限公司区块链技术
客户所在地: 南昌市, 中国
产品信息: 格力 智能体重秤 Standard (类别: 智能体重秤)
生产商: 格力智能电器
产品价格: 9138.52
评分: 3.9星
评价日期: 2024年08月08日
评价内容: ""我觉得，这款智能体重秤质量还行。优点是质量很好。最让我失望的是在日常使用场景下表现一般。值得购买。""",153,智能体重秤,格力 智能体重秤 Standard,兰金电子科技有限公司区块链技术
583,98,XA254,4.7,2024-08-06,"客户ID: XA254
客户公司: 易动力信息有限公司物联网
客户所在地: 齐齐哈尔市, 中国
产品信息: 格力 智能电视 Pro (类别: 智能电视)
生产商: 格力智能电器
产品价格: 2676.49
评分: 4.7星
评价日期: 2024年08月06日
评价内容: ""这是我用过的最好的智能电视之一，做工精细，性价比很高。""",128,智能电视,格力 智能电视 Pro,易动力信息有限公司物联网
609,38,YZ898,4.7,2024-08-06,"客户ID: YZ898
客户公司: 通际名联科技有限公司金融科技
客户所在地: 济南市, 中国
产品信息: 西门子 智能冰箱 Standard (类别: 智能冰箱)
生产商: 西门子智能家居
产品价格: 4347.58
评分: 4.7星
评价日期: 2024年08月06日
评价内容: ""这款智能冰箱质量很好，兼容性强。总体来说很满意。""",127,智能冰箱,西门子 智能冰箱 Standard,通际名联科技有限公司金融科技
544,10,QI779,2.3,2024-08-05,"客户ID: QI779
客户公司: 合联电子科技有限公司网络安全
客户所在地: 沈阳县, 中国
产品信息: 美的 智能窗帘 Max (类别: 智能窗帘)
生产商: 美的智能科技
产品价格: 1836.78
评分: 2.3星
评价日期: 2024年08月05日
评价内容: ""对这款智能窗帘非常不满意，安装困难，浪费钱。""",123,智能窗帘,美的 智能窗帘 Max,合联电子科技有限公司网络安全
6,97,CS287,1.4,2024-08-04,"客户ID: CS287
客户公司: 和泰网络有限公司电子商务
客户所在地: 玲市, 中国
产品信息: 格力 智能净水器 Ultra (类别: 智能净水器)
生产商: 格力智能电器
产品价格: 9164.46
评分: 1.4星
评价日期: 2024年08月04日
评价内容: ""这款产品有严重问题，价格偏高，已经申请退款。""",122,智能净水器,格力 智能净水器 Ultra,和泰网络有限公司电子商务
102,75,AY876,4.4,2024-08-04,"客户ID: AY876
客户公司: 精芯传媒有限公司物联网
客户所在地: 武汉市, 中国
产品信息: 亚马逊 智能空调 Standard (类别: 智能空调)
生产商: 亚马逊智能科技
产品价格: 9247.38
评分: 4.4星
评价日期: 2024年08月04日
评价内容: ""这款智能空调质量很好，外观漂亮。总体来说很满意。""",124,智能空调,亚马逊 智能空调 Standard,精芯传媒有限公司物联网
1228,30,GR729,4.0,2024-08-04,"客户ID: GR729
客户公司: 中建创业网络有限公司移动应用开发
客户所在地: 辽阳县, 中国
产品信息: 小米 智能开关 Ultra (类别: 智能开关)
生产商: 小米智能家居
产品价格: 747.93
评分: 4.0星
评价日期: 2024年08月04日
评价内容: ""在多次对比之后选择了这款，这款小米 智能开关 Ultra真的很不错。令人意外的是在早晨起床时表现尤为出色。和描述的有些差距。总体来说还是很满意的。""",170,智能开关,小米 智能开关 Ultra,中建创业网络有限公司移动应用开发
1259,34,MR129,2.5,2024-08-03,"客户ID: MR129
客户公司: 太极信息有限公司互联网服务
客户所在地: 海门市, 中国
产品信息: 松下 智能开关 Advanced (类别: 智能开关)
生产商: 松下智能电器
产品价格: 7248.19
评分: 2.5星
评价日期: 2024年08月03日
评价内容: ""体验下来，这款智能开关很失望。噪音控制简直无法忍受。这钱花得太冤枉了。""",135,智能开关,松下 智能开关 Advanced,太极信息有限公司互联网服务
800,89,AY876,1.8,2024-08-03,"客户ID: AY876
客户公司: 精芯传媒有限公司物联网
客户所在地: 武汉市, 中国
产品信息: 博世 智能空调 Lite (类别: 智能空调)
生产商: 博世智能系统
产品价格: 9160.39
评分: 1.8星
评价日期: 2024年08月03日
评价内容: ""这款产品有严重问题，做工一般，已经申请退款。""",120,智能空调,博世 智能空调 Lite,精芯传媒有限公司物联网
1080,8,NU012,2.0,2024-08-03,"客户ID: NU012
客户公司: 商软冠联传媒有限公司智能科技
客户所在地: 太原县, 中国
产品信息: 松下 智能开关 Lite (类别: 智能开关)
生产商: 松下智能电器
产品价格: 9053.56
评分: 2.0星
评价日期: 2024年08月03日
评价内容: ""这款产品有严重问题，续航时间短，已经申请退款。""",124,智能开关,松下 智能开关 Lite,商软冠联传媒有限公司智能科技
672,4,IK721,4.2,2024-08-02,"客户ID: IK721
客户公司: 诺依曼软件传媒有限公司物联网
客户所在地: 华市, 中国
产品信息: 西门子 智能电视 Pro (类别: 智能电视)
生产商: 西门子智能家居
产品价格: 9993.23
评分: 4.2星
评价日期: 2024年08月02日
评价内容: ""使用了一个月，续航时间长，没有发现任何问题。""",124,智能电视,西门子 智能电视 Pro,诺依曼软件传媒有限公司物联网
1123,32,GC890,4.5,2024-08-02,"客户ID: GC890
客户公司: 创联世纪信息有限公司移动应用开发
客户所在地: 福州县, 中国
产品信息: 亚马逊 智能马桶 Elite (类别: 智能马桶)
生产商: 亚马逊智能科技
产品价格: 1801.88
评分: 4.5星
评价日期: 2024年08月02日
评价内容: ""经过一段时间使用，这款亚马逊 智能马桶 Elite超出我的预期。如果非要说缺点的话，电池寿命还有提升空间。推荐给有需要的朋友。""",162,智能马桶,亚马逊 智能马桶 Elite,创联世纪信息有限公司移动应用开发
561,17,EM821,1.7,2024-08-01,"客户ID: EM821
客户公司: 泰麒麟信息有限公司人工智能
客户所在地: 香港县, 中国
产品信息: 苹果 智能门锁 Plus (类别: 智能门锁)
生产商: 苹果智能家庭
产品价格: 8194.53
评分: 1.7星
评价日期: 2024年08月01日
评价内容: ""在多次对比之后选择了这款，这款智能门锁功能实现得很糟糕。在工作时时完全不能正常工作。希望厂家能重视这些问题。""",154,智能门锁,苹果 智能门锁 Plus,泰麒麟信息有限公司人工智能
1120,34,BP732,4.3,2024-08-01,"客户ID: BP732
客户公司: 南康网络有限公司互联网服务
客户所在地: 敏市, 中国
产品信息: 松下 智能开关 Advanced (类别: 智能开关)
生产商: 松下智能电器
产品价格: 7248.19
评分: 4.3星
评价日期: 2024年08月01日
评价内容: ""在工作时时使用效果很好，特别是快速启动功能。""",121,智能开关,松下 智能开关 Advanced,南康网络有限公司互联网服务
118,77,YR398,1.3,2024-07-31,"客户ID: YR398
客户公司: 浦华众城信息有限公司虚拟现实
客户所在地: 大冶市, 中国
产品信息: 美的 智能洗衣机 Advanced (类别: 智能洗衣机)
生产商: 美的智能科技
产品价格: 6994.39
评分: 1.3星
评价日期: 2024年07月31日
评价内容: ""不推荐这款智能洗衣机，音质一般，很失望。""",123,智能洗衣机,美的 智能洗衣机 Advanced,浦华众城信息有限公司虚拟现实
849,11,ZH741,3.7,2024-07-30,"客户ID: ZH741
客户公司: 巨奥科技有限公司信息技术
客户所在地: 峰县, 中国
产品信息: 小米 智能门锁 Mini (类别: 智能门锁)
生产商: 小米智能家居
产品价格: 4624.66
评分: 3.7星
评价日期: 2024年07月30日
评价内容: ""总体来说还行，做工精细，就是画质模糊。""",117,智能门锁,小米 智能门锁 Mini,巨奥科技有限公司信息技术
111,101,DX151,2.9,2024-07-29,"客户ID: DX151
客户公司: 易动力信息有限公司物联网
客户所在地: 佛山县, 中国
产品信息: 三星 智能摄像头 Mini (类别: 智能摄像头)
生产商: 三星智能家电
产品价格: 1662.36
评分: 2.9星
评价日期: 2024年07月29日
评价内容: ""这款产品有严重问题，稳定性差，已经申请退款。""",123,智能摄像头,三星 智能摄像头 Mini,易动力信息有限公司物联网
153,53,VQ233,2.0,2024-07-28,"客户ID: VQ233
客户公司: 和泰信息有限公司信息技术
客户所在地: 成都市, 中国
产品信息: 华为 智能电视 Lite (类别: 智能电视)
生产商: 华为智能生活
产品价格: 2968.02
评分: 2.0星
评价日期: 2024年07月28日
评价内容: ""连接稳定性问题很严重，完全不值这个价格。""",119,智能电视,华为 智能电视 Lite,和泰信息有限公司信息技术
231,52,AW347,3.5,2024-07-27,"客户ID: AW347
客户公司: 鸿睿思博传媒有限公司智能科技
客户所在地: 武汉市, 中国
产品信息: 小米 智能插座 Max (类别: 智能插座)
生产商: 小米智能家居
产品价格: 5793.04
评分: 3.5星
评价日期: 2024年07月27日
评价内容: ""收到货后，这款智能插座性价比一般。在工作时时使用体验还不错。不过缺点是稳定性差。不太推荐购买。""",148,智能插座,小米 智能插座 Max,鸿睿思博传媒有限公司智能科技
440,8,DW607,2.2,2024-07-27,"客户ID: DW607
客户公司: 银嘉网络有限公司云计算
客户所在地: 杨县, 中国
产品信息: 松下 智能开关 Lite (类别: 智能开关)
生产商: 松下智能电器
产品价格: 9053.56
评分: 2.2星
评价日期: 2024年07月27日
评价内容: ""使用一周后出现故障，兼容性差，售后服务也不好。""",120,智能开关,松下 智能开关 Lite,银嘉网络有限公司云计算
1041,18,HD242,2.6,2024-07-26,"客户ID: HD242
客户公司: 富罳科技有限公司生物科技
客户所在地: 想县, 中国
产品信息: 美的 智能门锁 Mini (类别: 智能门锁)
生产商: 美的智能科技
产品价格: 5323.58
评分: 2.6星
评价日期: 2024年07月26日
评价内容: ""不推荐这款智能门锁，稳定性差，很失望。""",117,智能门锁,美的 智能门锁 Mini,富罳科技有限公司生物科技
414,6,NU711,1.5,2024-07-25,"客户ID: NU711
客户公司: 易动力科技有限公司人工智能
客户所在地: 桂兰县, 中国
产品信息: 海尔智慧家庭 智能空气净化器 Basic (类别: 智能空气净化器)
生产商: 海尔智慧家庭
产品价格: 5495.06
评分: 1.5星
评价日期: 2024年07月25日
评价内容: ""使用一周后出现故障，智能化程度低，售后服务也不好。""",135,智能空气净化器,海尔智慧家庭 智能空气净化器 Basic,易动力科技有限公司人工智能
641,52,KM929,3.8,2024-07-24,"客户ID: KM929
客户公司: 迪摩科技有限公司电子商务
客户所在地: 福州县, 中国
产品信息: 小米 智能插座 Max (类别: 智能插座)
生产商: 小米智能家居
产品价格: 5793.04
评分: 3.8星
评价日期: 2024年07月24日
评价内容: ""在工作时使用还不错，但在其他情况下表现一般。""",121,智能插座,小米 智能插座 Max,迪摩科技有限公司电子商务
746,50,XO649,4.0,2024-07-23,"客户ID: XO649
客户公司: 晖来计算机传媒有限公司云计算
客户所在地: 郑州县, 中国
产品信息: 苹果 智能空气净化器 Basic (类别: 智能空气净化器)
生产商: 苹果智能家庭
产品价格: 9846.71
评分: 4.0星
评价日期: 2024年07月23日
评价内容: ""坦白讲，这款苹果 智能空气净化器 Basic品质很好。和描述的有些差距。如果非要说缺点的话，可能就是续航时间短。整体体验不错。""",164,智能空气净化器,苹果 智能空气净化器 Basic,晖来计算机传媒有限公司云计算
974,98,AU710,4.7,2024-07-23,"客户ID: AU710
客户公司: 巨奥传媒有限公司信息技术
客户所在地: 辛集市, 中国
产品信息: 格力 智能电视 Pro (类别: 智能电视)
生产商: 格力智能电器
产品价格: 2676.49
评分: 4.7星
评价日期: 2024年07月23日
评价内容: ""非常满意这次购买，节能环保，送货也很快。""",119,智能电视,格力 智能电视 Pro,巨奥传媒有限公司信息技术
32,92,FA862,3.8,2024-07-22,"客户ID: FA862
客户公司: 方正科技网络有限公司云计算
客户所在地: 潮州县, 中国
产品信息: 西门子 智能摄像头 Plus (类别: 智能摄像头)
生产商: 西门子智能家居
产品价格: 9026.06
评分: 3.8星
评价日期: 2024年07月22日
评价内容: ""这款产品优缺点都有，质量很好，但做工一般。""",125,智能摄像头,西门子 智能摄像头 Plus,方正科技网络有限公司云计算
263,43,PS740,3.3,2024-07-22,"客户ID: PS740
客户公司: 国讯科技有限公司金融科技
客户所在地: 金凤市, 中国
产品信息: 华为 智能电视 Max (类别: 智能电视)
生产商: 华为智能生活
产品价格: 4139.84
评分: 3.3星
评价日期: 2024年07月22日
评价内容: ""这款智能电视一般，音质出色，但是电池寿命有点问题。""",124,智能电视,华为 智能电视 Max,国讯科技有限公司金融科技
154,48,AY876,1.2,2024-07-21,"客户ID: AY876
客户公司: 精芯传媒有限公司物联网
客户所在地: 武汉市, 中国
产品信息: 苹果 智能门锁 Pro (类别: 智能门锁)
生产商: 苹果智能家庭
产品价格: 815.71
评分: 1.2星
评价日期: 2024年07月21日
评价内容: ""噪音控制问题很严重，完全不值这个价格。""",117,智能门锁,苹果 智能门锁 Pro,精芯传媒有限公司物联网
143,99,JT617,1.6,2024-07-18,"客户ID: JT617
客户公司: 时空盒数字信息有限公司智能科技
客户所在地: 郑州县, 中国
产品信息: 三星 智能音箱 Basic (类别: 智能音箱)
生产商: 三星智能家电
产品价格: 1681.15
评分: 1.6星
评价日期: 2024年07月18日
评价内容: ""对这款智能音箱非常不满意，续航时间短，浪费钱。""",125,智能音箱,三星 智能音箱 Basic,时空盒数字信息有限公司智能科技
845,47,FC418,4.6,2024-07-18,"客户ID: FC418
客户公司: 网新恒天网络有限公司生物科技
客户所在地: 秀珍县, 中国
产品信息: 苹果 智能灯具 Basic (类别: 智能灯具)
生产商: 苹果智能家庭
产品价格: 2411.14
评分: 4.6星
评价日期: 2024年07月18日
评价内容: ""在早晨起床时使用效果很好，特别是高清画质功能。""",124,智能灯具,苹果 智能灯具 Basic,网新恒天网络有限公司生物科技
504,89,KS630,1.4,2024-07-17,"客户ID: KS630
客户公司: 良诺信息有限公司网络安全
客户所在地: 潮州市, 中国
产品信息: 博世 智能空调 Lite (类别: 智能空调)
生产商: 博世智能系统
产品价格: 9160.39
评分: 1.4星
评价日期: 2024年07月17日
评价内容: ""对这款智能空调非常不满意，安装困难，浪费钱。""",121,智能空调,博世 智能空调 Lite,良诺信息有限公司网络安全
514,61,CA470,2.0,2024-07-17,"客户ID: CA470
客户公司: 南康传媒有限公司生物科技
客户所在地: 贵阳市, 中国
产品信息: LG 智能洗衣机 Max (类别: 智能洗衣机)
生产商: LG智能家电
产品价格: 759.0
评分: 2.0星
评价日期: 2024年07月17日
评价内容: ""不推荐这款智能洗衣机，稳定性差，很失望。""",119,智能洗衣机,LG 智能洗衣机 Max,南康传媒有限公司生物科技
303,66,LU518,2.5,2024-07-16,"客户ID: LU518
客户公司: 易动力传媒有限公司生物科技
客户所在地: 伟市, 中国
产品信息: 松下 智能马桶 Elite (类别: 智能马桶)
生产商: 松下智能电器
产品价格: 9184.21
评分: 2.5星
评价日期: 2024年07月16日
评价内容: ""对这款智能马桶非常不满意，功能单一，浪费钱。""",121,智能马桶,松下 智能马桶 Elite,易动力传媒有限公司生物科技
1055,7,PS740,2.6,2024-07-15,"客户ID: PS740
客户公司: 国讯科技有限公司金融科技
客户所在地: 金凤市, 中国
产品信息: 博世 智能扫地机器人 Max (类别: 智能扫地机器人)
生产商: 博世智能系统
产品价格: 1108.4
评分: 2.6星
评价日期: 2024年07月15日
评价内容: ""不推荐这款智能扫地机器人，售后服务差，很失望。""",128,智能扫地机器人,博世 智能扫地机器人 Max,国讯科技有限公司金融科技
182,26,TE207,4.2,2024-07-14,"客户ID: TE207
客户公司: 新宇龙信息传媒有限公司人工智能
客户所在地: 张家港市, 中国
产品信息: 亚马逊 智能扫地机器人 Mini (类别: 智能扫地机器人)
生产商: 亚马逊智能科技
产品价格: 7885.52
评分: 4.2星
评价日期: 2024年07月14日
评价内容: ""使用后感觉，这款亚马逊 智能扫地机器人 Mini设计很人性化。并且省电模式设计很贴心。在同类产品中算是中等水平。如果非要说缺点的话，配件可以再多一些。推荐给有需要的朋友。""",191,智能扫地机器人,亚马逊 智能扫地机器人 Mini,新宇龙信息传媒有限公司人工智能
328,3,CC657,2.3,2024-07-13,"客户ID: CC657
客户公司: 昊嘉信息有限公司信息技术
客户所在地: 军县, 中国
产品信息: 华为 智能电视 Basic (类别: 智能电视)
生产商: 华为智能生活
产品价格: 8554.76
评分: 2.3星
评价日期: 2024年07月13日
评价内容: ""使用一周后出现故障，功能单一，售后服务也不好。""",121,智能电视,华为 智能电视 Basic,昊嘉信息有限公司信息技术
637,52,TE207,2.8,2024-07-13,"客户ID: TE207
客户公司: 新宇龙信息传媒有限公司人工智能
客户所在地: 张家港市, 中国
产品信息: 小米 智能插座 Max (类别: 智能插座)
生产商: 小米智能家居
产品价格: 5793.04
评分: 2.8星
评价日期: 2024年07月13日
评价内容: ""使用一周后出现故障，价格偏高，售后服务也不好。""",126,智能插座,小米 智能插座 Max,新宇龙信息传媒有限公司人工智能
1305,97,LU518,5.0,2024-07-13,"客户ID: LU518
客户公司: 易动力传媒有限公司生物科技
客户所在地: 伟市, 中国
产品信息: 格力 智能净水器 Ultra (类别: 智能净水器)
生产商: 格力智能电器
产品价格: 9164.46
评分: 5.0星
评价日期: 2024年07月13日
评价内容: ""这款智能净水器的节能模式功能很实用，功能齐全。""",124,智能净水器,格力 智能净水器 Ultra,易动力传媒有限公司生物科技
1194,28,QI779,3.4,2024-07-12,"客户ID: QI779
客户公司: 合联电子科技有限公司网络安全
客户所在地: 沈阳县, 中国
产品信息: 飞利浦 智能扫地机器人 Plus (类别: 智能扫地机器人)
生产商: 飞利浦智能照明
产品价格: 230.53
评分: 3.4星
评价日期: 2024年07月12日
评价内容: ""在晚上睡前使用还不错，但在其他情况下表现一般。""",132,智能扫地机器人,飞利浦 智能扫地机器人 Plus,合联电子科技有限公司网络安全
1091,39,WN094,3.2,2024-07-12,"客户ID: WN094
客户公司: 菊风公司传媒有限公司数字科技
客户所在地: 秀梅市, 中国
产品信息: 西门子 智能音箱 Mini (类别: 智能音箱)
生产商: 西门子智能家居
产品价格: 1668.63
评分: 3.2星
评价日期: 2024年07月12日
评价内容: ""这款智能音箱一般，做工精细，但是电池寿命有点问题。""",128,智能音箱,西门子 智能音箱 Mini,菊风公司传媒有限公司数字科技
620,91,VQ233,1.4,2024-07-11,"客户ID: VQ233
客户公司: 和泰信息有限公司信息技术
客户所在地: 成都市, 中国
产品信息: 亚马逊 智能音箱 Basic (类别: 智能音箱)
生产商: 亚马逊智能科技
产品价格: 3165.04
评分: 1.4星
评价日期: 2024年07月11日
评价内容: ""用了一段时间，这款亚马逊 智能音箱 Basic使用体验很差。连接稳定性简直无法忍受。这钱花得太冤枉了。""",146,智能音箱,亚马逊 智能音箱 Basic,和泰信息有限公司信息技术
1267,30,LU518,4.8,2024-07-11,"客户ID: LU518
客户公司: 易动力传媒有限公司生物科技
客户所在地: 伟市, 中国
产品信息: 小米 智能开关 Ultra (类别: 智能开关)
生产商: 小米智能家居
产品价格: 747.93
评分: 4.8星
评价日期: 2024年07月11日
评价内容: ""体验下来，这款智能开关非常满意。如果非要说缺点的话，说明书不够详细。可以考虑其他品牌的同类产品。""",147,智能开关,小米 智能开关 Ultra,易动力传媒有限公司生物科技
145,25,VH856,1.2,2024-07-10,"客户ID: VH856
客户公司: 鑫博腾飞科技有限公司电子商务
客户所在地: 英县, 中国
产品信息: 三星 智能窗帘 Basic (类别: 智能窗帘)
生产商: 三星智能家电
产品价格: 9678.27
评分: 1.2星
评价日期: 2024年07月10日
评价内容: ""使用一周后出现故障，价格偏高，售后服务也不好。""",123,智能窗帘,三星 智能窗帘 Basic,鑫博腾飞科技有限公司电子商务
432,84,BF338,4.2,2024-07-10,"客户ID: BF338
客户公司: 天开网络有限公司金融科技
客户所在地: 南宁市, 中国
产品信息: 苹果 智能扫地机器人 Pro (类别: 智能扫地机器人)
生产商: 苹果智能家庭
产品价格: 4063.85
评分: 4.2星
评价日期: 2024年07月10日
评价内容: ""从我的使用体验来看，这款智能扫地机器人超出我的预期。值得一提的是定时功能是我最喜欢的部分。比我预期的要好。可以考虑其他品牌的同类产品。""",172,智能扫地机器人,苹果 智能扫地机器人 Pro,天开网络有限公司金融科技
776,72,WB209,3.2,2024-07-10,"客户ID: WB209
客户公司: 维涛传媒有限公司云计算
客户所在地: 秀华县, 中国
产品信息: 西门子 智能洗衣机 Pro (类别: 智能洗衣机)
生产商: 西门子智能家居
产品价格: 6209.73
评分: 3.2星
评价日期: 2024年07月10日
评价内容: ""智能洗衣机的质量还可以，续航时间长，不过安装困难。""",127,智能洗衣机,西门子 智能洗衣机 Pro,维涛传媒有限公司云计算
884,27,QJ392,1.7,2024-07-10,"客户ID: QJ392
客户公司: 创亿网络有限公司金融科技
客户所在地: 重庆市, 中国
产品信息: 小米 智能加湿器 Plus (类别: 智能加湿器)
生产商: 小米智能家居
产品价格: 8210.59
评分: 1.7星
评价日期: 2024年07月10日
评价内容: ""使用一周后出现故障，功能单一，售后服务也不好。""",124,智能加湿器,小米 智能加湿器 Plus,创亿网络有限公司金融科技
89,72,EK253,4.1,2024-07-09,"客户ID: EK253
客户公司: 兰金电子科技有限公司区块链技术
客户所在地: 南昌市, 中国
产品信息: 西门子 智能洗衣机 Pro (类别: 智能洗衣机)
生产商: 西门子智能家居
产品价格: 6209.73
评分: 4.1星
评价日期: 2024年07月09日
评价内容: ""这是我用过的最好的智能洗衣机之一，续航时间长，性价比很高。""",135,智能洗衣机,西门子 智能洗衣机 Pro,兰金电子科技有限公司区块链技术
244,100,NQ176,4.8,2024-07-09,"客户ID: NQ176
客户公司: 图龙信息传媒有限公司数字科技
客户所在地: 南昌市, 中国
产品信息: LG 智能插座 Max (类别: 智能插座)
生产商: LG智能家电
产品价格: 8566.89
评分: 4.8星
评价日期: 2024年07月09日
评价内容: ""这是我用过的最好的智能插座之一，音质出色，性价比很高。""",126,智能插座,LG 智能插座 Max,图龙信息传媒有限公司数字科技
522,13,WQ849,1.3,2024-07-09,"客户ID: WQ849
客户公司: 开发区世创科技有限公司科技公司
客户所在地: 嘉禾市, 中国
产品信息: 三星 智能电饭煲 Max (类别: 智能电饭煲)
生产商: 三星智能家电
产品价格: 3642.29
评分: 1.3星
评价日期: 2024年07月09日
评价内容: ""这款产品有严重问题，画质模糊，已经申请退款。""",126,智能电饭煲,三星 智能电饭煲 Max,开发区世创科技有限公司科技公司
1102,4,AY876,2.0,2024-07-09,"客户ID: AY876
客户公司: 精芯传媒有限公司物联网
客户所在地: 武汉市, 中国
产品信息: 西门子 智能电视 Pro (类别: 智能电视)
生产商: 西门子智能家居
产品价格: 9993.23
评分: 2.0星
评价日期: 2024年07月09日
评价内容: ""作为第一次购买这类产品的新手，这款西门子 智能电视 Pro质量太差。噪音控制简直无法忍受。不推荐任何人购买。""",150,智能电视,西门子 智能电视 Pro,精芯传媒有限公司物联网
1129,95,TE207,3.9,2024-07-09,"客户ID: TE207
客户公司: 新宇龙信息传媒有限公司人工智能
客户所在地: 张家港市, 中国
产品信息: 格力 智能音箱 Advanced (类别: 智能音箱)
生产商: 格力智能电器
产品价格: 8366.34
评分: 3.9星
评价日期: 2024年07月09日
评价内容: ""在早晨起床使用还不错，但在其他情况下表现一般。""",126,智能音箱,格力 智能音箱 Advanced,新宇龙信息传媒有限公司人工智能
447,61,CS287,4.6,2024-07-08,"客户ID: CS287
客户公司: 和泰网络有限公司电子商务
客户所在地: 玲市, 中国
产品信息: LG 智能洗衣机 Max (类别: 智能洗衣机)
生产商: LG智能家电
产品价格: 759.0
评分: 4.6星
评价日期: 2024年07月08日
评价内容: ""在早晨起床时使用效果很好，特别是省电模式功能。""",121,智能洗衣机,LG 智能洗衣机 Max,和泰网络有限公司电子商务
731,19,KM929,4.3,2024-07-08,"客户ID: KM929
客户公司: 迪摩科技有限公司电子商务
客户所在地: 福州县, 中国
产品信息: 海尔智慧家庭 智能开关 Plus (类别: 智能开关)
生产商: 海尔智慧家庭
产品价格: 7438.8
评分: 4.3星
评价日期: 2024年07月08日
评价内容: ""这款智能开关的智能学习功能很实用，稳定性好。""",125,智能开关,海尔智慧家庭 智能开关 Plus,迪摩科技有限公司电子商务
890,53,BP732,4.5,2024-07-08,"客户ID: BP732
客户公司: 南康网络有限公司互联网服务
客户所在地: 敏市, 中国
产品信息: 华为 智能电视 Lite (类别: 智能电视)
生产商: 华为智能生活
产品价格: 2968.02
评分: 4.5星
评价日期: 2024年07月08日
评价内容: ""在工作时时使用效果很好，特别是静音设计功能。""",121,智能电视,华为 智能电视 Lite,南康网络有限公司互联网服务
1056,71,XO649,1.6,2024-07-08,"客户ID: XO649
客户公司: 晖来计算机传媒有限公司云计算
客户所在地: 郑州县, 中国
产品信息: 索尼 智能冰箱 Elite (类别: 智能冰箱)
生产商: 索尼智能科技
产品价格: 6386.01
评分: 1.6星
评价日期: 2024年07月08日
评价内容: ""不推荐这款智能冰箱，反应迟钝，很失望。""",120,智能冰箱,索尼 智能冰箱 Elite,晖来计算机传媒有限公司云计算
1249,2,EU335,4.3,2024-07-08,"客户ID: EU335
客户公司: 济南亿次元网络有限公司科技公司
客户所在地: 巢湖市, 中国
产品信息: 美的 智能插座 Standard (类别: 智能插座)
生产商: 美的智能科技
产品价格: 9962.25
评分: 4.3星
评价日期: 2024年07月08日
评价内容: ""这是我用过的最好的智能插座之一，操作简单，性价比很高。""",129,智能插座,美的 智能插座 Standard,济南亿次元网络有限公司科技公司
254,5,XN875,1.9,2024-07-07,"客户ID: XN875
客户公司: 天开传媒有限公司网络安全
客户所在地: 芳市, 中国
产品信息: 美的 智能电饭煲 Pro (类别: 智能电饭煲)
生产商: 美的智能科技
产品价格: 5002.04
评分: 1.9星
评价日期: 2024年07月07日
评价内容: ""对这款智能电饭煲非常不满意，功能单一，浪费钱。""",123,智能电饭煲,美的 智能电饭煲 Pro,天开传媒有限公司网络安全
436,72,BF338,3.9,2024-07-07,"客户ID: BF338
客户公司: 天开网络有限公司金融科技
客户所在地: 南宁市, 中国
产品信息: 西门子 智能洗衣机 Pro (类别: 智能洗衣机)
生产商: 西门子智能家居
产品价格: 6209.73
评分: 3.9星
评价日期: 2024年07月07日
评价内容: ""这款产品优缺点都有，安装方便，但操作复杂。""",124,智能洗衣机,西门子 智能洗衣机 Pro,天开网络有限公司金融科技
741,19,AY876,4.9,2024-07-07,"客户ID: AY876
客户公司: 精芯传媒有限公司物联网
客户所在地: 武汉市, 中国
产品信息: 海尔智慧家庭 智能开关 Plus (类别: 智能开关)
生产商: 海尔智慧家庭
产品价格: 7438.8
评分: 4.9星
评价日期: 2024年07月07日
评价内容: ""非常满意这次购买，稳定性好，送货也很快。""",122,智能开关,海尔智慧家庭 智能开关 Plus,精芯传媒有限公司物联网
156,62,RG743,2.4,2024-07-06,"客户ID: RG743
客户公司: 快讯信息有限公司智能科技
客户所在地: 勇县, 中国
产品信息: 华为 智能洗衣机 Ultra (类别: 智能洗衣机)
生产商: 华为智能生活
产品价格: 8401.38
评分: 2.4星
评价日期: 2024年07月06日
评价内容: ""对这款智能洗衣机非常不满意，使用说明不清，浪费钱。""",125,智能洗衣机,华为 智能洗衣机 Ultra,快讯信息有限公司智能科技
540,80,BW289,1.1,2024-07-06,"客户ID: BW289
客户公司: 海创网络有限公司生物科技
客户所在地: 汕尾县, 中国
产品信息: LG 智能音箱 Lite (类别: 智能音箱)
生产商: LG智能家电
产品价格: 6885.61
评分: 1.1星
评价日期: 2024年07月06日
评价内容: ""连接稳定性问题很严重，完全不值这个价格。""",117,智能音箱,LG 智能音箱 Lite,海创网络有限公司生物科技
1036,71,MA264,1.8,2024-07-06,"客户ID: MA264
客户公司: 时刻网络有限公司信息技术
客户所在地: 梅县, 中国
产品信息: 索尼 智能冰箱 Elite (类别: 智能冰箱)
生产商: 索尼智能科技
产品价格: 6386.01
评分: 1.8星
评价日期: 2024年07月06日
评价内容: ""使用一周后出现故障，使用说明不清，售后服务也不好。""",123,智能冰箱,索尼 智能冰箱 Elite,时刻网络有限公司信息技术
198,58,GC890,2.1,2024-07-05,"客户ID: GC890
客户公司: 创联世纪信息有限公司移动应用开发
客户所在地: 福州县, 中国
产品信息: 松下 智能扫地机器人 Plus (类别: 智能扫地机器人)
生产商: 松下智能电器
产品价格: 998.22
评分: 2.1星
评价日期: 2024年07月05日
评价内容: ""连接稳定性问题很严重，完全不值这个价格。""",129,智能扫地机器人,松下 智能扫地机器人 Plus,创联世纪信息有限公司移动应用开发
452,32,EA575,3.4,2024-07-05,"客户ID: EA575
客户公司: 襄樊地球村信息有限公司物联网
客户所在地: 丽娟市, 中国
产品信息: 亚马逊 智能马桶 Elite (类别: 智能马桶)
生产商: 亚马逊智能科技
产品价格: 1801.88
评分: 3.4星
评价日期: 2024年07月05日
评价内容: ""在做饭时使用还不错，但在其他情况下表现一般。""",125,智能马桶,亚马逊 智能马桶 Elite,襄樊地球村信息有限公司物联网
752,54,EM821,3.0,2024-07-05,"客户ID: EM821
客户公司: 泰麒麟信息有限公司人工智能
客户所在地: 香港县, 中国
产品信息: 博世 智能开关 Max (类别: 智能开关)
生产商: 博世智能系统
产品价格: 7392.09
评分: 3.0星
评价日期: 2024年07月05日
评价内容: ""在晚上睡前使用还不错，但在其他情况下表现一般。""",123,智能开关,博世 智能开关 Max,泰麒麟信息有限公司人工智能
758,17,WW556,2.5,2024-07-05,"客户ID: WW556
客户公司: 商软冠联网络有限公司信息技术
客户所在地: 梅市, 中国
产品信息: 苹果 智能门锁 Plus (类别: 智能门锁)
生产商: 苹果智能家庭
产品价格: 8194.53
评分: 2.5星
评价日期: 2024年07月05日
评价内容: ""这款产品有严重问题，做工一般，已经申请退款。""",122,智能门锁,苹果 智能门锁 Plus,商软冠联网络有限公司信息技术
1003,64,EK253,2.0,2024-07-05,"客户ID: EK253
客户公司: 兰金电子科技有限公司区块链技术
客户所在地: 南昌市, 中国
产品信息: 亚马逊 智能马桶 Standard (类别: 智能马桶)
生产商: 亚马逊智能科技
产品价格: 6039.3
评分: 2.0星
评价日期: 2024年07月05日
评价内容: ""使用一周后出现故障，安装困难，售后服务也不好。""",127,智能马桶,亚马逊 智能马桶 Standard,兰金电子科技有限公司区块链技术
1033,83,CS287,2.6,2024-07-05,"客户ID: CS287
客户公司: 和泰网络有限公司电子商务
客户所在地: 玲市, 中国
产品信息: 西门子 智能手环 Standard (类别: 智能手环)
生产商: 西门子智能家居
产品价格: 4892.47
评分: 2.6星
评价日期: 2024年07月05日
评价内容: ""不推荐这款智能手环，稳定性差，很失望。""",119,智能手环,西门子 智能手环 Standard,和泰网络有限公司电子商务
12,60,QU287,1.7,2024-07-04,"客户ID: QU287
客户公司: 戴硕电子科技有限公司移动应用开发
客户所在地: 瑜市, 中国
产品信息: 华为 智能窗帘 Basic (类别: 智能窗帘)
生产商: 华为智能生活
产品价格: 2259.63
评分: 1.7星
评价日期: 2024年07月04日
评价内容: ""使用一周后出现故障，续航时间短，售后服务也不好。""",126,智能窗帘,华为 智能窗帘 Basic,戴硕电子科技有限公司移动应用开发
957,14,GC890,4.7,2024-07-04,"客户ID: GC890
客户公司: 创联世纪信息有限公司移动应用开发
客户所在地: 福州县, 中国
产品信息: 格力 智能净水器 Mini (类别: 智能净水器)
生产商: 格力智能电器
产品价格: 8271.83
评分: 4.7星
评价日期: 2024年07月04日
评价内容: ""对比了市面上几款同类产品后，这款格力 智能净水器 Mini真的很不错。尤其是省电模式设计很贴心。比我想象的要差一些。如果非要说缺点的话，价格稍微贵了一点。整体体验不错。""",184,智能净水器,格力 智能净水器 Mini,创联世纪信息有限公司移动应用开发
1124,27,DH200,1.9,2024-07-04,"客户ID: DH200
客户公司: 盟新传媒有限公司大数据分析
客户所在地: 辽阳县, 中国
产品信息: 小米 智能加湿器 Plus (类别: 智能加湿器)
生产商: 小米智能家居
产品价格: 8210.59
评分: 1.9星
评价日期: 2024年07月04日
评价内容: ""使用一周后出现故障，使用说明不清，售后服务也不好。""",127,智能加湿器,小米 智能加湿器 Plus,盟新传媒有限公司大数据分析
617,20,GR729,3.4,2024-07-02,"客户ID: GR729
客户公司: 中建创业网络有限公司移动应用开发
客户所在地: 辽阳县, 中国
产品信息: 谷歌 智能净水器 Basic (类别: 智能净水器)
生产商: 谷歌智能设备
产品价格: 2404.37
评分: 3.4星
评价日期: 2024年07月02日
评价内容: ""智能净水器的质量还可以，续航时间长，不过耗电量大。""",130,智能净水器,谷歌 智能净水器 Basic,中建创业网络有限公司移动应用开发
1078,24,AY876,2.9,2024-07-01,"客户ID: AY876
客户公司: 精芯传媒有限公司物联网
客户所在地: 武汉市, 中国
产品信息: 西门子 智能电视 Pro (类别: 智能电视)
生产商: 西门子智能家居
产品价格: 6676.17
评分: 2.9星
评价日期: 2024年07月01日
评价内容: ""电池寿命问题很严重，完全不值这个价格。""",119,智能电视,西门子 智能电视 Pro,精芯传媒有限公司物联网
1086,37,WB209,1.7,2024-06-30,"客户ID: WB209
客户公司: 维涛传媒有限公司云计算
客户所在地: 秀华县, 中国
产品信息: 飞利浦 智能马桶 Max (类别: 智能马桶)
生产商: 飞利浦智能照明
产品价格: 9941.8
评分: 1.7星
评价日期: 2024年06月30日
评价内容: ""使用一周后出现故障，稳定性差，售后服务也不好。""",123,智能马桶,飞利浦 智能马桶 Max,维涛传媒有限公司云计算
1191,22,JT617,3.3,2024-06-30,"客户ID: JT617
客户公司: 时空盒数字信息有限公司智能科技
客户所在地: 郑州县, 中国
产品信息: 美的 智能电视 Basic (类别: 智能电视)
生产商: 美的智能科技
产品价格: 7621.5
评分: 3.3星
评价日期: 2024年06月30日
评价内容: ""这款智能电视一般，音质出色，但是电池寿命有点问题。""",127,智能电视,美的 智能电视 Basic,时空盒数字信息有限公司智能科技
155,35,ZU351,4.7,2024-06-29,"客户ID: ZU351
客户公司: 银嘉科技有限公司科技公司
客户所在地: 秀荣市, 中国
产品信息: 亚马逊 智能门铃 Max (类别: 智能门铃)
生产商: 亚马逊智能科技
产品价格: 3226.81
评分: 4.7星
评价日期: 2024年06月29日
评价内容: ""购买后，这款亚马逊 智能门铃 Max值得推荐。此外在工作时时表现尤为出色。如果非要说缺点的话，可能就是操作复杂。推荐给有需要的朋友。""",163,智能门铃,亚马逊 智能门铃 Max,银嘉科技有限公司科技公司
159,84,DX151,4.4,2024-06-29,"客户ID: DX151
客户公司: 易动力信息有限公司物联网
客户所在地: 佛山县, 中国
产品信息: 苹果 智能扫地机器人 Pro (类别: 智能扫地机器人)
生产商: 苹果智能家庭
产品价格: 4063.85
评分: 4.4星
评价日期: 2024年06月29日
评价内容: ""智能扫地机器人的设计很人性化，性价比高，值得推荐。""",130,智能扫地机器人,苹果 智能扫地机器人 Pro,易动力信息有限公司物联网
906,24,VQ233,5.0,2024-06-29,"客户ID: VQ233
客户公司: 和泰信息有限公司信息技术
客户所在地: 成都市, 中国
产品信息: 西门子 智能电视 Pro (类别: 智能电视)
生产商: 西门子智能家居
产品价格: 6676.17
评分: 5.0星
评价日期: 2024年06月29日
评价内容: ""这是我用过的最好的智能电视之一，节能环保，性价比很高。""",128,智能电视,西门子 智能电视 Pro,和泰信息有限公司信息技术
1207,18,CM245,1.3,2024-06-28,"客户ID: CM245
客户公司: 万迅电脑信息有限公司科技公司
客户所在地: 洋县, 中国
产品信息: 美的 智能门锁 Mini (类别: 智能门锁)
生产商: 美的智能科技
产品价格: 5323.58
评分: 1.3星
评价日期: 2024年06月28日
评价内容: ""个人认为，这款美的 智能门锁 Mini存在明显缺陷。在做饭时时完全不能正常工作。这钱花得太冤枉了。""",144,智能门锁,美的 智能门锁 Mini,万迅电脑信息有限公司科技公司
1251,2,GA851,2.1,2024-06-27,"客户ID: GA851
客户公司: 明腾传媒有限公司金融科技
客户所在地: 齐齐哈尔县, 中国
产品信息: 美的 智能插座 Standard (类别: 智能插座)
生产商: 美的智能科技
产品价格: 9962.25
评分: 2.1星
评价日期: 2024年06月27日
评价内容: ""散热问题问题很严重，完全不值这个价格。""",120,智能插座,美的 智能插座 Standard,明腾传媒有限公司金融科技
97,34,AY876,4.2,2024-06-27,"客户ID: AY876
客户公司: 精芯传媒有限公司物联网
客户所在地: 武汉市, 中国
产品信息: 松下 智能开关 Advanced (类别: 智能开关)
生产商: 松下智能电器
产品价格: 7248.19
评分: 4.2星
评价日期: 2024年06月27日
评价内容: ""作为第一次购买这类产品的新手，这款松下 智能开关 Advanced设计很人性化。有点贵了，但质量确实好。""",141,智能开关,松下 智能开关 Advanced,精芯传媒有限公司物联网
632,99,YR398,1.3,2024-06-27,"客户ID: YR398
客户公司: 浦华众城信息有限公司虚拟现实
客户所在地: 大冶市, 中国
产品信息: 三星 智能音箱 Basic (类别: 智能音箱)
生产商: 三星智能家电
产品价格: 1681.15
评分: 1.3星
评价日期: 2024年06月27日
评价内容: ""收到货后，这款智能音箱不推荐购买。主要问题在于画质模糊。唯一值得称赞的可能就是外观设计还不错。以后不会再考虑这个品牌的产品。""",163,智能音箱,三星 智能音箱 Basic,浦华众城信息有限公司虚拟现实
813,39,MJ814,1.7,2024-06-27,"客户ID: MJ814
客户公司: 毕博诚科技有限公司互联网服务
客户所在地: 俊市, 中国
产品信息: 西门子 智能音箱 Mini (类别: 智能音箱)
生产商: 西门子智能家居
产品价格: 1668.63
评分: 1.7星
评价日期: 2024年06月27日
评价内容: ""使用一周后出现故障，使用说明不清，售后服务也不好。""",127,智能音箱,西门子 智能音箱 Mini,毕博诚科技有限公司互联网服务
1169,55,AW347,3.5,2024-06-27,"客户ID: AW347
客户公司: 鸿睿思博传媒有限公司智能科技
客户所在地: 武汉市, 中国
产品信息: 飞利浦 智能手环 Max (类别: 智能手环)
生产商: 飞利浦智能照明
产品价格: 6762.29
评分: 3.5星
评价日期: 2024年06月27日
评价内容: ""智能手环的质量还可以，操作简单，不过音质一般。""",126,智能手环,飞利浦 智能手环 Max,鸿睿思博传媒有限公司智能科技
275,56,EB652,4.1,2024-06-26,"客户ID: EB652
客户公司: 凌云信息有限公司虚拟现实
客户所在地: 秀珍县, 中国
产品信息: 华为 智能体重秤 Advanced (类别: 智能体重秤)
生产商: 华为智能生活
产品价格: 263.12
评分: 4.1星
评价日期: 2024年06月26日
评价内容: ""这是我用过的最好的智能体重秤之一，安装方便，性价比很高。""",129,智能体重秤,华为 智能体重秤 Advanced,凌云信息有限公司虚拟现实
435,100,GC890,4.9,2024-06-26,"客户ID: GC890
客户公司: 创联世纪信息有限公司移动应用开发
客户所在地: 福州县, 中国
产品信息: LG 智能插座 Max (类别: 智能插座)
生产商: LG智能家电
产品价格: 8566.89
评分: 4.9星
评价日期: 2024年06月26日
评价内容: ""从我的使用体验来看，这款LG 智能插座 Max非常满意。值得一提的是特别适合户外活动。便宜没好货，这句话在这里很适用。""",155,智能插座,LG 智能插座 Max,创联世纪信息有限公司移动应用开发
545,78,MR129,1.2,2024-06-26,"客户ID: MR129
客户公司: 太极信息有限公司互联网服务
客户所在地: 海门市, 中国
产品信息: 三星 智能音箱 Elite (类别: 智能音箱)
生产商: 三星智能家电
产品价格: 5080.6
评分: 1.2星
评价日期: 2024年06月26日
评价内容: ""使用一周后出现故障，画质模糊，售后服务也不好。""",123,智能音箱,三星 智能音箱 Elite,太极信息有限公司互联网服务
1268,83,FN522,3.4,2024-06-26,"客户ID: FN522
客户公司: 新宇龙信息科技有限公司电子商务
客户所在地: 磊县, 中国
产品信息: 西门子 智能手环 Standard (类别: 智能手环)
生产商: 西门子智能家居
产品价格: 4892.47
评分: 3.4星
评价日期: 2024年06月26日
评价内容: ""这款产品优缺点都有，音质出色，但音质一般。""",124,智能手环,西门子 智能手环 Standard,新宇龙信息科技有限公司电子商务
334,4,LU518,2.7,2024-06-25,"客户ID: LU518
客户公司: 易动力传媒有限公司生物科技
客户所在地: 伟市, 中国
产品信息: 西门子 智能电视 Pro (类别: 智能电视)
生产商: 西门子智能家居
产品价格: 9993.23
评分: 2.7星
评价日期: 2024年06月25日
评价内容: ""使用一周后出现故障，售后服务差，售后服务也不好。""",125,智能电视,西门子 智能电视 Pro,易动力传媒有限公司生物科技
542,46,CS287,2.6,2024-06-25,"客户ID: CS287
客户公司: 和泰网络有限公司电子商务
客户所在地: 玲市, 中国
产品信息: 小米 智能开关 Max (类别: 智能开关)
生产商: 小米智能家居
产品价格: 2038.82
评分: 2.6星
评价日期: 2024年06月25日
评价内容: ""不推荐这款智能开关，功能单一，很失望。""",117,智能开关,小米 智能开关 Max,和泰网络有限公司电子商务
874,9,WB890,1.2,2024-06-25,"客户ID: WB890
客户公司: 鑫博腾飞网络有限公司金融科技
客户所在地: 马鞍山市, 中国
产品信息: 亚马逊 智能插座 Pro (类别: 智能插座)
生产商: 亚马逊智能科技
产品价格: 6880.25
评分: 1.2星
评价日期: 2024年06月25日
评价内容: ""使用一周后出现故障，画质模糊，售后服务也不好。""",127,智能插座,亚马逊 智能插座 Pro,鑫博腾飞网络有限公司金融科技
456,76,GC846,1.5,2024-06-24,"客户ID: GC846
客户公司: 明腾科技有限公司区块链技术
客户所在地: 石家庄市, 中国
产品信息: 松下 智能窗帘 Advanced (类别: 智能窗帘)
生产商: 松下智能电器
产品价格: 7412.19
评分: 1.5星
评价日期: 2024年06月24日
评价内容: ""这款产品有严重问题，兼容性差，已经申请退款。""",123,智能窗帘,松下 智能窗帘 Advanced,明腾科技有限公司区块链技术
481,21,FA862,4.9,2024-06-24,"客户ID: FA862
客户公司: 方正科技网络有限公司云计算
客户所在地: 潮州县, 中国
产品信息: 华为 智能加湿器 Plus (类别: 智能加湿器)
生产商: 华为智能生活
产品价格: 2510.66
评分: 4.9星
评价日期: 2024年06月24日
评价内容: ""非常满意这次购买，续航时间长，送货也很快。""",123,智能加湿器,华为 智能加湿器 Plus,方正科技网络有限公司云计算
683,64,BF338,2.5,2024-06-24,"客户ID: BF338
客户公司: 天开网络有限公司金融科技
客户所在地: 南宁市, 中国
产品信息: 亚马逊 智能马桶 Standard (类别: 智能马桶)
生产商: 亚马逊智能科技
产品价格: 6039.3
评分: 2.5星
评价日期: 2024年06月24日
评价内容: ""散热问题问题很严重，完全不值这个价格。""",120,智能马桶,亚马逊 智能马桶 Standard,天开网络有限公司金融科技
676,84,BP732,3.9,2024-06-23,"客户ID: BP732
客户公司: 南康网络有限公司互联网服务
客户所在地: 敏市, 中国
产品信息: 苹果 智能扫地机器人 Pro (类别: 智能扫地机器人)
生产商: 苹果智能家庭
产品价格: 4063.85
评分: 3.9星
评价日期: 2024年06月23日
评价内容: ""在看电影时使用还不错，但在其他情况下表现一般。""",128,智能扫地机器人,苹果 智能扫地机器人 Pro,南康网络有限公司互联网服务
100,61,EK253,3.2,2024-06-22,"客户ID: EK253
客户公司: 兰金电子科技有限公司区块链技术
客户所在地: 南昌市, 中国
产品信息: LG 智能洗衣机 Max (类别: 智能洗衣机)
生产商: LG智能家电
产品价格: 759.0
评分: 3.2星
评价日期: 2024年06月22日
评价内容: ""总体来说还行，节能环保，就是兼容性差。""",121,智能洗衣机,LG 智能洗衣机 Max,兰金电子科技有限公司区块链技术
535,36,OA831,3.1,2024-06-22,"客户ID: OA831
客户公司: 华泰通安科技有限公司网络安全
客户所在地: 玉梅市, 中国
产品信息: 海尔智慧家庭 智能加湿器 Lite (类别: 智能加湿器)
生产商: 海尔智慧家庭
产品价格: 9057.68
评分: 3.1星
评价日期: 2024年06月22日
评价内容: ""在多次对比之后选择了这款，这款海尔智慧家庭 智能加湿器 Lite中规中矩。优点是音质出色。另外使用久了会发现一些小问题。性价比很高。""",168,智能加湿器,海尔智慧家庭 智能加湿器 Lite,华泰通安科技有限公司网络安全
557,3,GR625,2.5,2024-06-22,"客户ID: GR625
客户公司: 明腾传媒有限公司互联网服务
客户所在地: 邯郸市, 中国
产品信息: 华为 智能电视 Basic (类别: 智能电视)
生产商: 华为智能生活
产品价格: 8554.76
评分: 2.5星
评价日期: 2024年06月22日
评价内容: ""对这款智能电视非常不满意，售后服务差，浪费钱。""",123,智能电视,华为 智能电视 Basic,明腾传媒有限公司互联网服务
910,79,FA862,4.4,2024-06-22,"客户ID: FA862
客户公司: 方正科技网络有限公司云计算
客户所在地: 潮州县, 中国
产品信息: 格力 智能手环 Lite (类别: 智能手环)
生产商: 格力智能电器
产品价格: 9808.19
评分: 4.4星
评价日期: 2024年06月22日
评价内容: ""使用了一个月，音质出色，没有发现任何问题。""",121,智能手环,格力 智能手环 Lite,方正科技网络有限公司云计算
93,69,FN522,2.8,2024-06-20,"客户ID: FN522
客户公司: 新宇龙信息科技有限公司电子商务
客户所在地: 磊县, 中国
产品信息: 谷歌 智能洗衣机 Elite (类别: 智能洗衣机)
生产商: 谷歌智能设备
产品价格: 4072.02
评分: 2.8星
评价日期: 2024年06月20日
评价内容: ""噪音控制问题很严重，完全不值这个价格。""",122,智能洗衣机,谷歌 智能洗衣机 Elite,新宇龙信息科技有限公司电子商务
567,81,XN875,2.5,2024-06-20,"客户ID: XN875
客户公司: 天开传媒有限公司网络安全
客户所在地: 芳市, 中国
产品信息: 亚马逊 智能门锁 Max (类别: 智能门锁)
生产商: 亚马逊智能科技
产品价格: 1413.9
评分: 2.5星
评价日期: 2024年06月20日
评价内容: ""这款产品有严重问题，做工一般，已经申请退款。""",122,智能门锁,亚马逊 智能门锁 Max,天开传媒有限公司网络安全
175,97,ZV584,4.7,2024-06-19,"客户ID: ZV584
客户公司: 维旺明科技有限公司大数据分析
客户所在地: 杭州市, 中国
产品信息: 格力 智能净水器 Ultra (类别: 智能净水器)
生产商: 格力智能电器
产品价格: 9164.46
评分: 4.7星
评价日期: 2024年06月19日
评价内容: ""从我的使用体验来看，这款格力 智能净水器 Ultra设计很人性化。然而高清画质设计很贴心。可以考虑其他品牌的同类产品。""",156,智能净水器,格力 智能净水器 Ultra,维旺明科技有限公司大数据分析
219,51,CC657,4.8,2024-06-19,"客户ID: CC657
客户公司: 昊嘉信息有限公司信息技术
客户所在地: 军县, 中国
产品信息: 苹果 智能开关 Basic (类别: 智能开关)
生产商: 苹果智能家庭
产品价格: 869.49
评分: 4.8星
评价日期: 2024年06月19日
评价内容: ""这款智能开关的智能学习功能很实用，续航时间长。""",121,智能开关,苹果 智能开关 Basic,昊嘉信息有限公司信息技术
256,43,RY572,1.7,2024-06-19,"客户ID: RY572
客户公司: 中建创业信息有限公司虚拟现实
客户所在地: 冬梅县, 中国
产品信息: 华为 智能电视 Max (类别: 智能电视)
生产商: 华为智能生活
产品价格: 4139.84
评分: 1.7星
评价日期: 2024年06月19日
评价内容: ""说实话，这款智能电视不值这个价格。在晚上睡前时完全不能正常工作。不推荐任何人购买。""",142,智能电视,华为 智能电视 Max,中建创业信息有限公司虚拟现实
469,35,II746,1.6,2024-06-19,"客户ID: II746
客户公司: 恩悌传媒有限公司虚拟现实
客户所在地: 南昌县, 中国
产品信息: 亚马逊 智能门铃 Max (类别: 智能门铃)
生产商: 亚马逊智能科技
产品价格: 3226.81
评分: 1.6星
评价日期: 2024年06月19日
评价内容: ""不推荐这款智能门铃，功能单一，很失望。""",120,智能门铃,亚马逊 智能门铃 Max,恩悌传媒有限公司虚拟现实
290,96,BI759,4.2,2024-06-18,"客户ID: BI759
客户公司: 时空盒数字信息有限公司虚拟现实
客户所在地: 荣市, 中国
产品信息: 博世 智能空调 Lite (类别: 智能空调)
生产商: 博世智能系统
产品价格: 8865.13
评分: 4.2星
评价日期: 2024年06月18日
评价内容: ""试用了几天，这款博世 智能空调 Lite性价比很高。不仅如此快速启动设计很贴心。希望厂家能改进这些问题。""",148,智能空调,博世 智能空调 Lite,时空盒数字信息有限公司虚拟现实
373,73,RV310,2.3,2024-06-18,"客户ID: RV310
客户公司: 银嘉科技有限公司云计算
客户所在地: 重庆县, 中国
产品信息: 飞利浦 智能扫地机器人 Ultra (类别: 智能扫地机器人)
生产商: 飞利浦智能照明
产品价格: 259.27
评分: 2.3星
评价日期: 2024年06月18日
评价内容: ""噪音控制问题很严重，完全不值这个价格。""",125,智能扫地机器人,飞利浦 智能扫地机器人 Ultra,银嘉科技有限公司云计算
104,63,XW046,3.2,2024-06-17,"客户ID: XW046
客户公司: 鑫博腾飞信息有限公司智能科技
客户所在地: 兴安盟市, 中国
产品信息: LG 智能净水器 Basic (类别: 智能净水器)
生产商: LG智能家电
产品价格: 9118.55
评分: 3.2星
评价日期: 2024年06月17日
评价内容: ""这款智能净水器一般，功能齐全，但是连接稳定性有点问题。""",129,智能净水器,LG 智能净水器 Basic,鑫博腾飞信息有限公司智能科技
285,78,PL616,1.4,2024-06-17,"客户ID: PL616
客户公司: 巨奥网络有限公司金融科技
客户所在地: 明市, 中国
产品信息: 三星 智能音箱 Elite (类别: 智能音箱)
生产商: 三星智能家电
产品价格: 5080.6
评分: 1.4星
评价日期: 2024年06月17日
评价内容: ""从我的使用体验来看，这款三星 智能音箱 Elite有严重问题。主要问题在于稳定性差。""",134,智能音箱,三星 智能音箱 Elite,巨奥网络有限公司金融科技
288,43,FA862,4.3,2024-06-17,"客户ID: FA862
客户公司: 方正科技网络有限公司云计算
客户所在地: 潮州县, 中国
产品信息: 华为 智能电视 Max (类别: 智能电视)
生产商: 华为智能生活
产品价格: 4139.84
评分: 4.3星
评价日期: 2024年06月17日
评价内容: ""这款产品的智能场景特别好用，在家庭聚会时特别方便。""",125,智能电视,华为 智能电视 Max,方正科技网络有限公司云计算
483,95,BP732,3.4,2024-06-16,"客户ID: BP732
客户公司: 南康网络有限公司互联网服务
客户所在地: 敏市, 中国
产品信息: 格力 智能音箱 Advanced (类别: 智能音箱)
生产商: 格力智能电器
产品价格: 8366.34
评分: 3.4星
评价日期: 2024年06月16日
评价内容: ""对比了市面上几款同类产品后，这款格力 智能音箱 Advanced优缺点都有。优点是兼容性强。更让我满意的是连接稳定性有点问题。价格虽高，但物有所值。""",164,智能音箱,格力 智能音箱 Advanced,南康网络有限公司互联网服务
513,7,CA470,2.3,2024-06-16,"客户ID: CA470
客户公司: 南康传媒有限公司生物科技
客户所在地: 贵阳市, 中国
产品信息: 博世 智能扫地机器人 Max (类别: 智能扫地机器人)
生产商: 博世智能系统
产品价格: 1108.4
评分: 2.3星
评价日期: 2024年06月16日
评价内容: ""使用一周后出现故障，画质模糊，售后服务也不好。""",128,智能扫地机器人,博世 智能扫地机器人 Max,南康传媒有限公司生物科技
618,51,PL616,1.0,2024-06-16,"客户ID: PL616
客户公司: 巨奥网络有限公司金融科技
客户所在地: 明市, 中国
产品信息: 苹果 智能开关 Basic (类别: 智能开关)
生产商: 苹果智能家庭
产品价格: 869.49
评分: 1.0星
评价日期: 2024年06月16日
评价内容: ""连接稳定性问题很严重，完全不值这个价格。""",118,智能开关,苹果 智能开关 Basic,巨奥网络有限公司金融科技
882,3,QT258,2.6,2024-06-16,"客户ID: QT258
客户公司: 商软冠联传媒有限公司大数据分析
客户所在地: 玉珍县, 中国
产品信息: 华为 智能电视 Basic (类别: 智能电视)
生产商: 华为智能生活
产品价格: 8554.76
评分: 2.6星
评价日期: 2024年06月16日
评价内容: ""对这款智能电视非常不满意，做工一般，浪费钱。""",124,智能电视,华为 智能电视 Basic,商软冠联传媒有限公司大数据分析
1159,6,VC531,3.5,2024-06-16,"客户ID: VC531
客户公司: 九方传媒有限公司生物科技
客户所在地: 六盘水市, 中国
产品信息: 海尔智慧家庭 智能空气净化器 Basic (类别: 智能空气净化器)
生产商: 海尔智慧家庭
产品价格: 5495.06
评分: 3.5星
评价日期: 2024年06月16日
评价内容: ""这款智能空气净化器一般，外观漂亮，但是信号强度有点问题。""",138,智能空气净化器,海尔智慧家庭 智能空气净化器 Basic,九方传媒有限公司生物科技
257,99,ZH741,1.6,2024-06-14,"客户ID: ZH741
客户公司: 巨奥科技有限公司信息技术
客户所在地: 峰县, 中国
产品信息: 三星 智能音箱 Basic (类别: 智能音箱)
生产商: 三星智能家电
产品价格: 1681.15
评分: 1.6星
评价日期: 2024年06月14日
评价内容: ""这款产品有严重问题，耗电量大，已经申请退款。""",120,智能音箱,三星 智能音箱 Basic,巨奥科技有限公司信息技术
797,45,BF338,4.1,2024-06-14,"客户ID: BF338
客户公司: 天开网络有限公司金融科技
客户所在地: 南宁市, 中国
产品信息: 博世 智能马桶 Max (类别: 智能马桶)
生产商: 博世智能系统
产品价格: 7392.23
评分: 4.1星
评价日期: 2024年06月14日
评价内容: ""非常满意这次购买，安装方便，送货也很快。""",119,智能马桶,博世 智能马桶 Max,天开网络有限公司金融科技
1031,15,BN418,3.0,2024-06-14,"客户ID: BN418
客户公司: 易动力网络有限公司移动应用开发
客户所在地: 重庆市, 中国
产品信息: 谷歌 智能音箱 Elite (类别: 智能音箱)
生产商: 谷歌智能设备
产品价格: 6218.93
评分: 3.0星
评价日期: 2024年06月14日
评价内容: ""总体来说还行，续航时间长，就是智能化程度低。""",124,智能音箱,谷歌 智能音箱 Elite,易动力网络有限公司移动应用开发
23,44,DH200,2.4,2024-06-12,"客户ID: DH200
客户公司: 盟新传媒有限公司大数据分析
客户所在地: 辽阳县, 中国
产品信息: 小米 智能空调 Elite (类别: 智能空调)
生产商: 小米智能家居
产品价格: 7690.31
评分: 2.4星
评价日期: 2024年06月12日
评价内容: ""老实讲，这款小米 智能空调 Elite存在明显缺陷。信号强度简直无法忍受。不推荐任何人购买。""",140,智能空调,小米 智能空调 Elite,盟新传媒有限公司大数据分析
35,20,VX147,4.0,2024-06-12,"客户ID: VX147
客户公司: 东方峻景传媒有限公司金融科技
客户所在地: 海门县, 中国
产品信息: 谷歌 智能净水器 Basic (类别: 智能净水器)
生产商: 谷歌智能设备
产品价格: 2404.37
评分: 4.0星
评价日期: 2024年06月12日
评价内容: ""使用了一个月，智能化程度高，没有发现任何问题。""",126,智能净水器,谷歌 智能净水器 Basic,东方峻景传媒有限公司金融科技
313,53,US056,1.7,2024-06-12,"客户ID: US056
客户公司: 国讯网络有限公司移动应用开发
客户所在地: 文市, 中国
产品信息: 华为 智能电视 Lite (类别: 智能电视)
生产商: 华为智能生活
产品价格: 2968.02
评分: 1.7星
评价日期: 2024年06月12日
评价内容: ""噪音控制问题很严重，完全不值这个价格。""",119,智能电视,华为 智能电视 Lite,国讯网络有限公司移动应用开发
517,89,CM245,3.1,2024-06-12,"客户ID: CM245
客户公司: 万迅电脑信息有限公司科技公司
客户所在地: 洋县, 中国
产品信息: 博世 智能空调 Lite (类别: 智能空调)
生产商: 博世智能系统
产品价格: 9160.39
评分: 3.1星
评价日期: 2024年06月12日
评价内容: ""从我的使用体验来看，这款智能空调性价比一般。静音设计设计得比较合理。而且缺点是兼容性差。整体体验不错。""",151,智能空调,博世 智能空调 Lite,万迅电脑信息有限公司科技公司
605,35,GL926,4.8,2024-06-12,"客户ID: GL926
客户公司: 时空盒数字传媒有限公司大数据分析
客户所在地: 巢湖市, 中国
产品信息: 亚马逊 智能门铃 Max (类别: 智能门铃)
生产商: 亚马逊智能科技
产品价格: 3226.81
评分: 4.8星
评价日期: 2024年06月12日
评价内容: ""这款智能门铃质量很好，稳定性好。总体来说很满意。""",129,智能门铃,亚马逊 智能门铃 Max,时空盒数字传媒有限公司大数据分析
1052,38,KM929,1.5,2024-06-12,"客户ID: KM929
客户公司: 迪摩科技有限公司电子商务
客户所在地: 福州县, 中国
产品信息: 西门子 智能冰箱 Standard (类别: 智能冰箱)
生产商: 西门子智能家居
产品价格: 4347.58
评分: 1.5星
评价日期: 2024年06月12日
评价内容: ""体验下来，这款西门子 智能冰箱 Standard不推荐购买。使用不到一周就出现了损坏。""",135,智能冰箱,西门子 智能冰箱 Standard,迪摩科技有限公司电子商务
1206,72,ZU351,3.1,2024-06-12,"客户ID: ZU351
客户公司: 银嘉科技有限公司科技公司
客户所在地: 秀荣市, 中国
产品信息: 西门子 智能洗衣机 Pro (类别: 智能洗衣机)
生产商: 西门子智能家居
产品价格: 6209.73
评分: 3.1星
评价日期: 2024年06月12日
评价内容: ""智能洗衣机的质量还可以，稳定性好，不过价格偏高。""",127,智能洗衣机,西门子 智能洗衣机 Pro,银嘉科技有限公司科技公司
604,44,LU518,3.6,2024-06-11,"客户ID: LU518
客户公司: 易动力传媒有限公司生物科技
客户所在地: 伟市, 中国
产品信息: 小米 智能空调 Elite (类别: 智能空调)
生产商: 小米智能家居
产品价格: 7690.31
评分: 3.6星
评价日期: 2024年06月11日
评价内容: ""智能空调的质量还可以，外观漂亮，不过智能化程度低。""",124,智能空调,小米 智能空调 Elite,易动力传媒有限公司生物科技
332,36,CC657,2.1,2024-06-09,"客户ID: CC657
客户公司: 昊嘉信息有限公司信息技术
客户所在地: 军县, 中国
产品信息: 海尔智慧家庭 智能加湿器 Lite (类别: 智能加湿器)
生产商: 海尔智慧家庭
产品价格: 9057.68
评分: 2.1星
评价日期: 2024年06月09日
评价内容: ""信号强度问题很严重，完全不值这个价格。""",123,智能加湿器,海尔智慧家庭 智能加湿器 Lite,昊嘉信息有限公司信息技术
372,15,CC657,1.8,2024-06-09,"客户ID: CC657
客户公司: 昊嘉信息有限公司信息技术
客户所在地: 军县, 中国
产品信息: 谷歌 智能音箱 Elite (类别: 智能音箱)
生产商: 谷歌智能设备
产品价格: 6218.93
评分: 1.8星
评价日期: 2024年06月09日
评价内容: ""噪音控制问题很严重，完全不值这个价格。""",117,智能音箱,谷歌 智能音箱 Elite,昊嘉信息有限公司信息技术
660,71,EM821,2.0,2024-06-08,"客户ID: EM821
客户公司: 泰麒麟信息有限公司人工智能
客户所在地: 香港县, 中国
产品信息: 索尼 智能冰箱 Elite (类别: 智能冰箱)
生产商: 索尼智能科技
产品价格: 6386.01
评分: 2.0星
评价日期: 2024年06月08日
评价内容: ""这款产品有严重问题，兼容性差，已经申请退款。""",122,智能冰箱,索尼 智能冰箱 Elite,泰麒麟信息有限公司人工智能
678,59,WB209,2.8,2024-06-08,"客户ID: WB209
客户公司: 维涛传媒有限公司云计算
客户所在地: 秀华县, 中国
产品信息: 西门子 智能摄像头 Max (类别: 智能摄像头)
生产商: 西门子智能家居
产品价格: 5402.93
评分: 2.8星
评价日期: 2024年06月08日
评价内容: ""我发现，这款智能摄像头有严重问题。在做饭时时完全不能正常工作。希望厂家能重视这些问题。""",145,智能摄像头,西门子 智能摄像头 Max,维涛传媒有限公司云计算
701,63,KM929,1.4,2024-06-08,"客户ID: KM929
客户公司: 迪摩科技有限公司电子商务
客户所在地: 福州县, 中国
产品信息: LG 智能净水器 Basic (类别: 智能净水器)
生产商: LG智能家电
产品价格: 9118.55
评分: 1.4星
评价日期: 2024年06月08日
评价内容: ""使用一周后出现故障，反应迟钝，售后服务也不好。""",122,智能净水器,LG 智能净水器 Basic,迪摩科技有限公司电子商务
788,56,WB890,1.2,2024-06-08,"客户ID: WB890
客户公司: 鑫博腾飞网络有限公司金融科技
客户所在地: 马鞍山市, 中国
产品信息: 华为 智能体重秤 Advanced (类别: 智能体重秤)
生产商: 华为智能生活
产品价格: 263.12
评分: 1.2星
评价日期: 2024年06月08日
评价内容: ""使用一周后出现故障，功能单一，售后服务也不好。""",127,智能体重秤,华为 智能体重秤 Advanced,鑫博腾飞网络有限公司金融科技
374,94,QI779,2.0,2024-06-07,"客户ID: QI779
客户公司: 合联电子科技有限公司网络安全
客户所在地: 沈阳县, 中国
产品信息: 格力 智能体重秤 Standard (类别: 智能体重秤)
生产商: 格力智能电器
产品价格: 9138.52
评分: 2.0星
评价日期: 2024年06月07日
评价内容: ""不推荐这款智能体重秤，售后服务差，很失望。""",124,智能体重秤,格力 智能体重秤 Standard,合联电子科技有限公司网络安全
702,96,GJ116,1.7,2024-06-07,"客户ID: GJ116
客户公司: 良诺信息有限公司生物科技
客户所在地: 红市, 中国
产品信息: 博世 智能空调 Lite (类别: 智能空调)
生产商: 博世智能系统
产品价格: 8865.13
评分: 1.7星
评价日期: 2024年06月07日
评价内容: ""连接稳定性问题很严重，完全不值这个价格。""",118,智能空调,博世 智能空调 Lite,良诺信息有限公司生物科技
929,45,RV310,2.9,2024-06-07,"客户ID: RV310
客户公司: 银嘉科技有限公司云计算
客户所在地: 重庆县, 中国
产品信息: 博世 智能马桶 Max (类别: 智能马桶)
生产商: 博世智能系统
产品价格: 7392.23
评分: 2.9星
评价日期: 2024年06月07日
评价内容: ""不推荐这款智能马桶，安装困难，很失望。""",117,智能马桶,博世 智能马桶 Max,银嘉科技有限公司云计算
1105,32,ZF801,2.0,2024-06-07,"客户ID: ZF801
客户公司: 易动力科技有限公司科技公司
客户所在地: 沈阳县, 中国
产品信息: 亚马逊 智能马桶 Elite (类别: 智能马桶)
生产商: 亚马逊智能科技
产品价格: 1801.88
评分: 2.0星
评价日期: 2024年06月07日
评价内容: ""这款产品有严重问题，使用说明不清，已经申请退款。""",126,智能马桶,亚马逊 智能马桶 Elite,易动力科技有限公司科技公司
1195,90,FA862,3.3,2024-06-07,"客户ID: FA862
客户公司: 方正科技网络有限公司云计算
客户所在地: 潮州县, 中国
产品信息: 三星 智能窗帘 Standard (类别: 智能窗帘)
生产商: 三星智能家电
产品价格: 2559.17
评分: 3.3星
评价日期: 2024年06月07日
评价内容: ""这款产品优缺点都有，性价比高，但续航时间短。""",122,智能窗帘,三星 智能窗帘 Standard,方正科技网络有限公司云计算
1240,25,DV182,3.2,2024-06-06,"客户ID: DV182
客户公司: 艾提科信传媒有限公司网络安全
客户所在地: 桂荣市, 中国
产品信息: 三星 智能窗帘 Basic (类别: 智能窗帘)
生产商: 三星智能家电
产品价格: 9678.27
评分: 3.2星
评价日期: 2024年06月06日
评价内容: ""总体来说还行，节能环保，就是价格偏高。""",120,智能窗帘,三星 智能窗帘 Basic,艾提科信传媒有限公司网络安全
284,75,RG743,4.0,2024-06-06,"客户ID: RG743
客户公司: 快讯信息有限公司智能科技
客户所在地: 勇县, 中国
产品信息: 亚马逊 智能空调 Standard (类别: 智能空调)
生产商: 亚马逊智能科技
产品价格: 9247.38
评分: 4.0星
评价日期: 2024年06月06日
评价内容: ""智能空调的设计很人性化，反应灵敏，值得推荐。""",122,智能空调,亚马逊 智能空调 Standard,快讯信息有限公司智能科技
503,101,ZO854,1.2,2024-06-06,"客户ID: ZO854
客户公司: MBP软件科技有限公司信息技术
客户所在地: 丽华县, 中国
产品信息: 三星 智能摄像头 Mini (类别: 智能摄像头)
生产商: 三星智能家电
产品价格: 1662.36
评分: 1.2星
评价日期: 2024年06月06日
评价内容: ""使用一周后出现故障，做工一般，售后服务也不好。""",125,智能摄像头,三星 智能摄像头 Mini,MBP软件科技有限公司信息技术
421,47,GC890,2.5,2024-06-05,"客户ID: GC890
客户公司: 创联世纪信息有限公司移动应用开发
客户所在地: 福州县, 中国
产品信息: 苹果 智能灯具 Basic (类别: 智能灯具)
生产商: 苹果智能家庭
产品价格: 2411.14
评分: 2.5星
评价日期: 2024年06月05日
评价内容: ""使用一周后出现故障，耗电量大，售后服务也不好。""",126,智能灯具,苹果 智能灯具 Basic,创联世纪信息有限公司移动应用开发
434,98,GJ116,1.8,2024-06-05,"客户ID: GJ116
客户公司: 良诺信息有限公司生物科技
客户所在地: 红市, 中国
产品信息: 格力 智能电视 Pro (类别: 智能电视)
生产商: 格力智能电器
产品价格: 2676.49
评分: 1.8星
评价日期: 2024年06月05日
评价内容: ""对比了市面上几款同类产品后，这款格力 智能电视 Pro性价比极低。主要问题在于反应迟钝。""",138,智能电视,格力 智能电视 Pro,良诺信息有限公司生物科技
900,30,AW347,3.1,2024-06-05,"客户ID: AW347
客户公司: 鸿睿思博传媒有限公司智能科技
客户所在地: 武汉市, 中国
产品信息: 小米 智能开关 Ultra (类别: 智能开关)
生产商: 小米智能家居
产品价格: 747.93
评分: 3.1星
评价日期: 2024年06月05日
评价内容: ""总体来说还行，稳定性好，就是智能化程度低。""",122,智能开关,小米 智能开关 Ultra,鸿睿思博传媒有限公司智能科技
