ReviewID,ProductID,ProductName,CustomerID,CustomerName,Rating,ReviewText,ReviewDate,CategoryName
404,2,美的 智能插座 Standard,GC890,创联世纪信息有限公司移动应用开发,3.7,这款智能插座一般，做工精细，但是噪音控制有点问题。,2026-06-03,智能插座
655,11,小米 智能门锁 Mini,RY572,中建创业信息有限公司虚拟现实,1.3,必须承认，这款智能门锁有严重问题。主要问题在于耗电量大。,2026-06-03,智能门锁
1095,10,美的 智能窗帘 Max,GJ116,良诺信息有限公司生物科技,3.8,对比了市面上几款同类产品后，这款智能窗帘一般般。在晚上睡前时使用体验还不错。而且电池寿命有点问题。可以考虑其他品牌的同类产品。,2026-06-03,智能窗帘
166,27,小米 智能加湿器 Plus,WB890,鑫博腾飞网络有限公司金融科技,1.8,不推荐这款智能加湿器，稳定性差，很失望。,2026-06-02,智能加湿器
230,80,LG 智能音箱 Lite,GJ116,良诺信息有限公司生物科技,1.9,说实话，这款LG 智能音箱 Lite使用体验很差。电池寿命简直无法忍受。不推荐任何人购买。,2026-06-02,智能音箱
428,23,美的 智能净水器 Plus,EI532,七喜传媒有限公司人工智能,1.0,从我的使用体验来看，这款智能净水器很失望。在看电影时时完全不能正常工作。希望厂家能重视这些问题。,2026-06-02,智能净水器
1190,1,亚马逊 智能电饭煲 Advanced,BN418,易动力网络有限公司移动应用开发,1.1,老实讲，这款智能电饭煲功能实现得很糟糕。在做饭时时完全不能正常工作。这钱花得太冤枉了。,2026-06-01,智能电饭煲
1196,91,亚马逊 智能音箱 Basic,WB890,鑫博腾飞网络有限公司金融科技,3.8,这款智能音箱一般，操作简单，但是连接稳定性有点问题。,2026-06-01,智能音箱
460,74,松下 智能窗帘 Lite,LB704,群英信息有限公司金融科技,4.2,这款智能窗帘的自动调节功能很实用，功能齐全。,2026-05-30,智能窗帘
1230,49,松下 智能加湿器 Pro,GL926,时空盒数字传媒有限公司大数据分析,2.3,不推荐这款智能加湿器，续航时间短，很失望。,2026-05-29,智能加湿器
273,54,博世 智能开关 Max,US056,国讯网络有限公司移动应用开发,4.5,购买后，这款博世 智能开关 Max值得推荐。然而在看电影时时表现尤为出色。比我预期的要好。如果非要说缺点的话，信号强度还有提升空间。推荐给有需要的朋友。,2026-05-28,智能开关
596,26,亚马逊 智能扫地机器人 Mini,BN418,易动力网络有限公司移动应用开发,1.9,从我的使用体验来看，这款亚马逊 智能扫地机器人 Mini质量太差。主要问题在于稳定性差。这钱花得太冤枉了。,2026-05-26,智能扫地机器人
1224,54,博世 智能开关 Max,FJ947,浙大万朋信息有限公司生物科技,2.3,不推荐这款智能开关，画质模糊，很失望。,2026-05-26,智能开关
1203,85,博世 智能马桶 Basic,WQ849,开发区世创科技有限公司科技公司,2.2,收到货后，这款智能马桶不推荐购买。主要问题在于反应迟钝。唯一值得称赞的可能就是包装很精美。这钱花得太冤枉了。,2026-05-25,智能马桶
1205,14,格力 智能净水器 Mini,DX151,易动力信息有限公司物联网,3.7,智能净水器的质量还可以，质量很好，不过反应迟钝。,2026-05-25,智能净水器
663,99,三星 智能音箱 Basic,JT617,时空盒数字信息有限公司智能科技,3.7,总体来说还行，节能环保，就是耗电量大。,2026-05-25,智能音箱
1007,17,苹果 智能门锁 Plus,VC531,九方传媒有限公司生物科技,4.4,使用后感觉，这款苹果 智能门锁 Plus非常满意。和官方展示的有差距。如果非要说缺点的话，价格稍微贵了一点。总体来说还是很满意的。,2026-05-25,智能门锁
36,50,苹果 智能空气净化器 Basic,DH200,盟新传媒有限公司大数据分析,2.7,散热问题问题很严重，完全不值这个价格。,2026-05-24,智能空气净化器
537,53,华为 智能电视 Lite,EI532,七喜传媒有限公司人工智能,1.1,散热问题问题很严重，完全不值这个价格。,2026-05-23,智能电视
1209,29,博世 智能空气净化器 Lite,BI759,时空盒数字信息有限公司虚拟现实,3.3,在多次对比之后选择了这款，这款智能空气净化器优缺点都有。刚收到时，智能学习表现不错。最重要的是使用久了会发现一些小问题。性价比很高。,2026-05-23,智能空气净化器
16,78,三星 智能音箱 Elite,PJ659,超艺网络有限公司人工智能,3.2,这款产品优缺点都有，功能齐全，但使用说明不清。,2026-05-22,智能音箱
30,88,格力 智能体重秤 Ultra,NU711,易动力科技有限公司人工智能,3.0,对比了市面上几款同类产品后，这款智能体重秤质量还行。在工作时时使用体验还不错。最让我失望的是使用久了会发现一些小问题。这个价位能买到这样的产品已经很不错了。,2026-05-22,智能体重秤
794,39,西门子 智能音箱 Mini,BW289,海创网络有限公司生物科技,1.6,经过一段时间使用，这款西门子 智能音箱 Mini使用体验很差。噪音控制简直无法忍受。这钱花得太冤枉了。,2026-05-21,智能音箱
1146,2,美的 智能插座 Standard,DW607,银嘉网络有限公司云计算,2.9,作为第一次购买这类产品的新手，这款智能插座很失望。主要问题在于价格偏高。,2026-05-21,智能插座
615,72,西门子 智能洗衣机 Pro,BN418,易动力网络有限公司移动应用开发,4.0,必须承认，这款智能洗衣机超出我的预期。值得一提的是自动升级是我最喜欢的部分。如果非要说缺点的话，可能就是售后服务差。总体来说还是很满意的。,2026-05-20,智能洗衣机
383,25,三星 智能窗帘 Basic,ZO854,MBP软件科技有限公司信息技术,4.5,智能窗帘的设计很人性化，功能齐全，值得推荐。,2026-05-19,智能窗帘
774,41,索尼 智能空气净化器 Ultra,ZO854,MBP软件科技有限公司信息技术,1.5,这款产品有严重问题，使用说明不清，已经申请退款。,2026-05-19,智能空气净化器
234,13,三星 智能电饭煲 Max,BP732,南康网络有限公司互联网服务,2.5,坦白讲，这款智能电饭煲功能实现得很糟糕。使用不到一周就出现了故障。这钱花得太冤枉了。,2026-05-18,智能电饭煲
551,81,亚马逊 智能门锁 Max,JT617,时空盒数字信息有限公司智能科技,3.3,用了一段时间，这款智能门锁性价比一般。优点是反应灵敏。不过散热问题有点问题。整体体验不错。,2026-05-18,智能门锁
183,48,苹果 智能门锁 Pro,WQ849,开发区世创科技有限公司科技公司,3.0,这款产品优缺点都有，音质出色，但画质模糊。,2026-05-17,智能门锁
956,37,飞利浦 智能马桶 Max,EA575,襄樊地球村信息有限公司物联网,2.2,不推荐这款智能马桶，耗电量大，很失望。,2026-05-17,智能马桶
1163,51,苹果 智能开关 Basic,IK721,诺依曼软件传媒有限公司物联网,2.7,说实话，这款苹果 智能开关 Basic完全不符合预期。使用不到一周就出现了损坏。,2026-05-17,智能开关
353,68,博世 智能插座 Basic,RV310,银嘉科技有限公司云计算,1.8,作为第一次购买这类产品的新手，这款博世 智能插座 Basic完全不符合预期。在做饭时时完全不能正常工作。不推荐任何人购买。,2026-05-16,智能插座
1148,78,三星 智能音箱 Elite,GC846,明腾科技有限公司区块链技术,5.0,智能音箱的设计很人性化，外观漂亮，值得推荐。,2026-05-16,智能音箱
117,48,苹果 智能门锁 Pro,DV182,艾提科信传媒有限公司网络安全,2.8,坦白讲，这款苹果 智能门锁 Pro使用体验很差。噪音控制简直无法忍受。唯一值得称赞的可能就是外观设计还不错。不推荐任何人购买。,2026-05-14,智能门锁
277,67,松下 智能电饭煲 Pro,FB488,方正科技科技有限公司互联网服务,2.8,这款产品有严重问题，价格偏高，已经申请退款。,2026-05-14,智能电饭煲
643,26,亚马逊 智能扫地机器人 Mini,PE529,易动力网络有限公司信息技术,2.7,作为第一次购买这类产品的新手，这款智能扫地机器人使用体验很差。主要问题在于反应迟钝。希望厂家能重视这些问题。,2026-05-14,智能扫地机器人
180,71,索尼 智能冰箱 Elite,ZO854,MBP软件科技有限公司信息技术,2.5,噪音控制问题很严重，完全不值这个价格。,2026-05-12,智能冰箱
762,32,亚马逊 智能马桶 Elite,BN418,易动力网络有限公司移动应用开发,1.0,购买后，这款智能马桶完全不符合预期。在晚上睡前时完全不能正常工作。已经申请退款了。,2026-05-11,智能马桶
1214,95,格力 智能音箱 Advanced,EK253,兰金电子科技有限公司区块链技术,1.9,作为一个经常使用此类产品的人，这款智能音箱完全不符合预期。连接稳定性简直无法忍受。希望厂家能重视这些问题。,2026-05-11,智能音箱
220,19,海尔智慧家庭 智能开关 Plus,MA264,时刻网络有限公司信息技术,5.0,非常满意这次购买，外观漂亮，送货也很快。,2026-05-10,智能开关
998,88,格力 智能体重秤 Ultra,PL616,巨奥网络有限公司金融科技,4.4,体验下来，这款格力 智能体重秤 Ultra做工精细。最让我失望的是定时功能是我最喜欢的部分。和官方展示的有差距。推荐给有需要的朋友。,2026-05-10,智能体重秤
1045,77,美的 智能洗衣机 Advanced,BP732,南康网络有限公司互联网服务,2.9,必须承认，这款智能洗衣机性价比极低。在做饭时时完全不能正常工作。已经申请退款了。,2026-05-10,智能洗衣机
939,22,美的 智能电视 Basic,LB704,群英信息有限公司金融科技,3.9,这款产品优缺点都有，操作简单，但续航时间短。,2026-05-09,智能电视
1075,33,飞利浦 智能加湿器 Ultra,VQ233,和泰信息有限公司信息技术,1.4,不推荐这款智能加湿器，音质一般，很失望。,2026-05-08,智能加湿器
1178,33,飞利浦 智能加湿器 Ultra,NU711,易动力科技有限公司人工智能,4.0,试用了几天，这款飞利浦 智能加湿器 Ultra很好用。另外在工作时时表现尤为出色。可以考虑其他品牌的同类产品。,2026-05-08,智能加湿器
1250,83,西门子 智能手环 Standard,RG743,快讯信息有限公司智能科技,1.4,老实讲，这款西门子 智能手环 Standard功能实现得很糟糕。散热问题简直无法忍受。以后不会再考虑这个品牌的产品。,2026-05-08,智能手环
737,44,小米 智能空调 Elite,IP471,银嘉信息有限公司移动应用开发,2.9,这款产品有严重问题，稳定性差，已经申请退款。,2026-05-07,智能空调
283,30,小米 智能开关 Ultra,EU335,济南亿次元网络有限公司科技公司,4.5,这是我用过的最好的智能开关之一，节能环保，性价比很高。,2026-05-06,智能开关
1199,25,三星 智能窗帘 Basic,AU710,巨奥传媒有限公司信息技术,3.9,这款智能窗帘一般，做工精细，但是电池寿命有点问题。,2026-05-06,智能窗帘
1232,60,华为 智能窗帘 Basic,RY572,中建创业信息有限公司虚拟现实,2.7,使用一周后出现故障，音质一般，售后服务也不好。,2026-05-06,智能窗帘
161,8,松下 智能开关 Lite,ZF061,维旺明信息有限公司人工智能,4.6,使用后感觉，这款智能开关真的很不错。除此之外在看电影时时表现尤为出色。如果非要说缺点的话，配件可以再多一些。不太推荐购买。,2026-05-04,智能开关
499,27,小米 智能加湿器 Plus,DV182,艾提科信传媒有限公司网络安全,4.5,不得不说，这款小米 智能加湿器 Plus性价比很高。和描述的有些差距。如果非要说缺点的话，可能就是稳定性差。建议慎重考虑。,2026-05-04,智能加湿器
658,45,博世 智能马桶 Max,EA575,襄樊地球村信息有限公司物联网,1.8,不推荐这款智能马桶，反应迟钝，很失望。,2026-05-04,智能马桶
827,74,松下 智能窗帘 Lite,GR729,中建创业网络有限公司移动应用开发,3.4,总体来说还行，反应灵敏，就是安装困难。,2026-05-04,智能窗帘
49,22,美的 智能电视 Basic,RY548,易动力信息有限公司网络安全,2.0,不推荐这款智能电视，功能单一，很失望。,2026-05-03,智能电视
134,62,华为 智能洗衣机 Ultra,XW046,鑫博腾飞信息有限公司智能科技,3.2,智能洗衣机的质量还可以，节能环保，不过画质模糊。,2026-05-03,智能洗衣机
471,77,美的 智能洗衣机 Advanced,FJ947,浙大万朋信息有限公司生物科技,4.0,老实讲，这款智能洗衣机真的很不错。然而智能场景是我最喜欢的部分。和朋友推荐的一样好用。如果非要说缺点的话，散热问题还有提升空间。对得起这个价格。,2026-05-03,智能洗衣机
694,89,博世 智能空调 Lite,VH856,鑫博腾飞科技有限公司电子商务,2.7,说实话，这款博世 智能空调 Lite不推荐购买。主要问题在于安装困难。,2026-05-02,智能空调
763,100,LG 智能插座 Max,WY218,飞海科技传媒有限公司信息技术,4.0,这款产品的多用户管理特别好用，在日常使用时特别方便。,2026-05-02,智能插座
299,24,西门子 智能电视 Pro,FJ947,浙大万朋信息有限公司生物科技,4.8,购买后，这款智能电视非常满意。让我惊喜的是定时功能是我最喜欢的部分。如果非要说缺点的话，可能就是智能化程度低。希望厂家能改进这些问题。,2026-05-01,智能电视
877,66,松下 智能马桶 Elite,DH200,盟新传媒有限公司大数据分析,3.2,在工作时使用还不错，但在其他情况下表现一般。,2026-05-01,智能马桶
186,96,博世 智能空调 Lite,EM821,泰麒麟信息有限公司人工智能,3.7,这款产品优缺点都有，续航时间长，但稳定性差。,2026-04-30,智能空调
564,13,三星 智能电饭煲 Max,YZ898,通际名联科技有限公司金融科技,4.2,试用了几天，这款智能电饭煲真的很不错。可惜的是多用户管理是我最喜欢的部分。在同类产品中算是中等水平。如果非要说缺点的话，价格稍微贵了一点。性价比很高。,2026-04-30,智能电饭煲
1044,4,西门子 智能电视 Pro,CA470,南康传媒有限公司生物科技,3.3,总体来说还行，质量很好，就是智能化程度低。,2026-04-29,智能电视
1059,87,美的 智能马桶 Mini,OA831,华泰通安科技有限公司网络安全,3.4,这款智能马桶一般，节能环保，但是信号强度有点问题。,2026-04-29,智能马桶
1235,99,三星 智能音箱 Basic,YR398,浦华众城信息有限公司虚拟现实,1.1,使用一周后出现故障，使用说明不清，售后服务也不好。,2026-04-29,智能音箱
398,93,索尼 智能加湿器 Pro,ZH741,巨奥科技有限公司信息技术,1.9,对这款智能加湿器非常不满意，操作复杂，浪费钱。,2026-04-28,智能加湿器
766,79,格力 智能手环 Lite,NU012,商软冠联传媒有限公司智能科技,1.2,使用一周后出现故障，操作复杂，售后服务也不好。,2026-04-28,智能手环
996,60,华为 智能窗帘 Basic,WW556,商软冠联网络有限公司信息技术,1.2,对比了市面上几款同类产品后，这款华为 智能窗帘 Basic功能实现得很糟糕。使用不到一周就出现了故障。唯一值得称赞的可能就是包装很精美。以后不会再考虑这个品牌的产品。,2026-04-28,智能窗帘
406,11,小米 智能门锁 Mini,XW046,鑫博腾飞信息有限公司智能科技,5.0,这款产品的定时功能特别好用，在夜间使用时特别方便。,2026-04-27,智能门锁
804,44,小米 智能空调 Elite,ZO854,MBP软件科技有限公司信息技术,1.2,不推荐这款智能空调，反应迟钝，很失望。,2026-04-27,智能空调
1020,92,西门子 智能摄像头 Plus,BF338,天开网络有限公司金融科技,1.1,从我的使用体验来看，这款西门子 智能摄像头 Plus完全不符合预期。主要问题在于使用说明不清。唯一值得称赞的可能就是包装很精美。,2026-04-27,智能摄像头
467,1,亚马逊 智能电饭煲 Advanced,ZF801,易动力科技有限公司科技公司,3.9,在多次对比之后选择了这款，这款智能电饭煲质量还行。省电模式设计得比较合理。同时使用久了会发现一些小问题。总体来说还是很满意的。,2026-04-26,智能电饭煲
484,9,亚马逊 智能插座 Pro,RV310,银嘉科技有限公司云计算,1.1,这款产品有严重问题，操作复杂，已经申请退款。,2026-04-26,智能插座
1021,64,亚马逊 智能马桶 Standard,ZH741,巨奥科技有限公司信息技术,4.4,这款产品的自动升级特别好用，在夜间使用时特别方便。,2026-04-24,智能马桶
88,60,华为 智能窗帘 Basic,PE529,易动力网络有限公司信息技术,3.9,老实讲，这款智能窗帘性价比一般。优点是反应灵敏。令人意外的是电池寿命有点问题。期待下一代产品能有所改进。,2026-04-23,智能窗帘
369,71,索尼 智能冰箱 Elite,IP471,银嘉信息有限公司移动应用开发,2.1,收到货后，这款索尼 智能冰箱 Elite质量太差。电池寿命简直无法忍受。希望厂家能重视这些问题。,2026-04-23,智能冰箱
425,20,谷歌 智能净水器 Basic,ZV584,维旺明科技有限公司大数据分析,2.4,不推荐这款智能净水器，音质一般，很失望。,2026-04-22,智能净水器
1125,64,亚马逊 智能马桶 Standard,LU518,易动力传媒有限公司生物科技,4.4,智能马桶的设计很人性化，音质出色，值得推荐。,2026-04-22,智能马桶
697,60,华为 智能窗帘 Basic,DV182,艾提科信传媒有限公司网络安全,3.0,坦白讲，这款华为 智能窗帘 Basic没有特别惊喜。在晚上睡前时使用体验还不错。最重要的是使用久了会发现一些小问题。整体体验不错。,2026-04-21,智能窗帘
388,68,博世 智能插座 Basic,WN094,菊风公司传媒有限公司数字科技,4.5,在看电影时时使用效果很好，特别是省电模式功能。,2026-04-20,智能插座
411,84,苹果 智能扫地机器人 Pro,CZ861,合联电子科技有限公司信息技术,3.4,总体来说还行，智能化程度高，就是售后服务差。,2026-04-20,智能扫地机器人
73,90,三星 智能窗帘 Standard,YZ898,通际名联科技有限公司金融科技,2.6,不推荐这款智能窗帘，续航时间短，很失望。,2026-04-19,智能窗帘
75,53,华为 智能电视 Lite,RV310,银嘉科技有限公司云计算,2.8,我觉得，这款华为 智能电视 Lite不推荐购买。连接稳定性简直无法忍受。唯一值得称赞的可能就是送货速度快。已经申请退款了。,2026-04-19,智能电视
98,20,谷歌 智能净水器 Basic,EM821,泰麒麟信息有限公司人工智能,1.2,连接稳定性问题很严重，完全不值这个价格。,2026-04-18,智能净水器
1276,71,索尼 智能冰箱 Elite,PL616,巨奥网络有限公司金融科技,2.6,对这款智能冰箱非常不满意，兼容性差，浪费钱。,2026-04-18,智能冰箱
1128,95,格力 智能音箱 Advanced,EU335,济南亿次元网络有限公司科技公司,4.8,这是我用过的最好的智能音箱之一，性价比高，性价比很高。,2026-04-17,智能音箱
843,32,亚马逊 智能马桶 Elite,PL616,巨奥网络有限公司金融科技,1.7,坦白讲，这款智能马桶使用体验很差。使用不到一周就出现了故障。,2026-04-16,智能马桶
1015,58,松下 智能扫地机器人 Plus,FA862,方正科技网络有限公司云计算,4.0,非常满意这次购买，外观漂亮，送货也很快。,2026-04-16,智能扫地机器人
1072,34,松下 智能开关 Advanced,CC657,昊嘉信息有限公司信息技术,1.1,使用一周后出现故障，画质模糊，售后服务也不好。,2026-04-16,智能开关
176,83,西门子 智能手环 Standard,PE529,易动力网络有限公司信息技术,5.0,这款产品的定时功能特别好用，在夜间使用时特别方便。,2026-04-15,智能手环
466,13,三星 智能电饭煲 Max,HD242,富罳科技有限公司生物科技,4.6,这是我用过的最好的智能电饭煲之一，质量很好，性价比很高。,2026-04-15,智能电饭煲
659,15,谷歌 智能音箱 Elite,QU287,戴硕电子科技有限公司移动应用开发,2.3,不推荐这款智能音箱，做工一般，很失望。,2026-04-15,智能音箱
725,24,西门子 智能电视 Pro,NU012,商软冠联传媒有限公司智能科技,4.2,从我的使用体验来看，这款智能电视设计很人性化。在同价位产品中表现最好。如果非要说缺点的话，价格稍微贵了一点。便宜没好货，这句话在这里很适用。,2026-04-15,智能电视
281,86,博世 智能摄像头 Standard,MZ379,联软传媒有限公司区块链技术,2.0,使用一周后出现故障，反应迟钝，售后服务也不好。,2026-04-14,智能摄像头
305,70,博世 智能净水器 Max,VZ702,精芯网络有限公司互联网服务,2.9,对这款智能净水器非常不满意，反应迟钝，浪费钱。,2026-04-14,智能净水器
444,20,谷歌 智能净水器 Basic,EI532,七喜传媒有限公司人工智能,2.2,对这款智能净水器非常不满意，稳定性差，浪费钱。,2026-04-14,智能净水器
834,73,飞利浦 智能扫地机器人 Ultra,KS630,良诺信息有限公司网络安全,2.5,收到货后，这款智能扫地机器人质量太差。信号强度简直无法忍受。唯一值得称赞的可能就是售后服务态度好。,2026-04-13,智能扫地机器人
963,60,华为 智能窗帘 Basic,VZ702,精芯网络有限公司互联网服务,4.9,这款智能窗帘的语音识别功能很实用，智能化程度高。,2026-04-13,智能窗帘
1244,95,格力 智能音箱 Advanced,AU710,巨奥传媒有限公司信息技术,3.9,智能音箱的质量还可以，质量很好，不过耗电量大。,2026-04-13,智能音箱
667,60,华为 智能窗帘 Basic,PV664,毕博诚信息有限公司信息技术,1.7,我发现，这款华为 智能窗帘 Basic存在明显缺陷。主要问题在于续航时间短。以后不会再考虑这个品牌的产品。,2026-04-10,智能窗帘
1151,63,LG 智能净水器 Basic,FB488,方正科技科技有限公司互联网服务,4.1,非常满意这次购买，外观漂亮，送货也很快。,2026-04-10,智能净水器
1161,94,格力 智能体重秤 Standard,PL616,巨奥网络有限公司金融科技,2.0,对这款智能体重秤非常不满意，画质模糊，浪费钱。,2026-04-10,智能体重秤
287,49,松下 智能加湿器 Pro,FN522,新宇龙信息科技有限公司电子商务,1.4,电池寿命问题很严重，完全不值这个价格。,2026-04-09,智能加湿器
379,81,亚马逊 智能门锁 Max,CZ861,合联电子科技有限公司信息技术,4.7,用了一段时间，这款亚马逊 智能门锁 Max非常满意。同时静音设计设计很贴心。和广告宣传的一样好。有点贵了，但质量确实好。,2026-04-09,智能门锁
896,12,格力 智能空气净化器 Standard,EU335,济南亿次元网络有限公司科技公司,3.5,总体来说还行，安装方便，就是画质模糊。,2026-04-09,智能空气净化器
1295,71,索尼 智能冰箱 Elite,RG743,快讯信息有限公司智能科技,2.3,不推荐这款智能冰箱，安装困难，很失望。,2026-04-08,智能冰箱
171,44,小米 智能空调 Elite,FC418,网新恒天网络有限公司生物科技,3.2,从我的使用体验来看，这款小米 智能空调 Elite中规中矩。优点是外观漂亮。让我惊喜的是在日常使用场景下表现一般。可以考虑其他品牌的同类产品。,2026-04-07,智能空调
365,38,西门子 智能冰箱 Standard,WB209,维涛传媒有限公司云计算,2.5,对这款智能冰箱非常不满意，反应迟钝，浪费钱。,2026-04-06,智能冰箱
422,101,三星 智能摄像头 Mini,ZF061,维旺明信息有限公司人工智能,4.2,这款产品的智能场景特别好用，在办公环境时特别方便。,2026-04-06,智能摄像头
546,36,海尔智慧家庭 智能加湿器 Lite,PS740,国讯科技有限公司金融科技,2.6,老实讲，这款海尔智慧家庭 智能加湿器 Lite不推荐购买。噪音控制简直无法忍受。唯一值得称赞的可能就是送货速度快。已经申请退款了。,2026-04-06,智能加湿器
1001,37,飞利浦 智能马桶 Max,AY876,精芯传媒有限公司物联网,3.5,智能马桶的质量还可以，功能齐全，不过反应迟钝。,2026-04-06,智能马桶
601,97,格力 智能净水器 Ultra,XW046,鑫博腾飞信息有限公司智能科技,3.8,智能净水器的质量还可以，兼容性强，不过反应迟钝。,2026-04-05,智能净水器
851,95,格力 智能音箱 Advanced,XW046,鑫博腾飞信息有限公司智能科技,3.2,试用了几天，这款格力 智能音箱 Advanced优缺点都有。在工作时时使用体验还不错。然而在夜间使用场景下表现一般。整体体验不错。,2026-04-05,智能音箱
961,93,索尼 智能加湿器 Pro,XO649,晖来计算机传媒有限公司云计算,2.4,这款产品有严重问题，反应迟钝，已经申请退款。,2026-04-05,智能加湿器
371,41,索尼 智能空气净化器 Ultra,UY980,兰金电子传媒有限公司生物科技,4.0,智能空气净化器的设计很人性化，做工精细，值得推荐。,2026-04-04,智能空气净化器
608,82,LG 智能开关 Lite,KM929,迪摩科技有限公司电子商务,3.9,购买后，这款LG 智能开关 Lite没有特别惊喜。在看电影时时使用体验还不错。而且缺点是智能化程度低。有点贵了，但质量确实好。,2026-04-04,智能开关
1132,48,苹果 智能门锁 Pro,WY218,飞海科技传媒有限公司信息技术,4.1,智能门锁的设计很人性化，兼容性强，值得推荐。,2026-04-04,智能门锁
498,28,飞利浦 智能扫地机器人 Plus,QL573,维涛科技有限公司网络安全,1.2,对这款智能扫地机器人非常不满意，耗电量大，浪费钱。,2026-04-03,智能扫地机器人
520,99,三星 智能音箱 Basic,ZF061,维旺明信息有限公司人工智能,3.3,智能音箱的质量还可以，外观漂亮，不过使用说明不清。,2026-04-03,智能音箱
1025,88,格力 智能体重秤 Ultra,YR398,浦华众城信息有限公司虚拟现实,3.6,智能体重秤的质量还可以，安装方便，不过价格偏高。,2026-04-03,智能体重秤
1279,43,华为 智能电视 Max,ZG109,襄樊地球村网络有限公司智能科技,1.4,使用一周后出现故障，功能单一，售后服务也不好。,2026-04-03,智能电视
1220,37,飞利浦 智能马桶 Max,OA831,华泰通安科技有限公司网络安全,2.0,噪音控制问题很严重，完全不值这个价格。,2026-04-02,智能马桶
1291,72,西门子 智能洗衣机 Pro,WB890,鑫博腾飞网络有限公司金融科技,2.7,在多次对比之后选择了这款，这款智能洗衣机不值这个价格。在早晨起床时完全不能正常工作。希望厂家能重视这些问题。,2026-04-02,智能洗衣机
1202,66,松下 智能马桶 Elite,XA254,易动力信息有限公司物联网,4.0,非常满意这次购买，性价比高，送货也很快。,2026-04-01,智能马桶
1283,1,亚马逊 智能电饭煲 Advanced,US056,国讯网络有限公司移动应用开发,3.3,收到货后，这款亚马逊 智能电饭煲 Advanced基本符合预期。在冬天使用时，自动调节表现不错。但是在户外活动场景下表现一般。建议慎重考虑。,2026-04-01,智能电饭煲
1090,29,博世 智能空气净化器 Lite,VC531,九方传媒有限公司生物科技,2.5,对这款智能空气净化器非常不满意，反应迟钝，浪费钱。,2026-04-01,智能空气净化器
837,86,博世 智能摄像头 Standard,MZ379,联软传媒有限公司区块链技术,2.8,老实讲，这款智能摄像头不值这个价格。电池寿命简直无法忍受。已经申请退款了。,2026-03-31,智能摄像头
880,94,格力 智能体重秤 Standard,GA851,明腾传媒有限公司金融科技,3.8,总体来说还行，智能化程度高，就是兼容性差。,2026-03-31,智能体重秤
424,100,LG 智能插座 Max,GR625,明腾传媒有限公司互联网服务,2.6,这款产品有严重问题，画质模糊，已经申请退款。,2026-03-30,智能插座
1247,58,松下 智能扫地机器人 Plus,NU012,商软冠联传媒有限公司智能科技,1.1,收到货后，这款智能扫地机器人使用体验很差。散热问题简直无法忍受。以后不会再考虑这个品牌的产品。,2026-03-30,智能扫地机器人
1258,40,小米 智能马桶 Lite,BF338,天开网络有限公司金融科技,4.3,智能马桶的设计很人性化，画质清晰，值得推荐。,2026-03-30,智能马桶
270,85,博世 智能马桶 Basic,DV182,艾提科信传媒有限公司网络安全,4.6,非常满意这次购买，兼容性强，送货也很快。,2026-03-29,智能马桶
842,65,西门子 智能空调 Basic,VC531,九方传媒有限公司生物科技,4.4,这款智能空调的远程控制功能很实用，画质清晰。,2026-03-29,智能空调
586,80,LG 智能音箱 Lite,PS740,国讯科技有限公司金融科技,4.5,非常满意这次购买，音质出色，送货也很快。,2026-03-27,智能音箱
20,72,西门子 智能洗衣机 Pro,PL616,巨奥网络有限公司金融科技,2.8,不得不说，这款智能洗衣机不值这个价格。在做饭时时完全不能正常工作。这钱花得太冤枉了。,2026-03-26,智能洗衣机
525,79,格力 智能手环 Lite,IK721,诺依曼软件传媒有限公司物联网,4.2,智能手环的设计很人性化，性价比高，值得推荐。,2026-03-26,智能手环
603,91,亚马逊 智能音箱 Basic,NQ176,图龙信息传媒有限公司数字科技,1.7,这款产品有严重问题，画质模糊，已经申请退款。,2026-03-24,智能音箱
1237,77,美的 智能洗衣机 Advanced,XW046,鑫博腾飞信息有限公司智能科技,1.7,体验下来，这款美的 智能洗衣机 Advanced质量太差。在早晨起床时完全不能正常工作。,2026-03-24,智能洗衣机
710,86,博世 智能摄像头 Standard,PE529,易动力网络有限公司信息技术,3.8,作为一个经常使用此类产品的人，这款博世 智能摄像头 Standard总体来说还可以。用了一个月后，自动调节表现不错。除此之外在家庭聚会场景下表现一般。有点贵了，但质量确实好。,2026-03-22,智能摄像头
865,68,博世 智能插座 Basic,KM929,迪摩科技有限公司电子商务,1.1,这款产品有严重问题，价格偏高，已经申请退款。,2026-03-22,智能插座
345,52,小米 智能插座 Max,XA075,网新恒天科技有限公司数字科技,1.7,不推荐这款智能插座，功能单一，很失望。,2026-03-21,智能插座
420,11,小米 智能门锁 Mini,RG743,快讯信息有限公司智能科技,2.4,使用一周后出现故障，价格偏高，售后服务也不好。,2026-03-21,智能门锁
778,42,谷歌 智能净水器 Ultra,GC846,明腾科技有限公司区块链技术,3.7,经过一段时间使用，这款智能净水器性价比一般。在晚上睡前时使用体验还不错。除此之外缺点是使用说明不清。整体体验不错。,2026-03-21,智能净水器
1137,40,小米 智能马桶 Lite,XO649,晖来计算机传媒有限公司云计算,3.2,总体来说还行，安装方便，就是耗电量大。,2026-03-21,智能马桶
692,20,谷歌 智能净水器 Basic,WQ849,开发区世创科技有限公司科技公司,3.4,必须承认，这款智能净水器质量还行。使用一周后，语音识别表现不错。遗憾的是在办公环境场景下表现一般。有点贵了，但质量确实好。,2026-03-20,智能净水器
960,5,美的 智能电饭煲 Pro,XW046,鑫博腾飞信息有限公司智能科技,2.5,使用一周后出现故障，续航时间短，售后服务也不好。,2026-03-20,智能电饭煲
212,61,LG 智能洗衣机 Max,TB616,晖来计算机网络有限公司虚拟现实,2.1,我发现，这款LG 智能洗衣机 Max有严重问题。散热问题简直无法忍受。唯一值得称赞的可能就是价格便宜。,2026-03-19,智能洗衣机
500,77,美的 智能洗衣机 Advanced,FB488,方正科技科技有限公司互联网服务,4.3,在工作时时使用效果很好，特别是高清画质功能。,2026-03-19,智能洗衣机
949,66,松下 智能马桶 Elite,DV182,艾提科信传媒有限公司网络安全,2.5,不推荐这款智能马桶，价格偏高，很失望。,2026-03-19,智能马桶
972,50,苹果 智能空气净化器 Basic,YR398,浦华众城信息有限公司虚拟现实,4.5,这款产品的智能场景特别好用，在夜间使用时特别方便。,2026-03-19,智能空气净化器
1094,39,西门子 智能音箱 Mini,FN522,新宇龙信息科技有限公司电子商务,2.5,从我的使用体验来看，这款西门子 智能音箱 Mini性价比极低。在看电影时时完全不能正常工作。以后不会再考虑这个品牌的产品。,2026-03-19,智能音箱
765,7,博世 智能扫地机器人 Max,WB890,鑫博腾飞网络有限公司金融科技,4.3,这是我用过的最好的智能扫地机器人之一，兼容性强，性价比很高。,2026-03-18,智能扫地机器人
266,49,松下 智能加湿器 Pro,PE529,易动力网络有限公司信息技术,3.7,老实讲，这款智能加湿器没有特别惊喜。在早晨起床时使用体验还不错。遗憾的是缺点是耗电量大。不太推荐购买。,2026-03-17,智能加湿器
577,92,西门子 智能摄像头 Plus,BP732,南康网络有限公司互联网服务,2.0,不推荐这款智能摄像头，智能化程度低，很失望。,2026-03-17,智能摄像头
396,80,LG 智能音箱 Lite,WB890,鑫博腾飞网络有限公司金融科技,2.8,使用一周后出现故障，画质模糊，售后服务也不好。,2026-03-16,智能音箱
569,60,华为 智能窗帘 Basic,RV310,银嘉科技有限公司云计算,2.8,说实话，这款华为 智能窗帘 Basic完全不符合预期。散热问题简直无法忍受。唯一值得称赞的可能就是送货速度快。,2026-03-16,智能窗帘
1144,44,小米 智能空调 Elite,GJ116,良诺信息有限公司生物科技,3.3,智能空调的质量还可以，性价比高，不过画质模糊。,2026-03-16,智能空调
259,96,博世 智能空调 Lite,PL616,巨奥网络有限公司金融科技,4.2,这是我用过的最好的智能空调之一，性价比高，性价比很高。,2026-03-15,智能空调
360,64,亚马逊 智能马桶 Standard,PS740,国讯科技有限公司金融科技,1.9,不推荐这款智能马桶，稳定性差，很失望。,2026-03-15,智能马桶
409,76,松下 智能窗帘 Advanced,KS630,良诺信息有限公司网络安全,3.2,智能窗帘的质量还可以，节能环保，不过价格偏高。,2026-03-14,智能窗帘
19,28,飞利浦 智能扫地机器人 Plus,FA862,方正科技网络有限公司云计算,4.6,在早晨起床时使用效果很好，特别是智能联动功能。,2026-03-13,智能扫地机器人
168,68,博世 智能插座 Basic,YR398,浦华众城信息有限公司虚拟现实,1.7,噪音控制问题很严重，完全不值这个价格。,2026-03-13,智能插座
869,36,海尔智慧家庭 智能加湿器 Lite,QU287,戴硕电子科技有限公司移动应用开发,1.6,连接稳定性问题很严重，完全不值这个价格。,2026-03-13,智能加湿器
926,93,索尼 智能加湿器 Pro,VQ233,和泰信息有限公司信息技术,5.0,购买后，这款索尼 智能加湿器 Pro非常满意。同时高清画质设计很贴心。希望厂家能改进这些问题。,2026-03-12,智能加湿器
160,98,格力 智能电视 Pro,TB616,晖来计算机网络有限公司虚拟现实,4.8,智能电视的设计很人性化，性价比高，值得推荐。,2026-03-11,智能电视
364,5,美的 智能电饭煲 Pro,EB652,凌云信息有限公司虚拟现实,3.9,这款产品优缺点都有，画质清晰，但价格偏高。,2026-03-10,智能电饭煲
87,91,亚马逊 智能音箱 Basic,VZ702,精芯网络有限公司互联网服务,2.1,坦白讲，这款亚马逊 智能音箱 Basic质量太差。在工作时时完全不能正常工作。不推荐任何人购买。,2026-03-09,智能音箱
944,19,海尔智慧家庭 智能开关 Plus,WW556,商软冠联网络有限公司信息技术,4.5,智能开关的设计很人性化，操作简单，值得推荐。,2026-03-08,智能开关
952,5,美的 智能电饭煲 Pro,KS630,良诺信息有限公司网络安全,3.3,这款智能电饭煲一般，智能化程度高，但是散热问题有点问题。,2026-03-08,智能电饭煲
113,55,飞利浦 智能手环 Max,AK874,昊嘉信息有限公司区块链技术,3.4,这款智能手环一般，功能齐全，但是散热问题有点问题。,2026-03-07,智能手环
152,2,美的 智能插座 Standard,WB209,维涛传媒有限公司云计算,2.6,个人认为，这款智能插座存在明显缺陷。主要问题在于智能化程度低。唯一值得称赞的可能就是外观设计还不错。这钱花得太冤枉了。,2026-03-06,智能插座
375,69,谷歌 智能洗衣机 Elite,RG743,快讯信息有限公司智能科技,1.5,不推荐这款智能洗衣机，兼容性差，很失望。,2026-03-06,智能洗衣机
1023,15,谷歌 智能音箱 Elite,GC890,创联世纪信息有限公司移动应用开发,3.4,使用后感觉，这款智能音箱性价比一般。智能联动设计得比较合理。最重要的是缺点是功能单一。期待下一代产品能有所改进。,2026-03-06,智能音箱
7,36,海尔智慧家庭 智能加湿器 Lite,MJ814,毕博诚科技有限公司互联网服务,3.7,这款产品优缺点都有，安装方便，但操作复杂。,2026-03-03,智能加湿器
1067,96,博世 智能空调 Lite,EI532,七喜传媒有限公司人工智能,3.0,坦白讲，这款智能空调功能基本满足需求。优点是兼容性强。可惜的是使用久了会发现一些小问题。值得购买。,2026-03-03,智能空调
1150,82,LG 智能开关 Lite,QL573,维涛科技有限公司网络安全,3.7,试用了几天，这款LG 智能开关 Lite质量还行。高清画质设计得比较合理。不仅如此信号强度有点问题。希望厂家能改进这些问题。,2026-03-03,智能开关
1301,91,亚马逊 智能音箱 Basic,ZH741,巨奥科技有限公司信息技术,2.9,对这款智能音箱非常不满意，操作复杂，浪费钱。,2026-03-03,智能音箱
883,32,亚马逊 智能马桶 Elite,WY218,飞海科技传媒有限公司信息技术,1.0,不推荐这款智能马桶，音质一般，很失望。,2026-03-02,智能马桶
1047,64,亚马逊 智能马桶 Standard,WQ849,开发区世创科技有限公司科技公司,4.0,我觉得，这款亚马逊 智能马桶 Standard值得推荐。此外在工作时时表现尤为出色。如果非要说缺点的话，配件可以再多一些。性价比很高。,2026-03-02,智能马桶
1238,97,格力 智能净水器 Ultra,DX151,易动力信息有限公司物联网,1.6,使用一周后出现故障，做工一般，售后服务也不好。,2026-03-01,智能净水器
235,56,华为 智能体重秤 Advanced,RY572,中建创业信息有限公司虚拟现实,4.3,这款智能体重秤的节能模式功能很实用，兼容性强。,2026-02-28,智能体重秤
268,76,松下 智能窗帘 Advanced,CM245,万迅电脑信息有限公司科技公司,1.8,说实话，这款智能窗帘质量太差。在做饭时时完全不能正常工作。唯一值得称赞的可能就是价格便宜。希望厂家能重视这些问题。,2026-02-27,智能窗帘
721,27,小米 智能加湿器 Plus,FB488,方正科技科技有限公司互联网服务,2.9,对这款智能加湿器非常不满意，操作复杂，浪费钱。,2026-02-27,智能加湿器
192,101,三星 智能摄像头 Mini,GJ116,良诺信息有限公司生物科技,4.5,智能摄像头的设计很人性化，操作简单，值得推荐。,2026-02-26,智能摄像头
274,53,华为 智能电视 Lite,FC418,网新恒天网络有限公司生物科技,4.8,这是我用过的最好的智能电视之一，音质出色，性价比很高。,2026-02-26,智能电视
463,44,小米 智能空调 Elite,XO649,晖来计算机传媒有限公司云计算,1.3,这款产品有严重问题，反应迟钝，已经申请退款。,2026-02-26,智能空调
730,64,亚马逊 智能马桶 Standard,AK874,昊嘉信息有限公司区块链技术,3.4,使用后感觉，这款智能马桶优缺点都有。在家里使用时，语音识别表现不错。尤其是缺点是音质一般。希望厂家能改进这些问题。,2026-02-26,智能马桶
1162,41,索尼 智能空气净化器 Ultra,WB890,鑫博腾飞网络有限公司金融科技,1.3,散热问题问题很严重，完全不值这个价格。,2026-02-24,智能空气净化器
1227,45,博世 智能马桶 Max,JT617,时空盒数字信息有限公司智能科技,4.3,使用了一个月，做工精细，没有发现任何问题。,2026-02-24,智能马桶
1212,73,飞利浦 智能扫地机器人 Ultra,XN875,天开传媒有限公司网络安全,4.7,这款产品的定时功能特别好用，在夜间使用时特别方便。,2026-02-23,智能扫地机器人
9,96,博世 智能空调 Lite,GJ116,良诺信息有限公司生物科技,3.2,在晚上睡前使用还不错，但在其他情况下表现一般。,2026-02-23,智能空调
121,69,谷歌 智能洗衣机 Elite,MR129,太极信息有限公司互联网服务,3.3,坦白讲，这款智能洗衣机优缺点都有。优点是操作简单。最让我失望的是电池寿命有点问题。这个价位能买到这样的产品已经很不错了。,2026-02-22,智能洗衣机
735,66,松下 智能马桶 Elite,TW751,图龙信息网络有限公司云计算,4.8,这款产品的一键控制特别好用，在户外活动时特别方便。,2026-02-22,智能马桶
854,62,华为 智能洗衣机 Ultra,XO649,晖来计算机传媒有限公司云计算,4.3,智能洗衣机的设计很人性化，功能齐全，值得推荐。,2026-02-21,智能洗衣机
64,100,LG 智能插座 Max,TB616,晖来计算机网络有限公司虚拟现实,1.4,使用一周后出现故障，音质一般，售后服务也不好。,2026-02-20,智能插座
395,27,小米 智能加湿器 Plus,RG743,快讯信息有限公司智能科技,3.5,在做饭时使用还不错，但在其他情况下表现一般。,2026-02-20,智能加湿器
1189,64,亚马逊 智能马桶 Standard,BF338,天开网络有限公司金融科技,3.9,在早晨起床使用还不错，但在其他情况下表现一般。,2026-02-20,智能马桶
197,99,三星 智能音箱 Basic,ME428,创汇网络有限公司虚拟现实,1.5,散热问题问题很严重，完全不值这个价格。,2026-02-19,智能音箱
312,82,LG 智能开关 Lite,TE207,新宇龙信息传媒有限公司人工智能,5.0,这款智能开关的自动调节功能很实用，安装方便。,2026-02-19,智能开关
595,47,苹果 智能灯具 Basic,NU711,易动力科技有限公司人工智能,4.0,这是我用过的最好的智能灯具之一，性价比高，性价比很高。,2026-02-19,智能灯具
607,13,三星 智能电饭煲 Max,JT617,时空盒数字信息有限公司智能科技,2.9,在多次对比之后选择了这款，这款智能电饭煲有严重问题。连接稳定性简直无法忍受。以后不会再考虑这个品牌的产品。,2026-02-19,智能电饭煲
357,7,博世 智能扫地机器人 Max,XW046,鑫博腾飞信息有限公司智能科技,3.2,总体来说还行，续航时间长，就是稳定性差。,2026-02-18,智能扫地机器人
76,84,苹果 智能扫地机器人 Pro,CC657,昊嘉信息有限公司信息技术,3.7,试用了几天，这款苹果 智能扫地机器人 Pro也没有特别失望。在周末使用时，智能学习表现不错。不过使用久了会发现一些小问题。值得购买。,2026-02-16,智能扫地机器人
105,23,美的 智能净水器 Plus,ME428,创汇网络有限公司虚拟现实,1.1,试用了几天，这款美的 智能净水器 Plus存在明显缺陷。主要问题在于画质模糊。希望厂家能重视这些问题。,2026-02-16,智能净水器
292,75,亚马逊 智能空调 Standard,XO649,晖来计算机传媒有限公司云计算,3.4,智能空调的质量还可以，性价比高，不过操作复杂。,2026-02-16,智能空调
298,40,小米 智能马桶 Lite,RG743,快讯信息有限公司智能科技,3.7,在早晨起床使用还不错，但在其他情况下表现一般。,2026-02-16,智能马桶
777,20,谷歌 智能净水器 Basic,GC846,明腾科技有限公司区块链技术,1.4,连接稳定性问题很严重，完全不值这个价格。,2026-02-16,智能净水器
940,34,松下 智能开关 Advanced,WB209,维涛传媒有限公司云计算,3.1,说实话，这款智能开关中规中矩。智能联动设计得比较合理。不过电池寿命有点问题。不太推荐购买。,2026-02-16,智能开关
1261,22,美的 智能电视 Basic,KS630,良诺信息有限公司网络安全,4.9,这款智能电视质量很好，节能环保。总体来说很满意。,2026-02-16,智能电视
338,26,亚马逊 智能扫地机器人 Mini,GR729,中建创业网络有限公司移动应用开发,2.6,不推荐这款智能扫地机器人，稳定性差，很失望。,2026-02-15,智能扫地机器人
568,13,三星 智能电饭煲 Max,HD242,富罳科技有限公司生物科技,2.6,散热问题问题很严重，完全不值这个价格。,2026-02-15,智能电饭煲
1099,48,苹果 智能门锁 Pro,CZ861,合联电子科技有限公司信息技术,1.3,噪音控制问题很严重，完全不值这个价格。,2026-02-15,智能门锁
196,43,华为 智能电视 Max,TO444,MBP软件网络有限公司移动应用开发,2.6,这款产品有严重问题，价格偏高，已经申请退款。,2026-02-14,智能电视
560,56,华为 智能体重秤 Advanced,PC764,恒聪百汇传媒有限公司虚拟现实,2.7,老实讲，这款智能体重秤完全不符合预期。信号强度简直无法忍受。希望厂家能重视这些问题。,2026-02-14,智能体重秤
955,51,苹果 智能开关 Basic,WY218,飞海科技传媒有限公司信息技术,4.2,这款产品的智能场景特别好用，在户外活动时特别方便。,2026-02-14,智能开关
1026,62,华为 智能洗衣机 Ultra,VX147,东方峻景传媒有限公司金融科技,4.2,非常满意这次购买，节能环保，送货也很快。,2026-02-14,智能洗衣机
439,9,亚马逊 智能插座 Pro,ZO854,MBP软件科技有限公司信息技术,1.4,对这款智能插座非常不满意，使用说明不清，浪费钱。,2026-02-13,智能插座
45,79,格力 智能手环 Lite,RV310,银嘉科技有限公司云计算,3.6,在做饭时使用还不错，但在其他情况下表现一般。,2026-02-12,智能手环
903,79,格力 智能手环 Lite,RY572,中建创业信息有限公司虚拟现实,3.7,这款产品优缺点都有，外观漂亮，但画质模糊。,2026-02-12,智能手环
1081,21,华为 智能加湿器 Plus,CA470,南康传媒有限公司生物科技,3.0,这款产品优缺点都有，画质清晰，但价格偏高。,2026-02-12,智能加湿器
8,32,亚马逊 智能马桶 Elite,TO444,MBP软件网络有限公司移动应用开发,1.2,作为一个经常使用此类产品的人，这款智能马桶性价比极低。在晚上睡前时完全不能正常工作。不推荐任何人购买。,2026-02-11,智能马桶
451,73,飞利浦 智能扫地机器人 Ultra,HD242,富罳科技有限公司生物科技,2.6,我发现，这款飞利浦 智能扫地机器人 Ultra有严重问题。散热问题简直无法忍受。,2026-02-10,智能扫地机器人
1255,6,海尔智慧家庭 智能空气净化器 Basic,VC531,九方传媒有限公司生物科技,3.3,说实话，这款海尔智慧家庭 智能空气净化器 Basic中规中矩。在看电影时时使用体验还不错。但是缺点是耗电量大。值得购买。,2026-02-08,智能空气净化器
316,45,博世 智能马桶 Max,EI532,七喜传媒有限公司人工智能,3.6,这款智能马桶一般，续航时间长，但是信号强度有点问题。,2026-02-07,智能马桶
3,52,小米 智能插座 Max,WB209,维涛传媒有限公司云计算,4.1,我发现，这款小米 智能插座 Max很好用。总体来说还是很满意的。,2026-02-06,智能插座
18,2,美的 智能插座 Standard,EI532,七喜传媒有限公司人工智能,3.5,智能插座的质量还可以，智能化程度高，不过使用说明不清。,2026-02-06,智能插座
247,95,格力 智能音箱 Advanced,DW607,银嘉网络有限公司云计算,2.3,必须承认，这款智能音箱质量太差。散热问题简直无法忍受。唯一值得称赞的可能就是售后服务态度好。不推荐任何人购买。,2026-02-06,智能音箱
1136,52,小米 智能插座 Max,LU518,易动力传媒有限公司生物科技,4.8,这款智能插座质量很好，稳定性好。总体来说很满意。,2026-02-06,智能插座
552,58,松下 智能扫地机器人 Plus,VC531,九方传媒有限公司生物科技,2.3,不推荐这款智能扫地机器人，续航时间短，很失望。,2026-02-05,智能扫地机器人
744,25,三星 智能窗帘 Basic,RY572,中建创业信息有限公司虚拟现实,2.2,从我的使用体验来看，这款三星 智能窗帘 Basic使用体验很差。散热问题简直无法忍受。这钱花得太冤枉了。,2026-02-05,智能窗帘
878,52,小米 智能插座 Max,MG296,浦华众城网络有限公司信息技术,4.7,这款智能插座质量很好，做工精细。总体来说很满意。,2026-02-05,智能插座
441,58,松下 智能扫地机器人 Plus,PE529,易动力网络有限公司信息技术,2.7,这款产品有严重问题，画质模糊，已经申请退款。,2026-02-04,智能扫地机器人
666,25,三星 智能窗帘 Basic,KS630,良诺信息有限公司网络安全,2.3,使用一周后出现故障，售后服务差，售后服务也不好。,2026-02-04,智能窗帘
86,57,博世 智能净水器 Plus,BP732,南康网络有限公司互联网服务,1.2,不推荐这款智能净水器，耗电量大，很失望。,2026-02-03,智能净水器
392,3,华为 智能电视 Basic,BF338,天开网络有限公司金融科技,2.6,对这款智能电视非常不满意，使用说明不清，浪费钱。,2026-02-03,智能电视
446,24,西门子 智能电视 Pro,VC531,九方传媒有限公司生物科技,4.2,智能电视的设计很人性化，稳定性好，值得推荐。,2026-02-03,智能电视
700,53,华为 智能电视 Lite,EB652,凌云信息有限公司虚拟现实,3.9,这款智能电视一般，性价比高，但是噪音控制有点问题。,2026-02-03,智能电视
674,83,西门子 智能手环 Standard,CZ861,合联电子科技有限公司信息技术,3.7,这款产品优缺点都有，做工精细，但智能化程度低。,2026-02-02,智能手环
684,62,华为 智能洗衣机 Ultra,CM245,万迅电脑信息有限公司科技公司,3.1,作为第一次购买这类产品的新手，这款华为 智能洗衣机 Ultra中规中矩。在早上使用时，远程控制表现不错。不仅如此使用久了会发现一些小问题。性价比很高。,2026-02-02,智能洗衣机
1114,65,西门子 智能空调 Basic,II746,恩悌传媒有限公司虚拟现实,4.0,老实讲，这款西门子 智能空调 Basic功能很强大。最让我失望的是在做饭时时表现尤为出色。如果非要说缺点的话，可能就是续航时间短。希望厂家能改进这些问题。,2026-02-02,智能空调
685,1,亚马逊 智能电饭煲 Advanced,UY980,兰金电子传媒有限公司生物科技,3.3,智能电饭煲的质量还可以，节能环保，不过反应迟钝。,2026-02-01,智能电饭煲
1054,8,松下 智能开关 Lite,II746,恩悌传媒有限公司虚拟现实,2.3,对这款智能开关非常不满意，价格偏高，浪费钱。,2026-02-01,智能开关
1210,24,西门子 智能电视 Pro,EK253,兰金电子科技有限公司区块链技术,2.7,老实讲，这款智能电视功能实现得很糟糕。使用不到一周就出现了损坏。希望厂家能重视这些问题。,2026-02-01,智能电视
1236,91,亚马逊 智能音箱 Basic,EM821,泰麒麟信息有限公司人工智能,4.6,试用了几天，这款智能音箱品质很好。特别是多用户管理是我最喜欢的部分。希望厂家能改进这些问题。,2026-01-31,智能音箱
248,14,格力 智能净水器 Mini,FJ947,浙大万朋信息有限公司生物科技,1.9,对这款智能净水器非常不满意，使用说明不清，浪费钱。,2026-01-31,智能净水器
1062,91,亚马逊 智能音箱 Basic,EI532,七喜传媒有限公司人工智能,2.0,不推荐这款智能音箱，功能单一，很失望。,2026-01-29,智能音箱
1153,54,博世 智能开关 Max,XW046,鑫博腾飞信息有限公司智能科技,2.3,说实话，这款智能开关不值这个价格。在做饭时时完全不能正常工作。不推荐任何人购买。,2026-01-29,智能开关
126,42,谷歌 智能净水器 Ultra,KS630,良诺信息有限公司网络安全,3.7,体验下来，这款谷歌 智能净水器 Ultra性价比一般。静音设计设计得比较合理。特别是缺点是操作复杂。总体来说还是很满意的。,2026-01-28,智能净水器
339,68,博世 智能插座 Basic,ZF801,易动力科技有限公司科技公司,2.1,散热问题问题很严重，完全不值这个价格。,2026-01-28,智能插座
580,75,亚马逊 智能空调 Standard,ME428,创汇网络有限公司虚拟现实,2.6,使用后感觉，这款智能空调不推荐购买。在看电影时时完全不能正常工作。不推荐任何人购买。,2026-01-28,智能空调
541,19,海尔智慧家庭 智能开关 Plus,FA862,方正科技网络有限公司云计算,2.6,对这款智能开关非常不满意，价格偏高，浪费钱。,2026-01-27,智能开关
736,80,LG 智能音箱 Lite,RY548,易动力信息有限公司网络安全,3.7,这款产品优缺点都有，质量很好，但兼容性差。,2026-01-27,智能音箱
941,79,格力 智能手环 Lite,NU012,商软冠联传媒有限公司智能科技,4.6,这款智能手环的远程控制功能很实用，质量很好。,2026-01-26,智能手环
1292,18,美的 智能门锁 Mini,ZU351,银嘉科技有限公司科技公司,2.7,我觉得，这款美的 智能门锁 Mini质量太差。使用不到一周就出现了异常。唯一值得称赞的可能就是售后服务态度好。这钱花得太冤枉了。,2026-01-26,智能门锁
21,49,松下 智能加湿器 Pro,FC418,网新恒天网络有限公司生物科技,1.4,坦白讲，这款松下 智能加湿器 Pro很失望。主要问题在于续航时间短。这钱花得太冤枉了。,2026-01-25,智能加湿器
325,93,索尼 智能加湿器 Pro,ZU351,银嘉科技有限公司科技公司,3.7,这款产品优缺点都有，外观漂亮，但功能单一。,2026-01-25,智能加湿器
734,15,谷歌 智能音箱 Elite,DV182,艾提科信传媒有限公司网络安全,3.8,这款产品优缺点都有，画质清晰，但做工一般。,2026-01-25,智能音箱
2,101,三星 智能摄像头 Mini,TW751,图龙信息网络有限公司云计算,4.3,用了一段时间，这款三星 智能摄像头 Mini做工精细。特别是高清画质设计很贴心。比同事使用的同款要好。如果非要说缺点的话，信号强度还有提升空间。性价比很高。,2026-01-24,智能摄像头
502,69,谷歌 智能洗衣机 Elite,CM245,万迅电脑信息有限公司科技公司,4.3,说实话，这款谷歌 智能洗衣机 Elite做工精细。如果非要说缺点的话，价格稍微贵了一点。性价比很高。,2026-01-24,智能洗衣机
649,71,索尼 智能冰箱 Elite,RY548,易动力信息有限公司网络安全,3.2,智能冰箱的质量还可以，音质出色，不过智能化程度低。,2026-01-23,智能冰箱
866,50,苹果 智能空气净化器 Basic,DV182,艾提科信传媒有限公司网络安全,3.2,智能空气净化器的质量还可以，续航时间长，不过耗电量大。,2026-01-21,智能空气净化器
1246,17,苹果 智能门锁 Plus,IK721,诺依曼软件传媒有限公司物联网,2.6,使用一周后出现故障，功能单一，售后服务也不好。,2026-01-21,智能门锁
224,61,LG 智能洗衣机 Max,RY572,中建创业信息有限公司虚拟现实,3.8,在晚上睡前使用还不错，但在其他情况下表现一般。,2026-01-20,智能洗衣机
38,59,西门子 智能摄像头 Max,AK874,昊嘉信息有限公司区块链技术,2.5,使用后感觉，这款西门子 智能摄像头 Max质量太差。使用不到一周就出现了异常。唯一值得称赞的可能就是包装很精美。不推荐任何人购买。,2026-01-19,智能摄像头
311,5,美的 智能电饭煲 Pro,IP471,银嘉信息有限公司移动应用开发,3.6,智能电饭煲的质量还可以，智能化程度高，不过功能单一。,2026-01-19,智能电饭煲
5,96,博世 智能空调 Lite,OA831,华泰通安科技有限公司网络安全,4.2,这款智能空调质量很好，安装方便。总体来说很满意。,2026-01-18,智能空调
211,96,博世 智能空调 Lite,GJ116,良诺信息有限公司生物科技,4.3,这款产品的多用户管理特别好用，在日常使用时特别方便。,2026-01-18,智能空调
322,43,华为 智能电视 Max,GA851,明腾传媒有限公司金融科技,3.1,智能电视的质量还可以，续航时间长，不过兼容性差。,2026-01-18,智能电视
62,57,博世 智能净水器 Plus,AW347,鸿睿思博传媒有限公司智能科技,1.5,信号强度问题很严重，完全不值这个价格。,2026-01-17,智能净水器
664,36,海尔智慧家庭 智能加湿器 Lite,GR625,明腾传媒有限公司互联网服务,1.6,购买后，这款海尔智慧家庭 智能加湿器 Lite功能实现得很糟糕。使用不到一周就出现了损坏。已经申请退款了。,2026-01-16,智能加湿器
1286,50,苹果 智能空气净化器 Basic,GJ116,良诺信息有限公司生物科技,3.3,体验下来，这款智能空气净化器功能基本满足需求。在工作日使用时，远程控制表现不错。不过缺点是操作复杂。价格虽高，但物有所值。,2026-01-16,智能空气净化器
426,56,华为 智能体重秤 Advanced,YR398,浦华众城信息有限公司虚拟现实,4.9,个人认为，这款智能体重秤真的很不错。而且高清画质设计很贴心。如果非要说缺点的话，可能就是反应迟钝。可以考虑其他品牌的同类产品。,2026-01-15,智能体重秤
479,44,小米 智能空调 Elite,BI759,时空盒数字信息有限公司虚拟现实,4.4,在做饭时时使用效果很好，特别是快速启动功能。,2026-01-15,智能空调
1032,12,格力 智能空气净化器 Standard,BP732,南康网络有限公司互联网服务,4.3,收到货后，这款格力 智能空气净化器 Standard超出我的预期。此外远程控制功能特别实用。如果非要说缺点的话，电池寿命还有提升空间。期待下一代产品能有所改进。,2026-01-15,智能空气净化器
1112,6,海尔智慧家庭 智能空气净化器 Basic,QL573,维涛科技有限公司网络安全,4.3,试用了几天，这款海尔智慧家庭 智能空气净化器 Basic品质很好。建议慎重考虑。,2026-01-14,智能空气净化器
140,74,松下 智能窗帘 Lite,XO649,晖来计算机传媒有限公司云计算,4.4,在多次对比之后选择了这款，这款智能窗帘功能很强大。同时静音设计设计很贴心。比我预期的要好。如果非要说缺点的话，可能就是售后服务差。这个价位能买到这样的产品已经很不错了。,2026-01-13,智能窗帘
879,39,西门子 智能音箱 Mini,NU711,易动力科技有限公司人工智能,2.1,我觉得，这款西门子 智能音箱 Mini有严重问题。使用不到一周就出现了故障。唯一值得称赞的可能就是外观设计还不错。以后不会再考虑这个品牌的产品。,2026-01-13,智能音箱
689,85,博世 智能马桶 Basic,CZ861,合联电子科技有限公司信息技术,4.8,这是我用过的最好的智能马桶之一，外观漂亮，性价比很高。,2026-01-11,智能马桶
60,41,索尼 智能空气净化器 Ultra,AK874,昊嘉信息有限公司区块链技术,4.9,非常满意这次购买，智能化程度高，送货也很快。,2026-01-10,智能空气净化器
836,15,谷歌 智能音箱 Elite,GJ116,良诺信息有限公司生物科技,4.4,这款智能音箱质量很好，画质清晰。总体来说很满意。,2026-01-10,智能音箱
1142,55,飞利浦 智能手环 Max,TB616,晖来计算机网络有限公司虚拟现实,4.4,老实讲，这款智能手环品质很好。另外特别适合户外活动。如果非要说缺点的话，可能就是画质模糊。期待下一代产品能有所改进。,2026-01-10,智能手环
1174,72,西门子 智能洗衣机 Pro,WY218,飞海科技传媒有限公司信息技术,2.1,个人认为，这款西门子 智能洗衣机 Pro性价比极低。连接稳定性简直无法忍受。不推荐任何人购买。,2026-01-10,智能洗衣机
352,92,西门子 智能摄像头 Plus,GL926,时空盒数字传媒有限公司大数据分析,4.9,智能摄像头的设计很人性化，兼容性强，值得推荐。,2026-01-08,智能摄像头
1113,18,美的 智能门锁 Mini,BW289,海创网络有限公司生物科技,1.3,个人认为，这款智能门锁不推荐购买。在看电影时时完全不能正常工作。已经申请退款了。,2026-01-08,智能门锁
912,26,亚马逊 智能扫地机器人 Mini,CM245,万迅电脑信息有限公司科技公司,4.4,我觉得，这款亚马逊 智能扫地机器人 Mini非常满意。值得一提的是在做饭时时表现尤为出色。建议慎重考虑。,2026-01-07,智能扫地机器人
106,79,格力 智能手环 Lite,MZ379,联软传媒有限公司区块链技术,3.9,总体来说还行，外观漂亮，就是价格偏高。,2026-01-06,智能手环
1010,44,小米 智能空调 Elite,CS287,和泰网络有限公司电子商务,3.7,这款智能空调一般，安装方便，但是散热问题有点问题。,2026-01-06,智能空调
442,53,华为 智能电视 Lite,PV664,毕博诚信息有限公司信息技术,1.6,对这款智能电视非常不满意，智能化程度低，浪费钱。,2026-01-05,智能电视
951,40,小米 智能马桶 Lite,OA831,华泰通安科技有限公司网络安全,3.9,在晚上睡前使用还不错，但在其他情况下表现一般。,2026-01-05,智能马桶
34,57,博世 智能净水器 Plus,AU710,巨奥传媒有限公司信息技术,1.2,使用后感觉，这款智能净水器不值这个价格。使用不到一周就出现了失灵。,2026-01-04,智能净水器
1103,20,谷歌 智能净水器 Basic,RY572,中建创业信息有限公司虚拟现实,4.4,智能净水器的设计很人性化，音质出色，值得推荐。,2026-01-04,智能净水器
55,18,美的 智能门锁 Mini,ZH741,巨奥科技有限公司信息技术,1.6,个人认为，这款美的 智能门锁 Mini使用体验很差。主要问题在于功能单一。唯一值得称赞的可能就是售后服务态度好。,2026-01-03,智能门锁
389,57,博世 智能净水器 Plus,DV182,艾提科信传媒有限公司网络安全,1.5,不推荐这款智能净水器，耗电量大，很失望。,2026-01-03,智能净水器
497,22,美的 智能电视 Basic,UY980,兰金电子传媒有限公司生物科技,1.8,体验下来，这款美的 智能电视 Basic质量太差。在看电影时时完全不能正常工作。唯一值得称赞的可能就是包装很精美。,2026-01-03,智能电视
648,58,松下 智能扫地机器人 Plus,TE207,新宇龙信息传媒有限公司人工智能,3.3,总体来说还行，反应灵敏，就是售后服务差。,2026-01-03,智能扫地机器人
686,20,谷歌 智能净水器 Basic,EM821,泰麒麟信息有限公司人工智能,1.2,连接稳定性问题很严重，完全不值这个价格。,2026-01-03,智能净水器
228,65,西门子 智能空调 Basic,PE529,易动力网络有限公司信息技术,3.2,这款产品优缺点都有，做工精细，但反应迟钝。,2026-01-02,智能空调
1077,30,小米 智能开关 Ultra,QJ392,创亿网络有限公司金融科技,2.8,这款产品有严重问题，功能单一，已经申请退款。,2026-01-02,智能开关
225,92,西门子 智能摄像头 Plus,GC890,创联世纪信息有限公司移动应用开发,2.8,不推荐这款智能摄像头，耗电量大，很失望。,2025-12-31,智能摄像头
457,68,博世 智能插座 Basic,GR729,中建创业网络有限公司移动应用开发,4.8,非常满意这次购买，做工精细，送货也很快。,2025-12-30,智能插座
423,53,华为 智能电视 Lite,DV182,艾提科信传媒有限公司网络安全,3.5,这款智能电视一般，做工精细，但是散热问题有点问题。,2025-12-29,智能电视
1147,95,格力 智能音箱 Advanced,GL926,时空盒数字传媒有限公司大数据分析,2.3,使用一周后出现故障，做工一般，售后服务也不好。,2025-12-29,智能音箱
245,37,飞利浦 智能马桶 Max,CA470,南康传媒有限公司生物科技,3.1,这款智能马桶一般，节能环保，但是噪音控制有点问题。,2025-12-28,智能马桶
642,21,华为 智能加湿器 Plus,EI532,七喜传媒有限公司人工智能,1.2,这款产品有严重问题，价格偏高，已经申请退款。,2025-12-28,智能加湿器
1016,70,博世 智能净水器 Max,QL573,维涛科技有限公司网络安全,1.6,这款产品有严重问题，价格偏高，已经申请退款。,2025-12-28,智能净水器
255,24,西门子 智能电视 Pro,MJ814,毕博诚科技有限公司互联网服务,3.3,在看电影时使用还不错，但在其他情况下表现一般。,2025-12-27,智能电视
855,64,亚马逊 智能马桶 Standard,PJ659,超艺网络有限公司人工智能,2.6,对这款智能马桶非常不满意，使用说明不清，浪费钱。,2025-12-27,智能马桶
1073,4,西门子 智能电视 Pro,DW607,银嘉网络有限公司云计算,2.1,连接稳定性问题很严重，完全不值这个价格。,2025-12-26,智能电视
639,69,谷歌 智能洗衣机 Elite,LU518,易动力传媒有限公司生物科技,1.2,这款产品有严重问题，续航时间短，已经申请退款。,2025-12-24,智能洗衣机
1188,101,三星 智能摄像头 Mini,JT617,时空盒数字信息有限公司智能科技,3.8,这款产品优缺点都有，节能环保，但反应迟钝。,2025-12-24,智能摄像头
162,26,亚马逊 智能扫地机器人 Mini,EU335,济南亿次元网络有限公司科技公司,2.2,不推荐这款智能扫地机器人，兼容性差，很失望。,2025-12-23,智能扫地机器人
72,67,松下 智能电饭煲 Pro,FN522,新宇龙信息科技有限公司电子商务,2.3,对这款智能电饭煲非常不满意，操作复杂，浪费钱。,2025-12-22,智能电饭煲
199,23,美的 智能净水器 Plus,UY980,兰金电子传媒有限公司生物科技,2.8,个人认为，这款美的 智能净水器 Plus质量太差。在做饭时时完全不能正常工作。,2025-12-22,智能净水器
806,38,西门子 智能冰箱 Standard,BN418,易动力网络有限公司移动应用开发,4.5,这款产品的定时功能特别好用，在日常使用时特别方便。,2025-12-22,智能冰箱
418,37,飞利浦 智能马桶 Max,XW046,鑫博腾飞信息有限公司智能科技,3.5,智能马桶的质量还可以，音质出色，不过音质一般。,2025-12-21,智能马桶
838,63,LG 智能净水器 Basic,EI532,七喜传媒有限公司人工智能,1.8,使用一周后出现故障，售后服务差，售后服务也不好。,2025-12-21,智能净水器
914,66,松下 智能马桶 Elite,HD242,富罳科技有限公司生物科技,4.0,这款智能马桶质量很好，节能环保。总体来说很满意。,2025-12-20,智能马桶
891,50,苹果 智能空气净化器 Basic,PL616,巨奥网络有限公司金融科技,1.5,用了一段时间，这款苹果 智能空气净化器 Basic完全不符合预期。在做饭时时完全不能正常工作。希望厂家能重视这些问题。,2025-12-19,智能空气净化器
1027,56,华为 智能体重秤 Advanced,VC531,九方传媒有限公司生物科技,2.1,这款产品有严重问题，续航时间短，已经申请退款。,2025-12-19,智能体重秤
691,8,松下 智能开关 Lite,PL616,巨奥网络有限公司金融科技,1.2,用了一段时间，这款松下 智能开关 Lite性价比极低。电池寿命简直无法忍受。唯一值得称赞的可能就是外观设计还不错。这钱花得太冤枉了。,2025-12-18,智能开关
1275,46,小米 智能开关 Max,CS287,和泰网络有限公司电子商务,3.6,在早晨起床使用还不错，但在其他情况下表现一般。,2025-12-18,智能开关
1314,64,亚马逊 智能马桶 Standard,EU335,济南亿次元网络有限公司科技公司,2.3,作为一个经常使用此类产品的人，这款智能马桶不值这个价格。主要问题在于兼容性差。唯一值得称赞的可能就是外观设计还不错。,2025-12-18,智能马桶
238,38,西门子 智能冰箱 Standard,GR729,中建创业网络有限公司移动应用开发,1.9,这款产品有严重问题，售后服务差，已经申请退款。,2025-12-17,智能冰箱
1042,50,苹果 智能空气净化器 Basic,DW607,银嘉网络有限公司云计算,2.0,不推荐这款智能空气净化器，续航时间短，很失望。,2025-12-17,智能空气净化器
317,62,华为 智能洗衣机 Ultra,HD242,富罳科技有限公司生物科技,2.1,购买后，这款智能洗衣机功能实现得很糟糕。主要问题在于操作复杂。不推荐任何人购买。,2025-12-16,智能洗衣机
1197,23,美的 智能净水器 Plus,KM929,迪摩科技有限公司电子商务,4.4,非常满意这次购买，音质出色，送货也很快。,2025-12-14,智能净水器
1306,57,博世 智能净水器 Plus,MJ814,毕博诚科技有限公司互联网服务,1.1,个人认为，这款博世 智能净水器 Plus功能实现得很糟糕。在晚上睡前时完全不能正常工作。唯一值得称赞的可能就是价格便宜。,2025-12-14,智能净水器
46,62,华为 智能洗衣机 Ultra,BI759,时空盒数字信息有限公司虚拟现实,4.7,这款智能洗衣机质量很好，音质出色。总体来说很满意。,2025-12-13,智能洗衣机
584,57,博世 智能净水器 Plus,PS740,国讯科技有限公司金融科技,1.9,对比了市面上几款同类产品后，这款智能净水器功能实现得很糟糕。主要问题在于做工一般。,2025-12-13,智能净水器
29,4,西门子 智能电视 Pro,WB890,鑫博腾飞网络有限公司金融科技,1.5,对这款智能电视非常不满意，使用说明不清，浪费钱。,2025-12-12,智能电视
297,62,华为 智能洗衣机 Ultra,QL573,维涛科技有限公司网络安全,2.6,这款产品有严重问题，使用说明不清，已经申请退款。,2025-12-11,智能洗衣机
562,64,亚马逊 智能马桶 Standard,US056,国讯网络有限公司移动应用开发,1.5,对这款智能马桶非常不满意，稳定性差，浪费钱。,2025-12-11,智能马桶
1266,89,博世 智能空调 Lite,ME428,创汇网络有限公司虚拟现实,5.0,这款产品的多用户管理特别好用，在日常使用时特别方便。,2025-12-10,智能空调
933,92,西门子 智能摄像头 Plus,WB209,维涛传媒有限公司云计算,3.7,总体来说还行，节能环保，就是耗电量大。,2025-12-09,智能摄像头
419,92,西门子 智能摄像头 Plus,VH856,鑫博腾飞科技有限公司电子商务,1.5,试用了几天，这款智能摄像头很失望。使用不到一周就出现了问题。希望厂家能重视这些问题。,2025-12-08,智能摄像头
99,1,亚马逊 智能电饭煲 Advanced,GJ116,良诺信息有限公司生物科技,4.4,在早晨起床时使用效果很好，特别是快速启动功能。,2025-12-07,智能电饭煲
1193,21,华为 智能加湿器 Plus,EU335,济南亿次元网络有限公司科技公司,4.2,经过一段时间使用，这款智能加湿器很好用。和朋友推荐的一样好用。不太推荐购买。,2025-12-06,智能加湿器
114,81,亚马逊 智能门锁 Max,NQ176,图龙信息传媒有限公司数字科技,3.1,总体来说还行，安装方便，就是安装困难。,2025-12-05,智能门锁
170,43,华为 智能电视 Max,AU710,巨奥传媒有限公司信息技术,2.4,不推荐这款智能电视，智能化程度低，很失望。,2025-12-05,智能电视
1116,73,飞利浦 智能扫地机器人 Ultra,ZU351,银嘉科技有限公司科技公司,2.6,使用一周后出现故障，功能单一，售后服务也不好。,2025-12-05,智能扫地机器人
578,58,松下 智能扫地机器人 Plus,YR398,浦华众城信息有限公司虚拟现实,4.6,智能扫地机器人的设计很人性化，质量很好，值得推荐。,2025-12-04,智能扫地机器人
138,83,西门子 智能手环 Standard,TW751,图龙信息网络有限公司云计算,1.1,从我的使用体验来看，这款西门子 智能手环 Standard性价比极低。在工作时时完全不能正常工作。唯一值得称赞的可能就是包装很精美。,2025-12-03,智能手环
1216,30,小米 智能开关 Ultra,BW289,海创网络有限公司生物科技,3.7,用了一段时间，这款小米 智能开关 Ultra性价比一般。在工作时时使用体验还不错。除此之外连接稳定性有点问题。整体体验不错。,2025-12-03,智能开关
271,73,飞利浦 智能扫地机器人 Ultra,AK874,昊嘉信息有限公司区块链技术,1.5,对这款智能扫地机器人非常不满意，续航时间短，浪费钱。,2025-12-02,智能扫地机器人
783,79,格力 智能手环 Lite,QU287,戴硕电子科技有限公司移动应用开发,3.7,使用后感觉，这款格力 智能手环 Lite也没有特别失望。在看电影时时使用体验还不错。而且信号强度有点问题。对得起这个价格。,2025-12-01,智能手环
964,99,三星 智能音箱 Basic,MZ379,联软传媒有限公司区块链技术,4.4,这是我用过的最好的智能音箱之一，安装方便，性价比很高。,2025-12-01,智能音箱
673,11,小米 智能门锁 Mini,PC764,恒聪百汇传媒有限公司虚拟现实,3.8,总体来说还行，续航时间长，就是价格偏高。,2025-11-30,智能门锁
1017,8,松下 智能开关 Lite,PC764,恒聪百汇传媒有限公司虚拟现实,2.0,对这款智能开关非常不满意，耗电量大，浪费钱。,2025-11-29,智能开关
1097,13,三星 智能电饭煲 Max,AY876,精芯传媒有限公司物联网,1.1,这款产品有严重问题，反应迟钝，已经申请退款。,2025-11-29,智能电饭煲
1158,36,海尔智慧家庭 智能加湿器 Lite,FA862,方正科技网络有限公司云计算,4.6,说实话，这款智能加湿器功能很强大。遗憾的是在看电影时时表现尤为出色。如果非要说缺点的话，配件可以再多一些。值得购买。,2025-11-29,智能加湿器
1200,92,西门子 智能摄像头 Plus,AU710,巨奥传媒有限公司信息技术,4.9,体验下来，这款西门子 智能摄像头 Plus设计很人性化。特别是节能模式功能特别实用。比我预期的要好。如果非要说缺点的话，价格稍微贵了一点。值得购买。,2025-11-29,智能摄像头
687,97,格力 智能净水器 Ultra,AW347,鸿睿思博传媒有限公司智能科技,1.5,使用一周后出现故障，智能化程度低，售后服务也不好。,2025-11-28,智能净水器
1134,15,谷歌 智能音箱 Elite,GR729,中建创业网络有限公司移动应用开发,4.4,这是我用过的最好的智能音箱之一，做工精细，性价比很高。,2025-11-27,智能音箱
1208,5,美的 智能电饭煲 Pro,QT258,商软冠联传媒有限公司大数据分析,2.1,体验下来，这款智能电饭煲功能实现得很糟糕。在做饭时时完全不能正常工作。希望厂家能重视这些问题。,2025-11-27,智能电饭煲
713,73,飞利浦 智能扫地机器人 Ultra,LB704,群英信息有限公司金融科技,2.0,信号强度问题很严重，完全不值这个价格。,2025-11-26,智能扫地机器人
472,101,三星 智能摄像头 Mini,YR398,浦华众城信息有限公司虚拟现实,1.3,连接稳定性问题很严重，完全不值这个价格。,2025-11-25,智能摄像头
555,79,格力 智能手环 Lite,GL926,时空盒数字传媒有限公司大数据分析,4.6,说实话，这款格力 智能手环 Lite品质很好。期待下一代产品能有所改进。,2025-11-25,智能手环
792,69,谷歌 智能洗衣机 Elite,CC657,昊嘉信息有限公司信息技术,4.1,我觉得，这款谷歌 智能洗衣机 Elite非常满意。但是自动升级是我最喜欢的部分。如果非要说缺点的话，配件可以再多一些。价格虽高，但物有所值。,2025-11-25,智能洗衣机
1133,1,亚马逊 智能电饭煲 Advanced,GC846,明腾科技有限公司区块链技术,1.8,对这款智能电饭煲非常不满意，安装困难，浪费钱。,2025-11-25,智能电饭煲
1287,20,谷歌 智能净水器 Basic,VZ702,精芯网络有限公司互联网服务,2.2,这款产品有严重问题，兼容性差，已经申请退款。,2025-11-25,智能净水器
351,98,格力 智能电视 Pro,PC764,恒聪百汇传媒有限公司虚拟现实,2.8,使用一周后出现故障，价格偏高，售后服务也不好。,2025-11-24,智能电视
407,36,海尔智慧家庭 智能加湿器 Lite,FN522,新宇龙信息科技有限公司电子商务,2.9,坦白讲，这款海尔智慧家庭 智能加湿器 Lite使用体验很差。在看电影时时完全不能正常工作。唯一值得称赞的可能就是包装很精美。,2025-11-24,智能加湿器
438,23,美的 智能净水器 Plus,TB616,晖来计算机网络有限公司虚拟现实,3.6,作为第一次购买这类产品的新手，这款智能净水器一般般。刚收到时，语音识别表现不错。遗憾的是缺点是画质模糊。期待下一代产品能有所改进。,2025-11-24,智能净水器
445,65,西门子 智能空调 Basic,XA075,网新恒天科技有限公司数字科技,2.1,老实讲，这款西门子 智能空调 Basic性价比极低。使用不到一周就出现了故障。唯一值得称赞的可能就是售后服务态度好。不推荐任何人购买。,2025-11-24,智能空调
716,65,西门子 智能空调 Basic,GJ116,良诺信息有限公司生物科技,1.4,使用后感觉，这款西门子 智能空调 Basic不值这个价格。在看电影时时完全不能正常工作。唯一值得称赞的可能就是包装很精美。以后不会再考虑这个品牌的产品。,2025-11-24,智能空调
1083,61,LG 智能洗衣机 Max,YR398,浦华众城信息有限公司虚拟现实,4.7,在早晨起床时使用效果很好，特别是智能联动功能。,2025-11-24,智能洗衣机
125,31,三星 智能加湿器 Mini,EA575,襄樊地球村信息有限公司物联网,5.0,这款智能加湿器的智能学习功能很实用，稳定性好。,2025-11-23,智能加湿器
324,52,小米 智能插座 Max,YZ898,通际名联科技有限公司金融科技,1.9,不推荐这款智能插座，音质一般，很失望。,2025-11-23,智能插座
1030,70,博世 智能净水器 Max,FJ947,浙大万朋信息有限公司生物科技,1.2,不推荐这款智能净水器，使用说明不清，很失望。,2025-11-23,智能净水器
232,51,苹果 智能开关 Basic,NU711,易动力科技有限公司人工智能,4.6,购买后，这款苹果 智能开关 Basic很好用。最让我失望的是特别适合办公环境。价格虽高，但物有所值。,2025-11-22,智能开关
772,3,华为 智能电视 Basic,CA470,南康传媒有限公司生物科技,3.2,在多次对比之后选择了这款，这款智能电视优缺点都有。优点是做工精细。特别是使用久了会发现一些小问题。整体体验不错。,2025-11-22,智能电视
112,21,华为 智能加湿器 Plus,GJ116,良诺信息有限公司生物科技,4.6,使用了一个月，节能环保，没有发现任何问题。,2025-11-21,智能加湿器
302,61,LG 智能洗衣机 Max,CC657,昊嘉信息有限公司信息技术,1.3,对比了市面上几款同类产品后，这款智能洗衣机使用体验很差。在早晨起床时完全不能正常工作。,2025-11-20,智能洗衣机
506,59,西门子 智能摄像头 Max,BP732,南康网络有限公司互联网服务,1.2,不得不说，这款智能摄像头质量太差。散热问题简直无法忍受。唯一值得称赞的可能就是送货速度快。,2025-11-20,智能摄像头
893,28,飞利浦 智能扫地机器人 Plus,AW347,鸿睿思博传媒有限公司智能科技,2.2,这款产品有严重问题，稳定性差，已经申请退款。,2025-11-20,智能扫地机器人
976,34,松下 智能开关 Advanced,IP471,银嘉信息有限公司移动应用开发,3.8,这款产品优缺点都有，外观漂亮，但智能化程度低。,2025-11-20,智能开关
150,98,格力 智能电视 Pro,RY548,易动力信息有限公司网络安全,3.8,这款智能电视一般，安装方便，但是连接稳定性有点问题。,2025-11-18,智能电视
808,95,格力 智能音箱 Advanced,ZF061,维旺明信息有限公司人工智能,3.6,智能音箱的质量还可以，智能化程度高，不过画质模糊。,2025-11-18,智能音箱
1024,73,飞利浦 智能扫地机器人 Ultra,WW556,商软冠联网络有限公司信息技术,1.1,使用一周后出现故障，做工一般，售后服务也不好。,2025-11-18,智能扫地机器人
1149,70,博世 智能净水器 Max,ZF801,易动力科技有限公司科技公司,2.5,不得不说，这款博世 智能净水器 Max功能实现得很糟糕。噪音控制简直无法忍受。,2025-11-18,智能净水器
1254,5,美的 智能电饭煲 Pro,BI759,时空盒数字信息有限公司虚拟现实,2.5,对这款智能电饭煲非常不满意，音质一般，浪费钱。,2025-11-18,智能电饭煲
829,75,亚马逊 智能空调 Standard,MG296,浦华众城网络有限公司信息技术,1.6,使用一周后出现故障，稳定性差，售后服务也不好。,2025-11-17,智能空调
71,34,松下 智能开关 Advanced,WY218,飞海科技传媒有限公司信息技术,2.1,我发现，这款松下 智能开关 Advanced不推荐购买。使用不到一周就出现了失灵。这钱花得太冤枉了。,2025-11-16,智能开关
590,38,西门子 智能冰箱 Standard,CZ861,合联电子科技有限公司信息技术,4.3,这是我用过的最好的智能冰箱之一，节能环保，性价比很高。,2025-11-16,智能冰箱
612,68,博世 智能插座 Basic,EK253,兰金电子科技有限公司区块链技术,3.2,这款产品优缺点都有，安装方便，但耗电量大。,2025-11-16,智能插座
965,25,三星 智能窗帘 Basic,WB890,鑫博腾飞网络有限公司金融科技,1.4,对这款智能窗帘非常不满意，售后服务差，浪费钱。,2025-11-16,智能窗帘
216,3,华为 智能电视 Basic,VX147,东方峻景传媒有限公司金融科技,4.0,我觉得，这款华为 智能电视 Basic性价比很高。此外特别适合夜间使用。比我之前用的产品好多了。如果非要说缺点的话，可能就是反应迟钝。建议慎重考虑。,2025-11-15,智能电视
157,50,苹果 智能空气净化器 Basic,ZO854,MBP软件科技有限公司信息技术,1.4,对这款智能空气净化器非常不满意，兼容性差，浪费钱。,2025-11-14,智能空气净化器
621,79,格力 智能手环 Lite,KM929,迪摩科技有限公司电子商务,1.3,使用一周后出现故障，售后服务差，售后服务也不好。,2025-11-14,智能手环
536,48,苹果 智能门锁 Pro,WN094,菊风公司传媒有限公司数字科技,2.3,对这款智能门锁非常不满意，耗电量大，浪费钱。,2025-11-13,智能门锁
654,71,索尼 智能冰箱 Elite,XO649,晖来计算机传媒有限公司云计算,1.0,对这款智能冰箱非常不满意，售后服务差，浪费钱。,2025-11-13,智能冰箱
811,66,松下 智能马桶 Elite,AK874,昊嘉信息有限公司区块链技术,1.6,不推荐这款智能马桶，反应迟钝，很失望。,2025-11-12,智能马桶
848,83,西门子 智能手环 Standard,ME428,创汇网络有限公司虚拟现实,3.5,智能手环的质量还可以，外观漂亮，不过做工一般。,2025-11-11,智能手环
858,57,博世 智能净水器 Plus,NU711,易动力科技有限公司人工智能,4.0,智能净水器的设计很人性化，音质出色，值得推荐。,2025-11-11,智能净水器
306,3,华为 智能电视 Basic,IP471,银嘉信息有限公司移动应用开发,3.0,智能电视的质量还可以，质量很好，不过功能单一。,2025-11-10,智能电视
1119,59,西门子 智能摄像头 Max,GC846,明腾科技有限公司区块链技术,3.1,作为一个经常使用此类产品的人，这款西门子 智能摄像头 Max基本符合预期。在工作日使用时，远程控制表现不错。尤其是缺点是续航时间短。建议慎重考虑。,2025-11-10,智能摄像头
802,11,小米 智能门锁 Mini,ZH741,巨奥科技有限公司信息技术,1.8,这款产品有严重问题，续航时间短，已经申请退款。,2025-11-09,智能门锁
147,71,索尼 智能冰箱 Elite,RG743,快讯信息有限公司智能科技,4.1,在工作时时使用效果很好，特别是静音设计功能。,2025-11-07,智能冰箱
464,12,格力 智能空气净化器 Standard,GC890,创联世纪信息有限公司移动应用开发,4.8,使用了一个月，稳定性好，没有发现任何问题。,2025-11-07,智能空气净化器
24,58,松下 智能扫地机器人 Plus,AY876,精芯传媒有限公司物联网,4.2,这是我用过的最好的智能扫地机器人之一，外观漂亮，性价比很高。,2025-11-06,智能扫地机器人
852,81,亚马逊 智能门锁 Max,NU711,易动力科技有限公司人工智能,2.2,对这款智能门锁非常不满意，智能化程度低，浪费钱。,2025-11-05,智能门锁
14,45,博世 智能马桶 Max,VQ233,和泰信息有限公司信息技术,4.4,非常满意这次购买，做工精细，送货也很快。,2025-11-04,智能马桶
1269,13,三星 智能电饭煲 Max,VX147,东方峻景传媒有限公司金融科技,1.4,散热问题问题很严重，完全不值这个价格。,2025-11-04,智能电饭煲
146,85,博世 智能马桶 Basic,AU710,巨奥传媒有限公司信息技术,3.9,试用了几天，这款智能马桶没有特别惊喜。静音设计设计得比较合理。值得一提的是缺点是兼容性差。性价比很高。,2025-11-03,智能马桶
222,42,谷歌 智能净水器 Ultra,EA575,襄樊地球村信息有限公司物联网,3.9,智能净水器的质量还可以，外观漂亮，不过反应迟钝。,2025-11-03,智能净水器
833,83,西门子 智能手环 Standard,XA254,易动力信息有限公司物联网,3.5,总体来说还行，做工精细，就是操作复杂。,2025-11-02,智能手环
1310,53,华为 智能电视 Lite,US056,国讯网络有限公司移动应用开发,1.5,使用一周后出现故障，反应迟钝，售后服务也不好。,2025-11-01,智能电视
37,20,谷歌 智能净水器 Basic,MJ814,毕博诚科技有限公司互联网服务,1.9,这款产品有严重问题，智能化程度低，已经申请退款。,2025-10-30,智能净水器
54,36,海尔智慧家庭 智能加湿器 Lite,YZ898,通际名联科技有限公司金融科技,4.1,使用了一个月，节能环保，没有发现任何问题。,2025-10-30,智能加湿器
726,63,LG 智能净水器 Basic,DX151,易动力信息有限公司物联网,2.0,这款产品有严重问题，兼容性差，已经申请退款。,2025-10-30,智能净水器
830,61,LG 智能洗衣机 Max,CA470,南康传媒有限公司生物科技,3.9,这款智能洗衣机一般，智能化程度高，但是散热问题有点问题。,2025-10-30,智能洗衣机
1018,56,华为 智能体重秤 Advanced,EI532,七喜传媒有限公司人工智能,3.2,这款智能体重秤一般，操作简单，但是散热问题有点问题。,2025-10-29,智能体重秤
1019,61,LG 智能洗衣机 Max,WY218,飞海科技传媒有限公司信息技术,2.2,对这款智能洗衣机非常不满意，价格偏高，浪费钱。,2025-10-29,智能洗衣机
1061,101,三星 智能摄像头 Mini,VX147,东方峻景传媒有限公司金融科技,1.5,说实话，这款智能摄像头存在明显缺陷。主要问题在于价格偏高。希望厂家能重视这些问题。,2025-10-29,智能摄像头
913,67,松下 智能电饭煲 Pro,RY572,中建创业信息有限公司虚拟现实,2.9,试用了几天，这款智能电饭煲有严重问题。主要问题在于音质一般。希望厂家能重视这些问题。,2025-10-28,智能电饭煲
1092,54,博世 智能开关 Max,EM821,泰麒麟信息有限公司人工智能,4.3,这是我用过的最好的智能开关之一，反应灵敏，性价比很高。,2025-10-28,智能开关
1141,27,小米 智能加湿器 Plus,AY876,精芯传媒有限公司物联网,2.2,不推荐这款智能加湿器，功能单一，很失望。,2025-10-27,智能加湿器
1088,73,飞利浦 智能扫地机器人 Ultra,DW607,银嘉网络有限公司云计算,2.8,必须承认，这款智能扫地机器人存在明显缺陷。主要问题在于价格偏高。唯一值得称赞的可能就是送货速度快。以后不会再考虑这个品牌的产品。,2025-10-26,智能扫地机器人
1168,75,亚马逊 智能空调 Standard,EB652,凌云信息有限公司虚拟现实,2.5,这款产品有严重问题，售后服务差，已经申请退款。,2025-10-26,智能空调
779,47,苹果 智能灯具 Basic,KS630,良诺信息有限公司网络安全,1.9,我觉得，这款智能灯具功能实现得很糟糕。在工作时时完全不能正常工作。,2025-10-24,智能灯具
915,70,博世 智能净水器 Max,YZ898,通际名联科技有限公司金融科技,2.7,不推荐这款智能净水器，智能化程度低，很失望。,2025-10-24,智能净水器
1264,46,小米 智能开关 Max,DX151,易动力信息有限公司物联网,2.6,坦白讲，这款智能开关质量太差。使用不到一周就出现了失灵。已经申请退款了。,2025-10-23,智能开关
489,38,西门子 智能冰箱 Standard,NU711,易动力科技有限公司人工智能,4.5,这款智能冰箱质量很好，智能化程度高。总体来说很满意。,2025-10-22,智能冰箱
510,26,亚马逊 智能扫地机器人 Mini,VZ702,精芯网络有限公司互联网服务,4.5,购买后，这款智能扫地机器人品质很好。特别是快速启动设计很贴心。总体来说还是很满意的。,2025-10-22,智能扫地机器人
529,14,格力 智能净水器 Mini,PV664,毕博诚信息有限公司信息技术,4.6,使用了一个月，做工精细，没有发现任何问题。,2025-10-22,智能净水器
490,16,小米 智能电饭煲 Ultra,OA831,华泰通安科技有限公司网络安全,1.2,不推荐这款智能电饭煲，价格偏高，很失望。,2025-10-21,智能电饭煲
556,50,苹果 智能空气净化器 Basic,DH200,盟新传媒有限公司大数据分析,2.3,对这款智能空气净化器非常不满意，做工一般，浪费钱。,2025-10-21,智能空气净化器
1000,86,博世 智能摄像头 Standard,PE529,易动力网络有限公司信息技术,1.0,作为一个经常使用此类产品的人，这款博世 智能摄像头 Standard使用体验很差。在工作时时完全不能正常工作。唯一值得称赞的可能就是价格便宜。这钱花得太冤枉了。,2025-10-21,智能摄像头
336,76,松下 智能窗帘 Advanced,RG743,快讯信息有限公司智能科技,4.8,作为一个经常使用此类产品的人，这款智能窗帘超出我的预期。尤其是自动升级是我最喜欢的部分。对得起这个价格。,2025-10-20,智能窗帘
611,84,苹果 智能扫地机器人 Pro,WQ849,开发区世创科技有限公司科技公司,3.9,使用后感觉，这款苹果 智能扫地机器人 Pro中规中矩。智能联动设计得比较合理。特别是使用久了会发现一些小问题。值得购买。,2025-10-20,智能扫地机器人
793,63,LG 智能净水器 Basic,NQ176,图龙信息传媒有限公司数字科技,4.1,这款智能净水器的语音识别功能很实用，操作简单。,2025-10-20,智能净水器
258,48,苹果 智能门锁 Pro,GJ116,良诺信息有限公司生物科技,4.4,这款产品的一键控制特别好用，在夜间使用时特别方便。,2025-10-19,智能门锁
378,63,LG 智能净水器 Basic,QI779,合联电子科技有限公司网络安全,3.5,老实讲，这款智能净水器性价比一般。在特殊场合使用时，节能模式表现不错。最重要的是信号强度有点问题。期待下一代产品能有所改进。,2025-10-18,智能净水器
401,11,小米 智能门锁 Mini,IK721,诺依曼软件传媒有限公司物联网,3.8,这款产品优缺点都有，操作简单，但价格偏高。,2025-10-18,智能门锁
107,79,格力 智能手环 Lite,QU287,戴硕电子科技有限公司移动应用开发,3.1,说实话，这款智能手环总体来说还可以。在工作时时使用体验还不错。遗憾的是使用久了会发现一些小问题。对得起这个价格。,2025-10-16,智能手环
355,63,LG 智能净水器 Basic,FJ947,浙大万朋信息有限公司生物科技,4.8,这款智能净水器质量很好，质量很好。总体来说很满意。,2025-10-16,智能净水器
962,23,美的 智能净水器 Plus,WB209,维涛传媒有限公司云计算,3.6,在看电影时使用还不错，但在其他情况下表现一般。,2025-10-16,智能净水器
1004,5,美的 智能电饭煲 Pro,AD089,创亿网络有限公司移动应用开发,4.6,这款产品的智能场景特别好用，在户外活动时特别方便。,2025-10-16,智能电饭煲
708,74,松下 智能窗帘 Lite,AY876,精芯传媒有限公司物联网,3.9,对比了市面上几款同类产品后，这款松下 智能窗帘 Lite也没有特别失望。在工作时时使用体验还不错。并且使用久了会发现一些小问题。期待下一代产品能有所改进。,2025-10-15,智能窗帘
987,10,美的 智能窗帘 Max,ZG109,襄樊地球村网络有限公司智能科技,3.5,这款智能窗帘一般，节能环保，但是散热问题有点问题。,2025-10-15,智能窗帘
785,21,华为 智能加湿器 Plus,QI779,合联电子科技有限公司网络安全,4.8,使用后感觉，这款华为 智能加湿器 Plus很好用。最让我失望的是语音识别功能特别实用。在同价位产品中表现最好。推荐给有需要的朋友。,2025-10-13,智能加湿器
1013,38,西门子 智能冰箱 Standard,WN094,菊风公司传媒有限公司数字科技,3.0,在看电影时使用还不错，但在其他情况下表现一般。,2025-10-13,智能冰箱
15,60,华为 智能窗帘 Basic,ZU351,银嘉科技有限公司科技公司,2.5,使用一周后出现故障，续航时间短，售后服务也不好。,2025-10-10,智能窗帘
984,43,华为 智能电视 Max,YZ898,通际名联科技有限公司金融科技,4.7,使用后感觉，这款华为 智能电视 Max很好用。而且特别适合户外活动。如果非要说缺点的话，配件可以再多一些。便宜没好货，这句话在这里很适用。,2025-10-10,智能电视
52,95,格力 智能音箱 Advanced,EM821,泰麒麟信息有限公司人工智能,1.9,不推荐这款智能音箱，续航时间短，很失望。,2025-10-09,智能音箱
768,94,格力 智能体重秤 Standard,GL926,时空盒数字传媒有限公司大数据分析,3.8,总体来说还行，做工精细，就是反应迟钝。,2025-10-09,智能体重秤
781,97,格力 智能净水器 Ultra,VX147,东方峻景传媒有限公司金融科技,4.6,这款智能净水器质量很好，质量很好。总体来说很满意。,2025-10-08,智能净水器
698,88,格力 智能体重秤 Ultra,GL926,时空盒数字传媒有限公司大数据分析,2.6,作为一个经常使用此类产品的人，这款格力 智能体重秤 Ultra不值这个价格。主要问题在于稳定性差。,2025-10-07,智能体重秤
748,86,博世 智能摄像头 Standard,RV310,银嘉科技有限公司云计算,5.0,使用了一个月，质量很好，没有发现任何问题。,2025-10-07,智能摄像头
1289,87,美的 智能马桶 Mini,MZ379,联软传媒有限公司区块链技术,4.5,在看电影时时使用效果很好，特别是省电模式功能。,2025-10-07,智能马桶
534,65,西门子 智能空调 Basic,DV182,艾提科信传媒有限公司网络安全,1.7,不推荐这款智能空调，操作复杂，很失望。,2025-10-06,智能空调
623,29,博世 智能空气净化器 Lite,MR129,太极信息有限公司互联网服务,2.9,散热问题问题很严重，完全不值这个价格。,2025-10-06,智能空气净化器
627,38,西门子 智能冰箱 Standard,KM929,迪摩科技有限公司电子商务,4.7,这款智能冰箱质量很好，功能齐全。总体来说很满意。,2025-10-06,智能冰箱
971,40,小米 智能马桶 Lite,KS630,良诺信息有限公司网络安全,3.0,这款智能马桶一般，兼容性强，但是信号强度有点问题。,2025-10-06,智能马桶
56,11,小米 智能门锁 Mini,PJ659,超艺网络有限公司人工智能,4.4,这款智能门锁的智能学习功能很实用，音质出色。,2025-10-05,智能门锁
704,27,小米 智能加湿器 Plus,NQ176,图龙信息传媒有限公司数字科技,4.3,非常满意这次购买，兼容性强，送货也很快。,2025-10-05,智能加湿器
331,88,格力 智能体重秤 Ultra,ZG109,襄樊地球村网络有限公司智能科技,3.0,在看电影时使用还不错，但在其他情况下表现一般。,2025-10-04,智能体重秤
857,59,西门子 智能摄像头 Max,XN875,天开传媒有限公司网络安全,4.2,试用了几天，这款西门子 智能摄像头 Max值得推荐。不过省电模式设计很贴心。在同类产品中算是中等水平。如果非要说缺点的话，配件可以再多一些。整体体验不错。,2025-10-04,智能摄像头
1058,67,松下 智能电饭煲 Pro,MZ379,联软传媒有限公司区块链技术,1.8,这款产品有严重问题，反应迟钝，已经申请退款。,2025-10-04,智能电饭煲
1248,83,西门子 智能手环 Standard,NU012,商软冠联传媒有限公司智能科技,1.6,使用一周后出现故障，操作复杂，售后服务也不好。,2025-10-04,智能手环
1282,37,飞利浦 智能马桶 Max,MJ814,毕博诚科技有限公司互联网服务,3.0,我觉得，这款飞利浦 智能马桶 Max中规中矩。在夏天使用时，自动调节表现不错。但是在家庭聚会场景下表现一般。建议慎重考虑。,2025-10-03,智能马桶
215,21,华为 智能加湿器 Plus,XA254,易动力信息有限公司物联网,3.1,老实讲，这款智能加湿器一般般。在工作日使用时，语音识别表现不错。更让我满意的是信号强度有点问题。建议慎重考虑。,2025-10-03,智能加湿器
315,53,华为 智能电视 Lite,GL926,时空盒数字传媒有限公司大数据分析,1.6,不推荐这款智能电视，兼容性差，很失望。,2025-10-03,智能电视
901,75,亚马逊 智能空调 Standard,KS630,良诺信息有限公司网络安全,5.0,这是我用过的最好的智能空调之一，续航时间长，性价比很高。,2025-10-03,智能空调
870,37,飞利浦 智能马桶 Max,OA831,华泰通安科技有限公司网络安全,1.1,使用一周后出现故障，稳定性差，售后服务也不好。,2025-10-02,智能马桶
1106,48,苹果 智能门锁 Pro,VQ233,和泰信息有限公司信息技术,3.3,这款产品优缺点都有，性价比高，但智能化程度低。,2025-10-02,智能门锁
920,41,索尼 智能空气净化器 Ultra,MJ814,毕博诚科技有限公司互联网服务,2.5,体验下来，这款索尼 智能空气净化器 Ultra不值这个价格。主要问题在于兼容性差。以后不会再考虑这个品牌的产品。,2025-10-01,智能空气净化器
681,31,三星 智能加湿器 Mini,PS740,国讯科技有限公司金融科技,3.0,这款智能加湿器一般，外观漂亮，但是连接稳定性有点问题。,2025-09-30,智能加湿器
1180,88,格力 智能体重秤 Ultra,VX147,东方峻景传媒有限公司金融科技,2.7,我觉得，这款格力 智能体重秤 Ultra不值这个价格。在早晨起床时完全不能正常工作。唯一值得称赞的可能就是包装很精美。希望厂家能重视这些问题。,2025-09-30,智能体重秤
26,30,小米 智能开关 Ultra,VH856,鑫博腾飞科技有限公司电子商务,4.3,作为第一次购买这类产品的新手，这款小米 智能开关 Ultra超出我的预期。但是特别适合日常使用。和同价位其他产品相比更胜一筹。如果非要说缺点的话，说明书不够详细。对得起这个价格。,2025-09-29,智能开关
518,35,亚马逊 智能门铃 Max,MR129,太极信息有限公司互联网服务,2.3,使用一周后出现故障，耗电量大，售后服务也不好。,2025-09-29,智能门铃
817,93,索尼 智能加湿器 Pro,RG743,快讯信息有限公司智能科技,1.9,对这款智能加湿器非常不满意，操作复杂，浪费钱。,2025-09-29,智能加湿器
265,29,博世 智能空气净化器 Lite,PL616,巨奥网络有限公司金融科技,4.9,智能空气净化器的设计很人性化，质量很好，值得推荐。,2025-09-27,智能空气净化器
922,1,亚马逊 智能电饭煲 Advanced,FA862,方正科技网络有限公司云计算,1.0,对这款智能电饭煲非常不满意，安装困难，浪费钱。,2025-09-27,智能电饭煲
1184,45,博世 智能马桶 Max,MJ814,毕博诚科技有限公司互联网服务,2.7,使用一周后出现故障，反应迟钝，售后服务也不好。,2025-09-27,智能马桶
1300,41,索尼 智能空气净化器 Ultra,GL926,时空盒数字传媒有限公司大数据分析,4.5,使用了一个月，兼容性强，没有发现任何问题。,2025-09-27,智能空气净化器
1260,93,索尼 智能加湿器 Pro,EB652,凌云信息有限公司虚拟现实,4.6,这款智能加湿器质量很好，功能齐全。总体来说很满意。,2025-09-26,智能加湿器
10,12,格力 智能空气净化器 Standard,MR129,太极信息有限公司互联网服务,3.1,购买后，这款智能空气净化器中规中矩。在早晨起床时使用体验还不错。但是使用久了会发现一些小问题。价格虽高，但物有所值。,2025-09-26,智能空气净化器
405,57,博世 智能净水器 Plus,VH856,鑫博腾飞科技有限公司电子商务,2.0,使用一周后出现故障，功能单一，售后服务也不好。,2025-09-25,智能净水器
1165,38,西门子 智能冰箱 Standard,MJ814,毕博诚科技有限公司互联网服务,2.9,试用了几天，这款西门子 智能冰箱 Standard存在明显缺陷。在晚上睡前时完全不能正常工作。,2025-09-25,智能冰箱
119,50,苹果 智能空气净化器 Basic,BN418,易动力网络有限公司移动应用开发,4.1,这款智能空气净化器质量很好，兼容性强。总体来说很满意。,2025-09-24,智能空气净化器
304,19,海尔智慧家庭 智能开关 Plus,US056,国讯网络有限公司移动应用开发,3.5,这款智能开关一般，节能环保，但是噪音控制有点问题。,2025-09-23,智能开关
376,96,博世 智能空调 Lite,QU287,戴硕电子科技有限公司移动应用开发,2.8,对这款智能空调非常不满意，耗电量大，浪费钱。,2025-09-23,智能空调
652,14,格力 智能净水器 Mini,CC657,昊嘉信息有限公司信息技术,1.1,在多次对比之后选择了这款，这款智能净水器存在明显缺陷。主要问题在于续航时间短。这钱花得太冤枉了。,2025-09-23,智能净水器
723,97,格力 智能净水器 Ultra,VH856,鑫博腾飞科技有限公司电子商务,3.9,智能净水器的质量还可以，续航时间长，不过智能化程度低。,2025-09-23,智能净水器
860,67,松下 智能电饭煲 Pro,RY548,易动力信息有限公司网络安全,1.8,收到货后，这款松下 智能电饭煲 Pro完全不符合预期。主要问题在于兼容性差。唯一值得称赞的可能就是外观设计还不错。这钱花得太冤枉了。,2025-09-23,智能电饭煲
943,25,三星 智能窗帘 Basic,QJ392,创亿网络有限公司金融科技,3.7,在做饭时使用还不错，但在其他情况下表现一般。,2025-09-22,智能窗帘
203,71,索尼 智能冰箱 Elite,RY548,易动力信息有限公司网络安全,2.8,使用一周后出现故障，操作复杂，售后服务也不好。,2025-09-21,智能冰箱
1290,41,索尼 智能空气净化器 Ultra,QI779,合联电子科技有限公司网络安全,3.3,这款产品优缺点都有，反应灵敏，但耗电量大。,2025-09-21,智能空气净化器
512,3,华为 智能电视 Basic,GA851,明腾传媒有限公司金融科技,3.6,在做饭时使用还不错，但在其他情况下表现一般。,2025-09-20,智能电视
1139,71,索尼 智能冰箱 Elite,ZH741,巨奥科技有限公司信息技术,1.1,这款产品有严重问题，价格偏高，已经申请退款。,2025-09-20,智能冰箱
470,12,格力 智能空气净化器 Standard,VC531,九方传媒有限公司生物科技,4.7,非常满意这次购买，画质清晰，送货也很快。,2025-09-19,智能空气净化器
173,97,格力 智能净水器 Ultra,XA254,易动力信息有限公司物联网,3.8,这款智能净水器一般，外观漂亮，但是散热问题有点问题。,2025-09-18,智能净水器
714,96,博世 智能空调 Lite,AY876,精芯传媒有限公司物联网,1.8,收到货后，这款博世 智能空调 Lite功能实现得很糟糕。在晚上睡前时完全不能正常工作。,2025-09-18,智能空调
801,50,苹果 智能空气净化器 Basic,CS287,和泰网络有限公司电子商务,3.5,作为一个经常使用此类产品的人，这款苹果 智能空气净化器 Basic总体来说还可以。优点是质量很好。尤其是使用久了会发现一些小问题。期待下一代产品能有所改进。,2025-09-16,智能空气净化器
895,34,松下 智能开关 Advanced,EM821,泰麒麟信息有限公司人工智能,3.0,智能开关的质量还可以，反应灵敏，不过兼容性差。,2025-09-16,智能开关
1070,11,小米 智能门锁 Mini,YZ898,通际名联科技有限公司金融科技,3.3,这款产品优缺点都有，做工精细，但画质模糊。,2025-09-16,智能门锁
227,16,小米 智能电饭煲 Ultra,EM821,泰麒麟信息有限公司人工智能,1.1,用了一段时间，这款智能电饭煲功能实现得很糟糕。主要问题在于售后服务差。希望厂家能重视这些问题。,2025-09-15,智能电饭煲
585,66,松下 智能马桶 Elite,KS630,良诺信息有限公司网络安全,3.2,坦白讲，这款智能马桶中规中矩。在晚上睡前时使用体验还不错。最让我失望的是使用久了会发现一些小问题。总体来说还是很满意的。,2025-09-15,智能马桶
938,57,博世 智能净水器 Plus,ZU351,银嘉科技有限公司科技公司,3.4,在晚上睡前使用还不错，但在其他情况下表现一般。,2025-09-15,智能净水器
13,58,松下 智能扫地机器人 Plus,QJ392,创亿网络有限公司金融科技,4.8,坦白讲，这款智能扫地机器人品质很好。而且自动调节功能特别实用。和朋友推荐的一样好用。建议慎重考虑。,2025-09-12,智能扫地机器人
282,31,三星 智能加湿器 Mini,GC890,创联世纪信息有限公司移动应用开发,2.6,不推荐这款智能加湿器，售后服务差，很失望。,2025-09-12,智能加湿器
894,44,小米 智能空调 Elite,ZF061,维旺明信息有限公司人工智能,1.7,这款产品有严重问题，安装困难，已经申请退款。,2025-09-12,智能空调
1065,27,小米 智能加湿器 Plus,CC657,昊嘉信息有限公司信息技术,2.4,对这款智能加湿器非常不满意，音质一般，浪费钱。,2025-09-12,智能加湿器
549,57,博世 智能净水器 Plus,ZU351,银嘉科技有限公司科技公司,1.7,不推荐这款智能净水器，兼容性差，很失望。,2025-09-11,智能净水器
431,75,亚马逊 智能空调 Standard,DH200,盟新传媒有限公司大数据分析,4.4,智能空调的设计很人性化，安装方便，值得推荐。,2025-09-10,智能空调
841,71,索尼 智能冰箱 Elite,FC418,网新恒天网络有限公司生物科技,3.3,在看电影时使用还不错，但在其他情况下表现一般。,2025-09-10,智能冰箱
110,78,三星 智能音箱 Elite,WQ849,开发区世创科技有限公司科技公司,2.8,从我的使用体验来看，这款三星 智能音箱 Elite很失望。主要问题在于安装困难。希望厂家能重视这些问题。,2025-09-09,智能音箱
448,57,博世 智能净水器 Plus,EU335,济南亿次元网络有限公司科技公司,1.1,体验下来，这款博世 智能净水器 Plus不值这个价格。主要问题在于做工一般。希望厂家能重视这些问题。,2025-09-09,智能净水器
214,42,谷歌 智能净水器 Ultra,WQ849,开发区世创科技有限公司科技公司,1.4,这款产品有严重问题，操作复杂，已经申请退款。,2025-09-08,智能净水器
1043,22,美的 智能电视 Basic,BI759,时空盒数字信息有限公司虚拟现实,3.5,在看电影时使用还不错，但在其他情况下表现一般。,2025-09-08,智能电视
757,40,小米 智能马桶 Lite,ME428,创汇网络有限公司虚拟现实,3.3,智能马桶的质量还可以，做工精细，不过稳定性差。,2025-09-07,智能马桶
1037,60,华为 智能窗帘 Basic,MZ379,联软传媒有限公司区块链技术,4.3,在早晨起床时使用效果很好，特别是省电模式功能。,2025-09-06,智能窗帘
354,62,华为 智能洗衣机 Ultra,TO444,MBP软件网络有限公司移动应用开发,2.1,使用后感觉，这款智能洗衣机很失望。主要问题在于价格偏高。唯一值得称赞的可能就是包装很精美。已经申请退款了。,2025-09-05,智能洗衣机
1028,71,索尼 智能冰箱 Elite,ZU351,银嘉科技有限公司科技公司,1.8,噪音控制问题很严重，完全不值这个价格。,2025-09-04,智能冰箱
387,56,华为 智能体重秤 Advanced,CZ861,合联电子科技有限公司信息技术,3.2,从我的使用体验来看，这款华为 智能体重秤 Advanced没有特别惊喜。优点是安装方便。然而使用久了会发现一些小问题。推荐给有需要的朋友。,2025-09-03,智能体重秤
628,1,亚马逊 智能电饭煲 Advanced,XA254,易动力信息有限公司物联网,2.8,散热问题问题很严重，完全不值这个价格。,2025-09-03,智能电饭煲
970,63,LG 智能净水器 Basic,YR398,浦华众城信息有限公司虚拟现实,4.8,不得不说，这款智能净水器设计很人性化。并且静音设计设计很贴心。和官方展示的有差距。如果非要说缺点的话，噪音控制还有提升空间。价格虽高，但物有所值。,2025-09-03,智能净水器
990,29,博世 智能空气净化器 Lite,EU335,济南亿次元网络有限公司科技公司,2.8,个人认为，这款智能空气净化器使用体验很差。在晚上睡前时完全不能正常工作。唯一值得称赞的可能就是送货速度快。不推荐任何人购买。,2025-09-02,智能空气净化器
1166,94,格力 智能体重秤 Standard,ZH741,巨奥科技有限公司信息技术,2.6,不推荐这款智能体重秤，操作复杂，很失望。,2025-09-02,智能体重秤
61,98,格力 智能电视 Pro,US056,国讯网络有限公司移动应用开发,1.1,经过一段时间使用，这款格力 智能电视 Pro使用体验很差。主要问题在于价格偏高。,2025-09-01,智能电视
825,84,苹果 智能扫地机器人 Pro,OA831,华泰通安科技有限公司网络安全,2.3,对比了市面上几款同类产品后，这款苹果 智能扫地机器人 Pro使用体验很差。在看电影时时完全不能正常工作。以后不会再考虑这个品牌的产品。,2025-09-01,智能扫地机器人
662,30,小米 智能开关 Ultra,IK721,诺依曼软件传媒有限公司物联网,3.7,总体来说还行，安装方便，就是兼容性差。,2025-08-31,智能开关
948,16,小米 智能电饭煲 Ultra,JT617,时空盒数字信息有限公司智能科技,1.0,我觉得，这款智能电饭煲性价比极低。使用不到一周就出现了失灵。,2025-08-31,智能电饭煲
1109,37,飞利浦 智能马桶 Max,YZ898,通际名联科技有限公司金融科技,2.1,对这款智能马桶非常不满意，续航时间短，浪费钱。,2025-08-29,智能马桶
626,50,苹果 智能空气净化器 Basic,BN418,易动力网络有限公司移动应用开发,2.0,坦白讲，这款智能空气净化器质量太差。使用不到一周就出现了问题。以后不会再考虑这个品牌的产品。,2025-08-28,智能空气净化器
494,10,美的 智能窗帘 Max,FJ947,浙大万朋信息有限公司生物科技,1.2,使用一周后出现故障，耗电量大，售后服务也不好。,2025-08-27,智能窗帘
68,50,苹果 智能空气净化器 Basic,OA831,华泰通安科技有限公司网络安全,2.1,噪音控制问题很严重，完全不值这个价格。,2025-08-25,智能空气净化器
482,6,海尔智慧家庭 智能空气净化器 Basic,BI759,时空盒数字信息有限公司虚拟现实,1.9,使用一周后出现故障，做工一般，售后服务也不好。,2025-08-25,智能空气净化器
309,44,小米 智能空调 Elite,AK874,昊嘉信息有限公司区块链技术,1.7,连接稳定性问题很严重，完全不值这个价格。,2025-08-24,智能空调
48,45,博世 智能马桶 Max,ZF061,维旺明信息有限公司人工智能,2.1,这款产品有严重问题，功能单一，已经申请退款。,2025-08-23,智能马桶
579,25,三星 智能窗帘 Basic,PJ659,超艺网络有限公司人工智能,2.7,收到货后，这款智能窗帘完全不符合预期。使用不到一周就出现了损坏。希望厂家能重视这些问题。,2025-08-23,智能窗帘
394,51,苹果 智能开关 Basic,BN418,易动力网络有限公司移动应用开发,1.8,连接稳定性问题很严重，完全不值这个价格。,2025-08-21,智能开关
696,86,博世 智能摄像头 Standard,YR398,浦华众城信息有限公司虚拟现实,4.6,坦白讲，这款智能摄像头性价比很高。如果非要说缺点的话，散热问题还有提升空间。有点贵了，但质量确实好。,2025-08-21,智能摄像头
856,92,西门子 智能摄像头 Plus,PC764,恒聪百汇传媒有限公司虚拟现实,3.7,在多次对比之后选择了这款，这款西门子 智能摄像头 Plus性价比一般。优点是外观漂亮。更让我满意的是信号强度有点问题。值得购买。,2025-08-21,智能摄像头
1038,82,LG 智能开关 Lite,HD242,富罳科技有限公司生物科技,4.6,这款智能开关质量很好，智能化程度高。总体来说很满意。,2025-08-21,智能开关
39,72,西门子 智能洗衣机 Pro,MJ814,毕博诚科技有限公司互联网服务,1.4,这款产品有严重问题，画质模糊，已经申请退款。,2025-08-20,智能洗衣机
863,100,LG 智能插座 Max,AU710,巨奥传媒有限公司信息技术,4.1,这是我用过的最好的智能插座之一，兼容性强，性价比很高。,2025-08-20,智能插座
993,91,亚马逊 智能音箱 Basic,WN094,菊风公司传媒有限公司数字科技,3.4,这款产品优缺点都有，画质清晰，但智能化程度低。,2025-08-19,智能音箱
575,97,格力 智能净水器 Ultra,LB704,群英信息有限公司金融科技,3.4,智能净水器的质量还可以，外观漂亮，不过稳定性差。,2025-08-18,智能净水器
1155,26,亚马逊 智能扫地机器人 Mini,TO444,MBP软件网络有限公司移动应用开发,4.9,在看电影时时使用效果很好，特别是静音设计功能。,2025-08-18,智能扫地机器人
1177,58,松下 智能扫地机器人 Plus,XW046,鑫博腾飞信息有限公司智能科技,2.3,我发现，这款松下 智能扫地机器人 Plus不值这个价格。电池寿命简直无法忍受。,2025-08-18,智能扫地机器人
1309,17,苹果 智能门锁 Plus,VC531,九方传媒有限公司生物科技,2.5,这款产品有严重问题，安装困难，已经申请退款。,2025-08-17,智能门锁
515,101,三星 智能摄像头 Mini,MJ814,毕博诚科技有限公司互联网服务,2.1,使用一周后出现故障，使用说明不清，售后服务也不好。,2025-08-16,智能摄像头
782,63,LG 智能净水器 Basic,ZU351,银嘉科技有限公司科技公司,4.9,这款智能净水器质量很好，稳定性好。总体来说很满意。,2025-08-15,智能净水器
474,73,飞利浦 智能扫地机器人 Ultra,LU518,易动力传媒有限公司生物科技,3.7,使用后感觉，这款智能扫地机器人没有特别惊喜。在做饭时时使用体验还不错。然而在户外活动场景下表现一般。不太推荐购买。,2025-08-14,智能扫地机器人
897,7,博世 智能扫地机器人 Max,TO444,MBP软件网络有限公司移动应用开发,3.0,作为第一次购买这类产品的新手，这款博世 智能扫地机器人 Max没有特别惊喜。高清画质设计得比较合理。值得一提的是连接稳定性有点问题。建议慎重考虑。,2025-08-14,智能扫地机器人
251,33,飞利浦 智能加湿器 Ultra,GR729,中建创业网络有限公司移动应用开发,4.0,这款智能加湿器质量很好，节能环保。总体来说很满意。,2025-08-13,智能加湿器
291,58,松下 智能扫地机器人 Plus,WY218,飞海科技传媒有限公司信息技术,3.7,智能扫地机器人的质量还可以，质量很好，不过价格偏高。,2025-08-13,智能扫地机器人
625,34,松下 智能开关 Advanced,MJ814,毕博诚科技有限公司互联网服务,3.7,这款智能开关一般，做工精细，但是电池寿命有点问题。,2025-08-13,智能开关
819,49,松下 智能加湿器 Pro,ZF061,维旺明信息有限公司人工智能,1.6,使用一周后出现故障，智能化程度低，售后服务也不好。,2025-08-13,智能加湿器
241,53,华为 智能电视 Lite,EM821,泰麒麟信息有限公司人工智能,4.2,使用了一个月，稳定性好，没有发现任何问题。,2025-08-10,智能电视
928,32,亚马逊 智能马桶 Elite,HD242,富罳科技有限公司生物科技,1.6,不推荐这款智能马桶，画质模糊，很失望。,2025-08-09,智能马桶
294,29,博世 智能空气净化器 Lite,EB652,凌云信息有限公司虚拟现实,1.8,这款产品有严重问题，安装困难，已经申请退款。,2025-08-08,智能空气净化器
703,32,亚马逊 智能马桶 Elite,BF338,天开网络有限公司金融科技,2.4,对这款智能马桶非常不满意，做工一般，浪费钱。,2025-08-08,智能马桶
945,18,美的 智能门锁 Mini,FC418,网新恒天网络有限公司生物科技,3.2,试用了几天，这款智能门锁也没有特别失望。在夏天使用时，远程控制表现不错。最重要的是噪音控制有点问题。推荐给有需要的朋友。,2025-08-04,智能门锁
1313,8,松下 智能开关 Lite,NU012,商软冠联传媒有限公司智能科技,2.5,对这款智能开关非常不满意，做工一般，浪费钱。,2025-08-03,智能开关
1256,38,西门子 智能冰箱 Standard,CM245,万迅电脑信息有限公司科技公司,4.7,使用了一个月，节能环保，没有发现任何问题。,2025-08-02,智能冰箱
206,49,松下 智能加湿器 Pro,NQ176,图龙信息传媒有限公司数字科技,1.1,不推荐这款智能加湿器，画质模糊，很失望。,2025-08-02,智能加湿器
250,91,亚马逊 智能音箱 Basic,EU335,济南亿次元网络有限公司科技公司,2.4,在多次对比之后选择了这款，这款亚马逊 智能音箱 Basic完全不符合预期。主要问题在于续航时间短。唯一值得称赞的可能就是价格便宜。以后不会再考虑这个品牌的产品。,2025-08-02,智能音箱
455,35,亚马逊 智能门铃 Max,EK253,兰金电子科技有限公司区块链技术,3.6,智能门铃的质量还可以，质量很好，不过做工一般。,2025-08-02,智能门铃
573,30,小米 智能开关 Ultra,AW347,鸿睿思博传媒有限公司智能科技,3.8,经过一段时间使用，这款小米 智能开关 Ultra没有特别惊喜。在做饭时时使用体验还不错。同时使用久了会发现一些小问题。可以考虑其他品牌的同类产品。,2025-08-02,智能开关
50,8,松下 智能开关 Lite,JT617,时空盒数字信息有限公司智能科技,3.0,总体来说还行，功能齐全，就是智能化程度低。,2025-08-01,智能开关
476,101,三星 智能摄像头 Mini,VQ233,和泰信息有限公司信息技术,2.9,不推荐这款智能摄像头，做工一般，很失望。,2025-07-31,智能摄像头
821,37,飞利浦 智能马桶 Max,RG743,快讯信息有限公司智能科技,1.4,使用一周后出现故障，智能化程度低，售后服务也不好。,2025-07-31,智能马桶
70,91,亚马逊 智能音箱 Basic,XA075,网新恒天科技有限公司数字科技,1.4,使用一周后出现故障，智能化程度低，售后服务也不好。,2025-07-29,智能音箱
326,25,三星 智能窗帘 Basic,XN875,天开传媒有限公司网络安全,1.3,购买后，这款三星 智能窗帘 Basic很失望。主要问题在于耗电量大。,2025-07-29,智能窗帘
1154,94,格力 智能体重秤 Standard,TO444,MBP软件网络有限公司移动应用开发,2.3,不推荐这款智能体重秤，兼容性差，很失望。,2025-07-29,智能体重秤
252,76,松下 智能窗帘 Advanced,ZF061,维旺明信息有限公司人工智能,3.0,这款产品优缺点都有，做工精细，但做工一般。,2025-07-28,智能窗帘
459,18,美的 智能门锁 Mini,GJ116,良诺信息有限公司生物科技,1.1,这款产品有严重问题，耗电量大，已经申请退款。,2025-07-27,智能门锁
390,30,小米 智能开关 Ultra,MA264,时刻网络有限公司信息技术,3.9,使用后感觉，这款智能开关一般般。在早晨起床时使用体验还不错。尤其是使用久了会发现一些小问题。有点贵了，但质量确实好。,2025-07-26,智能开关
343,35,亚马逊 智能门铃 Max,LB704,群英信息有限公司金融科技,4.5,在早晨起床时使用效果很好，特别是省电模式功能。,2025-07-25,智能门铃
386,12,格力 智能空气净化器 Standard,VC531,九方传媒有限公司生物科技,1.9,这款产品有严重问题，售后服务差，已经申请退款。,2025-07-23,智能空气净化器
523,100,LG 智能插座 Max,FJ947,浙大万朋信息有限公司生物科技,2.6,对这款智能插座非常不满意，稳定性差，浪费钱。,2025-07-23,智能插座
936,23,美的 智能净水器 Plus,QL573,维涛科技有限公司网络安全,3.5,总体来说还行，续航时间长，就是使用说明不清。,2025-07-22,智能净水器
240,42,谷歌 智能净水器 Ultra,GL926,时空盒数字传媒有限公司大数据分析,4.8,这款智能净水器的远程控制功能很实用，音质出色。,2025-07-21,智能净水器
1211,43,华为 智能电视 Max,IP471,银嘉信息有限公司移动应用开发,4.4,使用了一个月，外观漂亮，没有发现任何问题。,2025-07-21,智能电视
1299,66,松下 智能马桶 Elite,QL573,维涛科技有限公司网络安全,4.0,这款产品的自动升级特别好用，在日常使用时特别方便。,2025-07-21,智能马桶
356,33,飞利浦 智能加湿器 Ultra,ZU351,银嘉科技有限公司科技公司,1.5,这款产品有严重问题，操作复杂，已经申请退款。,2025-07-20,智能加湿器
384,79,格力 智能手环 Lite,FN522,新宇龙信息科技有限公司电子商务,4.1,这款智能手环质量很好，功能齐全。总体来说很满意。,2025-07-19,智能手环
565,25,三星 智能窗帘 Basic,DX151,易动力信息有限公司物联网,3.1,总体来说还行，稳定性好，就是音质一般。,2025-07-19,智能窗帘
786,77,美的 智能洗衣机 Advanced,EM821,泰麒麟信息有限公司人工智能,3.7,在早晨起床使用还不错，但在其他情况下表现一般。,2025-07-18,智能洗衣机
130,94,格力 智能体重秤 Standard,RG743,快讯信息有限公司智能科技,3.4,收到货后，这款格力 智能体重秤 Standard功能基本满足需求。在做饭时时使用体验还不错。另外缺点是反应迟钝。性价比很高。,2025-07-17,智能体重秤
519,70,博世 智能净水器 Max,AW347,鸿睿思博传媒有限公司智能科技,2.2,连接稳定性问题很严重，完全不值这个价格。,2025-07-17,智能净水器
707,100,LG 智能插座 Max,DX151,易动力信息有限公司物联网,1.1,用了一段时间，这款智能插座很失望。信号强度简直无法忍受。唯一值得称赞的可能就是送货速度快。,2025-07-17,智能插座
747,28,飞利浦 智能扫地机器人 Plus,GR729,中建创业网络有限公司移动应用开发,3.8,在看电影时使用还不错，但在其他情况下表现一般。,2025-07-17,智能扫地机器人
129,36,海尔智慧家庭 智能加湿器 Lite,II746,恩悌传媒有限公司虚拟现实,3.4,这款产品优缺点都有，安装方便，但音质一般。,2025-07-16,智能加湿器
530,71,索尼 智能冰箱 Elite,TW751,图龙信息网络有限公司云计算,2.4,这款产品有严重问题，音质一般，已经申请退款。,2025-07-16,智能冰箱
711,75,亚马逊 智能空调 Standard,QJ392,创亿网络有限公司金融科技,2.6,使用一周后出现故障，价格偏高，售后服务也不好。,2025-07-15,智能空调
967,88,格力 智能体重秤 Ultra,YZ898,通际名联科技有限公司金融科技,3.8,智能体重秤的质量还可以，音质出色，不过功能单一。,2025-07-14,智能体重秤
131,44,小米 智能空调 Elite,GR729,中建创业网络有限公司移动应用开发,2.6,散热问题问题很严重，完全不值这个价格。,2025-07-11,智能空调
301,26,亚马逊 智能扫地机器人 Mini,XO649,晖来计算机传媒有限公司云计算,4.8,使用了一个月，稳定性好，没有发现任何问题。,2025-07-11,智能扫地机器人
321,22,美的 智能电视 Basic,BN418,易动力网络有限公司移动应用开发,4.8,这是我用过的最好的智能电视之一，功能齐全，性价比很高。,2025-07-11,智能电视
341,65,西门子 智能空调 Basic,AD089,创亿网络有限公司移动应用开发,4.2,经过一段时间使用，这款西门子 智能空调 Basic功能很强大。尤其是在看电影时时表现尤为出色。这个价位能买到这样的产品已经很不错了。,2025-07-11,智能空调
66,36,海尔智慧家庭 智能加湿器 Lite,AK874,昊嘉信息有限公司区块链技术,2.4,对这款智能加湿器非常不满意，兼容性差，浪费钱。,2025-07-10,智能加湿器
94,62,华为 智能洗衣机 Ultra,GR625,明腾传媒有限公司互联网服务,2.7,试用了几天，这款华为 智能洗衣机 Ultra性价比极低。在晚上睡前时完全不能正常工作。不推荐任何人购买。,2025-07-10,智能洗衣机
327,10,美的 智能窗帘 Max,FB488,方正科技科技有限公司互联网服务,2.5,我觉得，这款美的 智能窗帘 Max不推荐购买。主要问题在于音质一般。唯一值得称赞的可能就是售后服务态度好。,2025-07-10,智能窗帘
521,98,格力 智能电视 Pro,IP471,银嘉信息有限公司移动应用开发,4.7,在多次对比之后选择了这款，这款格力 智能电视 Pro超出我的预期。如果非要说缺点的话，说明书不够详细。总体来说还是很满意的。,2025-07-10,智能电视
1164,28,飞利浦 智能扫地机器人 Plus,QU287,戴硕电子科技有限公司移动应用开发,1.8,不推荐这款智能扫地机器人，操作复杂，很失望。,2025-07-10,智能扫地机器人
606,26,亚马逊 智能扫地机器人 Mini,KM929,迪摩科技有限公司电子商务,3.2,智能扫地机器人的质量还可以，稳定性好，不过反应迟钝。,2025-07-08,智能扫地机器人
887,82,LG 智能开关 Lite,DX151,易动力信息有限公司物联网,2.8,在多次对比之后选择了这款，这款LG 智能开关 Lite不推荐购买。在做饭时时完全不能正常工作。,2025-07-08,智能开关
773,5,美的 智能电饭煲 Pro,JT617,时空盒数字信息有限公司智能科技,2.3,不推荐这款智能电饭煲，画质模糊，很失望。,2025-07-07,智能电饭煲
329,23,美的 智能净水器 Plus,CA470,南康传媒有限公司生物科技,2.9,老实讲，这款智能净水器存在明显缺陷。使用不到一周就出现了失灵。希望厂家能重视这些问题。,2025-07-06,智能净水器
491,8,松下 智能开关 Lite,TE207,新宇龙信息传媒有限公司人工智能,1.2,坦白讲，这款松下 智能开关 Lite很失望。使用不到一周就出现了失灵。,2025-07-06,智能开关
148,83,西门子 智能手环 Standard,XO649,晖来计算机传媒有限公司云计算,2.3,噪音控制问题很严重，完全不值这个价格。,2025-07-05,智能手环
187,36,海尔智慧家庭 智能加湿器 Lite,NU711,易动力科技有限公司人工智能,3.8,这款产品优缺点都有，外观漂亮，但稳定性差。,2025-07-05,智能加湿器
635,64,亚马逊 智能马桶 Standard,TB616,晖来计算机网络有限公司虚拟现实,4.2,试用了几天，这款智能马桶超出我的预期。不过节能模式功能特别实用。整体体验不错。,2025-07-05,智能马桶
1085,89,博世 智能空调 Lite,KS630,良诺信息有限公司网络安全,2.9,对这款智能空调非常不满意，安装困难，浪费钱。,2025-07-05,智能空调
1100,40,小米 智能马桶 Lite,US056,国讯网络有限公司移动应用开发,2.4,信号强度问题很严重，完全不值这个价格。,2025-07-05,智能马桶
450,60,华为 智能窗帘 Basic,DX151,易动力信息有限公司物联网,4.7,非常满意这次购买，功能齐全，送货也很快。,2025-07-04,智能窗帘
905,97,格力 智能净水器 Ultra,CA470,南康传媒有限公司生物科技,3.1,在看电影时使用还不错，但在其他情况下表现一般。,2025-07-04,智能净水器
1060,28,飞利浦 智能扫地机器人 Plus,XA075,网新恒天科技有限公司数字科技,1.9,体验下来，这款智能扫地机器人不推荐购买。在工作时时完全不能正常工作。以后不会再考虑这个品牌的产品。,2025-07-04,智能扫地机器人
739,77,美的 智能洗衣机 Advanced,EA575,襄樊地球村信息有限公司物联网,3.0,在多次对比之后选择了这款，这款美的 智能洗衣机 Advanced基本符合预期。在早晨起床时使用体验还不错。更让我满意的是使用久了会发现一些小问题。性价比很高。,2025-07-03,智能洗衣机
740,64,亚马逊 智能马桶 Standard,LU518,易动力传媒有限公司生物科技,2.9,对这款智能马桶非常不满意，兼容性差，浪费钱。,2025-07-03,智能马桶
919,46,小米 智能开关 Max,DV182,艾提科信传媒有限公司网络安全,1.4,不推荐这款智能开关，售后服务差，很失望。,2025-07-03,智能开关
1243,8,松下 智能开关 Lite,VQ233,和泰信息有限公司信息技术,3.0,这款产品优缺点都有，稳定性好，但使用说明不清。,2025-07-03,智能开关
84,15,谷歌 智能音箱 Elite,CC657,昊嘉信息有限公司信息技术,1.4,对这款智能音箱非常不满意，续航时间短，浪费钱。,2025-07-02,智能音箱
937,45,博世 智能马桶 Max,LU518,易动力传媒有限公司生物科技,2.8,不得不说，这款博世 智能马桶 Max不推荐购买。电池寿命简直无法忍受。已经申请退款了。,2025-07-02,智能马桶
202,31,三星 智能加湿器 Mini,VQ233,和泰信息有限公司信息技术,4.3,这款智能加湿器质量很好，节能环保。总体来说很满意。,2025-07-01,智能加湿器
1101,2,美的 智能插座 Standard,RG743,快讯信息有限公司智能科技,3.9,这款产品优缺点都有，稳定性好，但安装困难。,2025-07-01,智能插座
22,47,苹果 智能灯具 Basic,YZ898,通际名联科技有限公司金融科技,1.7,使用一周后出现故障，音质一般，售后服务也不好。,2025-06-30,智能灯具
359,66,松下 智能马桶 Elite,AK874,昊嘉信息有限公司区块链技术,3.7,在早晨起床使用还不错，但在其他情况下表现一般。,2025-06-29,智能马桶
430,27,小米 智能加湿器 Plus,MR129,太极信息有限公司互联网服务,1.2,我发现，这款小米 智能加湿器 Plus性价比极低。主要问题在于价格偏高。唯一值得称赞的可能就是售后服务态度好。这钱花得太冤枉了。,2025-06-29,智能加湿器
789,6,海尔智慧家庭 智能空气净化器 Basic,XA075,网新恒天科技有限公司数字科技,3.4,在晚上睡前使用还不错，但在其他情况下表现一般。,2025-06-29,智能空气净化器
226,56,华为 智能体重秤 Advanced,ZV584,维旺明科技有限公司大数据分析,1.1,使用一周后出现故障，价格偏高，售后服务也不好。,2025-06-28,智能体重秤
1046,11,小米 智能门锁 Mini,AK874,昊嘉信息有限公司区块链技术,1.7,对这款智能门锁非常不满意，画质模糊，浪费钱。,2025-06-28,智能门锁
1009,23,美的 智能净水器 Plus,HD242,富罳科技有限公司生物科技,3.8,购买后，这款美的 智能净水器 Plus性价比一般。在看电影时时使用体验还不错。更让我满意的是使用久了会发现一些小问题。性价比很高。,2025-06-25,智能净水器
669,76,松下 智能窗帘 Advanced,PJ659,超艺网络有限公司人工智能,2.2,对这款智能窗帘非常不满意，音质一般，浪费钱。,2025-06-24,智能窗帘
680,33,飞利浦 智能加湿器 Ultra,FN522,新宇龙信息科技有限公司电子商务,1.9,对这款智能加湿器非常不满意，安装困难，浪费钱。,2025-06-24,智能加湿器
1087,10,美的 智能窗帘 Max,IP471,银嘉信息有限公司移动应用开发,5.0,这款产品的一键控制特别好用，在户外活动时特别方便。,2025-06-24,智能窗帘
413,94,格力 智能体重秤 Standard,ME428,创汇网络有限公司虚拟现实,4.3,在多次对比之后选择了这款，这款智能体重秤值得推荐。令人意外的是语音识别功能特别实用。和朋友推荐的一样好用。这个价位能买到这样的产品已经很不错了。,2025-06-23,智能体重秤
58,51,苹果 智能开关 Basic,II746,恩悌传媒有限公司虚拟现实,2.1,对这款智能开关非常不满意，稳定性差，浪费钱。,2025-06-22,智能开关
1082,90,三星 智能窗帘 Standard,CA470,南康传媒有限公司生物科技,2.2,说实话，这款三星 智能窗帘 Standard不值这个价格。使用不到一周就出现了损坏。这钱花得太冤枉了。,2025-06-22,智能窗帘
1284,5,美的 智能电饭煲 Pro,PS740,国讯科技有限公司金融科技,1.4,对这款智能电饭煲非常不满意，安装困难，浪费钱。,2025-06-22,智能电饭煲
361,94,格力 智能体重秤 Standard,FC418,网新恒天网络有限公司生物科技,2.0,我觉得，这款格力 智能体重秤 Standard使用体验很差。主要问题在于功能单一。,2025-06-21,智能体重秤
85,64,亚马逊 智能马桶 Standard,RY548,易动力信息有限公司网络安全,4.0,在早晨起床时使用效果很好，特别是高清画质功能。,2025-06-20,智能马桶
210,18,美的 智能门锁 Mini,WQ849,开发区世创科技有限公司科技公司,2.1,坦白讲，这款美的 智能门锁 Mini质量太差。使用不到一周就出现了问题。这钱花得太冤枉了。,2025-06-20,智能门锁
74,51,苹果 智能开关 Basic,KM929,迪摩科技有限公司电子商务,1.3,作为一个经常使用此类产品的人，这款苹果 智能开关 Basic性价比极低。在早晨起床时完全不能正常工作。这钱花得太冤枉了。,2025-06-18,智能开关
429,67,松下 智能电饭煲 Pro,ZV584,维旺明科技有限公司大数据分析,4.5,非常满意这次购买，音质出色，送货也很快。,2025-06-16,智能电饭煲
433,4,西门子 智能电视 Pro,EK253,兰金电子科技有限公司区块链技术,1.6,不推荐这款智能电视，耗电量大，很失望。,2025-06-16,智能电视
923,88,格力 智能体重秤 Ultra,GL926,时空盒数字传媒有限公司大数据分析,4.3,个人认为，这款智能体重秤值得推荐。此外高清画质设计很贴心。如果非要说缺点的话，可能就是稳定性差。值得购买。,2025-06-16,智能体重秤
28,39,西门子 智能音箱 Mini,XO649,晖来计算机传媒有限公司云计算,1.5,试用了几天，这款西门子 智能音箱 Mini有严重问题。主要问题在于售后服务差。已经申请退款了。,2025-06-15,智能音箱
53,54,博世 智能开关 Max,NQ176,图龙信息传媒有限公司数字科技,3.7,总体来说还行，兼容性强，就是智能化程度低。,2025-06-15,智能开关
200,8,松下 智能开关 Lite,EB652,凌云信息有限公司虚拟现实,3.4,这款产品优缺点都有，安装方便，但反应迟钝。,2025-06-15,智能开关
477,63,LG 智能净水器 Basic,CC657,昊嘉信息有限公司信息技术,2.8,对这款智能净水器非常不满意，功能单一，浪费钱。,2025-06-15,智能净水器
823,38,西门子 智能冰箱 Standard,MG296,浦华众城网络有限公司信息技术,4.6,使用了一个月，质量很好，没有发现任何问题。,2025-06-15,智能冰箱
11,33,飞利浦 智能加湿器 Ultra,FJ947,浙大万朋信息有限公司生物科技,3.6,智能加湿器的质量还可以，画质清晰，不过做工一般。,2025-06-14,智能加湿器
511,21,华为 智能加湿器 Plus,FN522,新宇龙信息科技有限公司电子商务,2.1,电池寿命问题很严重，完全不值这个价格。,2025-06-14,智能加湿器
576,37,飞利浦 智能马桶 Max,GC890,创联世纪信息有限公司移动应用开发,2.9,散热问题问题很严重，完全不值这个价格。,2025-06-14,智能马桶
718,71,索尼 智能冰箱 Elite,NU711,易动力科技有限公司人工智能,4.3,这款智能冰箱质量很好，功能齐全。总体来说很满意。,2025-06-14,智能冰箱
368,84,苹果 智能扫地机器人 Pro,CZ861,合联电子科技有限公司信息技术,2.5,老实讲，这款苹果 智能扫地机器人 Pro存在明显缺陷。在做饭时时完全不能正常工作。已经申请退款了。,2025-06-13,智能扫地机器人
261,54,博世 智能开关 Max,DH200,盟新传媒有限公司大数据分析,3.2,这款产品优缺点都有，稳定性好，但操作复杂。,2025-06-12,智能开关
348,42,谷歌 智能净水器 Ultra,BP732,南康网络有限公司互联网服务,1.1,使用一周后出现故障，安装困难，售后服务也不好。,2025-06-12,智能净水器
533,69,谷歌 智能洗衣机 Elite,FB488,方正科技科技有限公司互联网服务,3.2,这款智能洗衣机一般，质量很好，但是连接稳定性有点问题。,2025-06-12,智能洗衣机
1040,46,小米 智能开关 Max,TE207,新宇龙信息传媒有限公司人工智能,3.7,这款产品优缺点都有，性价比高，但续航时间短。,2025-06-12,智能开关
550,78,三星 智能音箱 Elite,CZ861,合联电子科技有限公司信息技术,4.8,这款产品的多用户管理特别好用，在户外活动时特别方便。,2025-06-10,智能音箱
844,60,华为 智能窗帘 Basic,CA470,南康传媒有限公司生物科技,1.3,这款产品有严重问题，耗电量大，已经申请退款。,2025-06-10,智能窗帘
1096,44,小米 智能空调 Elite,YZ898,通际名联科技有限公司金融科技,2.7,从我的使用体验来看，这款小米 智能空调 Elite性价比极低。使用不到一周就出现了故障。已经申请退款了。,2025-06-09,智能空调
969,46,小米 智能开关 Max,EI532,七喜传媒有限公司人工智能,4.1,这是我用过的最好的智能开关之一，续航时间长，性价比很高。,2025-06-08,智能开关
116,2,美的 智能插座 Standard,US056,国讯网络有限公司移动应用开发,1.4,试用了几天，这款美的 智能插座 Standard不值这个价格。在做饭时时完全不能正常工作。已经申请退款了。,2025-06-07,智能插座
307,25,三星 智能窗帘 Basic,YZ898,通际名联科技有限公司金融科技,1.1,从我的使用体验来看，这款智能窗帘有严重问题。使用不到一周就出现了问题。唯一值得称赞的可能就是送货速度快。已经申请退款了。,2025-06-07,智能窗帘
67,20,谷歌 智能净水器 Basic,XO649,晖来计算机传媒有限公司云计算,2.0,对这款智能净水器非常不满意，兼容性差，浪费钱。,2025-06-06,智能净水器
408,100,LG 智能插座 Max,WB209,维涛传媒有限公司云计算,4.3,这款智能插座质量很好，节能环保。总体来说很满意。,2025-06-06,智能插座
44,48,苹果 智能门锁 Pro,AW347,鸿睿思博传媒有限公司智能科技,4.3,非常满意这次购买，兼容性强，送货也很快。,2025-06-05,智能门锁
597,79,格力 智能手环 Lite,II746,恩悌传媒有限公司虚拟现实,2.8,这款产品有严重问题，做工一般，已经申请退款。,2025-06-05,智能手环
780,90,三星 智能窗帘 Standard,DW607,银嘉网络有限公司云计算,1.7,这款产品有严重问题，续航时间短，已经申请退款。,2025-06-05,智能窗帘
1053,87,美的 智能马桶 Mini,AW347,鸿睿思博传媒有限公司智能科技,3.8,总体来说还行，质量很好，就是兼容性差。,2025-06-05,智能马桶
750,76,松下 智能窗帘 Advanced,DX151,易动力信息有限公司物联网,1.5,不推荐这款智能窗帘，智能化程度低，很失望。,2025-06-03,智能窗帘
850,96,博世 智能空调 Lite,RV310,银嘉科技有限公司云计算,2.5,信号强度问题很严重，完全不值这个价格。,2025-06-03,智能空调
1241,45,博世 智能马桶 Max,TO444,MBP软件网络有限公司移动应用开发,3.3,对比了市面上几款同类产品后，这款博世 智能马桶 Max中规中矩。优点是性价比高。最重要的是在办公环境场景下表现一般。建议慎重考虑。,2025-06-03,智能马桶
59,90,三星 智能窗帘 Standard,ZV584,维旺明科技有限公司大数据分析,3.5,总体来说还行，功能齐全，就是耗电量大。,2025-06-02,智能窗帘
208,69,谷歌 智能洗衣机 Elite,TE207,新宇龙信息传媒有限公司人工智能,3.8,智能洗衣机的质量还可以，兼容性强，不过售后服务差。,2025-06-02,智能洗衣机
610,12,格力 智能空气净化器 Standard,TW751,图龙信息网络有限公司云计算,3.5,坦白讲，这款智能空气净化器没有特别惊喜。在夏天使用时，智能学习表现不错。但是缺点是音质一般。不太推荐购买。,2025-06-01,智能空气净化器
699,68,博世 智能插座 Basic,IP471,银嘉信息有限公司移动应用开发,1.9,购买后，这款博世 智能插座 Basic使用体验很差。电池寿命简直无法忍受。,2025-05-31,智能插座
296,50,苹果 智能空气净化器 Basic,BI759,时空盒数字信息有限公司虚拟现实,3.8,说实话，这款苹果 智能空气净化器 Basic基本符合预期。优点是画质清晰。最重要的是连接稳定性有点问题。希望厂家能改进这些问题。,2025-05-30,智能空气净化器
314,26,亚马逊 智能扫地机器人 Mini,XO649,晖来计算机传媒有限公司云计算,2.0,不推荐这款智能扫地机器人，反应迟钝，很失望。,2025-05-30,智能扫地机器人
839,33,飞利浦 智能加湿器 Ultra,CS287,和泰网络有限公司电子商务,3.5,这款智能加湿器一般，操作简单，但是信号强度有点问题。,2025-05-30,智能加湿器
898,59,西门子 智能摄像头 Max,MZ379,联软传媒有限公司区块链技术,3.5,这款产品优缺点都有，节能环保，但续航时间短。,2025-05-30,智能摄像头
822,28,飞利浦 智能扫地机器人 Plus,EM821,泰麒麟信息有限公司人工智能,1.9,对这款智能扫地机器人非常不满意，反应迟钝，浪费钱。,2025-05-29,智能扫地机器人
1074,20,谷歌 智能净水器 Basic,GR729,中建创业网络有限公司移动应用开发,3.7,在多次对比之后选择了这款，这款智能净水器中规中矩。智能联动设计得比较合理。特别是散热问题有点问题。有点贵了，但质量确实好。,2025-05-29,智能净水器
1111,7,博世 智能扫地机器人 Max,IP471,银嘉信息有限公司移动应用开发,1.8,信号强度问题很严重，完全不值这个价格。,2025-05-29,智能扫地机器人
671,96,博世 智能空调 Lite,BW289,海创网络有限公司生物科技,1.6,不得不说，这款博世 智能空调 Lite不值这个价格。主要问题在于操作复杂。唯一值得称赞的可能就是售后服务态度好。这钱花得太冤枉了。,2025-05-28,智能空调
572,83,西门子 智能手环 Standard,US056,国讯网络有限公司移动应用开发,2.7,收到货后，这款智能手环完全不符合预期。信号强度简直无法忍受。,2025-05-27,智能手环
582,10,美的 智能窗帘 Max,BP732,南康网络有限公司互联网服务,1.3,使用一周后出现故障，反应迟钝，售后服务也不好。,2025-05-27,智能窗帘
738,11,小米 智能门锁 Mini,ZG109,襄樊地球村网络有限公司智能科技,1.3,老实讲，这款智能门锁性价比极低。主要问题在于耗电量大。这钱花得太冤枉了。,2025-05-27,智能门锁
1225,33,飞利浦 智能加湿器 Ultra,MA264,时刻网络有限公司信息技术,3.2,经过一段时间使用，这款飞利浦 智能加湿器 Ultra优缺点都有。第一天使用时，智能学习表现不错。最重要的是在办公环境场景下表现一般。推荐给有需要的朋友。,2025-05-27,智能加湿器
790,5,美的 智能电饭煲 Pro,WQ849,开发区世创科技有限公司科技公司,1.2,这款产品有严重问题，音质一般，已经申请退款。,2025-05-26,智能电饭煲
385,31,三星 智能加湿器 Mini,OA831,华泰通安科技有限公司网络安全,3.2,总体来说还行，续航时间长，就是智能化程度低。,2025-05-25,智能加湿器
527,36,海尔智慧家庭 智能加湿器 Lite,FN522,新宇龙信息科技有限公司电子商务,4.4,这款智能加湿器质量很好，性价比高。总体来说很满意。,2025-05-25,智能加湿器
122,25,三星 智能窗帘 Basic,EM821,泰麒麟信息有限公司人工智能,2.3,对比了市面上几款同类产品后，这款三星 智能窗帘 Basic不值这个价格。在早晨起床时完全不能正常工作。唯一值得称赞的可能就是价格便宜。,2025-05-24,智能窗帘
501,77,美的 智能洗衣机 Advanced,DX151,易动力信息有限公司物联网,2.3,不推荐这款智能洗衣机，使用说明不清，很失望。,2025-05-23,智能洗衣机
1198,70,博世 智能净水器 Max,GR729,中建创业网络有限公司移动应用开发,3.2,作为第一次购买这类产品的新手，这款博世 智能净水器 Max中规中矩。长期使用下来，语音识别表现不错。最重要的是连接稳定性有点问题。便宜没好货，这句话在这里很适用。,2025-05-23,智能净水器
1302,63,LG 智能净水器 Basic,MJ814,毕博诚科技有限公司互联网服务,2.7,不推荐这款智能净水器，使用说明不清，很失望。,2025-05-21,智能净水器
613,62,华为 智能洗衣机 Ultra,XA254,易动力信息有限公司物联网,1.2,不推荐这款智能洗衣机，音质一般，很失望。,2025-05-21,智能洗衣机
333,5,美的 智能电饭煲 Pro,XW046,鑫博腾飞信息有限公司智能科技,3.6,智能电饭煲的质量还可以，做工精细，不过音质一般。,2025-05-20,智能电饭煲
591,44,小米 智能空调 Elite,YZ898,通际名联科技有限公司金融科技,1.5,对这款智能空调非常不满意，安装困难，浪费钱。,2025-05-20,智能空调
1126,2,美的 智能插座 Standard,XN875,天开传媒有限公司网络安全,1.7,噪音控制问题很严重，完全不值这个价格。,2025-05-20,智能插座
1304,69,谷歌 智能洗衣机 Elite,AK874,昊嘉信息有限公司区块链技术,4.4,收到货后，这款智能洗衣机做工精细。让我惊喜的是定时功能是我最喜欢的部分。总体来说还是很满意的。,2025-05-20,智能洗衣机
1293,79,格力 智能手环 Lite,DV182,艾提科信传媒有限公司网络安全,4.5,必须承认，这款智能手环品质很好。同时在晚上睡前时表现尤为出色。比同事使用的同款要好。如果非要说缺点的话，说明书不够详细。整体体验不错。,2025-05-19,智能手环
616,32,亚马逊 智能马桶 Elite,WW556,商软冠联网络有限公司信息技术,3.9,这款智能马桶一般，稳定性好，但是连接稳定性有点问题。,2025-05-19,智能马桶
1303,6,海尔智慧家庭 智能空气净化器 Basic,FB488,方正科技科技有限公司互联网服务,2.0,不推荐这款智能空气净化器，兼容性差，很失望。,2025-05-18,智能空气净化器
262,2,美的 智能插座 Standard,HD242,富罳科技有限公司生物科技,1.4,使用后感觉，这款智能插座存在明显缺陷。在做饭时时完全不能正常工作。已经申请退款了。,2025-05-17,智能插座
1098,2,美的 智能插座 Standard,RG743,快讯信息有限公司智能科技,3.4,智能插座的质量还可以，功能齐全，不过操作复杂。,2025-05-17,智能插座
204,32,亚马逊 智能马桶 Elite,UY980,兰金电子传媒有限公司生物科技,1.6,对这款智能马桶非常不满意，反应迟钝，浪费钱。,2025-05-16,智能马桶
624,99,三星 智能音箱 Basic,RY548,易动力信息有限公司网络安全,3.0,这款产品优缺点都有，做工精细，但使用说明不清。,2025-05-14,智能音箱
350,88,格力 智能体重秤 Ultra,DH200,盟新传媒有限公司大数据分析,3.9,在工作时使用还不错，但在其他情况下表现一般。,2025-05-12,智能体重秤
1064,11,小米 智能门锁 Mini,CC657,昊嘉信息有限公司信息技术,2.3,不推荐这款智能门锁，音质一般，很失望。,2025-05-12,智能门锁
221,16,小米 智能电饭煲 Ultra,GC890,创联世纪信息有限公司移动应用开发,3.4,从我的使用体验来看，这款智能电饭煲质量还行。在晚上睡前时使用体验还不错。更让我满意的是缺点是音质一般。期待下一代产品能有所改进。,2025-05-11,智能电饭煲
223,92,西门子 智能摄像头 Plus,VQ233,和泰信息有限公司信息技术,1.9,不推荐这款智能摄像头，稳定性差，很失望。,2025-05-11,智能摄像头
1107,92,西门子 智能摄像头 Plus,LU518,易动力传媒有限公司生物科技,2.3,从我的使用体验来看，这款智能摄像头性价比极低。使用不到一周就出现了损坏。,2025-05-11,智能摄像头
391,49,松下 智能加湿器 Pro,MG296,浦华众城网络有限公司信息技术,2.9,对比了市面上几款同类产品后，这款智能加湿器有严重问题。主要问题在于做工一般。唯一值得称赞的可能就是外观设计还不错。不推荐任何人购买。,2025-05-10,智能加湿器
1298,24,西门子 智能电视 Pro,BI759,时空盒数字信息有限公司虚拟现实,3.6,总体来说还行，操作简单，就是使用说明不清。,2025-05-10,智能电视
1311,29,博世 智能空气净化器 Lite,WN094,菊风公司传媒有限公司数字科技,1.3,对这款智能空气净化器非常不满意，音质一般，浪费钱。,2025-05-09,智能空气净化器
820,31,三星 智能加湿器 Mini,PE529,易动力网络有限公司信息技术,2.6,电池寿命问题很严重，完全不值这个价格。,2025-05-09,智能加湿器
468,55,飞利浦 智能手环 Max,EA575,襄樊地球村信息有限公司物联网,1.7,不推荐这款智能手环，画质模糊，很失望。,2025-05-08,智能手环
543,65,西门子 智能空调 Basic,YR398,浦华众城信息有限公司虚拟现实,3.2,购买后，这款西门子 智能空调 Basic质量还行。优点是反应灵敏。不仅如此在办公环境场景下表现一般。性价比很高。,2025-05-08,智能空调
42,81,亚马逊 智能门锁 Max,ZV584,维旺明科技有限公司大数据分析,4.8,说实话，这款智能门锁真的很不错。最让我失望的是智能场景是我最喜欢的部分。在同价位产品中表现最好。不太推荐购买。,2025-05-07,智能门锁
174,98,格力 智能电视 Pro,QL573,维涛科技有限公司网络安全,3.1,这款产品优缺点都有，性价比高，但价格偏高。,2025-05-07,智能电视
362,94,格力 智能体重秤 Standard,CZ861,合联电子科技有限公司信息技术,3.7,坦白讲，这款智能体重秤总体来说还可以。在工作时时使用体验还不错。更让我满意的是散热问题有点问题。不太推荐购买。,2025-05-07,智能体重秤
559,73,飞利浦 智能扫地机器人 Ultra,RV310,银嘉科技有限公司云计算,1.4,不推荐这款智能扫地机器人，稳定性差，很失望。,2025-05-06,智能扫地机器人
622,2,美的 智能插座 Standard,NQ176,图龙信息传媒有限公司数字科技,4.8,这款智能插座质量很好，画质清晰。总体来说很满意。,2025-05-06,智能插座
558,41,索尼 智能空气净化器 Ultra,WY218,飞海科技传媒有限公司信息技术,4.7,坦白讲，这款智能空气净化器真的很不错。此外智能联动设计很贴心。没有网上评价说的那么好。总体来说还是很满意的。,2025-05-05,智能空气净化器
644,21,华为 智能加湿器 Plus,HD242,富罳科技有限公司生物科技,4.8,在看电影时时使用效果很好，特别是高清画质功能。,2025-05-05,智能加湿器
886,76,松下 智能窗帘 Advanced,EA575,襄樊地球村信息有限公司物联网,2.9,在多次对比之后选择了这款，这款智能窗帘很失望。使用不到一周就出现了异常。这钱花得太冤枉了。,2025-05-05,智能窗帘
279,33,飞利浦 智能加湿器 Ultra,ZF801,易动力科技有限公司科技公司,3.8,在晚上睡前使用还不错，但在其他情况下表现一般。,2025-05-04,智能加湿器
755,39,西门子 智能音箱 Mini,XO649,晖来计算机传媒有限公司云计算,2.7,作为第一次购买这类产品的新手，这款智能音箱使用体验很差。主要问题在于画质模糊。唯一值得称赞的可能就是外观设计还不错。已经申请退款了。,2025-05-04,智能音箱
79,47,苹果 智能灯具 Basic,IP471,银嘉信息有限公司移动应用开发,2.7,试用了几天，这款苹果 智能灯具 Basic很失望。散热问题简直无法忍受。以后不会再考虑这个品牌的产品。,2025-05-03,智能灯具
377,30,小米 智能开关 Ultra,MR129,太极信息有限公司互联网服务,4.4,这是我用过的最好的智能开关之一，兼容性强，性价比很高。,2025-05-03,智能开关
630,88,格力 智能体重秤 Ultra,GR729,中建创业网络有限公司移动应用开发,2.5,对这款智能体重秤非常不满意，耗电量大，浪费钱。,2025-05-03,智能体重秤
668,19,海尔智慧家庭 智能开关 Plus,KM929,迪摩科技有限公司电子商务,2.4,坦白讲，这款智能开关有严重问题。散热问题简直无法忍受。已经申请退款了。,2025-05-03,智能开关
871,96,博世 智能空调 Lite,BN418,易动力网络有限公司移动应用开发,3.1,总体来说还行，功能齐全，就是智能化程度低。,2025-05-03,智能空调
997,50,苹果 智能空气净化器 Basic,VH856,鑫博腾飞科技有限公司电子商务,2.6,在多次对比之后选择了这款，这款智能空气净化器存在明显缺陷。噪音控制简直无法忍受。希望厂家能重视这些问题。,2025-05-03,智能空气净化器
1271,8,松下 智能开关 Lite,RY572,中建创业信息有限公司虚拟现实,1.0,个人认为，这款智能开关功能实现得很糟糕。使用不到一周就出现了问题。唯一值得称赞的可能就是外观设计还不错。以后不会再考虑这个品牌的产品。,2025-05-03,智能开关
260,21,华为 智能加湿器 Plus,CZ861,合联电子科技有限公司信息技术,4.7,非常满意这次购买，做工精细，送货也很快。,2025-05-02,智能加湿器
136,19,海尔智慧家庭 智能开关 Plus,DW607,银嘉网络有限公司云计算,4.6,这款产品的一键控制特别好用，在夜间使用时特别方便。,2025-04-29,智能开关
205,75,亚马逊 智能空调 Standard,QJ392,创亿网络有限公司金融科技,3.3,总体来说还行，安装方便，就是兼容性差。,2025-04-29,智能空调
1288,96,博世 智能空调 Lite,NU711,易动力科技有限公司人工智能,5.0,非常满意这次购买，智能化程度高，送货也很快。,2025-04-28,智能空调
178,87,美的 智能马桶 Mini,PJ659,超艺网络有限公司人工智能,3.4,体验下来，这款美的 智能马桶 Mini没有特别惊喜。智能联动设计得比较合理。令人意外的是缺点是画质模糊。性价比很高。,2025-04-26,智能马桶
547,99,三星 智能音箱 Basic,RY548,易动力信息有限公司网络安全,4.3,在工作时时使用效果很好，特别是静音设计功能。,2025-04-26,智能音箱
722,74,松下 智能窗帘 Lite,HD242,富罳科技有限公司生物科技,4.4,这款智能窗帘质量很好，智能化程度高。总体来说很满意。,2025-04-26,智能窗帘
1182,63,LG 智能净水器 Basic,CM245,万迅电脑信息有限公司科技公司,4.4,在看电影时时使用效果很好，特别是智能联动功能。,2025-04-26,智能净水器
675,65,西门子 智能空调 Basic,VQ233,和泰信息有限公司信息技术,1.2,在多次对比之后选择了这款，这款西门子 智能空调 Basic有严重问题。使用不到一周就出现了问题。唯一值得称赞的可能就是包装很精美。以后不会再考虑这个品牌的产品。,2025-04-24,智能空调
1066,1,亚马逊 智能电饭煲 Advanced,MA264,时刻网络有限公司信息技术,3.5,在看电影时使用还不错，但在其他情况下表现一般。,2025-04-24,智能电饭煲
1179,82,LG 智能开关 Lite,PJ659,超艺网络有限公司人工智能,3.5,这款智能开关一般，画质清晰，但是连接稳定性有点问题。,2025-04-24,智能开关
487,32,亚马逊 智能马桶 Elite,CA470,南康传媒有限公司生物科技,1.2,连接稳定性问题很严重，完全不值这个价格。,2025-04-23,智能马桶
1296,75,亚马逊 智能空调 Standard,ZO854,MBP软件科技有限公司信息技术,1.8,使用一周后出现故障，功能单一，售后服务也不好。,2025-04-23,智能空调
1262,7,博世 智能扫地机器人 Max,PJ659,超艺网络有限公司人工智能,4.5,这款产品的智能场景特别好用，在户外活动时特别方便。,2025-04-22,智能扫地机器人
1069,56,华为 智能体重秤 Advanced,BW289,海创网络有限公司生物科技,4.6,智能体重秤的设计很人性化，节能环保，值得推荐。,2025-04-22,智能体重秤
218,32,亚马逊 智能马桶 Elite,VQ233,和泰信息有限公司信息技术,3.7,这款智能马桶一般，音质出色，但是噪音控制有点问题。,2025-04-21,智能马桶
400,51,苹果 智能开关 Basic,VZ702,精芯网络有限公司互联网服务,2.7,对这款智能开关非常不满意，安装困难，浪费钱。,2025-04-20,智能开关
934,52,小米 智能插座 Max,FA862,方正科技网络有限公司云计算,1.4,个人认为，这款智能插座完全不符合预期。使用不到一周就出现了异常。希望厂家能重视这些问题。,2025-04-20,智能插座
1308,5,美的 智能电饭煲 Pro,LU518,易动力传媒有限公司生物科技,4.7,这是我用过的最好的智能电饭煲之一，外观漂亮，性价比很高。,2025-04-19,智能电饭煲
872,48,苹果 智能门锁 Pro,QT258,商软冠联传媒有限公司大数据分析,3.7,智能门锁的质量还可以，做工精细，不过售后服务差。,2025-04-18,智能门锁
1115,15,谷歌 智能音箱 Elite,LU518,易动力传媒有限公司生物科技,3.3,我发现，这款谷歌 智能音箱 Elite质量还行。在晚上使用时，节能模式表现不错。最让我失望的是噪音控制有点问题。有点贵了，但质量确实好。,2025-04-18,智能音箱
410,38,西门子 智能冰箱 Standard,DV182,艾提科信传媒有限公司网络安全,4.2,在做饭时时使用效果很好，特别是静音设计功能。,2025-04-17,智能冰箱
1076,30,小米 智能开关 Ultra,ZF061,维旺明信息有限公司人工智能,1.3,不推荐这款智能开关，续航时间短，很失望。,2025-04-17,智能开关
1226,40,小米 智能马桶 Lite,DH200,盟新传媒有限公司大数据分析,4.4,这是我用过的最好的智能马桶之一，操作简单，性价比很高。,2025-04-17,智能马桶
165,38,西门子 智能冰箱 Standard,AK874,昊嘉信息有限公司区块链技术,1.6,连接稳定性问题很严重，完全不值这个价格。,2025-04-15,智能冰箱
397,77,美的 智能洗衣机 Advanced,PS740,国讯科技有限公司金融科技,2.6,使用一周后出现故障，音质一般，售后服务也不好。,2025-04-15,智能洗衣机
931,81,亚马逊 智能门锁 Max,XA075,网新恒天科技有限公司数字科技,2.0,对这款智能门锁非常不满意，续航时间短，浪费钱。,2025-04-15,智能门锁
33,63,LG 智能净水器 Basic,TW751,图龙信息网络有限公司云计算,2.1,这款产品有严重问题，安装困难，已经申请退款。,2025-04-13,智能净水器
280,79,格力 智能手环 Lite,DV182,艾提科信传媒有限公司网络安全,3.2,总体来说还行，兼容性强，就是续航时间短。,2025-04-13,智能手环
795,27,小米 智能加湿器 Plus,FC418,网新恒天网络有限公司生物科技,1.3,不推荐这款智能加湿器，售后服务差，很失望。,2025-04-12,智能加湿器
1280,47,苹果 智能灯具 Basic,LU518,易动力传媒有限公司生物科技,1.7,这款产品有严重问题，耗电量大，已经申请退款。,2025-04-12,智能灯具
989,31,三星 智能加湿器 Mini,BI759,时空盒数字信息有限公司虚拟现实,4.4,智能加湿器的设计很人性化，外观漂亮，值得推荐。,2025-04-11,智能加湿器
1118,5,美的 智能电饭煲 Pro,ZF801,易动力科技有限公司科技公司,3.1,智能电饭煲的质量还可以，安装方便，不过智能化程度低。,2025-04-10,智能电饭煲
1110,15,谷歌 智能音箱 Elite,TE207,新宇龙信息传媒有限公司人工智能,2.5,对这款智能音箱非常不满意，操作复杂，浪费钱。,2025-04-09,智能音箱
402,2,美的 智能插座 Standard,DX151,易动力信息有限公司物联网,4.5,这款智能插座质量很好，反应灵敏。总体来说很满意。,2025-04-08,智能插座
209,9,亚马逊 智能插座 Pro,PE529,易动力网络有限公司信息技术,2.5,对这款智能插座非常不满意，智能化程度低，浪费钱。,2025-04-07,智能插座
598,46,小米 智能开关 Max,TE207,新宇龙信息传媒有限公司人工智能,1.9,散热问题问题很严重，完全不值这个价格。,2025-04-07,智能开关
712,93,索尼 智能加湿器 Pro,NU012,商软冠联传媒有限公司智能科技,2.5,不推荐这款智能加湿器，安装困难，很失望。,2025-04-07,智能加湿器
761,19,海尔智慧家庭 智能开关 Plus,QI779,合联电子科技有限公司网络安全,4.8,体验下来，这款智能开关真的很不错。另外自动调节功能特别实用。如果非要说缺点的话，信号强度还有提升空间。希望厂家能改进这些问题。,2025-04-07,智能开关
868,64,亚马逊 智能马桶 Standard,GC846,明腾科技有限公司区块链技术,4.0,作为第一次购买这类产品的新手，这款智能马桶功能很强大。最重要的是自动调节功能特别实用。期待下一代产品能有所改进。,2025-04-07,智能马桶
109,45,博世 智能马桶 Max,AU710,巨奥传媒有限公司信息技术,1.6,试用了几天，这款博世 智能马桶 Max性价比极低。在晚上睡前时完全不能正常工作。以后不会再考虑这个品牌的产品。,2025-04-06,智能马桶
135,52,小米 智能插座 Max,KS630,良诺信息有限公司网络安全,4.3,这款智能插座的智能学习功能很实用，智能化程度高。,2025-04-06,智能插座
771,11,小米 智能门锁 Mini,CM245,万迅电脑信息有限公司科技公司,3.3,总体来说还行，稳定性好，就是智能化程度低。,2025-04-04,智能门锁
1135,35,亚马逊 智能门铃 Max,WB209,维涛传媒有限公司云计算,2.6,不推荐这款智能门铃，续航时间短，很失望。,2025-04-03,智能门铃
63,96,博世 智能空调 Lite,EA575,襄樊地球村信息有限公司物联网,4.0,在晚上睡前时使用效果很好，特别是省电模式功能。,2025-04-02,智能空调
264,66,松下 智能马桶 Elite,CM245,万迅电脑信息有限公司科技公司,3.5,智能马桶的质量还可以，性价比高，不过安装困难。,2025-04-02,智能马桶
720,47,苹果 智能灯具 Basic,DV182,艾提科信传媒有限公司网络安全,2.8,不推荐这款智能灯具，安装困难，很失望。,2025-04-02,智能灯具
733,32,亚马逊 智能马桶 Elite,DH200,盟新传媒有限公司大数据分析,4.8,非常满意这次购买，音质出色，送货也很快。,2025-04-02,智能马桶
1131,84,苹果 智能扫地机器人 Pro,ZF801,易动力科技有限公司科技公司,4.4,在早晨起床时使用效果很好，特别是智能联动功能。,2025-04-01,智能扫地机器人
1185,10,美的 智能窗帘 Max,NU012,商软冠联传媒有限公司智能科技,4.3,非常满意这次购买，操作简单，送货也很快。,2025-03-31,智能窗帘
1272,14,格力 智能净水器 Mini,PC764,恒聪百汇传媒有限公司虚拟现实,3.0,这款智能净水器一般，兼容性强，但是噪音控制有点问题。,2025-03-31,智能净水器
151,91,亚马逊 智能音箱 Basic,XO649,晖来计算机传媒有限公司云计算,3.8,在早晨起床使用还不错，但在其他情况下表现一般。,2025-03-30,智能音箱
195,60,华为 智能窗帘 Basic,CA470,南康传媒有限公司生物科技,2.0,使用一周后出现故障，操作复杂，售后服务也不好。,2025-03-29,智能窗帘
242,74,松下 智能窗帘 Lite,FC418,网新恒天网络有限公司生物科技,4.8,在工作时时使用效果很好，特别是省电模式功能。,2025-03-29,智能窗帘
293,8,松下 智能开关 Lite,RG743,快讯信息有限公司智能科技,4.6,说实话，这款松下 智能开关 Lite真的很不错。最重要的是特别适合夜间使用。可以考虑其他品牌的同类产品。,2025-03-29,智能开关
380,48,苹果 智能门锁 Pro,AY876,精芯传媒有限公司物联网,4.5,在晚上睡前时使用效果很好，特别是高清画质功能。,2025-03-29,智能门锁
415,101,三星 智能摄像头 Mini,JT617,时空盒数字信息有限公司智能科技,3.9,这款产品优缺点都有，智能化程度高，但售后服务差。,2025-03-27,智能摄像头
528,101,三星 智能摄像头 Mini,XW046,鑫博腾飞信息有限公司智能科技,4.0,从我的使用体验来看，这款智能摄像头性价比很高。和描述的有些差距。对得起这个价格。,2025-03-27,智能摄像头
1263,32,亚马逊 智能马桶 Elite,WN094,菊风公司传媒有限公司数字科技,1.3,用了一段时间，这款亚马逊 智能马桶 Elite很失望。使用不到一周就出现了失灵。以后不会再考虑这个品牌的产品。,2025-03-26,智能马桶
977,66,松下 智能马桶 Elite,GC846,明腾科技有限公司区块链技术,1.2,对这款智能马桶非常不满意，稳定性差，浪费钱。,2025-03-25,智能马桶
539,85,博世 智能马桶 Basic,GJ116,良诺信息有限公司生物科技,1.5,这款产品有严重问题，功能单一，已经申请退款。,2025-03-24,智能马桶
846,30,小米 智能开关 Ultra,KM929,迪摩科技有限公司电子商务,1.3,收到货后，这款小米 智能开关 Ultra性价比极低。使用不到一周就出现了失灵。希望厂家能重视这些问题。,2025-03-24,智能开关
1219,54,博世 智能开关 Max,QU287,戴硕电子科技有限公司移动应用开发,1.6,使用一周后出现故障，音质一般，售后服务也不好。,2025-03-24,智能开关
318,81,亚马逊 智能门锁 Max,DH200,盟新传媒有限公司大数据分析,4.8,这款产品的智能场景特别好用，在夜间使用时特别方便。,2025-03-23,智能门锁
1181,13,三星 智能电饭煲 Max,EK253,兰金电子科技有限公司区块链技术,2.5,这款产品有严重问题，价格偏高，已经申请退款。,2025-03-21,智能电饭煲
588,93,索尼 智能加湿器 Pro,WB209,维涛传媒有限公司云计算,2.2,不推荐这款智能加湿器，反应迟钝，很失望。,2025-03-20,智能加湿器
888,84,苹果 智能扫地机器人 Pro,KM929,迪摩科技有限公司电子商务,3.2,智能扫地机器人的质量还可以，性价比高，不过音质一般。,2025-03-20,智能扫地机器人
358,54,博世 智能开关 Max,WB890,鑫博腾飞网络有限公司金融科技,3.0,智能开关的质量还可以，节能环保，不过反应迟钝。,2025-03-19,智能开关
764,51,苹果 智能开关 Basic,PC764,恒聪百汇传媒有限公司虚拟现实,1.3,用了一段时间，这款智能开关完全不符合预期。连接稳定性简直无法忍受。唯一值得称赞的可能就是价格便宜。以后不会再考虑这个品牌的产品。,2025-03-18,智能开关
570,80,LG 智能音箱 Lite,PE529,易动力网络有限公司信息技术,1.1,不推荐这款智能音箱，售后服务差，很失望。,2025-03-14,智能音箱
103,81,亚马逊 智能门锁 Max,FB488,方正科技科技有限公司互联网服务,2.6,这款产品有严重问题，耗电量大，已经申请退款。,2025-03-12,智能门锁
124,96,博世 智能空调 Lite,FJ947,浙大万朋信息有限公司生物科技,3.8,总体来说还行，智能化程度高，就是智能化程度低。,2025-03-12,智能空调
158,43,华为 智能电视 Max,ZU351,银嘉科技有限公司科技公司,3.3,不得不说，这款华为 智能电视 Max质量还行。优点是功能齐全。遗憾的是信号强度有点问题。对得起这个价格。,2025-03-12,智能电视
719,7,博世 智能扫地机器人 Max,HD242,富罳科技有限公司生物科技,3.7,这款智能扫地机器人一般，操作简单，但是散热问题有点问题。,2025-03-11,智能扫地机器人
1012,64,亚马逊 智能马桶 Standard,PE529,易动力网络有限公司信息技术,2.9,对这款智能马桶非常不满意，价格偏高，浪费钱。,2025-03-11,智能马桶
1222,97,格力 智能净水器 Ultra,GR729,中建创业网络有限公司移动应用开发,4.9,这是我用过的最好的智能净水器之一，节能环保，性价比很高。,2025-03-11,智能净水器
695,23,美的 智能净水器 Plus,AU710,巨奥传媒有限公司信息技术,5.0,对比了市面上几款同类产品后，这款美的 智能净水器 Plus设计很人性化。并且节能模式功能特别实用。如果非要说缺点的话，配件可以再多一些。便宜没好货，这句话在这里很适用。,2025-03-10,智能净水器
1274,10,美的 智能窗帘 Max,BW289,海创网络有限公司生物科技,4.2,购买后，这款美的 智能窗帘 Max性价比很高。另外特别适合夜间使用。性价比很高。,2025-03-09,智能窗帘
81,59,西门子 智能摄像头 Max,CZ861,合联电子科技有限公司信息技术,3.5,体验下来，这款智能摄像头功能基本满足需求。在办公室使用时，远程控制表现不错。此外连接稳定性有点问题。可以考虑其他品牌的同类产品。,2025-03-08,智能摄像头
137,44,小米 智能空调 Elite,KS630,良诺信息有限公司网络安全,3.6,经过一段时间使用，这款小米 智能空调 Elite基本符合预期。快速启动设计得比较合理。最让我失望的是使用久了会发现一些小问题。不太推荐购买。,2025-03-08,智能空调
1039,1,亚马逊 智能电饭煲 Advanced,QT258,商软冠联传媒有限公司大数据分析,1.4,对这款智能电饭煲非常不满意，画质模糊，浪费钱。,2025-03-08,智能电饭煲
911,7,博世 智能扫地机器人 Max,XA254,易动力信息有限公司物联网,1.3,不推荐这款智能扫地机器人，售后服务差，很失望。,2025-03-07,智能扫地机器人
1307,59,西门子 智能摄像头 Max,XA075,网新恒天科技有限公司数字科技,2.1,坦白讲，这款智能摄像头性价比极低。噪音控制简直无法忍受。唯一值得称赞的可能就是包装很精美。,2025-03-07,智能摄像头
729,44,小米 智能空调 Elite,VZ702,精芯网络有限公司互联网服务,3.0,智能空调的质量还可以，音质出色，不过使用说明不清。,2025-03-06,智能空调
236,77,美的 智能洗衣机 Advanced,RY548,易动力信息有限公司网络安全,3.9,总体来说还行，质量很好，就是续航时间短。,2025-03-05,智能洗衣机
363,88,格力 智能体重秤 Ultra,UY980,兰金电子传媒有限公司生物科技,2.4,作为一个经常使用此类产品的人，这款智能体重秤不值这个价格。使用不到一周就出现了失灵。希望厂家能重视这些问题。,2025-03-04,智能体重秤
1218,10,美的 智能窗帘 Max,YR398,浦华众城信息有限公司虚拟现实,3.9,这款产品优缺点都有，性价比高，但反应迟钝。,2025-03-04,智能窗帘
1176,79,格力 智能手环 Lite,QI779,合联电子科技有限公司网络安全,4.8,在晚上睡前时使用效果很好，特别是高清画质功能。,2025-03-03,智能手环
706,44,小米 智能空调 Elite,QU287,戴硕电子科技有限公司移动应用开发,4.2,使用后感觉，这款智能空调设计很人性化。而且自动升级是我最喜欢的部分。如果非要说缺点的话，说明书不够详细。推荐给有需要的朋友。,2025-03-01,智能空调
1265,16,小米 智能电饭煲 Ultra,VC531,九方传媒有限公司生物科技,3.7,从我的使用体验来看，这款智能电饭煲基本符合预期。在家里使用时，智能学习表现不错。遗憾的是电池寿命有点问题。值得购买。,2025-03-01,智能电饭煲
141,96,博世 智能空调 Lite,GL926,时空盒数字传媒有限公司大数据分析,2.0,这款产品有严重问题，做工一般，已经申请退款。,2025-02-28,智能空调
370,9,亚马逊 智能插座 Pro,FB488,方正科技科技有限公司互联网服务,4.6,这款智能插座的智能学习功能很实用，反应灵敏。,2025-02-28,智能插座
589,44,小米 智能空调 Elite,BW289,海创网络有限公司生物科技,1.1,使用一周后出现故障，智能化程度低，售后服务也不好。,2025-02-28,智能空调
756,52,小米 智能插座 Max,GC846,明腾科技有限公司区块链技术,2.8,这款产品有严重问题，音质一般，已经申请退款。,2025-02-28,智能插座
207,62,华为 智能洗衣机 Ultra,NU711,易动力科技有限公司人工智能,3.0,作为一个经常使用此类产品的人，这款华为 智能洗衣机 Ultra一般般。在工作时时使用体验还不错。让我惊喜的是在办公环境场景下表现一般。推荐给有需要的朋友。,2025-02-27,智能洗衣机
344,76,松下 智能窗帘 Advanced,CC657,昊嘉信息有限公司信息技术,2.5,使用一周后出现故障，售后服务差，售后服务也不好。,2025-02-27,智能窗帘
775,59,西门子 智能摄像头 Max,ZF061,维旺明信息有限公司人工智能,3.5,经过一段时间使用，这款智能摄像头质量还行。在夏天使用时，自动调节表现不错。此外在夜间使用场景下表现一般。性价比很高。,2025-02-27,智能摄像头
43,49,松下 智能加湿器 Pro,MA264,时刻网络有限公司信息技术,3.7,智能加湿器的质量还可以，做工精细，不过音质一般。,2025-02-26,智能加湿器
276,72,西门子 智能洗衣机 Pro,OA831,华泰通安科技有限公司网络安全,1.1,必须承认，这款西门子 智能洗衣机 Pro完全不符合预期。主要问题在于做工一般。已经申请退款了。,2025-02-25,智能洗衣机
1217,15,谷歌 智能音箱 Elite,NQ176,图龙信息传媒有限公司数字科技,1.4,不推荐这款智能音箱，智能化程度低，很失望。,2025-02-25,智能音箱
1215,92,西门子 智能摄像头 Plus,OA831,华泰通安科技有限公司网络安全,3.1,总体来说还行，性价比高，就是价格偏高。,2025-02-24,智能摄像头
1108,76,松下 智能窗帘 Advanced,II746,恩悌传媒有限公司虚拟现实,3.3,在做饭时使用还不错，但在其他情况下表现一般。,2025-02-24,智能窗帘
96,82,LG 智能开关 Lite,DV182,艾提科信传媒有限公司网络安全,2.4,电池寿命问题很严重，完全不值这个价格。,2025-02-22,智能开关
367,79,格力 智能手环 Lite,FN522,新宇龙信息科技有限公司电子商务,2.1,对这款智能手环非常不满意，做工一般，浪费钱。,2025-02-22,智能手环
791,63,LG 智能净水器 Basic,EM821,泰麒麟信息有限公司人工智能,3.4,在多次对比之后选择了这款，这款LG 智能净水器 Basic中规中矩。在做饭时时使用体验还不错。而且使用久了会发现一些小问题。便宜没好货，这句话在这里很适用。,2025-02-22,智能净水器
458,9,亚马逊 智能插座 Pro,VC531,九方传媒有限公司生物科技,2.1,使用一周后出现故障，使用说明不清，售后服务也不好。,2025-02-21,智能插座
574,42,谷歌 智能净水器 Ultra,LU518,易动力传媒有限公司生物科技,3.7,试用了几天，这款智能净水器总体来说还可以。高清画质设计得比较合理。除此之外噪音控制有点问题。对得起这个价格。,2025-02-21,智能净水器
581,65,西门子 智能空调 Basic,EU335,济南亿次元网络有限公司科技公司,1.9,对这款智能空调非常不满意，智能化程度低，浪费钱。,2025-02-21,智能空调
267,45,博世 智能马桶 Max,BF338,天开网络有限公司金融科技,3.0,使用后感觉，这款智能马桶性价比一般。优点是智能化程度高。尤其是缺点是操作复杂。总体来说还是很满意的。,2025-02-20,智能马桶
507,51,苹果 智能开关 Basic,GC846,明腾科技有限公司区块链技术,3.8,我觉得，这款智能开关质量还行。在工作时时使用体验还不错。最让我失望的是在夜间使用场景下表现一般。可以考虑其他品牌的同类产品。,2025-02-20,智能开关
892,30,小米 智能开关 Ultra,US056,国讯网络有限公司移动应用开发,2.6,这款产品有严重问题，安装困难，已经申请退款。,2025-02-20,智能开关
1234,84,苹果 智能扫地机器人 Pro,RY572,中建创业信息有限公司虚拟现实,4.9,这款智能扫地机器人的远程控制功能很实用，兼容性强。,2025-02-20,智能扫地机器人
17,25,三星 智能窗帘 Basic,VQ233,和泰信息有限公司信息技术,1.0,对这款智能窗帘非常不满意，售后服务差，浪费钱。,2025-02-19,智能窗帘
818,38,西门子 智能冰箱 Standard,AW347,鸿睿思博传媒有限公司智能科技,4.9,这款产品的智能场景特别好用，在家庭聚会时特别方便。,2025-02-19,智能冰箱
979,66,松下 智能马桶 Elite,TO444,MBP软件网络有限公司移动应用开发,3.8,总体来说还行，外观漂亮，就是续航时间短。,2025-02-19,智能马桶
1057,70,博世 智能净水器 Max,QI779,合联电子科技有限公司网络安全,2.9,不推荐这款智能净水器，售后服务差，很失望。,2025-02-19,智能净水器
485,83,西门子 智能手环 Standard,QT258,商软冠联传媒有限公司大数据分析,3.5,作为一个经常使用此类产品的人，这款西门子 智能手环 Standard没有特别惊喜。在做饭时时使用体验还不错。此外使用久了会发现一些小问题。价格虽高，但物有所值。,2025-02-18,智能手环
876,57,博世 智能净水器 Plus,EI532,七喜传媒有限公司人工智能,1.3,用了一段时间，这款博世 智能净水器 Plus质量太差。在晚上睡前时完全不能正常工作。已经申请退款了。,2025-02-18,智能净水器
640,50,苹果 智能空气净化器 Basic,TB616,晖来计算机网络有限公司虚拟现实,1.4,噪音控制问题很严重，完全不值这个价格。,2025-02-15,智能空气净化器
665,43,华为 智能电视 Max,AY876,精芯传媒有限公司物联网,2.5,说实话，这款华为 智能电视 Max使用体验很差。在工作时时完全不能正常工作。唯一值得称赞的可能就是外观设计还不错。已经申请退款了。,2025-02-15,智能电视
751,39,西门子 智能音箱 Mini,TW751,图龙信息网络有限公司云计算,2.4,这款产品有严重问题，使用说明不清，已经申请退款。,2025-02-14,智能音箱
1049,64,亚马逊 智能马桶 Standard,GJ116,良诺信息有限公司生物科技,2.5,使用一周后出现故障，功能单一，售后服务也不好。,2025-02-14,智能马桶
69,46,小米 智能开关 Max,PV664,毕博诚信息有限公司信息技术,4.4,非常满意这次购买，外观漂亮，送货也很快。,2025-02-13,智能开关
553,60,华为 智能窗帘 Basic,GC846,明腾科技有限公司区块链技术,4.4,非常满意这次购买，性价比高，送货也很快。,2025-02-13,智能窗帘
461,5,美的 智能电饭煲 Pro,PV664,毕博诚信息有限公司信息技术,3.5,这款产品优缺点都有，安装方便，但耗电量大。,2025-02-12,智能电饭煲
1068,101,三星 智能摄像头 Mini,PV664,毕博诚信息有限公司信息技术,2.8,对这款智能摄像头非常不满意，音质一般，浪费钱。,2025-02-12,智能摄像头
465,101,三星 智能摄像头 Mini,JT617,时空盒数字信息有限公司智能科技,2.2,不推荐这款智能摄像头，安装困难，很失望。,2025-02-11,智能摄像头
657,32,亚马逊 智能马桶 Elite,VC531,九方传媒有限公司生物科技,4.4,体验下来，这款智能马桶功能很强大。但是在早晨起床时表现尤为出色。没有达到我的期望。如果非要说缺点的话，可能就是安装困难。推荐给有需要的朋友。,2025-02-11,智能马桶
904,9,亚马逊 智能插座 Pro,KM929,迪摩科技有限公司电子商务,1.6,使用一周后出现故障，画质模糊，售后服务也不好。,2025-02-11,智能插座
908,31,三星 智能加湿器 Mini,MJ814,毕博诚科技有限公司互联网服务,4.8,在做饭时时使用效果很好，特别是高清画质功能。,2025-02-11,智能加湿器
308,19,海尔智慧家庭 智能开关 Plus,FC418,网新恒天网络有限公司生物科技,2.7,不推荐这款智能开关，使用说明不清，很失望。,2025-02-10,智能开关
366,39,西门子 智能音箱 Mini,DH200,盟新传媒有限公司大数据分析,3.7,经过一段时间使用，这款智能音箱总体来说还可以。用了一个月后，语音识别表现不错。同时散热问题有点问题。性价比很高。,2025-02-10,智能音箱
496,39,西门子 智能音箱 Mini,ZU351,银嘉科技有限公司科技公司,3.4,智能音箱的质量还可以，外观漂亮，不过价格偏高。,2025-02-10,智能音箱
1002,64,亚马逊 智能马桶 Standard,BP732,南康网络有限公司互联网服务,1.1,使用一周后出现故障，做工一般，售后服务也不好。,2025-02-09,智能马桶
634,47,苹果 智能灯具 Basic,ZG109,襄樊地球村网络有限公司智能科技,2.4,对这款智能灯具非常不满意，反应迟钝，浪费钱。,2025-02-08,智能灯具
651,18,美的 智能门锁 Mini,EU335,济南亿次元网络有限公司科技公司,4.0,这款产品的定时功能特别好用，在夜间使用时特别方便。,2025-02-07,智能门锁
862,7,博世 智能扫地机器人 Max,DW607,银嘉网络有限公司云计算,1.6,这款产品有严重问题，售后服务差，已经申请退款。,2025-02-07,智能扫地机器人
92,84,苹果 智能扫地机器人 Pro,XO649,晖来计算机传媒有限公司云计算,3.3,智能扫地机器人的质量还可以，兼容性强，不过功能单一。,2025-02-06,智能扫地机器人
144,46,小米 智能开关 Max,WN094,菊风公司传媒有限公司数字科技,4.9,这款产品的自动升级特别好用，在日常使用时特别方便。,2025-02-06,智能开关
690,28,飞利浦 智能扫地机器人 Plus,XA254,易动力信息有限公司物联网,2.3,不得不说，这款飞利浦 智能扫地机器人 Plus存在明显缺陷。主要问题在于售后服务差。希望厂家能重视这些问题。,2025-02-06,智能扫地机器人
859,25,三星 智能窗帘 Basic,YR398,浦华众城信息有限公司虚拟现实,1.0,必须承认，这款智能窗帘不推荐购买。散热问题简直无法忍受。,2025-02-06,智能窗帘
867,1,亚马逊 智能电饭煲 Advanced,ZH741,巨奥科技有限公司信息技术,4.4,不得不说，这款亚马逊 智能电饭煲 Advanced设计很人性化。此外特别适合日常使用。和官方展示的有差距。如果非要说缺点的话，散热问题还有提升空间。值得购买。,2025-02-05,智能电饭煲
728,86,博世 智能摄像头 Standard,AD089,创亿网络有限公司移动应用开发,1.8,使用一周后出现故障，价格偏高，售后服务也不好。,2025-02-04,智能摄像头
812,26,亚马逊 智能扫地机器人 Mini,PV664,毕博诚信息有限公司信息技术,4.6,这是我用过的最好的智能扫地机器人之一，续航时间长，性价比很高。,2025-02-04,智能扫地机器人
724,62,华为 智能洗衣机 Ultra,CM245,万迅电脑信息有限公司科技公司,2.8,用了一段时间，这款智能洗衣机有严重问题。使用不到一周就出现了失灵。唯一值得称赞的可能就是包装很精美。,2025-02-02,智能洗衣机
995,53,华为 智能电视 Lite,ZH741,巨奥科技有限公司信息技术,2.3,使用一周后出现故障，兼容性差，售后服务也不好。,2025-02-01,智能电视
120,29,博世 智能空气净化器 Lite,QU287,戴硕电子科技有限公司移动应用开发,3.0,总体来说还行，画质清晰，就是安装困难。,2025-01-31,智能空气净化器
185,66,松下 智能马桶 Elite,NQ176,图龙信息传媒有限公司数字科技,1.5,我发现，这款松下 智能马桶 Elite质量太差。在晚上睡前时完全不能正常工作。已经申请退款了。,2025-01-31,智能马桶
1022,16,小米 智能电饭煲 Ultra,TE207,新宇龙信息传媒有限公司人工智能,4.3,这是我用过的最好的智能电饭煲之一，功能齐全，性价比很高。,2025-01-31,智能电饭煲
194,94,格力 智能体重秤 Standard,CC657,昊嘉信息有限公司信息技术,5.0,非常满意这次购买，操作简单，送货也很快。,2025-01-30,智能体重秤
115,88,格力 智能体重秤 Ultra,EA575,襄樊地球村信息有限公司物联网,3.6,智能体重秤的质量还可以，性价比高，不过兼容性差。,2025-01-29,智能体重秤
1229,49,松下 智能加湿器 Pro,AU710,巨奥传媒有限公司信息技术,2.8,不推荐这款智能加湿器，操作复杂，很失望。,2025-01-28,智能加湿器
1201,71,索尼 智能冰箱 Elite,FA862,方正科技网络有限公司云计算,3.0,不得不说，这款智能冰箱一般般。静音设计设计得比较合理。而且在户外活动场景下表现一般。推荐给有需要的朋友。,2025-01-26,智能冰箱
47,86,博世 智能摄像头 Standard,YZ898,通际名联科技有限公司金融科技,2.4,用了一段时间，这款智能摄像头完全不符合预期。使用不到一周就出现了故障。不推荐任何人购买。,2025-01-26,智能摄像头
798,46,小米 智能开关 Max,EK253,兰金电子科技有限公司区块链技术,2.2,作为一个经常使用此类产品的人，这款小米 智能开关 Max存在明显缺陷。主要问题在于稳定性差。,2025-01-25,智能开关
935,41,索尼 智能空气净化器 Ultra,EB652,凌云信息有限公司虚拟现实,4.6,这款智能空气净化器质量很好，智能化程度高。总体来说很满意。,2025-01-25,智能空气净化器
1034,35,亚马逊 智能门铃 Max,PV664,毕博诚信息有限公司信息技术,3.9,在晚上睡前使用还不错，但在其他情况下表现一般。,2025-01-25,智能门铃
1048,33,飞利浦 智能加湿器 Ultra,LU518,易动力传媒有限公司生物科技,5.0,在看电影时时使用效果很好，特别是高清画质功能。,2025-01-25,智能加湿器
1242,36,海尔智慧家庭 智能加湿器 Lite,XN875,天开传媒有限公司网络安全,4.2,这款产品的定时功能特别好用，在办公环境时特别方便。,2025-01-25,智能加湿器
619,43,华为 智能电视 Max,MG296,浦华众城网络有限公司信息技术,2.5,不推荐这款智能电视，稳定性差，很失望。,2025-01-24,智能电视
25,41,索尼 智能空气净化器 Ultra,QL573,维涛科技有限公司网络安全,3.9,购买后，这款索尼 智能空气净化器 Ultra优缺点都有。优点是画质清晰。不仅如此连接稳定性有点问题。价格虽高，但物有所值。,2025-01-22,智能空气净化器
531,53,华为 智能电视 Lite,ZF801,易动力科技有限公司科技公司,2.7,从我的使用体验来看，这款华为 智能电视 Lite不值这个价格。主要问题在于画质模糊。唯一值得称赞的可能就是售后服务态度好。以后不会再考虑这个品牌的产品。,2025-01-22,智能电视
1252,73,飞利浦 智能扫地机器人 Ultra,BI759,时空盒数字信息有限公司虚拟现实,3.4,这款产品优缺点都有，反应灵敏，但智能化程度低。,2025-01-22,智能扫地机器人
1273,51,苹果 智能开关 Basic,WW556,商软冠联网络有限公司信息技术,3.4,在看电影时使用还不错，但在其他情况下表现一般。,2025-01-22,智能开关
1231,63,LG 智能净水器 Basic,MJ814,毕博诚科技有限公司互联网服务,4.4,非常满意这次购买，音质出色，送货也很快。,2025-01-20,智能净水器
650,47,苹果 智能灯具 Basic,WQ849,开发区世创科技有限公司科技公司,4.2,非常满意这次购买，做工精细，送货也很快。,2025-01-19,智能灯具
885,64,亚马逊 智能马桶 Standard,RY572,中建创业信息有限公司虚拟现实,2.4,使用一周后出现故障，续航时间短，售后服务也不好。,2025-01-19,智能马桶
27,87,美的 智能马桶 Mini,MG296,浦华众城网络有限公司信息技术,1.9,对这款智能马桶非常不满意，兼容性差，浪费钱。,2025-01-18,智能马桶
278,44,小米 智能空调 Elite,XW046,鑫博腾飞信息有限公司智能科技,2.2,不推荐这款智能空调，续航时间短，很失望。,2025-01-18,智能空调
975,91,亚马逊 智能音箱 Basic,BI759,时空盒数字信息有限公司虚拟现实,2.5,使用一周后出现故障，反应迟钝，售后服务也不好。,2025-01-18,智能音箱
437,94,格力 智能体重秤 Standard,CZ861,合联电子科技有限公司信息技术,2.8,噪音控制问题很严重，完全不值这个价格。,2025-01-17,智能体重秤
805,71,索尼 智能冰箱 Elite,DX151,易动力信息有限公司物联网,4.5,使用了一个月，反应灵敏，没有发现任何问题。,2025-01-17,智能冰箱
172,71,索尼 智能冰箱 Elite,VH856,鑫博腾飞科技有限公司电子商务,3.0,必须承认，这款索尼 智能冰箱 Elite性价比一般。智能联动设计得比较合理。并且使用久了会发现一些小问题。这个价位能买到这样的产品已经很不错了。,2025-01-16,智能冰箱
563,58,松下 智能扫地机器人 Plus,DW607,银嘉网络有限公司云计算,2.1,不推荐这款智能扫地机器人，耗电量大，很失望。,2025-01-16,智能扫地机器人
1192,54,博世 智能开关 Max,FC418,网新恒天网络有限公司生物科技,4.8,经过一段时间使用，这款博世 智能开关 Max功能很强大。不过定时功能是我最喜欢的部分。如果非要说缺点的话，可能就是安装困难。期待下一代产品能有所改进。,2025-01-16,智能开关
286,74,松下 智能窗帘 Lite,MG296,浦华众城网络有限公司信息技术,4.0,使用了一个月，安装方便，没有发现任何问题。,2025-01-15,智能窗帘
853,15,谷歌 智能音箱 Elite,FN522,新宇龙信息科技有限公司电子商务,1.7,说实话，这款智能音箱不推荐购买。使用不到一周就出现了问题。这钱花得太冤枉了。,2025-01-15,智能音箱
1204,46,小米 智能开关 Max,XA254,易动力信息有限公司物联网,3.1,智能开关的质量还可以，节能环保，不过价格偏高。,2025-01-14,智能开关
193,17,苹果 智能门锁 Plus,QU287,戴硕电子科技有限公司移动应用开发,2.0,老实讲，这款苹果 智能门锁 Plus很失望。噪音控制简直无法忍受。,2025-01-13,智能门锁
803,3,华为 智能电视 Basic,WW556,商软冠联网络有限公司信息技术,1.2,使用一周后出现故障，音质一般，售后服务也不好。,2025-01-12,智能电视
978,73,飞利浦 智能扫地机器人 Ultra,QL573,维涛科技有限公司网络安全,2.0,连接稳定性问题很严重，完全不值这个价格。,2025-01-12,智能扫地机器人
1278,95,格力 智能音箱 Advanced,YZ898,通际名联科技有限公司金融科技,1.7,说实话，这款格力 智能音箱 Advanced很失望。主要问题在于智能化程度低。,2025-01-10,智能音箱
909,53,华为 智能电视 Lite,CA470,南康传媒有限公司生物科技,2.8,使用一周后出现故障，耗电量大，售后服务也不好。,2025-01-09,智能电视
1172,5,美的 智能电饭煲 Pro,LU518,易动力传媒有限公司生物科技,4.7,这款智能电饭煲的节能模式功能很实用，质量很好。,2025-01-09,智能电饭煲
1093,98,格力 智能电视 Pro,VC531,九方传媒有限公司生物科技,2.6,不推荐这款智能电视，耗电量大，很失望。,2025-01-08,智能电视
592,34,松下 智能开关 Advanced,VH856,鑫博腾飞科技有限公司电子商务,1.2,对这款智能开关非常不满意，音质一般，浪费钱。,2025-01-06,智能开关
677,35,亚马逊 智能门铃 Max,VH856,鑫博腾飞科技有限公司电子商务,3.6,这款产品优缺点都有，反应灵敏，但安装困难。,2025-01-06,智能门铃
1122,45,博世 智能马桶 Max,HD242,富罳科技有限公司生物科技,2.5,使用一周后出现故障，使用说明不清，售后服务也不好。,2025-01-06,智能马桶
1143,51,苹果 智能开关 Basic,QJ392,创亿网络有限公司金融科技,1.7,对这款智能开关非常不满意，安装困难，浪费钱。,2025-01-06,智能开关
994,59,西门子 智能摄像头 Max,WB890,鑫博腾飞网络有限公司金融科技,3.6,这款智能摄像头一般，功能齐全，但是电池寿命有点问题。,2025-01-05,智能摄像头
323,85,博世 智能马桶 Basic,QJ392,创亿网络有限公司金融科技,3.4,总体来说还行，节能环保，就是安装困难。,2025-01-03,智能马桶
981,54,博世 智能开关 Max,WB209,维涛传媒有限公司云计算,1.6,收到货后，这款博世 智能开关 Max有严重问题。主要问题在于功能单一。,2025-01-03,智能开关
330,39,西门子 智能音箱 Mini,ZV584,维旺明科技有限公司大数据分析,3.3,总体来说还行，续航时间长，就是音质一般。,2025-01-02,智能音箱
342,6,海尔智慧家庭 智能空气净化器 Basic,MR129,太极信息有限公司互联网服务,4.7,这款产品的一键控制特别好用，在日常使用时特别方便。,2025-01-01,智能空气净化器
177,66,松下 智能马桶 Elite,ZF801,易动力科技有限公司科技公司,2.6,我发现，这款智能马桶不推荐购买。在做饭时时完全不能正常工作。已经申请退款了。,2024-12-30,智能马桶
295,45,博世 智能马桶 Max,IP471,银嘉信息有限公司移动应用开发,3.1,这款智能马桶一般，质量很好，但是散热问题有点问题。,2024-12-30,智能马桶
732,10,美的 智能窗帘 Max,BI759,时空盒数字信息有限公司虚拟现实,1.1,信号强度问题很严重，完全不值这个价格。,2024-12-30,智能窗帘
139,12,格力 智能空气净化器 Standard,NU012,商软冠联传媒有限公司智能科技,1.4,电池寿命问题很严重，完全不值这个价格。,2024-12-29,智能空气净化器
403,37,飞利浦 智能马桶 Max,BW289,海创网络有限公司生物科技,4.2,非常满意这次购买，节能环保，送货也很快。,2024-12-29,智能马桶
78,22,美的 智能电视 Basic,ZH741,巨奥科技有限公司信息技术,2.1,信号强度问题很严重，完全不值这个价格。,2024-12-28,智能电视
554,71,索尼 智能冰箱 Elite,AU710,巨奥传媒有限公司信息技术,2.2,这款产品有严重问题，做工一般，已经申请退款。,2024-12-27,智能冰箱
796,32,亚马逊 智能马桶 Elite,FJ947,浙大万朋信息有限公司生物科技,3.6,这款智能马桶一般，稳定性好，但是连接稳定性有点问题。,2024-12-25,智能马桶
633,101,三星 智能摄像头 Mini,GC846,明腾科技有限公司区块链技术,3.6,说实话，这款智能摄像头一般般。在看电影时时使用体验还不错。但是使用久了会发现一些小问题。对得起这个价格。,2024-12-24,智能摄像头
942,80,LG 智能音箱 Lite,XN875,天开传媒有限公司网络安全,4.1,在做饭时时使用效果很好，特别是智能联动功能。,2024-12-24,智能音箱
82,7,博世 智能扫地机器人 Max,WQ849,开发区世创科技有限公司科技公司,4.8,说实话，这款智能扫地机器人功能很强大。然而自动升级是我最喜欢的部分。没有网上评价说的那么好。如果非要说缺点的话，可能就是稳定性差。对得起这个价格。,2024-12-23,智能扫地机器人
693,11,小米 智能门锁 Mini,TW751,图龙信息网络有限公司云计算,1.0,在多次对比之后选择了这款，这款智能门锁功能实现得很糟糕。使用不到一周就出现了失灵。这钱花得太冤枉了。,2024-12-23,智能门锁
217,55,飞利浦 智能手环 Max,EU335,济南亿次元网络有限公司科技公司,1.1,从我的使用体验来看，这款智能手环功能实现得很糟糕。在晚上睡前时完全不能正常工作。以后不会再考虑这个品牌的产品。,2024-12-21,智能手环
1117,90,三星 智能窗帘 Standard,TO444,MBP软件网络有限公司移动应用开发,3.1,智能窗帘的质量还可以，质量很好，不过安装困难。,2024-12-21,智能窗帘
902,73,飞利浦 智能扫地机器人 Ultra,QJ392,创亿网络有限公司金融科技,3.3,这款智能扫地机器人一般，安装方便，但是连接稳定性有点问题。,2024-12-20,智能扫地机器人
932,45,博世 智能马桶 Max,RG743,快讯信息有限公司智能科技,2.6,这款产品有严重问题，操作复杂，已经申请退款。,2024-12-19,智能马桶
1213,60,华为 智能窗帘 Basic,MJ814,毕博诚科技有限公司互联网服务,1.5,对这款智能窗帘非常不满意，智能化程度低，浪费钱。,2024-12-18,智能窗帘
847,35,亚马逊 智能门铃 Max,DH200,盟新传媒有限公司大数据分析,1.8,必须承认，这款亚马逊 智能门铃 Max质量太差。使用不到一周就出现了问题。,2024-12-17,智能门铃
991,26,亚马逊 智能扫地机器人 Mini,ZH741,巨奥科技有限公司信息技术,4.6,我发现，这款亚马逊 智能扫地机器人 Mini很好用。对得起这个价格。,2024-12-17,智能扫地机器人
77,18,美的 智能门锁 Mini,FJ947,浙大万朋信息有限公司生物科技,2.7,连接稳定性问题很严重，完全不值这个价格。,2024-12-16,智能门锁
167,66,松下 智能马桶 Elite,TW751,图龙信息网络有限公司云计算,4.0,这款智能马桶质量很好，续航时间长。总体来说很满意。,2024-12-16,智能马桶
1223,5,美的 智能电饭煲 Pro,ZV584,维旺明科技有限公司大数据分析,1.2,这款产品有严重问题，操作复杂，已经申请退款。,2024-12-16,智能电饭煲
532,39,西门子 智能音箱 Mini,ZO854,MBP软件科技有限公司信息技术,4.7,我发现，这款智能音箱很好用。另外省电模式设计很贴心。和朋友推荐的一样好用。如果非要说缺点的话，价格稍微贵了一点。值得购买。,2024-12-15,智能音箱
1233,10,美的 智能窗帘 Max,DV182,艾提科信传媒有限公司网络安全,1.5,作为第一次购买这类产品的新手，这款智能窗帘有严重问题。在早晨起床时完全不能正常工作。,2024-12-14,智能窗帘
705,57,博世 智能净水器 Plus,FN522,新宇龙信息科技有限公司电子商务,2.4,个人认为，这款智能净水器不值这个价格。在工作时时完全不能正常工作。唯一值得称赞的可能就是送货速度快。这钱花得太冤枉了。,2024-12-13,智能净水器
727,69,谷歌 智能洗衣机 Elite,GJ116,良诺信息有限公司生物科技,3.7,个人认为，这款谷歌 智能洗衣机 Elite性价比一般。在早晨起床时使用体验还不错。可惜的是缺点是安装困难。期待下一代产品能有所改进。,2024-12-12,智能洗衣机
809,47,苹果 智能灯具 Basic,NQ176,图龙信息传媒有限公司数字科技,3.8,坦白讲，这款智能灯具一般般。静音设计设计得比较合理。尤其是信号强度有点问题。可以考虑其他品牌的同类产品。,2024-12-12,智能灯具
1006,24,西门子 智能电视 Pro,KM929,迪摩科技有限公司电子商务,1.6,信号强度问题很严重，完全不值这个价格。,2024-12-10,智能电视
31,10,美的 智能窗帘 Max,DW607,银嘉网络有限公司云计算,1.9,体验下来，这款智能窗帘质量太差。在看电影时时完全不能正常工作。唯一值得称赞的可能就是外观设计还不错。以后不会再考虑这个品牌的产品。,2024-12-09,智能窗帘
443,90,三星 智能窗帘 Standard,QU287,戴硕电子科技有限公司移动应用开发,1.8,不推荐这款智能窗帘，音质一般，很失望。,2024-12-09,智能窗帘
743,99,三星 智能音箱 Basic,AU710,巨奥传媒有限公司信息技术,3.0,在工作时使用还不错，但在其他情况下表现一般。,2024-12-09,智能音箱
1175,89,博世 智能空调 Lite,EU335,济南亿次元网络有限公司科技公司,1.3,对这款智能空调非常不满意，反应迟钝，浪费钱。,2024-12-06,智能空调
486,10,美的 智能窗帘 Max,GC890,创联世纪信息有限公司移动应用开发,1.7,连接稳定性问题很严重，完全不值这个价格。,2024-12-05,智能窗帘
992,92,西门子 智能摄像头 Plus,XN875,天开传媒有限公司网络安全,3.8,智能摄像头的质量还可以，操作简单，不过画质模糊。,2024-12-05,智能摄像头
164,23,美的 智能净水器 Plus,WY218,飞海科技传媒有限公司信息技术,1.1,从我的使用体验来看，这款智能净水器质量太差。主要问题在于续航时间短。,2024-12-04,智能净水器
237,93,索尼 智能加湿器 Pro,RG743,快讯信息有限公司智能科技,1.7,使用一周后出现故障，做工一般，售后服务也不好。,2024-12-04,智能加湿器
799,25,三星 智能窗帘 Basic,OA831,华泰通安科技有限公司网络安全,4.2,使用了一个月，反应灵敏，没有发现任何问题。,2024-12-04,智能窗帘
526,6,海尔智慧家庭 智能空气净化器 Basic,WN094,菊风公司传媒有限公司数字科技,3.2,这款产品优缺点都有，性价比高，但智能化程度低。,2024-12-03,智能空气净化器
179,34,松下 智能开关 Advanced,OA831,华泰通安科技有限公司网络安全,3.6,这款产品优缺点都有，节能环保，但反应迟钝。,2024-12-02,智能开关
1152,27,小米 智能加湿器 Plus,GR625,明腾传媒有限公司互联网服务,4.0,从我的使用体验来看，这款小米 智能加湿器 Plus值得推荐。性价比很高。,2024-12-02,智能加湿器
824,50,苹果 智能空气净化器 Basic,KS630,良诺信息有限公司网络安全,3.2,这款智能空气净化器一般，外观漂亮，但是连接稳定性有点问题。,2024-11-30,智能空气净化器
269,87,美的 智能马桶 Mini,VC531,九方传媒有限公司生物科技,4.4,这款产品的一键控制特别好用，在日常使用时特别方便。,2024-11-28,智能马桶
594,74,松下 智能窗帘 Lite,MZ379,联软传媒有限公司区块链技术,4.5,不得不说，这款松下 智能窗帘 Lite设计很人性化。和同价位其他产品相比更胜一筹。整体体验不错。,2024-11-27,智能窗帘
983,36,海尔智慧家庭 智能加湿器 Lite,YZ898,通际名联科技有限公司金融科技,4.1,这款智能加湿器的语音识别功能很实用，续航时间长。,2024-11-27,智能加湿器
1285,95,格力 智能音箱 Advanced,KM929,迪摩科技有限公司电子商务,2.9,从我的使用体验来看，这款智能音箱很失望。使用不到一周就出现了失灵。这钱花得太冤枉了。,2024-11-27,智能音箱
1171,26,亚马逊 智能扫地机器人 Mini,ZU351,银嘉科技有限公司科技公司,1.4,不推荐这款智能扫地机器人，续航时间短，很失望。,2024-11-26,智能扫地机器人
65,88,格力 智能体重秤 Ultra,VC531,九方传媒有限公司生物科技,2.0,作为第一次购买这类产品的新手，这款智能体重秤使用体验很差。连接稳定性简直无法忍受。,2024-11-25,智能体重秤
516,5,美的 智能电饭煲 Pro,WY218,飞海科技传媒有限公司信息技术,4.3,在早晨起床时使用效果很好，特别是省电模式功能。,2024-11-25,智能电饭煲
679,19,海尔智慧家庭 智能开关 Plus,YR398,浦华众城信息有限公司虚拟现实,2.1,这款产品有严重问题，安装困难，已经申请退款。,2024-11-25,智能开关
899,78,三星 智能音箱 Elite,EI532,七喜传媒有限公司人工智能,5.0,在做饭时时使用效果很好，特别是快速启动功能。,2024-11-25,智能音箱
246,99,三星 智能音箱 Basic,CA470,南康传媒有限公司生物科技,4.5,在做饭时时使用效果很好，特别是高清画质功能。,2024-11-24,智能音箱
1281,95,格力 智能音箱 Advanced,LU518,易动力传媒有限公司生物科技,3.1,在多次对比之后选择了这款，这款智能音箱优缺点都有。在看电影时时使用体验还不错。然而信号强度有点问题。推荐给有需要的朋友。,2024-11-24,智能音箱
832,100,LG 智能插座 Max,OA831,华泰通安科技有限公司网络安全,2.6,电池寿命问题很严重，完全不值这个价格。,2024-11-23,智能插座
1035,54,博世 智能开关 Max,PC764,恒聪百汇传媒有限公司虚拟现实,3.7,我觉得，这款智能开关没有特别惊喜。优点是节能环保。不过散热问题有点问题。希望厂家能改进这些问题。,2024-11-23,智能开关
123,68,博世 智能插座 Basic,TB616,晖来计算机网络有限公司虚拟现实,4.0,老实讲，这款博世 智能插座 Basic性价比很高。可惜的是多用户管理是我最喜欢的部分。在同类产品中算是中等水平。如果非要说缺点的话，可能就是功能单一。有点贵了，但质量确实好。,2024-11-22,智能插座
1294,23,美的 智能净水器 Plus,CZ861,合联电子科技有限公司信息技术,2.4,使用一周后出现故障，安装困难，售后服务也不好。,2024-11-20,智能净水器
243,18,美的 智能门锁 Mini,EM821,泰麒麟信息有限公司人工智能,4.3,这是我用过的最好的智能门锁之一，兼容性强，性价比很高。,2024-11-19,智能门锁
505,66,松下 智能马桶 Elite,WB209,维涛传媒有限公司云计算,2.6,使用一周后出现故障，音质一般，售后服务也不好。,2024-11-19,智能马桶
602,97,格力 智能净水器 Ultra,CC657,昊嘉信息有限公司信息技术,2.3,对比了市面上几款同类产品后，这款智能净水器不值这个价格。信号强度简直无法忍受。希望厂家能重视这些问题。,2024-11-19,智能净水器
754,11,小米 智能门锁 Mini,FB488,方正科技科技有限公司互联网服务,2.6,不得不说，这款小米 智能门锁 Mini性价比极低。在做饭时时完全不能正常工作。不推荐任何人购买。,2024-11-19,智能门锁
239,31,三星 智能加湿器 Mini,WB890,鑫博腾飞网络有限公司金融科技,4.2,这款智能加湿器质量很好，画质清晰。总体来说很满意。,2024-11-18,智能加湿器
1051,34,松下 智能开关 Advanced,WY218,飞海科技传媒有限公司信息技术,1.8,电池寿命问题很严重，完全不值这个价格。,2024-11-17,智能开关
128,88,格力 智能体重秤 Ultra,XN875,天开传媒有限公司网络安全,1.2,不推荐这款智能体重秤，做工一般，很失望。,2024-11-15,智能体重秤
593,13,三星 智能电饭煲 Max,FJ947,浙大万朋信息有限公司生物科技,1.3,经过一段时间使用，这款三星 智能电饭煲 Max使用体验很差。电池寿命简直无法忍受。这钱花得太冤枉了。,2024-11-15,智能电饭煲
907,3,华为 智能电视 Basic,ZO854,MBP软件科技有限公司信息技术,4.4,智能电视的设计很人性化，操作简单，值得推荐。,2024-11-15,智能电视
163,93,索尼 智能加湿器 Pro,LU518,易动力传媒有限公司生物科技,2.5,信号强度问题很严重，完全不值这个价格。,2024-11-14,智能加湿器
810,85,博世 智能马桶 Basic,VQ233,和泰信息有限公司信息技术,5.0,这款产品的智能场景特别好用，在户外活动时特别方便。,2024-11-12,智能马桶
831,11,小米 智能门锁 Mini,NU711,易动力科技有限公司人工智能,4.1,个人认为，这款智能门锁功能很强大。让我惊喜的是语音识别功能特别实用。如果非要说缺点的话，可能就是做工一般。总体来说还是很满意的。,2024-11-12,智能门锁
1156,90,三星 智能窗帘 Standard,ZV584,维旺明科技有限公司大数据分析,2.0,使用一周后出现故障，音质一般，售后服务也不好。,2024-11-12,智能窗帘
1157,41,索尼 智能空气净化器 Ultra,GR625,明腾传媒有限公司互联网服务,4.5,非常满意这次购买，外观漂亮，送货也很快。,2024-11-12,智能空气净化器
488,35,亚马逊 智能门铃 Max,AY876,精芯传媒有限公司物联网,3.6,在晚上睡前使用还不错，但在其他情况下表现一般。,2024-11-11,智能门铃
1071,47,苹果 智能灯具 Basic,ZO854,MBP软件科技有限公司信息技术,2.6,试用了几天，这款智能灯具存在明显缺陷。使用不到一周就出现了异常。已经申请退款了。,2024-11-11,智能灯具
1084,47,苹果 智能灯具 Basic,VZ702,精芯网络有限公司互联网服务,2.2,我发现，这款智能灯具存在明显缺陷。主要问题在于兼容性差。不推荐任何人购买。,2024-11-11,智能灯具
682,5,美的 智能电饭煲 Pro,VX147,东方峻景传媒有限公司金融科技,1.6,坦白讲，这款智能电饭煲性价比极低。使用不到一周就出现了损坏。唯一值得称赞的可能就是价格便宜。这钱花得太冤枉了。,2024-11-10,智能电饭煲
1063,74,松下 智能窗帘 Lite,TO444,MBP软件网络有限公司移动应用开发,4.5,这款智能窗帘的语音识别功能很实用，操作简单。,2024-11-10,智能窗帘
191,34,松下 智能开关 Advanced,LU518,易动力传媒有限公司生物科技,1.8,说实话，这款松下 智能开关 Advanced存在明显缺陷。噪音控制简直无法忍受。,2024-11-09,智能开关
346,28,飞利浦 智能扫地机器人 Plus,WW556,商软冠联网络有限公司信息技术,1.6,使用后感觉，这款飞利浦 智能扫地机器人 Plus质量太差。在工作时时完全不能正常工作。,2024-11-09,智能扫地机器人
661,68,博世 智能插座 Basic,IK721,诺依曼软件传媒有限公司物联网,2.4,试用了几天，这款博世 智能插座 Basic功能实现得很糟糕。噪音控制简直无法忍受。,2024-11-09,智能插座
840,78,三星 智能音箱 Elite,DX151,易动力信息有限公司物联网,1.5,不得不说，这款智能音箱有严重问题。使用不到一周就出现了故障。唯一值得称赞的可能就是包装很精美。已经申请退款了。,2024-11-09,智能音箱
749,27,小米 智能加湿器 Plus,XO649,晖来计算机传媒有限公司云计算,2.6,不推荐这款智能加湿器，稳定性差，很失望。,2024-11-08,智能加湿器
787,87,美的 智能马桶 Mini,KS630,良诺信息有限公司网络安全,2.8,经过一段时间使用，这款智能马桶存在明显缺陷。在看电影时时完全不能正常工作。唯一值得称赞的可能就是包装很精美。,2024-11-08,智能马桶
1145,50,苹果 智能空气净化器 Basic,WW556,商软冠联网络有限公司信息技术,3.2,这款产品优缺点都有，兼容性强，但续航时间短。,2024-11-08,智能空气净化器
4,61,LG 智能洗衣机 Max,IK721,诺依曼软件传媒有限公司物联网,1.9,体验下来，这款智能洗衣机不值这个价格。电池寿命简直无法忍受。已经申请退款了。,2024-11-07,智能洗衣机
201,62,华为 智能洗衣机 Ultra,TE207,新宇龙信息传媒有限公司人工智能,3.4,老实讲，这款智能洗衣机一般般。优点是智能化程度高。最重要的是缺点是耗电量大。整体体验不错。,2024-11-07,智能洗衣机
381,93,索尼 智能加湿器 Pro,AD089,创亿网络有限公司移动应用开发,1.7,对这款智能加湿器非常不满意，画质模糊，浪费钱。,2024-11-07,智能加湿器
629,15,谷歌 智能音箱 Elite,PJ659,超艺网络有限公司人工智能,3.1,总体来说还行，功能齐全，就是功能单一。,2024-11-07,智能音箱
508,47,苹果 智能灯具 Basic,BP732,南康网络有限公司互联网服务,4.1,在多次对比之后选择了这款，这款苹果 智能灯具 Basic性价比很高。遗憾的是一键控制是我最喜欢的部分。如果非要说缺点的话，说明书不够详细。期待下一代产品能有所改进。,2024-11-06,智能灯具
717,62,华为 智能洗衣机 Ultra,LB704,群英信息有限公司金融科技,2.6,经过一段时间使用，这款华为 智能洗衣机 Ultra不推荐购买。连接稳定性简直无法忍受。唯一值得称赞的可能就是送货速度快。已经申请退款了。,2024-11-06,智能洗衣机
475,73,飞利浦 智能扫地机器人 Ultra,ME428,创汇网络有限公司虚拟现实,1.5,不推荐这款智能扫地机器人，音质一般，很失望。,2024-11-05,智能扫地机器人
480,59,西门子 智能摄像头 Max,TO444,MBP软件网络有限公司移动应用开发,4.8,这款智能摄像头的自动调节功能很实用，节能环保。,2024-11-05,智能摄像头
416,29,博世 智能空气净化器 Lite,EB652,凌云信息有限公司虚拟现实,2.3,在多次对比之后选择了这款，这款博世 智能空气净化器 Lite有严重问题。主要问题在于耗电量大。希望厂家能重视这些问题。,2024-11-04,智能空气净化器
184,3,华为 智能电视 Basic,TO444,MBP软件网络有限公司移动应用开发,3.3,总体来说还行，稳定性好，就是稳定性差。,2024-11-03,智能电视
1008,98,格力 智能电视 Pro,IP471,银嘉信息有限公司移动应用开发,3.9,这款智能电视一般，兼容性强，但是电池寿命有点问题。,2024-11-03,智能电视
1160,5,美的 智能电饭煲 Pro,VX147,东方峻景传媒有限公司金融科技,4.3,这是我用过的最好的智能电饭煲之一，做工精细，性价比很高。,2024-11-03,智能电饭煲
1,53,华为 智能电视 Lite,CC657,昊嘉信息有限公司信息技术,4.4,这款智能电视的自动调节功能很实用，性价比高。,2024-11-02,智能电视
478,99,三星 智能音箱 Basic,TW751,图龙信息网络有限公司云计算,4.6,这是我用过的最好的智能音箱之一，外观漂亮，性价比很高。,2024-11-02,智能音箱
986,30,小米 智能开关 Ultra,WB890,鑫博腾飞网络有限公司金融科技,2.6,收到货后，这款智能开关很失望。使用不到一周就出现了失灵。希望厂家能重视这些问题。,2024-11-01,智能开关
127,12,格力 智能空气净化器 Standard,MZ379,联软传媒有限公司区块链技术,4.5,这款产品的一键控制特别好用，在户外活动时特别方便。,2024-10-31,智能空气净化器
980,100,LG 智能插座 Max,DV182,艾提科信传媒有限公司网络安全,3.0,这款智能插座一般，画质清晰，但是信号强度有点问题。,2024-10-31,智能插座
1183,88,格力 智能体重秤 Ultra,WB890,鑫博腾飞网络有限公司金融科技,2.6,电池寿命问题很严重，完全不值这个价格。,2024-10-31,智能体重秤
1187,25,三星 智能窗帘 Basic,ZV584,维旺明科技有限公司大数据分析,1.3,电池寿命问题很严重，完全不值这个价格。,2024-10-29,智能窗帘
347,2,美的 智能插座 Standard,TE207,新宇龙信息传媒有限公司人工智能,3.8,不得不说，这款智能插座也没有特别失望。在早晨起床时使用体验还不错。此外使用久了会发现一些小问题。便宜没好货，这句话在这里很适用。,2024-10-29,智能插座
954,98,格力 智能电视 Pro,US056,国讯网络有限公司移动应用开发,3.9,智能电视的质量还可以，稳定性好，不过价格偏高。,2024-10-29,智能电视
600,32,亚马逊 智能马桶 Elite,BN418,易动力网络有限公司移动应用开发,4.7,购买后，这款亚马逊 智能马桶 Elite性价比很高。而且多用户管理是我最喜欢的部分。如果非要说缺点的话，连接稳定性还有提升空间。价格虽高，但物有所值。,2024-10-28,智能马桶
826,68,博世 智能插座 Basic,II746,恩悌传媒有限公司虚拟现实,2.0,这款产品有严重问题，音质一般，已经申请退款。,2024-10-28,智能插座
91,44,小米 智能空调 Elite,QL573,维涛科技有限公司网络安全,2.7,对这款智能空调非常不满意，功能单一，浪费钱。,2024-10-27,智能空调
108,99,三星 智能音箱 Basic,AY876,精芯传媒有限公司物联网,1.2,这款产品有严重问题，售后服务差，已经申请退款。,2024-10-26,智能音箱
760,27,小米 智能加湿器 Plus,FA862,方正科技网络有限公司云计算,1.8,噪音控制问题很严重，完全不值这个价格。,2024-10-26,智能加湿器
1089,3,华为 智能电视 Basic,ZF801,易动力科技有限公司科技公司,4.3,在多次对比之后选择了这款，这款华为 智能电视 Basic做工精细。然而在早晨起床时表现尤为出色。如果非要说缺点的话，可能就是耗电量大。值得购买。,2024-10-26,智能电视
213,19,海尔智慧家庭 智能开关 Plus,GR625,明腾传媒有限公司互联网服务,1.7,从我的使用体验来看，这款智能开关不推荐购买。主要问题在于安装困难。唯一值得称赞的可能就是送货速度快。,2024-10-24,智能开关
412,15,谷歌 智能音箱 Elite,DV182,艾提科信传媒有限公司网络安全,3.1,总体来说还行，外观漂亮，就是兼容性差。,2024-10-24,智能音箱
688,9,亚马逊 智能插座 Pro,YR398,浦华众城信息有限公司虚拟现实,1.5,老实讲，这款亚马逊 智能插座 Pro不推荐购买。电池寿命简直无法忍受。唯一值得称赞的可能就是价格便宜。不推荐任何人购买。,2024-10-24,智能插座
310,99,三星 智能音箱 Basic,NQ176,图龙信息传媒有限公司数字科技,4.6,这款智能音箱质量很好，画质清晰。总体来说很满意。,2024-10-23,智能音箱
538,20,谷歌 智能净水器 Basic,WY218,飞海科技传媒有限公司信息技术,4.8,智能净水器的设计很人性化，画质清晰，值得推荐。,2024-10-23,智能净水器
647,78,三星 智能音箱 Elite,TO444,MBP软件网络有限公司移动应用开发,4.1,使用了一个月，外观漂亮，没有发现任何问题。,2024-10-23,智能音箱
656,97,格力 智能净水器 Ultra,NQ176,图龙信息传媒有限公司数字科技,3.9,在看电影时使用还不错，但在其他情况下表现一般。,2024-10-21,智能净水器
918,58,松下 智能扫地机器人 Plus,DX151,易动力信息有限公司物联网,1.0,电池寿命问题很严重，完全不值这个价格。,2024-10-21,智能扫地机器人
1170,59,西门子 智能摄像头 Max,ZH741,巨奥科技有限公司信息技术,2.9,不推荐这款智能摄像头，兼容性差，很失望。,2024-10-21,智能摄像头
40,22,美的 智能电视 Basic,AD089,创亿网络有限公司移动应用开发,1.4,对这款智能电视非常不满意，功能单一，浪费钱。,2024-10-20,智能电视
745,85,博世 智能马桶 Basic,MG296,浦华众城网络有限公司信息技术,4.6,对比了市面上几款同类产品后，这款智能马桶真的很不错。另外智能学习功能特别实用。如果非要说缺点的话，可能就是使用说明不清。整体体验不错。,2024-10-20,智能马桶
835,30,小米 智能开关 Ultra,PE529,易动力网络有限公司信息技术,4.1,作为一个经常使用此类产品的人，这款智能开关性价比很高。值得一提的是智能联动设计很贴心。如果非要说缺点的话，说明书不够详细。不太推荐购买。,2024-10-16,智能开关
449,52,小米 智能插座 Max,BI759,时空盒数字信息有限公司虚拟现实,2.7,使用一周后出现故障，售后服务差，售后服务也不好。,2024-10-15,智能插座
1140,5,美的 智能电饭煲 Pro,GL926,时空盒数字传媒有限公司大数据分析,3.7,智能电饭煲的质量还可以，做工精细，不过安装困难。,2024-10-15,智能电饭煲
188,67,松下 智能电饭煲 Pro,RY548,易动力信息有限公司网络安全,1.3,在多次对比之后选择了这款，这款智能电饭煲有严重问题。噪音控制简直无法忍受。希望厂家能重视这些问题。,2024-10-14,智能电饭煲
638,72,西门子 智能洗衣机 Pro,PV664,毕博诚信息有限公司信息技术,3.8,这款智能洗衣机一般，稳定性好，但是噪音控制有点问题。,2024-10-14,智能洗衣机
988,87,美的 智能马桶 Mini,EK253,兰金电子科技有限公司区块链技术,1.8,这款产品有严重问题，做工一般，已经申请退款。,2024-10-14,智能马桶
1079,101,三星 智能摄像头 Mini,VH856,鑫博腾飞科技有限公司电子商务,4.1,这款产品的自动升级特别好用，在日常使用时特别方便。,2024-10-14,智能摄像头
132,8,松下 智能开关 Lite,FB488,方正科技科技有限公司互联网服务,1.9,对这款智能开关非常不满意，画质模糊，浪费钱。,2024-10-13,智能开关
319,80,LG 智能音箱 Lite,EB652,凌云信息有限公司虚拟现实,4.2,非常满意这次购买，节能环保，送货也很快。,2024-10-12,智能音箱
715,90,三星 智能窗帘 Standard,BF338,天开网络有限公司金融科技,4.1,在看电影时时使用效果很好，特别是快速启动功能。,2024-10-12,智能窗帘
861,34,松下 智能开关 Advanced,GJ116,良诺信息有限公司生物科技,2.8,个人认为，这款松下 智能开关 Advanced存在明显缺陷。信号强度简直无法忍受。以后不会再考虑这个品牌的产品。,2024-10-11,智能开关
864,92,西门子 智能摄像头 Plus,DV182,艾提科信传媒有限公司网络安全,4.3,非常满意这次购买，做工精细，送货也很快。,2024-10-11,智能摄像头
769,53,华为 智能电视 Lite,MZ379,联软传媒有限公司区块链技术,4.0,在工作时时使用效果很好，特别是省电模式功能。,2024-10-10,智能电视
925,19,海尔智慧家庭 智能开关 Plus,JT617,时空盒数字信息有限公司智能科技,3.3,总体来说还行，安装方便，就是使用说明不清。,2024-10-10,智能开关
473,43,华为 智能电视 Max,TB616,晖来计算机网络有限公司虚拟现实,3.3,智能电视的质量还可以，节能环保，不过续航时间短。,2024-10-09,智能电视
1005,18,美的 智能门锁 Mini,KM929,迪摩科技有限公司电子商务,1.4,这款产品有严重问题，售后服务差，已经申请退款。,2024-10-09,智能门锁
249,47,苹果 智能灯具 Basic,WY218,飞海科技传媒有限公司信息技术,4.4,在看电影时时使用效果很好，特别是静音设计功能。,2024-10-08,智能灯具
571,82,LG 智能开关 Lite,VH856,鑫博腾飞科技有限公司电子商务,2.5,不推荐这款智能开关，价格偏高，很失望。,2024-10-08,智能开关
947,91,亚马逊 智能音箱 Basic,AU710,巨奥传媒有限公司信息技术,3.2,这款产品优缺点都有，安装方便，但操作复杂。,2024-10-07,智能音箱
973,76,松下 智能窗帘 Advanced,EB652,凌云信息有限公司虚拟现实,2.6,不推荐这款智能窗帘，音质一般，很失望。,2024-10-07,智能窗帘
1270,48,苹果 智能门锁 Pro,QL573,维涛科技有限公司网络安全,4.4,这款产品的智能场景特别好用，在夜间使用时特别方便。,2024-10-07,智能门锁
83,43,华为 智能电视 Max,AK874,昊嘉信息有限公司区块链技术,2.7,用了一段时间，这款华为 智能电视 Max完全不符合预期。噪音控制简直无法忍受。这钱花得太冤枉了。,2024-10-06,智能电视
816,1,亚马逊 智能电饭煲 Advanced,UY980,兰金电子传媒有限公司生物科技,4.1,收到货后，这款智能电饭煲很好用。同时特别适合夜间使用。如果非要说缺点的话，可能就是兼容性差。有点贵了，但质量确实好。,2024-10-06,智能电饭煲
1011,75,亚马逊 智能空调 Standard,VZ702,精芯网络有限公司互联网服务,4.3,这款智能空调的自动调节功能很实用，续航时间长。,2024-10-04,智能空调
340,59,西门子 智能摄像头 Max,VC531,九方传媒有限公司生物科技,1.0,个人认为，这款智能摄像头不值这个价格。在晚上睡前时完全不能正常工作。唯一值得称赞的可能就是外观设计还不错。希望厂家能重视这些问题。,2024-10-03,智能摄像头
1186,27,小米 智能加湿器 Plus,VX147,东方峻景传媒有限公司金融科技,3.4,在多次对比之后选择了这款，这款小米 智能加湿器 Plus功能基本满足需求。在做饭时时使用体验还不错。并且在家庭聚会场景下表现一般。期待下一代产品能有所改进。,2024-10-03,智能加湿器
349,95,格力 智能音箱 Advanced,RY548,易动力信息有限公司网络安全,2.9,这款产品有严重问题，反应迟钝，已经申请退款。,2024-10-02,智能音箱
921,49,松下 智能加湿器 Pro,EI532,七喜传媒有限公司人工智能,1.4,电池寿命问题很严重，完全不值这个价格。,2024-10-02,智能加湿器
337,28,飞利浦 智能扫地机器人 Plus,CC657,昊嘉信息有限公司信息技术,3.8,智能扫地机器人的质量还可以，做工精细，不过做工一般。,2024-10-01,智能扫地机器人
495,12,格力 智能空气净化器 Standard,US056,国讯网络有限公司移动应用开发,4.0,使用了一个月，音质出色，没有发现任何问题。,2024-10-01,智能空气净化器
272,29,博世 智能空气净化器 Lite,RG743,快讯信息有限公司智能科技,2.9,这款产品有严重问题，使用说明不清，已经申请退款。,2024-09-29,智能空气净化器
646,68,博世 智能插座 Basic,PV664,毕博诚信息有限公司信息技术,1.3,使用一周后出现故障，使用说明不清，售后服务也不好。,2024-09-29,智能插座
814,35,亚马逊 智能门铃 Max,TB616,晖来计算机网络有限公司虚拟现实,1.1,信号强度问题很严重，完全不值这个价格。,2024-09-29,智能门铃
189,27,小米 智能加湿器 Plus,GL926,时空盒数字传媒有限公司大数据分析,2.0,对这款智能加湿器非常不满意，画质模糊，浪费钱。,2024-09-28,智能加湿器
930,72,西门子 智能洗衣机 Pro,ZU351,银嘉科技有限公司科技公司,2.2,使用一周后出现故障，续航时间短，售后服务也不好。,2024-09-27,智能洗衣机
1245,87,美的 智能马桶 Mini,IP471,银嘉信息有限公司移动应用开发,2.4,这款产品有严重问题，做工一般，已经申请退款。,2024-09-27,智能马桶
289,101,三星 智能摄像头 Mini,US056,国讯网络有限公司移动应用开发,3.5,这款智能摄像头一般，外观漂亮，但是连接稳定性有点问题。,2024-09-26,智能摄像头
462,42,谷歌 智能净水器 Ultra,XO649,晖来计算机传媒有限公司云计算,5.0,这款产品的定时功能特别好用，在夜间使用时特别方便。,2024-09-26,智能净水器
709,68,博世 智能插座 Basic,GL926,时空盒数字传媒有限公司大数据分析,3.3,这款产品优缺点都有，智能化程度高，但安装困难。,2024-09-26,智能插座
742,46,小米 智能开关 Max,EU335,济南亿次元网络有限公司科技公司,1.7,不推荐这款智能开关，功能单一，很失望。,2024-09-26,智能开关
958,66,松下 智能马桶 Elite,VH856,鑫博腾飞科技有限公司电子商务,1.4,必须承认，这款松下 智能马桶 Elite存在明显缺陷。主要问题在于耗电量大。唯一值得称赞的可能就是外观设计还不错。以后不会再考虑这个品牌的产品。,2024-09-26,智能马桶
982,28,飞利浦 智能扫地机器人 Plus,PV664,毕博诚信息有限公司信息技术,2.0,不推荐这款智能扫地机器人，续航时间短，很失望。,2024-09-26,智能扫地机器人
320,4,西门子 智能电视 Pro,AW347,鸿睿思博传媒有限公司智能科技,4.4,这款产品的一键控制特别好用，在户外活动时特别方便。,2024-09-25,智能电视
873,18,美的 智能门锁 Mini,MR129,太极信息有限公司互联网服务,2.9,使用后感觉，这款智能门锁完全不符合预期。主要问题在于价格偏高。这钱花得太冤枉了。,2024-09-25,智能门锁
1130,79,格力 智能手环 Lite,OA831,华泰通安科技有限公司网络安全,1.4,必须承认，这款格力 智能手环 Lite性价比极低。在工作时时完全不能正常工作。希望厂家能重视这些问题。,2024-09-25,智能手环
1221,31,三星 智能加湿器 Mini,BF338,天开网络有限公司金融科技,2.7,信号强度问题很严重，完全不值这个价格。,2024-09-25,智能加湿器
1277,21,华为 智能加湿器 Plus,CM245,万迅电脑信息有限公司科技公司,2.3,购买后，这款华为 智能加湿器 Plus性价比极低。主要问题在于耗电量大。不推荐任何人购买。,2024-09-25,智能加湿器
335,18,美的 智能门锁 Mini,VX147,东方峻景传媒有限公司金融科技,4.7,在做饭时时使用效果很好，特别是静音设计功能。,2024-09-24,智能门锁
548,31,三星 智能加湿器 Mini,MR129,太极信息有限公司互联网服务,1.3,对这款智能加湿器非常不满意，价格偏高，浪费钱。,2024-09-24,智能加湿器
636,22,美的 智能电视 Basic,MJ814,毕博诚科技有限公司互联网服务,2.1,不推荐这款智能电视，反应迟钝，很失望。,2024-09-22,智能电视
770,98,格力 智能电视 Pro,RG743,快讯信息有限公司智能科技,2.8,不推荐这款智能电视，反应迟钝，很失望。,2024-09-22,智能电视
946,7,博世 智能扫地机器人 Max,QI779,合联电子科技有限公司网络安全,4.1,非常满意这次购买，智能化程度高，送货也很快。,2024-09-21,智能扫地机器人
950,71,索尼 智能冰箱 Elite,QI779,合联电子科技有限公司网络安全,3.3,总体来说还行，做工精细，就是价格偏高。,2024-09-21,智能冰箱
1138,1,亚马逊 智能电饭煲 Advanced,PE529,易动力网络有限公司信息技术,3.4,购买后，这款智能电饭煲功能基本满足需求。省电模式设计得比较合理。尤其是噪音控制有点问题。希望厂家能改进这些问题。,2024-09-21,智能电饭煲
614,72,西门子 智能洗衣机 Pro,XA254,易动力信息有限公司物联网,1.8,噪音控制问题很严重，完全不值这个价格。,2024-09-20,智能洗衣机
645,63,LG 智能净水器 Basic,GC890,创联世纪信息有限公司移动应用开发,2.0,对这款智能净水器非常不满意，功能单一，浪费钱。,2024-09-19,智能净水器
881,11,小米 智能门锁 Mini,CZ861,合联电子科技有限公司信息技术,1.7,不推荐这款智能门锁，价格偏高，很失望。,2024-09-18,智能门锁
229,31,三星 智能加湿器 Mini,VX147,东方峻景传媒有限公司金融科技,1.5,连接稳定性问题很严重，完全不值这个价格。,2024-09-17,智能加湿器
427,60,华为 智能窗帘 Basic,GR729,中建创业网络有限公司移动应用开发,2.9,电池寿命问题很严重，完全不值这个价格。,2024-09-17,智能窗帘
454,23,美的 智能净水器 Plus,UY980,兰金电子传媒有限公司生物科技,1.1,对这款智能净水器非常不满意，价格偏高，浪费钱。,2024-09-17,智能净水器
599,11,小米 智能门锁 Mini,DV182,艾提科信传媒有限公司网络安全,3.8,在做饭时使用还不错，但在其他情况下表现一般。,2024-09-17,智能门锁
1029,75,亚马逊 智能空调 Standard,BN418,易动力网络有限公司移动应用开发,1.7,对这款智能空调非常不满意，稳定性差，浪费钱。,2024-09-17,智能空调
1121,69,谷歌 智能洗衣机 Elite,WB890,鑫博腾飞网络有限公司金融科技,1.2,经过一段时间使用，这款谷歌 智能洗衣机 Elite存在明显缺陷。使用不到一周就出现了损坏。唯一值得称赞的可能就是送货速度快。,2024-09-17,智能洗衣机
1253,69,谷歌 智能洗衣机 Elite,IP471,银嘉信息有限公司移动应用开发,1.1,连接稳定性问题很严重，完全不值这个价格。,2024-09-17,智能洗衣机
80,32,亚马逊 智能马桶 Elite,TO444,MBP软件网络有限公司移动应用开发,4.0,购买后，这款智能马桶设计很人性化。更让我满意的是自动升级是我最喜欢的部分。对得起这个价格。,2024-09-15,智能马桶
959,36,海尔智慧家庭 智能加湿器 Lite,EA575,襄樊地球村信息有限公司物联网,4.1,在晚上睡前时使用效果很好，特别是省电模式功能。,2024-09-15,智能加湿器
51,73,飞利浦 智能扫地机器人 Ultra,DH200,盟新传媒有限公司大数据分析,1.9,使用一周后出现故障，售后服务差，售后服务也不好。,2024-09-14,智能扫地机器人
759,10,美的 智能窗帘 Max,TE207,新宇龙信息传媒有限公司人工智能,4.6,使用了一个月，外观漂亮，没有发现任何问题。,2024-09-14,智能窗帘
95,26,亚马逊 智能扫地机器人 Mini,QJ392,创亿网络有限公司金融科技,2.2,使用一周后出现故障，售后服务差，售后服务也不好。,2024-09-13,智能扫地机器人
807,56,华为 智能体重秤 Advanced,PL616,巨奥网络有限公司金融科技,4.7,在多次对比之后选择了这款，这款华为 智能体重秤 Advanced品质很好。如果非要说缺点的话，价格稍微贵了一点。整体体验不错。,2024-09-13,智能体重秤
815,79,格力 智能手环 Lite,AK874,昊嘉信息有限公司区块链技术,1.1,对这款智能手环非常不满意，功能单一，浪费钱。,2024-09-13,智能手环
142,39,西门子 智能音箱 Mini,FN522,新宇龙信息科技有限公司电子商务,3.8,智能音箱的质量还可以，外观漂亮，不过价格偏高。,2024-09-12,智能音箱
1050,86,博世 智能摄像头 Standard,BP732,南康网络有限公司互联网服务,1.0,使用一周后出现故障，反应迟钝，售后服务也不好。,2024-09-12,智能摄像头
133,44,小米 智能空调 Elite,VZ702,精芯网络有限公司互联网服务,2.5,说实话，这款智能空调使用体验很差。使用不到一周就出现了异常。不推荐任何人购买。,2024-09-09,智能空调
233,32,亚马逊 智能马桶 Elite,VC531,九方传媒有限公司生物科技,3.0,这款产品优缺点都有，反应灵敏，但反应迟钝。,2024-09-09,智能马桶
190,40,小米 智能马桶 Lite,XO649,晖来计算机传媒有限公司云计算,4.3,试用了几天，这款小米 智能马桶 Lite品质很好。让我惊喜的是在工作时时表现尤为出色。和描述的有些差距。期待下一代产品能有所改进。,2024-09-08,智能马桶
492,80,LG 智能音箱 Lite,AY876,精芯传媒有限公司物联网,4.7,这款智能音箱质量很好，功能齐全。总体来说很满意。,2024-09-08,智能音箱
493,77,美的 智能洗衣机 Advanced,XN875,天开传媒有限公司网络安全,2.5,噪音控制问题很严重，完全不值这个价格。,2024-09-08,智能洗衣机
767,95,格力 智能音箱 Advanced,YZ898,通际名联科技有限公司金融科技,4.5,使用了一个月，质量很好，没有发现任何问题。,2024-09-05,智能音箱
1297,70,博世 智能净水器 Max,PS740,国讯科技有限公司金融科技,3.2,总体来说还行，安装方便，就是画质模糊。,2024-09-05,智能净水器
1312,2,美的 智能插座 Standard,CC657,昊嘉信息有限公司信息技术,3.8,智能插座的质量还可以，兼容性强，不过反应迟钝。,2024-09-04,智能插座
917,101,三星 智能摄像头 Mini,ZG109,襄樊地球村网络有限公司智能科技,1.7,噪音控制问题很严重，完全不值这个价格。,2024-09-04,智能摄像头
587,33,飞利浦 智能加湿器 Ultra,VZ702,精芯网络有限公司互联网服务,1.2,使用后感觉，这款智能加湿器存在明显缺陷。在工作时时完全不能正常工作。,2024-09-03,智能加湿器
1257,43,华为 智能电视 Max,GR729,中建创业网络有限公司移动应用开发,2.7,不推荐这款智能电视，安装困难，很失望。,2024-09-03,智能电视
181,73,飞利浦 智能扫地机器人 Ultra,BN418,易动力网络有限公司移动应用开发,2.1,不推荐这款智能扫地机器人，安装困难，很失望。,2024-09-02,智能扫地机器人
509,31,三星 智能加湿器 Mini,CS287,和泰网络有限公司电子商务,3.8,这款产品优缺点都有，性价比高，但售后服务差。,2024-09-01,智能加湿器
524,20,谷歌 智能净水器 Basic,MZ379,联软传媒有限公司区块链技术,1.4,对比了市面上几款同类产品后，这款谷歌 智能净水器 Basic使用体验很差。主要问题在于售后服务差。以后不会再考虑这个品牌的产品。,2024-09-01,智能净水器
875,31,三星 智能加湿器 Mini,AK874,昊嘉信息有限公司区块链技术,2.4,散热问题问题很严重，完全不值这个价格。,2024-08-31,智能加湿器
985,97,格力 智能净水器 Ultra,CZ861,合联电子科技有限公司信息技术,3.8,这款产品优缺点都有，质量很好，但价格偏高。,2024-08-31,智能净水器
1104,26,亚马逊 智能扫地机器人 Mini,TW751,图龙信息网络有限公司云计算,1.9,作为一个经常使用此类产品的人，这款亚马逊 智能扫地机器人 Mini不值这个价格。散热问题简直无法忍受。希望厂家能重视这些问题。,2024-08-31,智能扫地机器人
670,27,小米 智能加湿器 Plus,BF338,天开网络有限公司金融科技,1.5,购买后，这款智能加湿器功能实现得很糟糕。电池寿命简直无法忍受。唯一值得称赞的可能就是外观设计还不错。,2024-08-30,智能加湿器
453,85,博世 智能马桶 Basic,ZH741,巨奥科技有限公司信息技术,3.2,这款产品优缺点都有，操作简单，但兼容性差。,2024-08-29,智能马桶
382,58,松下 智能扫地机器人 Plus,WW556,商软冠联网络有限公司信息技术,1.5,收到货后，这款松下 智能扫地机器人 Plus很失望。使用不到一周就出现了损坏。唯一值得称赞的可能就是外观设计还不错。以后不会再考虑这个品牌的产品。,2024-08-28,智能扫地机器人
927,68,博世 智能插座 Basic,GJ116,良诺信息有限公司生物科技,5.0,这款智能插座的节能模式功能很实用，兼容性强。,2024-08-28,智能插座
1173,60,华为 智能窗帘 Basic,AD089,创亿网络有限公司移动应用开发,4.6,这是我用过的最好的智能窗帘之一，音质出色，性价比很高。,2024-08-28,智能窗帘
828,9,亚马逊 智能插座 Pro,ME428,创汇网络有限公司虚拟现实,2.9,这款产品有严重问题，画质模糊，已经申请退款。,2024-08-27,智能插座
889,41,索尼 智能空气净化器 Ultra,XN875,天开传媒有限公司网络安全,4.9,这是我用过的最好的智能空气净化器之一，操作简单，性价比很高。,2024-08-27,智能空气净化器
101,21,华为 智能加湿器 Plus,ZO854,MBP软件科技有限公司信息技术,2.4,这款产品有严重问题，智能化程度低，已经申请退款。,2024-08-26,智能加湿器
653,97,格力 智能净水器 Ultra,DH200,盟新传媒有限公司大数据分析,2.2,对这款智能净水器非常不满意，稳定性差，浪费钱。,2024-08-26,智能净水器
916,20,谷歌 智能净水器 Basic,MA264,时刻网络有限公司信息技术,3.2,我觉得，这款谷歌 智能净水器 Basic总体来说还可以。高清画质设计得比较合理。最让我失望的是缺点是音质一般。值得购买。,2024-08-26,智能净水器
41,39,西门子 智能音箱 Mini,GR625,明腾传媒有限公司互联网服务,3.2,这款产品优缺点都有，智能化程度高，但安装困难。,2024-08-25,智能音箱
399,42,谷歌 智能净水器 Ultra,FA862,方正科技网络有限公司云计算,4.5,使用了一个月，操作简单，没有发现任何问题。,2024-08-24,智能净水器
924,55,飞利浦 智能手环 Max,KM929,迪摩科技有限公司电子商务,1.8,必须承认，这款飞利浦 智能手环 Max不值这个价格。使用不到一周就出现了失灵。唯一值得称赞的可能就是送货速度快。,2024-08-24,智能手环
417,34,松下 智能开关 Advanced,ZU351,银嘉科技有限公司科技公司,1.2,从我的使用体验来看，这款松下 智能开关 Advanced存在明显缺陷。连接稳定性简直无法忍受。唯一值得称赞的可能就是外观设计还不错。不推荐任何人购买。,2024-08-22,智能开关
566,24,西门子 智能电视 Pro,QU287,戴硕电子科技有限公司移动应用开发,4.5,智能电视的设计很人性化，反应灵敏，值得推荐。,2024-08-22,智能电视
1014,27,小米 智能加湿器 Plus,GR625,明腾传媒有限公司互联网服务,2.9,坦白讲，这款小米 智能加湿器 Plus不值这个价格。在工作时时完全不能正常工作。,2024-08-22,智能加湿器
300,61,LG 智能洗衣机 Max,VQ233,和泰信息有限公司信息技术,4.2,非常满意这次购买，画质清晰，送货也很快。,2024-08-20,智能洗衣机
966,80,LG 智能音箱 Lite,TE207,新宇龙信息传媒有限公司人工智能,1.5,这款产品有严重问题，续航时间短，已经申请退款。,2024-08-20,智能音箱
149,73,飞利浦 智能扫地机器人 Ultra,NU711,易动力科技有限公司人工智能,4.5,这款智能扫地机器人质量很好，做工精细。总体来说很满意。,2024-08-19,智能扫地机器人
784,31,三星 智能加湿器 Mini,GJ116,良诺信息有限公司生物科技,1.0,体验下来，这款智能加湿器性价比极低。电池寿命简直无法忍受。这钱花得太冤枉了。,2024-08-19,智能加湿器
1167,7,博世 智能扫地机器人 Max,CM245,万迅电脑信息有限公司科技公司,4.9,用了一段时间，这款智能扫地机器人功能很强大。令人意外的是自动升级是我最喜欢的部分。在同价位产品中表现最好。如果非要说缺点的话，电池寿命还有提升空间。整体体验不错。,2024-08-19,智能扫地机器人
631,92,西门子 智能摄像头 Plus,XO649,晖来计算机传媒有限公司云计算,2.2,在多次对比之后选择了这款，这款西门子 智能摄像头 Plus不值这个价格。使用不到一周就出现了问题。,2024-08-18,智能摄像头
57,75,亚马逊 智能空调 Standard,WB209,维涛传媒有限公司云计算,2.7,使用一周后出现故障，画质模糊，售后服务也不好。,2024-08-17,智能空调
253,33,飞利浦 智能加湿器 Ultra,AD089,创亿网络有限公司移动应用开发,4.4,使用了一个月，做工精细，没有发现任何问题。,2024-08-17,智能加湿器
393,11,小米 智能门锁 Mini,XA254,易动力信息有限公司物联网,1.7,对这款智能门锁非常不满意，操作复杂，浪费钱。,2024-08-17,智能门锁
169,67,松下 智能电饭煲 Pro,ZO854,MBP软件科技有限公司信息技术,1.5,对这款智能电饭煲非常不满意，价格偏高，浪费钱。,2024-08-14,智能电饭煲
953,50,苹果 智能空气净化器 Basic,GC846,明腾科技有限公司区块链技术,4.5,非常满意这次购买，功能齐全，送货也很快。,2024-08-13,智能空气净化器
90,9,亚马逊 智能插座 Pro,MJ814,毕博诚科技有限公司互联网服务,2.5,我觉得，这款亚马逊 智能插座 Pro功能实现得很糟糕。在工作时时完全不能正常工作。希望厂家能重视这些问题。,2024-08-12,智能插座
968,85,博世 智能马桶 Basic,BP732,南康网络有限公司互联网服务,1.3,这款产品有严重问题，使用说明不清，已经申请退款。,2024-08-11,智能马桶
1127,10,美的 智能窗帘 Max,FB488,方正科技科技有限公司互联网服务,2.2,不推荐这款智能窗帘，安装困难，很失望。,2024-08-11,智能窗帘
1239,8,松下 智能开关 Lite,ZU351,银嘉科技有限公司科技公司,1.7,体验下来，这款智能开关很失望。使用不到一周就出现了故障。以后不会再考虑这个品牌的产品。,2024-08-10,智能开关
753,6,海尔智慧家庭 智能空气净化器 Basic,DV182,艾提科信传媒有限公司网络安全,2.5,用了一段时间，这款海尔智慧家庭 智能空气净化器 Basic功能实现得很糟糕。在看电影时时完全不能正常工作。唯一值得称赞的可能就是外观设计还不错。,2024-08-08,智能空气净化器
999,94,格力 智能体重秤 Standard,EK253,兰金电子科技有限公司区块链技术,3.9,我觉得，这款智能体重秤质量还行。优点是质量很好。最让我失望的是在日常使用场景下表现一般。值得购买。,2024-08-08,智能体重秤
583,98,格力 智能电视 Pro,XA254,易动力信息有限公司物联网,4.7,这是我用过的最好的智能电视之一，做工精细，性价比很高。,2024-08-06,智能电视
609,38,西门子 智能冰箱 Standard,YZ898,通际名联科技有限公司金融科技,4.7,这款智能冰箱质量很好，兼容性强。总体来说很满意。,2024-08-06,智能冰箱
544,10,美的 智能窗帘 Max,QI779,合联电子科技有限公司网络安全,2.3,对这款智能窗帘非常不满意，安装困难，浪费钱。,2024-08-05,智能窗帘
6,97,格力 智能净水器 Ultra,CS287,和泰网络有限公司电子商务,1.4,这款产品有严重问题，价格偏高，已经申请退款。,2024-08-04,智能净水器
102,75,亚马逊 智能空调 Standard,AY876,精芯传媒有限公司物联网,4.4,这款智能空调质量很好，外观漂亮。总体来说很满意。,2024-08-04,智能空调
1228,30,小米 智能开关 Ultra,GR729,中建创业网络有限公司移动应用开发,4.0,在多次对比之后选择了这款，这款小米 智能开关 Ultra真的很不错。令人意外的是在早晨起床时表现尤为出色。和描述的有些差距。总体来说还是很满意的。,2024-08-04,智能开关
1259,34,松下 智能开关 Advanced,MR129,太极信息有限公司互联网服务,2.5,体验下来，这款智能开关很失望。噪音控制简直无法忍受。这钱花得太冤枉了。,2024-08-03,智能开关
800,89,博世 智能空调 Lite,AY876,精芯传媒有限公司物联网,1.8,这款产品有严重问题，做工一般，已经申请退款。,2024-08-03,智能空调
1080,8,松下 智能开关 Lite,NU012,商软冠联传媒有限公司智能科技,2.0,这款产品有严重问题，续航时间短，已经申请退款。,2024-08-03,智能开关
672,4,西门子 智能电视 Pro,IK721,诺依曼软件传媒有限公司物联网,4.2,使用了一个月，续航时间长，没有发现任何问题。,2024-08-02,智能电视
1123,32,亚马逊 智能马桶 Elite,GC890,创联世纪信息有限公司移动应用开发,4.5,经过一段时间使用，这款亚马逊 智能马桶 Elite超出我的预期。如果非要说缺点的话，电池寿命还有提升空间。推荐给有需要的朋友。,2024-08-02,智能马桶
561,17,苹果 智能门锁 Plus,EM821,泰麒麟信息有限公司人工智能,1.7,在多次对比之后选择了这款，这款智能门锁功能实现得很糟糕。在工作时时完全不能正常工作。希望厂家能重视这些问题。,2024-08-01,智能门锁
1120,34,松下 智能开关 Advanced,BP732,南康网络有限公司互联网服务,4.3,在工作时时使用效果很好，特别是快速启动功能。,2024-08-01,智能开关
118,77,美的 智能洗衣机 Advanced,YR398,浦华众城信息有限公司虚拟现实,1.3,不推荐这款智能洗衣机，音质一般，很失望。,2024-07-31,智能洗衣机
849,11,小米 智能门锁 Mini,ZH741,巨奥科技有限公司信息技术,3.7,总体来说还行，做工精细，就是画质模糊。,2024-07-30,智能门锁
111,101,三星 智能摄像头 Mini,DX151,易动力信息有限公司物联网,2.9,这款产品有严重问题，稳定性差，已经申请退款。,2024-07-29,智能摄像头
153,53,华为 智能电视 Lite,VQ233,和泰信息有限公司信息技术,2.0,连接稳定性问题很严重，完全不值这个价格。,2024-07-28,智能电视
231,52,小米 智能插座 Max,AW347,鸿睿思博传媒有限公司智能科技,3.5,收到货后，这款智能插座性价比一般。在工作时时使用体验还不错。不过缺点是稳定性差。不太推荐购买。,2024-07-27,智能插座
440,8,松下 智能开关 Lite,DW607,银嘉网络有限公司云计算,2.2,使用一周后出现故障，兼容性差，售后服务也不好。,2024-07-27,智能开关
1041,18,美的 智能门锁 Mini,HD242,富罳科技有限公司生物科技,2.6,不推荐这款智能门锁，稳定性差，很失望。,2024-07-26,智能门锁
414,6,海尔智慧家庭 智能空气净化器 Basic,NU711,易动力科技有限公司人工智能,1.5,使用一周后出现故障，智能化程度低，售后服务也不好。,2024-07-25,智能空气净化器
641,52,小米 智能插座 Max,KM929,迪摩科技有限公司电子商务,3.8,在工作时使用还不错，但在其他情况下表现一般。,2024-07-24,智能插座
746,50,苹果 智能空气净化器 Basic,XO649,晖来计算机传媒有限公司云计算,4.0,坦白讲，这款苹果 智能空气净化器 Basic品质很好。和描述的有些差距。如果非要说缺点的话，可能就是续航时间短。整体体验不错。,2024-07-23,智能空气净化器
974,98,格力 智能电视 Pro,AU710,巨奥传媒有限公司信息技术,4.7,非常满意这次购买，节能环保，送货也很快。,2024-07-23,智能电视
32,92,西门子 智能摄像头 Plus,FA862,方正科技网络有限公司云计算,3.8,这款产品优缺点都有，质量很好，但做工一般。,2024-07-22,智能摄像头
263,43,华为 智能电视 Max,PS740,国讯科技有限公司金融科技,3.3,这款智能电视一般，音质出色，但是电池寿命有点问题。,2024-07-22,智能电视
154,48,苹果 智能门锁 Pro,AY876,精芯传媒有限公司物联网,1.2,噪音控制问题很严重，完全不值这个价格。,2024-07-21,智能门锁
143,99,三星 智能音箱 Basic,JT617,时空盒数字信息有限公司智能科技,1.6,对这款智能音箱非常不满意，续航时间短，浪费钱。,2024-07-18,智能音箱
845,47,苹果 智能灯具 Basic,FC418,网新恒天网络有限公司生物科技,4.6,在早晨起床时使用效果很好，特别是高清画质功能。,2024-07-18,智能灯具
504,89,博世 智能空调 Lite,KS630,良诺信息有限公司网络安全,1.4,对这款智能空调非常不满意，安装困难，浪费钱。,2024-07-17,智能空调
514,61,LG 智能洗衣机 Max,CA470,南康传媒有限公司生物科技,2.0,不推荐这款智能洗衣机，稳定性差，很失望。,2024-07-17,智能洗衣机
303,66,松下 智能马桶 Elite,LU518,易动力传媒有限公司生物科技,2.5,对这款智能马桶非常不满意，功能单一，浪费钱。,2024-07-16,智能马桶
1055,7,博世 智能扫地机器人 Max,PS740,国讯科技有限公司金融科技,2.6,不推荐这款智能扫地机器人，售后服务差，很失望。,2024-07-15,智能扫地机器人
182,26,亚马逊 智能扫地机器人 Mini,TE207,新宇龙信息传媒有限公司人工智能,4.2,使用后感觉，这款亚马逊 智能扫地机器人 Mini设计很人性化。并且省电模式设计很贴心。在同类产品中算是中等水平。如果非要说缺点的话，配件可以再多一些。推荐给有需要的朋友。,2024-07-14,智能扫地机器人
328,3,华为 智能电视 Basic,CC657,昊嘉信息有限公司信息技术,2.3,使用一周后出现故障，功能单一，售后服务也不好。,2024-07-13,智能电视
637,52,小米 智能插座 Max,TE207,新宇龙信息传媒有限公司人工智能,2.8,使用一周后出现故障，价格偏高，售后服务也不好。,2024-07-13,智能插座
1305,97,格力 智能净水器 Ultra,LU518,易动力传媒有限公司生物科技,5.0,这款智能净水器的节能模式功能很实用，功能齐全。,2024-07-13,智能净水器
1194,28,飞利浦 智能扫地机器人 Plus,QI779,合联电子科技有限公司网络安全,3.4,在晚上睡前使用还不错，但在其他情况下表现一般。,2024-07-12,智能扫地机器人
1091,39,西门子 智能音箱 Mini,WN094,菊风公司传媒有限公司数字科技,3.2,这款智能音箱一般，做工精细，但是电池寿命有点问题。,2024-07-12,智能音箱
620,91,亚马逊 智能音箱 Basic,VQ233,和泰信息有限公司信息技术,1.4,用了一段时间，这款亚马逊 智能音箱 Basic使用体验很差。连接稳定性简直无法忍受。这钱花得太冤枉了。,2024-07-11,智能音箱
1267,30,小米 智能开关 Ultra,LU518,易动力传媒有限公司生物科技,4.8,体验下来，这款智能开关非常满意。如果非要说缺点的话，说明书不够详细。可以考虑其他品牌的同类产品。,2024-07-11,智能开关
145,25,三星 智能窗帘 Basic,VH856,鑫博腾飞科技有限公司电子商务,1.2,使用一周后出现故障，价格偏高，售后服务也不好。,2024-07-10,智能窗帘
432,84,苹果 智能扫地机器人 Pro,BF338,天开网络有限公司金融科技,4.2,从我的使用体验来看，这款智能扫地机器人超出我的预期。值得一提的是定时功能是我最喜欢的部分。比我预期的要好。可以考虑其他品牌的同类产品。,2024-07-10,智能扫地机器人
776,72,西门子 智能洗衣机 Pro,WB209,维涛传媒有限公司云计算,3.2,智能洗衣机的质量还可以，续航时间长，不过安装困难。,2024-07-10,智能洗衣机
884,27,小米 智能加湿器 Plus,QJ392,创亿网络有限公司金融科技,1.7,使用一周后出现故障，功能单一，售后服务也不好。,2024-07-10,智能加湿器
89,72,西门子 智能洗衣机 Pro,EK253,兰金电子科技有限公司区块链技术,4.1,这是我用过的最好的智能洗衣机之一，续航时间长，性价比很高。,2024-07-09,智能洗衣机
244,100,LG 智能插座 Max,NQ176,图龙信息传媒有限公司数字科技,4.8,这是我用过的最好的智能插座之一，音质出色，性价比很高。,2024-07-09,智能插座
522,13,三星 智能电饭煲 Max,WQ849,开发区世创科技有限公司科技公司,1.3,这款产品有严重问题，画质模糊，已经申请退款。,2024-07-09,智能电饭煲
1102,4,西门子 智能电视 Pro,AY876,精芯传媒有限公司物联网,2.0,作为第一次购买这类产品的新手，这款西门子 智能电视 Pro质量太差。噪音控制简直无法忍受。不推荐任何人购买。,2024-07-09,智能电视
1129,95,格力 智能音箱 Advanced,TE207,新宇龙信息传媒有限公司人工智能,3.9,在早晨起床使用还不错，但在其他情况下表现一般。,2024-07-09,智能音箱
447,61,LG 智能洗衣机 Max,CS287,和泰网络有限公司电子商务,4.6,在早晨起床时使用效果很好，特别是省电模式功能。,2024-07-08,智能洗衣机
731,19,海尔智慧家庭 智能开关 Plus,KM929,迪摩科技有限公司电子商务,4.3,这款智能开关的智能学习功能很实用，稳定性好。,2024-07-08,智能开关
890,53,华为 智能电视 Lite,BP732,南康网络有限公司互联网服务,4.5,在工作时时使用效果很好，特别是静音设计功能。,2024-07-08,智能电视
1056,71,索尼 智能冰箱 Elite,XO649,晖来计算机传媒有限公司云计算,1.6,不推荐这款智能冰箱，反应迟钝，很失望。,2024-07-08,智能冰箱
1249,2,美的 智能插座 Standard,EU335,济南亿次元网络有限公司科技公司,4.3,这是我用过的最好的智能插座之一，操作简单，性价比很高。,2024-07-08,智能插座
254,5,美的 智能电饭煲 Pro,XN875,天开传媒有限公司网络安全,1.9,对这款智能电饭煲非常不满意，功能单一，浪费钱。,2024-07-07,智能电饭煲
436,72,西门子 智能洗衣机 Pro,BF338,天开网络有限公司金融科技,3.9,这款产品优缺点都有，安装方便，但操作复杂。,2024-07-07,智能洗衣机
741,19,海尔智慧家庭 智能开关 Plus,AY876,精芯传媒有限公司物联网,4.9,非常满意这次购买，稳定性好，送货也很快。,2024-07-07,智能开关
156,62,华为 智能洗衣机 Ultra,RG743,快讯信息有限公司智能科技,2.4,对这款智能洗衣机非常不满意，使用说明不清，浪费钱。,2024-07-06,智能洗衣机
540,80,LG 智能音箱 Lite,BW289,海创网络有限公司生物科技,1.1,连接稳定性问题很严重，完全不值这个价格。,2024-07-06,智能音箱
1036,71,索尼 智能冰箱 Elite,MA264,时刻网络有限公司信息技术,1.8,使用一周后出现故障，使用说明不清，售后服务也不好。,2024-07-06,智能冰箱
198,58,松下 智能扫地机器人 Plus,GC890,创联世纪信息有限公司移动应用开发,2.1,连接稳定性问题很严重，完全不值这个价格。,2024-07-05,智能扫地机器人
452,32,亚马逊 智能马桶 Elite,EA575,襄樊地球村信息有限公司物联网,3.4,在做饭时使用还不错，但在其他情况下表现一般。,2024-07-05,智能马桶
752,54,博世 智能开关 Max,EM821,泰麒麟信息有限公司人工智能,3.0,在晚上睡前使用还不错，但在其他情况下表现一般。,2024-07-05,智能开关
758,17,苹果 智能门锁 Plus,WW556,商软冠联网络有限公司信息技术,2.5,这款产品有严重问题，做工一般，已经申请退款。,2024-07-05,智能门锁
1003,64,亚马逊 智能马桶 Standard,EK253,兰金电子科技有限公司区块链技术,2.0,使用一周后出现故障，安装困难，售后服务也不好。,2024-07-05,智能马桶
1033,83,西门子 智能手环 Standard,CS287,和泰网络有限公司电子商务,2.6,不推荐这款智能手环，稳定性差，很失望。,2024-07-05,智能手环
12,60,华为 智能窗帘 Basic,QU287,戴硕电子科技有限公司移动应用开发,1.7,使用一周后出现故障，续航时间短，售后服务也不好。,2024-07-04,智能窗帘
957,14,格力 智能净水器 Mini,GC890,创联世纪信息有限公司移动应用开发,4.7,对比了市面上几款同类产品后，这款格力 智能净水器 Mini真的很不错。尤其是省电模式设计很贴心。比我想象的要差一些。如果非要说缺点的话，价格稍微贵了一点。整体体验不错。,2024-07-04,智能净水器
1124,27,小米 智能加湿器 Plus,DH200,盟新传媒有限公司大数据分析,1.9,使用一周后出现故障，使用说明不清，售后服务也不好。,2024-07-04,智能加湿器
617,20,谷歌 智能净水器 Basic,GR729,中建创业网络有限公司移动应用开发,3.4,智能净水器的质量还可以，续航时间长，不过耗电量大。,2024-07-02,智能净水器
1078,24,西门子 智能电视 Pro,AY876,精芯传媒有限公司物联网,2.9,电池寿命问题很严重，完全不值这个价格。,2024-07-01,智能电视
1086,37,飞利浦 智能马桶 Max,WB209,维涛传媒有限公司云计算,1.7,使用一周后出现故障，稳定性差，售后服务也不好。,2024-06-30,智能马桶
1191,22,美的 智能电视 Basic,JT617,时空盒数字信息有限公司智能科技,3.3,这款智能电视一般，音质出色，但是电池寿命有点问题。,2024-06-30,智能电视
155,35,亚马逊 智能门铃 Max,ZU351,银嘉科技有限公司科技公司,4.7,购买后，这款亚马逊 智能门铃 Max值得推荐。此外在工作时时表现尤为出色。如果非要说缺点的话，可能就是操作复杂。推荐给有需要的朋友。,2024-06-29,智能门铃
159,84,苹果 智能扫地机器人 Pro,DX151,易动力信息有限公司物联网,4.4,智能扫地机器人的设计很人性化，性价比高，值得推荐。,2024-06-29,智能扫地机器人
906,24,西门子 智能电视 Pro,VQ233,和泰信息有限公司信息技术,5.0,这是我用过的最好的智能电视之一，节能环保，性价比很高。,2024-06-29,智能电视
1207,18,美的 智能门锁 Mini,CM245,万迅电脑信息有限公司科技公司,1.3,个人认为，这款美的 智能门锁 Mini存在明显缺陷。在做饭时时完全不能正常工作。这钱花得太冤枉了。,2024-06-28,智能门锁
1251,2,美的 智能插座 Standard,GA851,明腾传媒有限公司金融科技,2.1,散热问题问题很严重，完全不值这个价格。,2024-06-27,智能插座
97,34,松下 智能开关 Advanced,AY876,精芯传媒有限公司物联网,4.2,作为第一次购买这类产品的新手，这款松下 智能开关 Advanced设计很人性化。有点贵了，但质量确实好。,2024-06-27,智能开关
632,99,三星 智能音箱 Basic,YR398,浦华众城信息有限公司虚拟现实,1.3,收到货后，这款智能音箱不推荐购买。主要问题在于画质模糊。唯一值得称赞的可能就是外观设计还不错。以后不会再考虑这个品牌的产品。,2024-06-27,智能音箱
813,39,西门子 智能音箱 Mini,MJ814,毕博诚科技有限公司互联网服务,1.7,使用一周后出现故障，使用说明不清，售后服务也不好。,2024-06-27,智能音箱
1169,55,飞利浦 智能手环 Max,AW347,鸿睿思博传媒有限公司智能科技,3.5,智能手环的质量还可以，操作简单，不过音质一般。,2024-06-27,智能手环
275,56,华为 智能体重秤 Advanced,EB652,凌云信息有限公司虚拟现实,4.1,这是我用过的最好的智能体重秤之一，安装方便，性价比很高。,2024-06-26,智能体重秤
435,100,LG 智能插座 Max,GC890,创联世纪信息有限公司移动应用开发,4.9,从我的使用体验来看，这款LG 智能插座 Max非常满意。值得一提的是特别适合户外活动。便宜没好货，这句话在这里很适用。,2024-06-26,智能插座
545,78,三星 智能音箱 Elite,MR129,太极信息有限公司互联网服务,1.2,使用一周后出现故障，画质模糊，售后服务也不好。,2024-06-26,智能音箱
1268,83,西门子 智能手环 Standard,FN522,新宇龙信息科技有限公司电子商务,3.4,这款产品优缺点都有，音质出色，但音质一般。,2024-06-26,智能手环
334,4,西门子 智能电视 Pro,LU518,易动力传媒有限公司生物科技,2.7,使用一周后出现故障，售后服务差，售后服务也不好。,2024-06-25,智能电视
542,46,小米 智能开关 Max,CS287,和泰网络有限公司电子商务,2.6,不推荐这款智能开关，功能单一，很失望。,2024-06-25,智能开关
874,9,亚马逊 智能插座 Pro,WB890,鑫博腾飞网络有限公司金融科技,1.2,使用一周后出现故障，画质模糊，售后服务也不好。,2024-06-25,智能插座
456,76,松下 智能窗帘 Advanced,GC846,明腾科技有限公司区块链技术,1.5,这款产品有严重问题，兼容性差，已经申请退款。,2024-06-24,智能窗帘
481,21,华为 智能加湿器 Plus,FA862,方正科技网络有限公司云计算,4.9,非常满意这次购买，续航时间长，送货也很快。,2024-06-24,智能加湿器
683,64,亚马逊 智能马桶 Standard,BF338,天开网络有限公司金融科技,2.5,散热问题问题很严重，完全不值这个价格。,2024-06-24,智能马桶
676,84,苹果 智能扫地机器人 Pro,BP732,南康网络有限公司互联网服务,3.9,在看电影时使用还不错，但在其他情况下表现一般。,2024-06-23,智能扫地机器人
100,61,LG 智能洗衣机 Max,EK253,兰金电子科技有限公司区块链技术,3.2,总体来说还行，节能环保，就是兼容性差。,2024-06-22,智能洗衣机
535,36,海尔智慧家庭 智能加湿器 Lite,OA831,华泰通安科技有限公司网络安全,3.1,在多次对比之后选择了这款，这款海尔智慧家庭 智能加湿器 Lite中规中矩。优点是音质出色。另外使用久了会发现一些小问题。性价比很高。,2024-06-22,智能加湿器
557,3,华为 智能电视 Basic,GR625,明腾传媒有限公司互联网服务,2.5,对这款智能电视非常不满意，售后服务差，浪费钱。,2024-06-22,智能电视
910,79,格力 智能手环 Lite,FA862,方正科技网络有限公司云计算,4.4,使用了一个月，音质出色，没有发现任何问题。,2024-06-22,智能手环
93,69,谷歌 智能洗衣机 Elite,FN522,新宇龙信息科技有限公司电子商务,2.8,噪音控制问题很严重，完全不值这个价格。,2024-06-20,智能洗衣机
567,81,亚马逊 智能门锁 Max,XN875,天开传媒有限公司网络安全,2.5,这款产品有严重问题，做工一般，已经申请退款。,2024-06-20,智能门锁
175,97,格力 智能净水器 Ultra,ZV584,维旺明科技有限公司大数据分析,4.7,从我的使用体验来看，这款格力 智能净水器 Ultra设计很人性化。然而高清画质设计很贴心。可以考虑其他品牌的同类产品。,2024-06-19,智能净水器
219,51,苹果 智能开关 Basic,CC657,昊嘉信息有限公司信息技术,4.8,这款智能开关的智能学习功能很实用，续航时间长。,2024-06-19,智能开关
256,43,华为 智能电视 Max,RY572,中建创业信息有限公司虚拟现实,1.7,说实话，这款智能电视不值这个价格。在晚上睡前时完全不能正常工作。不推荐任何人购买。,2024-06-19,智能电视
469,35,亚马逊 智能门铃 Max,II746,恩悌传媒有限公司虚拟现实,1.6,不推荐这款智能门铃，功能单一，很失望。,2024-06-19,智能门铃
290,96,博世 智能空调 Lite,BI759,时空盒数字信息有限公司虚拟现实,4.2,试用了几天，这款博世 智能空调 Lite性价比很高。不仅如此快速启动设计很贴心。希望厂家能改进这些问题。,2024-06-18,智能空调
373,73,飞利浦 智能扫地机器人 Ultra,RV310,银嘉科技有限公司云计算,2.3,噪音控制问题很严重，完全不值这个价格。,2024-06-18,智能扫地机器人
104,63,LG 智能净水器 Basic,XW046,鑫博腾飞信息有限公司智能科技,3.2,这款智能净水器一般，功能齐全，但是连接稳定性有点问题。,2024-06-17,智能净水器
285,78,三星 智能音箱 Elite,PL616,巨奥网络有限公司金融科技,1.4,从我的使用体验来看，这款三星 智能音箱 Elite有严重问题。主要问题在于稳定性差。,2024-06-17,智能音箱
288,43,华为 智能电视 Max,FA862,方正科技网络有限公司云计算,4.3,这款产品的智能场景特别好用，在家庭聚会时特别方便。,2024-06-17,智能电视
483,95,格力 智能音箱 Advanced,BP732,南康网络有限公司互联网服务,3.4,对比了市面上几款同类产品后，这款格力 智能音箱 Advanced优缺点都有。优点是兼容性强。更让我满意的是连接稳定性有点问题。价格虽高，但物有所值。,2024-06-16,智能音箱
513,7,博世 智能扫地机器人 Max,CA470,南康传媒有限公司生物科技,2.3,使用一周后出现故障，画质模糊，售后服务也不好。,2024-06-16,智能扫地机器人
618,51,苹果 智能开关 Basic,PL616,巨奥网络有限公司金融科技,1.0,连接稳定性问题很严重，完全不值这个价格。,2024-06-16,智能开关
882,3,华为 智能电视 Basic,QT258,商软冠联传媒有限公司大数据分析,2.6,对这款智能电视非常不满意，做工一般，浪费钱。,2024-06-16,智能电视
1159,6,海尔智慧家庭 智能空气净化器 Basic,VC531,九方传媒有限公司生物科技,3.5,这款智能空气净化器一般，外观漂亮，但是信号强度有点问题。,2024-06-16,智能空气净化器
257,99,三星 智能音箱 Basic,ZH741,巨奥科技有限公司信息技术,1.6,这款产品有严重问题，耗电量大，已经申请退款。,2024-06-14,智能音箱
797,45,博世 智能马桶 Max,BF338,天开网络有限公司金融科技,4.1,非常满意这次购买，安装方便，送货也很快。,2024-06-14,智能马桶
1031,15,谷歌 智能音箱 Elite,BN418,易动力网络有限公司移动应用开发,3.0,总体来说还行，续航时间长，就是智能化程度低。,2024-06-14,智能音箱
23,44,小米 智能空调 Elite,DH200,盟新传媒有限公司大数据分析,2.4,老实讲，这款小米 智能空调 Elite存在明显缺陷。信号强度简直无法忍受。不推荐任何人购买。,2024-06-12,智能空调
35,20,谷歌 智能净水器 Basic,VX147,东方峻景传媒有限公司金融科技,4.0,使用了一个月，智能化程度高，没有发现任何问题。,2024-06-12,智能净水器
313,53,华为 智能电视 Lite,US056,国讯网络有限公司移动应用开发,1.7,噪音控制问题很严重，完全不值这个价格。,2024-06-12,智能电视
517,89,博世 智能空调 Lite,CM245,万迅电脑信息有限公司科技公司,3.1,从我的使用体验来看，这款智能空调性价比一般。静音设计设计得比较合理。而且缺点是兼容性差。整体体验不错。,2024-06-12,智能空调
605,35,亚马逊 智能门铃 Max,GL926,时空盒数字传媒有限公司大数据分析,4.8,这款智能门铃质量很好，稳定性好。总体来说很满意。,2024-06-12,智能门铃
1052,38,西门子 智能冰箱 Standard,KM929,迪摩科技有限公司电子商务,1.5,体验下来，这款西门子 智能冰箱 Standard不推荐购买。使用不到一周就出现了损坏。,2024-06-12,智能冰箱
1206,72,西门子 智能洗衣机 Pro,ZU351,银嘉科技有限公司科技公司,3.1,智能洗衣机的质量还可以，稳定性好，不过价格偏高。,2024-06-12,智能洗衣机
604,44,小米 智能空调 Elite,LU518,易动力传媒有限公司生物科技,3.6,智能空调的质量还可以，外观漂亮，不过智能化程度低。,2024-06-11,智能空调
332,36,海尔智慧家庭 智能加湿器 Lite,CC657,昊嘉信息有限公司信息技术,2.1,信号强度问题很严重，完全不值这个价格。,2024-06-09,智能加湿器
372,15,谷歌 智能音箱 Elite,CC657,昊嘉信息有限公司信息技术,1.8,噪音控制问题很严重，完全不值这个价格。,2024-06-09,智能音箱
660,71,索尼 智能冰箱 Elite,EM821,泰麒麟信息有限公司人工智能,2.0,这款产品有严重问题，兼容性差，已经申请退款。,2024-06-08,智能冰箱
678,59,西门子 智能摄像头 Max,WB209,维涛传媒有限公司云计算,2.8,我发现，这款智能摄像头有严重问题。在做饭时时完全不能正常工作。希望厂家能重视这些问题。,2024-06-08,智能摄像头
701,63,LG 智能净水器 Basic,KM929,迪摩科技有限公司电子商务,1.4,使用一周后出现故障，反应迟钝，售后服务也不好。,2024-06-08,智能净水器
788,56,华为 智能体重秤 Advanced,WB890,鑫博腾飞网络有限公司金融科技,1.2,使用一周后出现故障，功能单一，售后服务也不好。,2024-06-08,智能体重秤
374,94,格力 智能体重秤 Standard,QI779,合联电子科技有限公司网络安全,2.0,不推荐这款智能体重秤，售后服务差，很失望。,2024-06-07,智能体重秤
702,96,博世 智能空调 Lite,GJ116,良诺信息有限公司生物科技,1.7,连接稳定性问题很严重，完全不值这个价格。,2024-06-07,智能空调
929,45,博世 智能马桶 Max,RV310,银嘉科技有限公司云计算,2.9,不推荐这款智能马桶，安装困难，很失望。,2024-06-07,智能马桶
1105,32,亚马逊 智能马桶 Elite,ZF801,易动力科技有限公司科技公司,2.0,这款产品有严重问题，使用说明不清，已经申请退款。,2024-06-07,智能马桶
1195,90,三星 智能窗帘 Standard,FA862,方正科技网络有限公司云计算,3.3,这款产品优缺点都有，性价比高，但续航时间短。,2024-06-07,智能窗帘
1240,25,三星 智能窗帘 Basic,DV182,艾提科信传媒有限公司网络安全,3.2,总体来说还行，节能环保，就是价格偏高。,2024-06-06,智能窗帘
284,75,亚马逊 智能空调 Standard,RG743,快讯信息有限公司智能科技,4.0,智能空调的设计很人性化，反应灵敏，值得推荐。,2024-06-06,智能空调
503,101,三星 智能摄像头 Mini,ZO854,MBP软件科技有限公司信息技术,1.2,使用一周后出现故障，做工一般，售后服务也不好。,2024-06-06,智能摄像头
421,47,苹果 智能灯具 Basic,GC890,创联世纪信息有限公司移动应用开发,2.5,使用一周后出现故障，耗电量大，售后服务也不好。,2024-06-05,智能灯具
434,98,格力 智能电视 Pro,GJ116,良诺信息有限公司生物科技,1.8,对比了市面上几款同类产品后，这款格力 智能电视 Pro性价比极低。主要问题在于反应迟钝。,2024-06-05,智能电视
900,30,小米 智能开关 Ultra,AW347,鸿睿思博传媒有限公司智能科技,3.1,总体来说还行，稳定性好，就是智能化程度低。,2024-06-05,智能开关
